CASE_NUMBER,council_regime_2022,post_home_policy
C14-97-0107,0,0
,0,0
C14-2024-0059,1,1
C14H-01-0006,0,0
C14-95-0054,0,0
C14-97-0106,0,0
C17-06-0023,0,0
C14H-03-0003,0,0
C14-2013-0059,0,0
C14-00-2263,1,1
C14-94-0024,0,0
C14-98-0213,0,0
NPA-2025-0018.02,1,1
C14-91-0052,0,0
C14-88-0003,0,0
C14-90-0080,0,0
C14-88-0148,0,0
C14H-04-0023,0,0
C14-97-0079,0,0
NPA-2023-0015.03,1,0
C14-88-0015,0,0
C14-98-0053,0,0
C14-91-0064,0,0
C14-98-0094,0,0
C14-04-0191,0,0
C814-96-0002,0,0
C14-92-0084,0,0
C14-93-0036,0,0
C14H-06-0028,0,0
C14-90-0027,0,0
C14-88-0084,0,0
C14-99-0113,0,0
C14-99-0040,0,0
C14-90-0084,0,0
C14-92-0077,0,0
C14-00-2121,1,1
C14-92-0048,0,0
C17-06-0021,0,0
C14-03-0095,0,0
C14-2025-0020,1,1
NPA-2021-0018.01,0,0
NPA-2021-0016.04,0,0
C14-2025-0104,1,1
,0,0
C14-02-0039,0,0
C14-88-0125,0,0
NPA-2024-0019.02,1,1
C14-06-0074,0,0
C14-89-0001,0,0
C14-2020-0074,0,0
C14-2022-0014,0,0
C14-92-0044,0,0
C14-92-0030,0,0
C14-87-141,0,0
,0,0
C14-98-0065,0,0
C14-95-0120,0,0
,0,0
C17-2012-0005,0,0
C14-2024-0147,1,1
C14-02-0086,0,0
NPA-2021-0005.01,0,0
C14-03-0182,0,0
C14H-2009-0043,0,0
C14-2018-0047.SH,0,0
C14-82-121(RCA),0,0
C14-89-0012,0,0
C14-2019-0130,0,0
C14-96-0140,0,0
C14-03-0126,0,0
C14-99-0124,0,0
C14-96-0063,0,0
C14-2024-0176,1,1
C14-2023-0047,1,0
,0,0
C14-86-103,0,0
C14H-2021-0144,0,0
C14H-2007-0025,0,0
C14-05-0022,0,0
C14-93-0015,0,0
C14-98-0211,0,0
C14-96-0004,0,0
C14-98-0095,0,0
C14-99-0026,0,0
C14-97-0050,0,0
C14-98-0040,0,0
C14-91-0040,0,0
C14-88-0053,0,0
,0,0
,0,0
C14-2020-0094,0,0
C14-98-0246,0,0
C14-91-0028,0,0
C14-2013-0079,0,0
,0,0
C14-98-0056,0,0
C14-83-330,0,0
C14-04-0159,0,0
C14-06-0075,0,0
C14-90-0051,0,0
C17-2010-0153,0,0
C14-98-0131,0,0
C14H-99-0003,0,0
NPA-2023-0005.02,1,0
C14H-2025-0086,1,1
C14-00-2043,1,1
C14-93-0062,0,0
C14H-04-0015,0,0
C14-92-0126,0,0
C14-91-0080,0,0
C14-99-0028,0,0
C14-97-0048,0,0
NPA-2011-0015.02,0,0
C14-87-115,0,0
C14-98-0105,0,0
C14-97-0118,0,0
C14-06-0163,0,0
C14-06-0118,0,0
NPA-2024-0030.01,1,1
C14-92-0067,0,0
C14-98-0017,0,0
C14-88-0144,0,0
C14-05-0123,0,0
C14-94-0086,0,0
C14-03-0081,0,0
C14H-2009-0060,0,0
C14-98-0195,0,0
C14-01-0043,0,0
C14-87-102,0,0
C14-2022-0088,0,0
C14-71-213,0,0
C14-91-0075,0,0
C17-2020-0088,0,0
C14-99-0121,0,0
C17-05-0003,0,0
C14-88-0094,0,0
C14-99-2116,1,1
C14-2021-0074,0,0
C14-93-0076,0,0
C14H-03-0004,0,0
C14-98-0090,0,0
C14-92-0112,0,0
C14-96-0044,0,0
C14H-2008-0024,0,0
C14-85-055(RCA),0,0
C14H-94-0010,0,0
C14-04-0192,0,0
C14-05-0112.01,0,0
C14-92-0015,0,0
C14H-2024-0136,1,1
C14-2008-0151,0,0
C14-87-129,0,0
C14-03-0044,0,0
C14-99-0030,0,0
C14-04-0011,0,0
NPA-2023-0024.01,1,0
C14-88-0111,0,0
C14-2026-0007,1,1
C14-2020-0017,0,0
C14-88-0057,0,0
C14-94-0059,0,0
C14-98-0043,0,0
C14-2019-0141,0,0
C14-05-0147,0,0
C14-92-0124,0,0
C14-95-0144,0,0
C14-87-176,0,0
C14-90-0062,0,0
C14-2015-0033,0,0
C14-97-0149,0,0
C14-96-0090,0,0
C14-04-0033,0,0
C14-97-0105,0,0
C14-96-0126,0,0
C14-96-0003,0,0
C14-95-0195,0,0
C14-96-0027,0,0
C14-95-0106,0,0
C14-95-0109,0,0
C14-95-0026,0,0
C14-97-0017,0,0
C14-04-0012,0,0
C14-98-0126,0,0
C14-00-2204,1,1
C14-06-0101,0,0
C14H-01-0148.001,0,0
C14-95-0200,0,0
C14-03-0004,0,0
C14-98-0030,0,0
C14-97-0064,0,0
C14-99-0020,0,0
C14-97-0058,0,0
C14-94-0113,0,0
C14-98-0242,0,0
C14-99-2052,1,1
C14-97-0088,0,0
C814-04-0061.01,0,0
C14-03-0010,0,0
C14-97-0005,0,0
C14-04-0097,0,0
C814-04-0024,0,0
C14-99-0065,0,0
C14-04-0074,0,0
C14-96-0097,0,0
C14-06-0089,0,0
C14H-2009-0065,0,0
C17-2016-0104,0,0
C14-06-0216,0,0
C14-2023-0154,1,0
C17-05-0007,0,0
C14-97-0134,0,0
C14-99-0024,0,0
NPA-07-0022.01,0,0
C814-82-006.02(83),0,0
C14-2025-0078,1,1
C14H-2007-0017,0,0
C14-88-0026,0,0
C14-2021-0002.SH,0,0
C12M-2024-0002,1,1
C14-04-0005,0,0
C17-2015-0149,0,0
C14H-03-0008,0,0
C14-2010-0133,0,0
C14-00-2011.1,0,0
C14-2008-0069,0,0
C14H-06-0039,0,0
C14-02-0033,0,0
C14-2015-0146,0,0
C14-2022-0067,0,0
C14H-2009-0037,0,0
C14H-04-0012,0,0
.SH,0,0
C14-04-0149.07,0,0
C14H-04-0029,0,0
C14-2025-0082,1,1
C14-2008-0236,0,0
C14-2010-0057,0,0
C14-02-0176,0,0
C17-2011-0138,0,0
C14-2023-0067,1,0
C14-2011-0055,0,0
C14-98-0214,0,0
C14-2019-0103,0,0
C14H-2010-0024,0,0
C14H-02-0015,0,0
C14-2017-0057,0,0
C14-2015-0155,0,0
C14-04-0075,0,0
C14-2018-0091,0,0
C17-2016-0088,0,0
C14-2015-0061,0,0
C14-01-0135,0,0
C14-2012-0023,0,0
C14-99-0142,0,0
C14-00-2026,1,1
C14-03-0015,0,0
C17-06-0005,0,0
NPA-2014-0016.02,0,0
C14-2009-0049,0,0
C14-03-0050,0,0
C14-2019-0092,0,0
C14-2019-0054,0,0
C14-2022-0132,0,0
C14-01-0071,0,0
C14-06-0181,0,0
,0,0
NPA-2008-0009.03,0,0
C14-04-0149.43,0,0
C14-05-0075,0,0
C14-2012-0154,0,0
C14-2010-0068,0,0
C14H-90-0005,0,0
C14-2020-0015,0,0
C14-2023-0033,1,0
C14-2021-0017,0,0
C14-99-0132,0,0
C14H-2008-0033,0,0
C17-03-0008,0,0
C14-2024-0133,1,1
C14-96-0085,0,0
C14-97-0128,0,0
C12M-2010-0003,0,0
C14-02-0131,0,0
C14-02-0085,0,0
C14-2007-0109,0,0
C17-2008-0048,0,0
C14-2024-0028,1,1
NPA-2024-0019.01,1,1
C14-2008-0044.001,0,0
C14-2022-0016,0,0
C17-2011-0152,0,0
C14-98-0234,0,0
NPA-2022-0022.01,0,0
C14-05-0214,0,0
C14-2008-0026,0,0
C14H-2025-0059,1,1
C14-2023-0068,1,0
NPA-2025-0016.01,1,1
C14-2008-0036,0,0
C14H-2010-0041,0,0
C17-2023-0031,1,0
NPA-2010-0010.01,0,0
C14-2014-0103,0,0
C14-2015-0166,0,0
C14-96-0052,0,0
C14H-90-0002,0,0
C14-03-0165,0,0
C14-2017-0058,0,0
,0,0
C14H-2020-0011,0,0
C14-2025-0085,1,1
C14H-2016-0009,0,0
C14-2023-0036,1,0
C14-06-0029,0,0
C14-01-0136,0,0
C14-2013-0044,0,0
C14-05-0117,0,0
C14-05-0207,0,0
C14-2020-0110,0,0
C14-06-0205,0,0
C14-04-0058,0,0
NPA-2007-0009.03,0,0
C17-2014-0015,0,0
C14-2010-0101,0,0
C14-2020-0089,0,0
C14-2011-0011,0,0
C14-99-2108,1,1
C14-04-0073,0,0
C14-2011-0103,0,0
C14-2023-0095,1,0
C14-03-0137,0,0
C814-04-0187.02.SH,0,0
C14-04-0158,0,0
C14-2007-0183,0,0
C14H-2008-0031,0,0
NPA-2022-0031.01,0,0
C14-2023-0135,1,0
C14-04-0149.05,0,0
C14-2013-0127,0,0
C14-00-2196,1,1
C14-2017-0130,0,0
C14-2023-0133,1,0
NPA-2019-0027.02,0,0
C14-2023-0045,1,0
C14-2014-0146,0,0
C14H-95-0005,0,0
C14-00-2158,1,1
C14-94-0159,0,0
C17-2013-0116,0,0
C14-96-0031,0,0
C14-2008-0156,0,0
C17-2021-0167,0,0
C14H-2018-0105,0,0
C814-2009-0094.02,0,0
C814-2008-0145.01,0,0
C14-06-0162,0,0
C14-89-0048,0,0
C14-93-0017,0,0
C14-2021-0033,0,0
C14-2011-0073,0,0
C14-05-0182,0,0
C14-2022-0113,0,0
C14-2007-0263.001,0,0
C17-06-0002,0,0
C14-06-0126,0,0
C14H-2025-0066,1,1
C17-2017-0155,0,0
C14-2022-0089,0,0
C14-2007-0134,0,0
C14H-2013-0140,0,0
C14H-06-0007,0,0
C14-01-0144,0,0
NPA-2013-0009.01,0,0
C14-2013-0134,0,0
C14-00-2060,1,1
C14-96-0023,0,0
C14-2008-0247,0,0
C14-2022-0203,0,0
C14-2021-0179,0,0
NPA-2024-0016.01.SH,1,1
C14-2022-0055,0,0
C14-05-0167,0,0
C14-2009-0110,0,0
C14-2017-0059,0,0
C14-90-0004,0,0
C14-05-0152,0,0
C14-2023-0013,1,0
C14-2016-0093,0,0
C14-03-0042,0,0
C14-91-0054,0,0
C14-95-0061,0,0
C14-2017-0151,0,0
NPA-2024-0026.01,1,1
C14-01-0097,0,0
C14-98-0039,0,0
NPA-2025-0020.04,1,1
C14-2022-0117,0,0
C14-2025-0096,1,1
C14-2016-0044,0,0
C14-03-0177,0,0
C14-2010-0193,0,0
C14-03-0147(RCT),0,0
C14H-05-0017,0,0
C14-2017-0143,0,0
C14-2017-0027,0,0
C14-98-0012,0,0
C14H-85-001(90)TA,0,0
C17-2007-0198,0,0
C14-2011-0049,0,0
C14-96-0159,0,0
C14-2008-0199,0,0
C14-97-0144,0,0
C14-87-079,0,0
C14-2020-0044,0,0
C14-72-032(RCT),0,0
C14-2008-0001,0,0
C14-01-0035,0,0
C14-06-0024,0,0
C14-88-0048,0,0
C14H-90-0008,0,0
C14-05-0112(RCA2),0,0
C14-98-0236,0,0
C17-2013-0117,0,0
C14-96-0124,0,0
C14H-04-0001,0,0
C14H-02-0023,0,0
C14-04-0016,0,0
C14-2020-0146,0,0
C14-99-2141,1,1
C12M-2010-0001,0,0
C14H-2007-0031,0,0
NPA-2017-0014.01,0,0
C14-2009-0015,0,0
C14-04-0142,0,0
C14-02-0027,0,0
C14-07-0019,0,0
C14-2025-0106,1,1
C14-2012-0080,0,0
C14-2015-0133,0,0
C14-07-0021,0,0
C14-01-0058,0,0
C14-2011-0123,0,0
C14-04-0140,0,0
C14-2014-0173,0,0
C14-2007-0229,0,0
C14-2021-0021,0,0
C14-2017-0078,0,0
C14-2010-0009,0,0
C14-05-0049,0,0
C14-2020-0070,0,0
C14-97-0122,0,0
C14-88-0054,0,0
C14-2018-0078,0,0
C14-2019-0053,0,0
C14-2007-0007.01,0,0
C14H-2023-0136,1,0
C14-87-136,0,0
C14-04-0181.SH(RCA),0,0
C14-2023-0103,1,0
C14-2007-0079,0,0
C14-2018-0071,0,0
C14-2012-0038,0,0
NPA-2023-0017.01,1,0
C14-02-0079,0,0
C14-07-0003,0,0
C14-03-0043,0,0
C14-2019-0016,0,0
C14-2021-0041,0,0
C14-00-2017,0,0
C14-95-0091,0,0
C814-06-0052,0,0
C14-2024-0055,1,1
C14-2023-0116,1,0
NPA-2016-0021.02,0,0
C14-96-0106,0,0
C14H-04-0006,0,0
C14-2008-0019.001,0,0
C14-2026-0004,1,1
C14-2024-0041,1,1
C14-2022-0148,0,0
C14-99-0062,0,0
C14-2008-0155,0,0
C14-2012-0024,0,0
C14-2017-0121,0,0
C14-2024-0164,1,1
NPA-2025-0017.01,1,1
C14-95-0174,0,0
C14-89-0023,0,0
C14H-2022-0099,0,0
C14-05-0005,0,0
C14-97-0114,0,0
,0,0
C14-05-0088,0,0
C814-2012-0128.03.SH,0,0
NPA-07-0017.01,0,0
C14-02-0087,0,0
C14-2018-0058,0,0
C14-2022-0070,0,0
C14-96-0144,0,0
C14-2012-0068,0,0
NPA-2008-0012.03,0,0
,0,0
C14-2020-0024,0,0
C14-2024-0035,1,1
C14-2013-0034,0,0
C14-98-0107,0,0
C14-2014-0178,0,0
C14-2013-0070,0,0
C14-2021-0136,0,0
C14-2018-0081,0,0
C14-88-0049,0,0
C14-05-0053,0,0
C14-2018-0146,0,0
C14-2013-0076,0,0
NPA-2022-0014.03,0,0
C14-2022-0077,0,0
C14-2025-0051,1,1
C14-01-0122,0,0
C814-2009-0139.04,0,0
C14H-2024-0100,1,1
C14-06-0026.SH,0,0
C14-98-0152,0,0
C14-99-0107,0,0
C14-04-0124,0,0
C14H-1999-0018,0,0
C14-2009-0031,0,0
C14-2022-0161,0,0
NPA-2025-0026.01,1,1
C14-04-0149.45,0,0
C14-2022-0154,0,0
C14-2018-0056,0,0
C14-06-0151,0,0
C14-2013-0077.SH,0,0
C14-2008-0100,0,0
C14-91-0078,0,0
C14-2011-0080,0,0
C14-93-0119,0,0
C814-95-0002.13,0,0
NPA-2008-0015.02,0,0
C14-06-0099,0,0
C14-02-0140,0,0
C14H-02-0005,0,0
C14-2022-0042,0,0
C14-98-0042,0,0
C14-2016-0101,0,0
C14-2014-0003,0,0
C14-2007-0234,0,0
C14-2020-0149,0,0
C14-2012-0094,0,0
C14-2007-0126,0,0
C14H-2023-0137,1,0
NPA-06-0001.01,0,0
NPA-2022-0016.02,0,0
C14-2014-0194,0,0
NPA-2024-0015.01,1,1
C14-06-0103,0,0
C814-2024-0001,1,1
C14-89-0032,0,0
C2A-74-002,0,0
C14-99-2070,1,1
C14H-2025-0095,1,1
C14H-2020-0120,0,0
C14-01-0076,0,0
C14-2023-0099,1,0
C14-00-2155,1,1
C14-2008-0139,0,0
C14-2008-0220,0,0
NPA-2009-0007.01,0,0
C14-2010-0058,0,0
C14-2021-0119,0,0
C14-2025-0112,1,1
,0,0
C14-04-0211,0,0
C14-2016-0079,0,0
C14-2025-0080,1,1
C17-2024-0131,1,1
C14-99-0128,0,0
C14-80-065(RCA),0,0
C14-2019-0158,0,0
C14-06-0067,0,0
C14-2022-0074,0,0
C14-05-0064,0,0
C14-04-0065,0,0
C14H-2015-0011,0,0
C14-2020-0046,0,0
C14-2020-0123,0,0
C14-2020-0037,0,0
C14-2011-0044,0,0
C14-90-0011,0,0
C14-2008-0205,0,0
NPA-2025-0007.01,1,1
,0,0
C14-2024-0036,1,1
C14-06-0158,0,0
C14-91-0085,0,0
C14-82-091(RCT),0,0
C14-2022-0107,0,0
C14-2016-0036,0,0
C14H-2018-0103,0,0
C14H-06-0020,0,0
C14-2015-0036,0,0
NPA-2007-0001.02,0,0
C14-02-0189,0,0
C14-02-0037,0,0
C17-01-0006,0,0
C14-2022-0012,0,0
C14-03-0153,0,0
C14-03-0187,0,0
C14-2007-0088,0,0
NPA-2017-0016.05,0,0
C14-2013-0005,0,0
C14-2023-0026,1,0
C14-98-0224,0,0
C14-2023-0118,1,0
C14-2008-0196,0,0
C14-04-0032,0,0
C14H-2009-0087,0,0
C14-2018-0132,0,0
C14-05-0045,0,0
C14-2007-0060,0,0
C14-2007-0123,0,0
C14H-2014-0012,0,0
C14-2008-0049,0,0
NPA-2020-0002.02,0,0
C17-2024-0117,1,1
C14-2015-0140,0,0
NPA-2021-0017.01,0,0
C14-02-0048,0,0
C14-2020-0080,0,0
C14-2019-0144,0,0
C14H-02-0022,0,0
C14-99-2006,0,0
C14-2007-0056,0,0
C14-05-0109,0,0
C14H-02-0101,0,0
C17-2019-0080,0,0
C14-2007-0186,0,0
C14-98-0270,0,0
C814-2012-0055.01,0,0
C14-2020-0122,0,0
C14-01-0046.02,0,0
C14-91-0039,0,0
NPA-2023-0018.03,1,0
C14-00-2047(RCT),1,1
C14-05-0052,0,0
NPA-2007-0014.01,0,0
,0,0
C14-01-0101,0,0
C14-2010-0137,0,0
C14-2011-0048,0,0
C14-99-0041,0,0
C14-92-0038,0,0
C14-2014-0031.SH,0,0
C14-2007-0082,0,0
C17-2025-0119,1,1
C14-2007-0030,0,0
C14-2007-0152,0,0
C14-04-0013,0,0
C14-98-0060,0,0
C14-02-0004,0,0
C14-81-058(RCT),0,0
C14-2011-0042,0,0
NPA-04-0011.01,0,0
C14-06-0102,0,0
C14-03-0138,0,0
C14-00-2112.SH(RCA),1,1
C814-2012-0163,0,0
C14R-84-018(RCT),0,0
C14H-2008-0039,0,0
C14-2011-0101,0,0
C14-2023-0072,1,0
C14-00-2059,1,1
C14-00-2125,1,1
C14-91-0082,0,0
C14-2021-0019,0,0
C14-06-0166,0,0
C14-03-0169,0,0
C814-04-0144,0,0
C14-01-0089,0,0
NPA-2017-0005.03,0,0
C14H-2017-0039,0,0
C14-2022-0119,0,0
C14-06-0003,0,0
C14-2018-0028,0,0
C14-2020-0031.SH,0,0
C14-88-0073,0,0
C814-2023-0057,1,0
C14-2023-0106,1,0
C14-2022-0136,0,0
C14H-2009-0063,0,0
C14-2018-0077,0,0
C14-2008-0057.SH,0,0
C14-2023-0093,1,0
C14-03-0071,0,0
C14-04-0087,0,0
C14-2016-0034,0,0
C14-98-0051,0,0
,0,0
NPA-2016-0030.01,0,0
C14-2007-0087(RCA),0,0
C17-2019-0052,0,0
C14H-05-0007,0,0
C14H-2023-0092,1,0
NPA-2025-0022.01,1,1
C14-05-0196B,0,0
C14-2014-0165,0,0
C14-2021-0129,0,0
C14-2023-0127,1,0
C14-2015-0057,0,0
C14-2019-0117,0,0
C14H-00-2183,1,1
C14-2008-0027,0,0
C14-97-0044(RCT),0,0
C14H-03-0006,0,0
C14-2021-0075,0,0
C14-00-2062(RCA),1,1
C14-2010-0199,0,0
C814-2012-0163.01,0,0
NPA-2023-0025.01,1,0
C14-2014-0051,0,0
C17-2009-0019,0,0
C14-2012-0123,0,0
C14-2014-0028,0,0
C14-2012-0049,0,0
C14-05-0212,0,0
C14-2008-0135,0,0
C14-01-0030,0,0
C14-2020-0078,0,0
,0,0
C14-2013-0110,0,0
C14-04-0014,0,0
C14-74-145(RCT),0,0
C14-2012-0021,0,0
C14H-00-2051,1,1
C14-04-0047,0,0
C14H-05-0013,0,0
C14-00-2154,1,1
C14-97-0007,0,0
C14-97-0141.04,0,0
C14-2010-0090,0,0
C14-2025-0024,1,1
C14-2018-0026,0,0
C814-06-0218,0,0
C14-07-0008,0,0
C14-03-0027,0,0
C14-06-0128,0,0
C14-2020-0026,0,0
C14-2011-0076,0,0
C14-2025-0114,1,1
C14H-2019-0147,0,0
C14-02-0168,0,0
C14-2015-0101,0,0
C14-05-0055,0,0
C14H-2009-0040,0,0
C14-2016-0077,0,0
C14-98-0191,0,0
C14H-2021-0181,0,0
C14-2019-0037,0,0
C14-2021-0015,0,0
C14-02-0198,0,0
C14-2017-0072,0,0
C14H-2018-0032,0,0
C14-99-0069,0,0
C14-2007-0038.SH,0,0
C14-2019-0073.SH,0,0
NPA-2022-0015.04,0,0
C17-2012-0091,0,0
C14-79-050,0,0
C14-2009-0008,0,0
C14-98-0232,0,0
C14-04-0196.01,0,0
C14-87-171,0,0
C14-97-0053,0,0
C14H-2008-0037,0,0
C14-01-0166,0,0
NPA-2010-0018.03,0,0
C14-66-124,0,0
C814-06-0175.06,0,0
C14-03-0069,0,0
C14-2024-0145,1,1
C14-2021-0115,0,0
C14-2014-0196,0,0
C14-2008-0041,0,0
C14-2013-0051,0,0
C14-03-0171,0,0
C14-2007-0237,0,0
C14-97-0143,0,0
C14-07-0024,0,0
C14-2007-0248,0,0
C14H-05-0005,0,0
NPA-2019-0022.02,0,0
C14-2017-0096,0,0
C14-91-0014,0,0
C14H-2009-0059,0,0
C14-00-2085,1,1
C14-2010-0134,0,0
NPA-2011-0005.01,0,0
C14-99-0138,0,0
C17-05-0002,0,0
C17-2012-0131,0,0
C14-2012-0048,0,0
C14-90-0044,0,0
NPA-2018-0028.02,0,0
C14-01-0037.001,0,0
C14H-2010-0005,0,0
C14-04-0212,0,0
C14-2007-0049,0,0
C14-01-0098,0,0
C17-2016-0029,0,0
C14-2011-0084,0,0
C14-87-088,0,0
C14-2007-0211,0,0
C14-2008-0214,0,0
C14-06-0214,0,0
C14-94-0039,0,0
C14-2008-0184,0,0
C14-2023-0123,1,0
C14-00-2242,1,1
C14-06-0116,0,0
C14H-2009-0010,0,0
C14-2025-0052,1,1
C14-2010-0078,0,0
C14-2007-0170,0,0
C14-2021-0132,0,0
C14-04-0181.SH,0,0
C14-2014-0176,0,0
NPA-2022-0027.01,0,0
C14-2019-0024,0,0
C14-2023-0019,1,0
NPA-2023-0013.02,1,0
C14-98-0061,0,0
C14H-02-0003,0,0
C14-01-0127,0,0
C14-2016-0091,0,0
C14-00-2168,1,1
C14-2010-0161,0,0
C14H-2010-0004,0,0
C14-2010-0095,0,0
C14-06-0227,0,0
C14H-2012-0002,0,0
C14-02-0183(RCA),0,0
C14-2017-0138,0,0
C14-2022-0177,0,0
C14-2009-0009,0,0
C14-2017-0019,0,0
C17-2018-0129,0,0
C14-2008-0050,0,0
NPA-2014-0011.01,0,0
C14-05-0111.05,0,0
C14-05-0025,0,0
C14-2017-0010.SH,0,0
C14-2008-0029,0,0
C14-2014-0088,0,0
C14-96-0036,0,0
C17-2014-0005,0,0
C14-2020-0057,0,0
C14-2011-0029,0,0
C14-05-0032,0,0
C814-2009-0139,0,0
C14-92-0034,0,0
C14-2013-0028,0,0
C14-2024-0128,1,1
C14-05-0014,0,0
C14-07-0025,0,0
C14-93-0151,0,0
C14-2020-0112,0,0
C14-06-0032,0,0
C14-2024-0135,1,1
C14-2017-0050,0,0
C14-2012-0042,0,0
NPA-2012-0022.01,0,0
C17-2023-0062,1,0
C14-2024-0008,1,1
C14-98-0021,0,0
C14-2008-0223,0,0
C14R-85-366(RCA2),0,0
C14-05-0107,0,0
C17-05-0004,0,0
C14-2025-0125,1,1
C14-04-0134,0,0
C14-2014-0030.SH,0,0
C14H-2008-0003,0,0
C14-2024-0172,1,1
C14-2021-0034,0,0
C14-2023-0121,1,0
C14-2017-0074,0,0
C14-2020-0039,0,0
C14-06-0204,0,0
C814-2008-0165.01,0,0
C14-2008-0144,0,0
NPA-2018-0007.01,0,0
C14R-84-443(RCA),0,0
NPA-2011-0023.01,0,0
C17-99-0003,0,0
NPA-2009-0005.01,0,0
C14-2010-0132,0,0
C14-90-0071,0,0
C14-00-2215,1,1
C14-04-0149.26,0,0
C14-96-0155,0,0
C814-2009-0139.03,0,0
C14-2016-0135,0,0
C17-2017-0070,0,0
C14-01-0044,0,0
C14H-2012-0008,0,0
C14-97-0068,0,0
NPA-2022-0005.01,0,0
C14-05-0079,0,0
C14H-99-0002,0,0
C14-2008-0142,0,0
C14-2017-0029,0,0
C14-97-0135,0,0
C14-2024-0044,1,1
C14-91-0024,0,0
C14-2008-0134,0,0
NPA-2021-0011.01,0,0
C14-2016-0023.SH,0,0
,0,0
C14-2025-0100,1,1
NPA-2012-0005.03,0,0
C14-2019-0151,0,0
C14-2015-0017,0,0
C14-2019-0021,0,0
C14-05-0104,0,0
C14-06-0149,0,0
C14-2014-0096,0,0
C14-2015-0040,0,0
NPA-2016-0010.01,0,0
C14-2013-0018,0,0
C14-2018-0043,0,0
C814-06-0106.02,0,0
C14-72-204(RCA5),0,0
C14H-2023-0090,1,0
C14-2022-0163,0,0
C14H-2010-0042,0,0
C14-79-065(RCT),0,0
C14-2024-0018,1,1
C14-06-0159,0,0
C14-2007-0147,0,0
C14-99-0099,0,0
C14-01-0151,0,0
C14H-2010-0003,0,0
C14-88-0108,0,0
C14-01-0164,0,0
C17-2018-0054,0,0
C14-2010-0178,0,0
C14-04-0149.15,0,0
C14-2023-0081,1,0
C14-2016-0004,0,0
C14-2023-0086,1,0
C14-00-2050,1,1
C14-2022-0057,0,0
C14-01-0169,0,0
C14-05-0051,0,0
C14H-2009-0020,0,0
C14-2020-0105,0,0
C14-2012-0103,0,0
C14-2024-0105,1,1
C14-00-2011.5,0,0
NPA-2014-0007.01,0,0
C14-2021-0156,0,0
C14-2022-0069,0,0
C14H-2016-0073,0,0
C14H-2010-0001,0,0
C14-04-0068,0,0
C14-05-0195,0,0
C14-2012-0046,0,0
C14-98-0109,0,0
C14-2025-0048,1,1
C14H-2024-0153,1,1
C14-2007-0031,0,0
C14-98-0087,0,0
C14-2017-0109,0,0
,0,0
C14-2010-0097,0,0
C14-99-2082,1,1
NPA-2023-0002.02,1,0
C14-2024-0067.SH,1,1
C14-98-0008,0,0
C14-01-0048,0,0
C814-05-0069.01,0,0
C14-2023-0004,1,0
C814-2017-0024.01,0,0
C14-2013-0083,0,0
C14-04-0193,0,0
C14-2025-0043,1,1
C14-2020-0093,0,0
C14-01-0036,0,0
C17-2018-0038,0,0
C14-01-0012,0,0
C14-2009-0151(RCA2),0,0
C14H-03-0014,0,0
C14H-03-0011,0,0
C14-92-0004,0,0
,0,0
C14-2012-0027,0,0
C14-04-0149.18,0,0
C14-2011-0046,0,0
NPA-2022-0023.02,0,0
C14-2009-0092,0,0
C14-2020-0072,0,0
C14-2012-0097,0,0
NPA-2022-0010.03,0,0
C14-2017-0141,0,0
C14H-2009-0012,0,0
C14-2008-0073,0,0
C14-2022-0062,0,0
C14-2010-0135,0,0
C14-02-0045,0,0
C14-2017-0085,0,0
C14-2015-0063,0,0
C14-2010-0064,0,0
C14-2020-0150,0,0
,0,0
C14-02-0151,0,0
C14-2011-0074,0,0
C14-95-0166,0,0
C14-2024-0001,1,1
C14-2013-0114,0,0
C14-03-0148,0,0
C14-2016-0041,0,0
NPA-2022-0014.05,0,0
NPA-2018-0023.01,0,0
C14-00-2226,1,1
C14-2013-0006,0,0
C14-2012-0020,0,0
C14H-02-0011,0,0
C14-2009-0005,0,0
C14-2011-0153,0,0
C14-2012-0101,0,0
C14-2011-0144,0,0
NPA-2018-0016.02,0,0
C14-91-0098,0,0
NPA-06-0011.01,0,0
NPA-2020-0016.01,0,0
C17-2022-0138,0,0
C14-90-0033,0,0
C14-2024-0181,1,1
C14-2019-0025,0,0
C14-2016-0024,0,0
C14-02-0127.SH,0,0
NPA-2019-0019.01,0,0
C14-2017-0092,0,0
C14H-2020-0020,0,0
C14-2008-0096,0,0
C12M-2017-0006,0,0
C17-2013-0003,0,0
C14-2011-0129,0,0
C14-04-0149.08,0,0
C14-03-0116,0,0
C14-01-0019,0,0
C14-2014-0002,0,0
C14-04-0091,0,0
C17-2015-0006,0,0
NPA-2019-0015.01,0,0
NPA-2016-0014.01.SH,0,0
C814-2014-0083,0,0
C814-2012-0152.06,0,0
NPA-2010-0016.02.SH,0,0
C14-2013-0017,0,0
C14-88-0129(RCT),0,0
C14-2012-0028,0,0
C14-2012-0007,0,0
C14-2010-0187,0,0
C14-91-0012,0,0
C14H-05-0025,0,0
C14-96-0103,0,0
C14-2016-0047,0,0
,0,0
C14-2012-0155,0,0
NPA-2018-0028.01,0,0
C14-04-0190,0,0
C17-2020-0077,0,0
C2A-81-004(RCA),0,0
C14-06-0111,0,0
NPA-2022-0002.01,0,0
C14H-2010-0037,0,0
C14-2024-0124,1,1
C14-05-0061,0,0
C14H-05-0004,0,0
C14-2021-0162,0,0
C14-02-0150(RCA),0,0
C14-00-2130,1,1
C14-04-0121,0,0
C14-99-2137,1,1
C14-2016-0113,0,0
C14-83-330(DE),0,0
C14-2023-0054,1,0
C12M-2012-0002,0,0
C14-2007-0146.SH,0,0
NPA-2022-0023.01.SH,0,0
C14-2022-0137,0,0
C14-2019-0100,0,0
NPA-2010-0021.03.SH,0,0
C14-2012-0018,0,0
NPA-2009-0016.02,0,0
C14-2012-0066,0,0
NPA-2015-0015.03,0,0
C14-01-0148.003,0,0
C14-03-0091,0,0
C14-91-0099,0,0
C14-2018-0061,0,0
C14-87-106,0,0
C14H-2025-0022,1,1
C14-00-2087,1,1
C14-73-144(RCA),0,0
C14-2021-0137,0,0
C14-2022-0144,0,0
C14-2016-0131,0,0
C14H-2017-0107,0,0
C14-2010-0072,0,0
C14-92-0093,0,0
C14-96-0072,0,0
NPA-2010-0008.01,0,0
,0,0
C14-00-2049,1,1
C14-2022-0085,0,0
C14-98-0073,0,0
C14-88-0062,0,0
C14-2008-0082,0,0
C14-04-0149.36,0,0
C14-2015-0134,0,0
NPA-06-0017.01,0,0
C14-03-0019,0,0
C14-03-0026,0,0
NPA-2025-0008.01,1,1
C14-2008-0149,0,0
NPA-03-0014.02,0,0
C14-99-0021,0,0
C17-06-0013,0,0
C14-02-0008,0,0
C17-01-0001,0,0
C14-2008-0159,0,0
C14-05-0162,0,0
C14-2018-0120,0,0
C14-07-0009,0,0
C17-05-0012,0,0
C14-2023-0059,1,0
C14-2008-0080,0,0
C14-2016-0076,0,0
NPA-2019-0011.01.SH,0,0
C14-78-179,0,0
C14-2007-0058.SH,0,0
C14-2008-0239,0,0
C14-2025-0091,1,1
C14-2018-0140,0,0
C814-98-0001.03,0,0
C14-04-0030,0,0
C17-2015-0002,0,0
C14-2009-0083,0,0
C14-2010-0116,0,0
C17-2011-0003,0,0
C14-2025-0039,1,1
C14-91-0003,0,0
C14-2012-0114,0,0
C14-2009-0079,0,0
C14-05-0106.02,0,0
C14-05-0020,0,0
C14-01-0128.SH,0,0
C14-2022-0059,0,0
C14-2019-0116,0,0
C14H-2007-0012,0,0
C14-2011-0145,0,0
C14-92-0057,0,0
C14-2015-0135,0,0
C14-2019-0005,0,0
C14-2009-0029,0,0
C14-99-0008,0,0
C14-2012-0074,0,0
C814-96-0003.14,0,0
C17-2019-0132,0,0
C14-2013-0092,0,0
C14-2025-0019,1,1
C14-2024-0184,1,1
C14-2019-0019,0,0
C14-2017-0018,0,0
C14-95-0181,0,0
C14-85-149.49,0,0
C14H-2009-0048,0,0
C14-2017-0002,0,0
C14-97-0014,0,0
C14-89-0036,0,0
C14-2015-0051,0,0
NPA-06-0009.01,0,0
C14-00-2055,1,1
C14-2019-0139,0,0
C14-2015-0119,0,0
C14-04-0149.37,0,0
NPA-2015-0015.02,0,0
C14-2007-0129,0,0
C14-93-0141,0,0
C14-2018-0053,0,0
C814-06-0202,0,0
C14-2017-0115,0,0
C14-2012-0053,0,0
C14-2010-0003,0,0
NPA-2012-0026.01,0,0
C14-2023-0149,1,0
C14-93-0075,0,0
C14-05-0180,0,0
C14-02-0041,0,0
NPA-2012-0023.01,0,0
C14-03-0133,0,0
C14H-2016-0120,0,0
C14-90-0005,0,0
C14-2019-0010,0,0
C14-87-173,0,0
C17-2019-0062,0,0
NPA-2022-0007.01,0,0
C14-2007-0226,0,0
C14-05-0200,0,0
C14-2021-0110,0,0
C14-02-0165,0,0
C14-93-0158,0,0
NPA-2017-0016.02,0,0
C14-2019-0068,0,0
C14-2011-0075,0,0
C14-2007-0114,0,0
C14-04-0002,0,0
C14-03-0001,0,0
C814-88-0001(RCA),0,0
C14-2020-0040,0,0
C14H-2020-0113,0,0
C14-2009-0021,0,0
NPA-2016-0005.03,0,0
C14-2013-0067,0,0
C14-91-0020,0,0
NPA-2010-0012.01,0,0
C14-99-0044,0,0
C814-96-0003.11,0,0
C14-2013-0155,0,0
C14-2019-0089,0,0
C14-98-0229,0,0
C14-02-0158,0,0
C14-2013-0047,0,0
C14-2007-0043,0,0
C14-00-2067,1,1
C14r-85-392(RCT),0,0
C14-00-2254,1,1
NPA-2025-0025.03,1,1
C14-99-0129,0,0
C14H-2014-0015,0,0
C14-2019-0138,0,0
C14-97-0137,0,0
NP-2011-0029,0,0
C14-02-0090,0,0
C14-95-0183(RCA2),0,0
C14-2025-0023,1,1
C14-2018-0095,0,0
C14-03-0161,0,0
C14-2024-0165,1,1
C14-2024-0101,1,1
C14-2007-0122,0,0
NPA-2025-0019.01.SH,1,1
NPA-2019-0016.01,0,0
C14-06-0004,0,0
C14-2022-0040,0,0
C14-98-0079,0,0
C14H-2024-0103,1,1
NPA-2024-0015.03,1,1
C14-2026-0008,1,1
C14-91-0046,0,0
C14-2007-0131,0,0
C14-2007-0199,0,0
C814-06-0054,0,0
NPA-2013-0011.01,0,0
C14-2021-0105,0,0
C14-99-0042,0,0
C14-2023-0039,1,0
C14H-02-0024,0,0
C14H-06-0002,0,0
C14-2014-0133,0,0
C14-77-053(RCT),0,0
C14-92-0017,0,0
C14-2016-0013,0,0
C14H-97-0008,0,0
C14H-01-0010,0,0
C14-06-0228,0,0
C14-2022-0056,0,0
C814-2008-0145,0,0
C14-96-0034,0,0
C14-2010-0044,0,0
NPA-2022-0015.01,0,0
C14H-2024-0171,1,1
NPA-2021-0016.01.SH,0,0
C14-2014-0076,0,0
C17-2016-0129,0,0
C14-90-0002,0,0
C14-2008-0168,0,0
C14-2009-0028,0,0
C14-01-0156,0,0
C14-02-0043,0,0
C14-2019-0055,0,0
C14-2017-0003,0,0
C14-2013-0026,0,0
C14-06-0113,0,0
C14H-90-0010,0,0
C14-2022-0046,0,0
C14-2011-0070,0,0
NPA-2025-0020.01,1,1
NPA-2020-0016.05,0,0
C14-2017-0111,0,0
C14-2012-0025,0,0
NPA-2009-0012.02,0,0
C14-98-0192,0,0
C14-2013-0085,0,0
C14H-03-0023,0,0
C14-2011-0165,0,0
C14-00-2041,1,1
C14-2013-0125,0,0
C14-2019-0083,0,0
C14-2015-0160,0,0
C14-2013-0042,0,0
C14-2012-0165,0,0
C14-98-0006,0,0
C14-2011-0086,0,0
C14-2021-0113,0,0
C14H-2008-0032,0,0
C14-2019-0096,0,0
C14-2009-0162,0,0
C814-2012-0055,0,0
C14-02-0078,0,0
C14-2009-0013,0,0
C14-06-0016,0,0
C14-06-0201,0,0
C14-2025-0110,1,1
NPA-2023-0015.04,1,0
NPA-2021-0016.02.SH,0,0
C14-2019-0067,0,0
C14-00-2184,1,1
C14-2022-0150,0,0
C14-2016-0075,0,0
NPA-2021-0029.01.SH,0,0
NPA-2015-0002.02,0,0
C14-2018-0051.SH,0,0
C17-2018-0049,0,0
C17-2021-0178,0,0
C14-00-2134,1,1
C14-95-0137,0,0
C14-2008-0171,0,0
C14-97-0045,0,0
C14-2024-0129,1,1
NPA-03-0002.01,0,0
C814-04-0055.02,0,0
C14-2014-0066,0,0
C14H-04-0024,0,0
C17-2018-0045,0,0
C14-00-2234,1,1
C14-2017-0042,0,0
C14-04-0180,0,0
C14-97-0080,0,0
C17-2019-0036,0,0
NPA-2023-0023.04,1,0
NPA-2019-0015.02,0,0
C17-2013-0008,0,0
C14-01-0064,0,0
C14-02-0170,0,0
C14-2009-0065,0,0
C14-2023-0120,1,0
C14-2009-0035,0,0
C14-75-126(B)(RCT),0,0
C14-2009-0168,0,0
C14H-2018-0015,0,0
C14-2018-0022,0,0
C14-05-0185,0,0
C14-2007-0014,0,0
C14-00-2195(RCA),1,1
C14-2015-0081,0,0
C14-2010-0020,0,0
C14-2022-0141,0,0
C14-2019-0029,0,0
NPA-05-0018.01,0,0
C14-95-0159,0,0
C14-05-0101,0,0
C14-2022-0092,0,0
C14H-05-0024,0,0
C14-2024-0146,1,1
C14-2007-0095,0,0
C14-2017-0066,0,0
,0,0
C14-2007-0010,0,0
C14-2023-0148,1,0
C14-2021-0079,0,0
C14-2015-0066,0,0
C14-2008-0200,0,0
C14-97-0124,0,0
C14-2023-0096,1,0
C14-2009-0018,0,0
C14-2015-0153,0,0
C14-2015-0030,0,0
C14-04-0031,0,0
C14-02-0091,0,0
,0,0
C14-03-0013,0,0
C14-2007-0185,0,0
C14-94-0158,0,0
C14-2016-0064,0,0
C14-01-0181,0,0
C14-2024-0058,1,1
C14-2024-0092,1,1
C14-2025-0029,1,1
NPA-2019-0028.01,0,0
C14-2007-0219,0,0
C14-91-0077,0,0
C14-2020-0054,0,0
C14-91-0091,0,0
C14-91-0035,0,0
C14-2014-0147,0,0
C14-2010-0125,0,0
C14-05-0033,0,0
C814-2012-0160.01,0,0
C14-05-0111.06,0,0
C14-04-0149.25,0,0
C14-99-0054,0,0
C14-2022-0045,0,0
NPA-03-0014.03,0,0
C14-2017-0079,0,0
C14-90-0063,0,0
C14-2016-0009,0,0
C14-2020-0139,0,0
C14-2020-0006,0,0
C14-2023-0139,1,0
C14-2007-0270,0,0
C14-2019-0006,0,0
C14-2018-0068,0,0
C14-2007-0075,0,0
C14-2007-0221,0,0
C14-2023-0058,1,0
C14-2010-0084,0,0
C14-00-2091,1,1
NPA-2015-0007.01,0,0
C14-2011-0008,0,0
C14-96-0059,0,0
C14-2021-0157,0,0
NPA-2011-0005.03,0,0
C14-06-0148,0,0
C14-01-0006,0,0
C14-2022-0037,0,0
C814-2008-0087,0,0
C14-2009-0078,0,0
C814-86-009.12,0,0
C14H-2014-0003,0,0
C14H-2014-0013,0,0
C14-01-0080,0,0
C14-2012-0109,0,0
NPA-2020-0021.02,0,0
C14-2012-0033,0,0
C14-03-0176.SH,0,0
C14-2014-0016,0,0
C14-2020-0047,0,0
C14-2010-0054,0,0
C14-2010-0030,0,0
C14-2021-0054,0,0
C14H-2024-0016,1,1
C14-2016-0011,0,0
C14-2021-0008.SH,0,0
C14-03-0162,0,0
C17-2007-0093,0,0
C14-2010-0149.SH,0,0
C14-2010-0200,0,0
C14-98-0256,0,0
C14-2010-0070,0,0
NPA-06-0009.02,0,0
NPA-2020-0014.02,0,0
C14-2013-0043,0,0
C17-2008-0120,0,0
C17-2018-0200,0,0
C14-2011-0017,0,0
C14-02-0020,0,0
C14-2018-0048,0,0
C14-98-0141,0,0
C14-2022-0122.SH,0,0
NPA-2012-0021.02,0,0
C14-2021-0080,0,0
C14-2014-0122,0,0
C14-2014-0049,0,0
C17-2007-0197,0,0
,0,0
C17-2017-0093,0,0
NPA-2024-0018.02,1,1
C14-2020-0091,0,0
C14-2021-0090,0,0
C14H-99-0019,0,0
C14-2015-0122,0,0
C14-2013-0019,0,0
C14-95-0125,0,0
C14-2016-0002,0,0
C14-05-0018,0,0
C14-99-0070,0,0
C14-04-0188,0,0
C14-2007-0193,0,0
C14-95-0014,0,0
NPA-2025-0018.01,1,1
C814-2007-0009,0,0
C814-00-2063.06,1,1
C14-02-0104,0,0
C14H-00-0002,0,0
C14-2011-0020,0,0
C14-2023-0150,1,0
C14-2007-0200,0,0
C14-2022-0102,0,0
C14-06-0232,0,0
C14-2011-0094,0,0
C14-05-0119,0,0
C14-03-0150,0,0
C14-2007-0121,0,0
C14-2020-0121,0,0
C14-02-0080,0,0
C14-98-0085,0,0
C14H-2009-0014,0,0
C14-00-2186,1,1
C14-2025-0090,1,1
C14-2018-0130,0,0
C14-87-177,0,0
C14-2019-0159,0,0
C14-92-0082,0,0
C14-2009-0061,0,0
C14-91-0036,0,0
C14-2024-0130,1,1
C14-2011-0014,0,0
C14-01-0160,0,0
C14-2025-0126,1,1
C14-2011-0056,0,0
C14-00-2260,1,1
C14-2011-0098,0,0
C14-2019-0109,0,0
C14-2013-0105,0,0
C17-2017-0142,0,0
C17-06-0025,0,0
C14-2012-0119,0,0
C14H-06-0009,0,0
C14-2025-0061,1,1
,0,0
C14-2017-0118,0,0
C14-04-0099,0,0
NPA-2025-0020.03,1,1
C14-03-0034,0,0
C14-90-0018,0,0
C14-81-239(RCT),0,0
C14-2014-0062,0,0
C14-2021-0070,0,0
C14-2014-0061,0,0
NPA-2011-0025.01,0,0
C14-02-0191.SH,0,0
C14-94-0053,0,0
C14-2012-0156,0,0
C14-2014-0078,0,0
C14-2014-0130,0,0
C14-04-0149.21,0,0
C14-02-0017,0,0
C17-2021-0163,0,0
C14-2019-0011,0,0
C14-2008-0064,0,0
C14-2007-0108,0,0
C14-2010-0035,0,0
NPA-2011-0010.01,0,0
NPA-2008-0019.02,0,0
C14-2023-0075,1,0
C14-06-0198,0,0
C14-06-0107,0,0
C14-2024-0069,1,1
C14-2024-0064,1,1
C14-2013-0038,0,0
NPA-2022-0015.02,0,0
C14-2012-0146.SH,0,0
C14-2024-0006,1,1
C14-84-392,0,0
C14-2015-0121,0,0
C17-2011-0164,0,0
NPA-2018-0005.02.SH,0,0
C14-02-0002,0,0
C14-02-0006.SH,0,0
C14-70-001.93.2,0,0
C14-92-0043,0,0
C14-2018-0041,0,0
C14-2021-0088,0,0
C14-99-0130,0,0
NPA-2008-0014.01,0,0
C14-06-0221,0,0
C14H-2013-0004,0,0
C14-2023-0109,1,0
C14-98-0112,0,0
C14-04-0056,0,0
NPA-2021-0005.02,0,0
C14-00-2135,1,1
C14-2016-0046,0,0
NPA-2020-0015.03,0,0
C14-01-0145,0,0
C17-2020-0129,0,0
C14-2013-0094,0,0
NPA-2012-0019.01,0,0
C14-87-078,0,0
C17-2020-0028,0,0
C14-03-0085,0,0
C14H-2007-0026,0,0
C14-2021-0046,0,0
C14-2011-0100,0,0
C14-04-0141,0,0
NPA-2012-0013.02,0,0
C14-04-0046,0,0
C814-99-0001.05,0,0
C14-2016-0055,0,0
C14-02-0122,0,0
C14-2014-0017,0,0
C14-2008-0007,0,0
C14-00-2048,1,1
C14-05-0161,0,0
C14-2021-0092,0,0
C14-2023-0046,1,0
C814-88-0001(RCA),0,0
C14-04-0156,0,0
C14-2011-0115,0,0
C17-2020-0140,0,0
C17-2014-0012,0,0
C17-2023-0102,1,0
C14-2024-0187,1,1
C14-2016-0025,0,0
C14-2014-0058,0,0
C14H-2017-0119,0,0
C14-2024-0030,1,1
C14-2011-0133,0,0
NPA-2019-0020.02,0,0
C14-01-0153.SH,0,0
C14-2013-0115,0,0
C14-2022-0029,0,0
NPA-2016-0005.04,0,0
C14-2018-0021,0,0
C14-2019-0124,0,0
C14-2017-0063,0,0
C14-96-0089,0,0
C14-2014-0174,0,0
C14-2024-0085,1,1
C14-99-0050,0,0
C14-2008-0162,0,0
C14-2024-0107,1,1
C14-2014-0170,0,0
C14-2013-0022,0,0
C14-2021-0147,0,0
C14-02-0071.SH,0,0
C14-00-2011,0,0
C14-2016-0003,0,0
C14-2007-0231,0,0
C14H-2007-0029,0,0
C14H-06-0013,0,0
C14-99-0013,0,0
C14-95-0001,0,0
C14-2010-0184,0,0
C14-2019-0113,0,0
C14-2011-0124,0,0
C14-2019-0157,0,0
C14-2015-0047,0,0
C14-2015-0065,0,0
C14-99-0089,0,0
C14-05-0203,0,0
C14-04-0082,0,0
C14-2016-0094,0,0
C14-96-0053,0,0
NPA-2016-0016.01,0,0
C14-00-2181,1,1
C14-04-0170,0,0
C14H-2011-0001,0,0
C14-06-0189,0,0
C14-05-0198,0,0
C14-01-0149,0,0
C14-02-0060,0,0
C14H-2007-0020,0,0
NPA-2015-0027.01,0,0
C14-2025-0068,1,1
C14-00-2180,1,1
C14-93-0166,0,0
C14-00-2162,1,1
C14-2016-0132,0,0
NPA-2008-0022.01,0,0
C14-91-0055,0,0
C14-2020-0134,0,0
C814-04-0055.01,0,0
NPA-2014-0015.01,0,0
C14H-2010-0022,0,0
C14-2024-0029,1,1
C14-05-0085,0,0
C14-2007-0067,0,0
C14H-02-0010,0,0
C14-06-0167,0,0
C14-04-0114,0,0
C17-2021-0085,0,0
C14-2015-0086,0,0
C17-2022-0061,0,0
C14-00-2015,0,0
C14-05-0111.01,0,0
C14-2012-0141,0,0
C14-2020-0102,0,0
C17-05-0013,0,0
C14-00-2100,1,1
C14-90-0043,0,0
C14-2014-0118,0,0
C14-2011-0083,0,0
C14-02-0171,0,0
C2-66-001(RCA),0,0
C14H-01-0001,0,0
C14-2016-0115,0,0
C14-2024-0099,1,1
C14-2019-0137,0,0
C14-2017-0071,0,0
C14-2020-0067,0,0
C14H-2009-0026,0,0
C14-97-0095,0,0
C14-2020-0083,0,0
C14-05-0029,0,0
C14-2011-0082,0,0
C14H-06-0033,0,0
NPA-2023-0015.01,1,0
C14-00-2024,1,1
C17-06-0019,0,0
C14-05-0113.02,0,0
C814-88-0001.11,0,0
C14-2024-0003,1,1
NPA-06-0007.02,0,0
C14-2019-0115,0,0
C14-2008-0175,0,0
NPA-2018-0026.02,0,0
C14H-2016-0008,0,0
C14-87-100,0,0
C14-2020-0073,0,0
NPA-2021-0007.01,0,0
C17-2025-0118,1,1
C14-83-214,0,0
C14-2008-0148,0,0
C14H-05-0018,0,0
C14-2007-0070,0,0
NPA-2014-0016.01,0,0
C14-88-0124,0,0
NPA-2015-0025.01,0,0
C814-2018-0122.01,0,0
C14-2023-0030,1,0
C14-98-0252,0,0
C14-2018-0076,0,0
NPA-2007-0012.05,0,0
C14-91-0015(RCA),0,0
C14-01-0126,0,0
C14-96-0122,0,0
C14-2010-0112,0,0
C14-2017-0123,0,0
C14-2015-0109,0,0
C14-2017-0131,0,0
C14-03-0070,0,0
C14-98-0018,0,0
C14-2007-0169,0,0
C14-05-0097,0,0
NPA-2016-0016.02,0,0
C17-00-2004,0,0
C14H-2017-0065,0,0
C14H-94-0005,0,0
C14-87-104,0,0
C14-06-0140,0,0
C14-2021-0177,0,0
C14-2007-0046,0,0
C14-2025-0021,1,1
C14H-2009-0057,0,0
C14-2015-0148,0,0
NPA-2020-0016.04,0,0
C14-2007-0182,0,0
C14-2019-0084,0,0
C17-2021-0102,0,0
C14-2017-0026,0,0
C14H-2011-0006,0,0
C14-94-0127,0,0
NPA-2016-0005.02,0,0
C14H-2015-0004,0,0
C14-2014-0084,0,0
C14-02-0077,0,0
C14-96-0077,0,0
C14-2010-0117,0,0
C14-07-0023,0,0
C14-03-0096,0,0
C14H-01-0015,0,0
C17-04-0007,0,0
C14-2019-0020,0,0
C14-2007-0259.001,0,0
NPA-2010-0021.01,0,0
C14H-00-2177,1,1
C14H-2009-0011,0,0
C17-2007-0261,0,0
C14-2024-0151,1,1
C14-2022-0167,0,0
C14-2026-0011,1,1
NPA-2012-0013.01,0,0
C14-2019-0169,0,0
C14-98-0086,0,0
C14-2010-0065,0,0
C14-2023-0152,1,0
C17-2007-0061,0,0
C17-01-0002,0,0
C14-2011-0097,0,0
C14-2022-0111,0,0
C14-2021-0123,0,0
C14-01-0102,0,0
C14-2021-0001,0,0
C14-2013-0023,0,0
C14-04-0149.28,0,0
C14-2010-0148,0,0
C14-2024-0159,1,1
C14H-98-0005,0,0
C14-2014-0053,0,0
C14-05-0062,0,0
C14H-2016-0112,0,0
NPA-2019-0012.02,0,0
C14-97-0163,0,0
C14-05-0081,0,0
C14-2021-0193,0,0
C814-03-0079,0,0
C814-2008-0165,0,0
C14-2008-0130.SH,0,0
C14-2024-0071,1,1
C14-2021-0170,0,0
C14-2007-0255,0,0
C14-03-0103,0,0
C14-03-0178,0,0
C14-2015-0132,0,0
C14-2018-0122,0,0
C14-00-2188,1,1
C14-2022-0156,0,0
C14-2020-0084,0,0
C14-2014-0136,0,0
C14-2022-0026,0,0
C814-2009-0099,0,0
C14-00-2076,1,1
C14-2024-0174,1,1
C14-2007-0259,0,0
NPA-2020-0027.01,0,0
C814-06-0109.03,0,0
C14-94-0025,0,0
C14-2022-0147,0,0
C14-2010-0042,0,0
C14-00-2127,1,1
C14H-2010-0025,0,0
C14-2017-0081,0,0
NPA-2013-0019.01,0,0
C14-2010-0094,0,0
C14-05-0111.04,0,0
C14-00-2123,1,1
C14-04-0004.002(RCA),0,0
C17-04-0006,0,0
C14-2022-0143,0,0
C14-01-0027,0,0
C14-00-2200,1,1
C14-2011-0079,0,0
C14-2011-0091,0,0
C14-2014-0116,0,0
C14-94-0140,0,0
C14-2021-0082,0,0
C14-2013-0062,0,0
C14-03-0038,0,0
NPA-2022-0010.01,0,0
C14-2012-0125,0,0
C14-2011-0135,0,0
C14-2018-0094,0,0
C14-2012-0041,0,0
C14H-2010-0033,0,0
C14-2011-0110,0,0
C14-99-2048,1,1
C14-2008-0089,0,0
C14-01-0172,0,0
C14-2013-0021,0,0
C14-2009-0038,0,0
C14-2007-0130,0,0
C14-2018-0115,0,0
C14-2011-0078,0,0
C14-03-0009,0,0
C14-01-0175,0,0
C14-01-0166.004,0,0
C14-99-2134,1,1
,0,0
C14-2010-0157,0,0
C14-96-0007.01,0,0
C14-2011-0151,0,0
C14-2016-0071,0,0
C14-01-0119,0,0
C14-07-0020,0,0
C14-86-103(RCT),0,0
C14H-01-0004,0,0
C14-2021-0005.SH,0,0
C14-07-0010,0,0
C14-02-0072,0,0
C14H-2007-0024,0,0
C14-73-045(RCT),0,0
C14-00-2093,1,1
C14-88-0145,0,0
C14H-2010-0036,0,0
NPA-2020-0016.03,0,0
C14-02-0016,0,0
C17-2009-0147,0,0
C14-2018-0063,0,0
C12M-2010-0006,0,0
C14-2022-0027,0,0
C14-2024-0054,1,1
C14-01-0107,0,0
C14H-04-0014,0,0
C17-2018-0144,0,0
C14-00-2011.7,0,0
C14-2019-0012,0,0
C14-2022-0100,0,0
C14-2026-0002,1,1
C14-2023-0023,1,0
C814-00-2063.12,1,1
C14-2018-0107,0,0
NPA-2020-0016.02,0,0
C14-06-0223,0,0
C14H-05-0009,0,0
C17-01-0010,0,0
C14-05-0128,0,0
C14H-04-0004,0,0
C17-2024-0020,1,1
C14-06-0173,0,0
C14-2019-0018,0,0
C14-2015-0001,0,0
C14-00-2068,1,1
C14-86-015(RCT),0,0
C14-05-0114,0,0
C17-2007-0266,0,0
C14-2013-0158,0,0
C14-87-127,0,0
C14-97-0165,0,0
C14H-2014-0001,0,0
C14H-05-0006,0,0
C14H-05-0021,0,0
C14-2022-0003,0,0
C14-2021-0158,0,0
C14-01-0121,0,0
C14-2016-0017,0,0
C17-06-0009,0,0
C14H-2013-0007,0,0
C14-2007-0271,0,0
C14-2009-0156,0,0
C14-2020-0085,0,0
C14-91-0076,0,0
C14-2025-0041,1,1
C14-02-0055,0,0
C14-2022-0104,0,0
C14-2007-0053,0,0
C14-96-0033,0,0
C14-2021-0018,0,0
C14-04-0149.04,0,0
C14-98-0093,0,0
C14-2008-0103,0,0
C14H-2009-0025,0,0
C14-04-0108,0,0
C14-2013-0138,0,0
C14-2024-0019.SH,1,1
C814-95-0002.09,0,0
NPA-06-0015.01,0,0
C14-04-0009,0,0
C14-2017-0152,0,0
C14-2025-0053,1,1
C14-2024-0066,1,1
C14H-2020-0136,0,0
C14-2007-0179,0,0
C14H-05-0020,0,0
C14-2014-0045,0,0
C14-2009-0151(RCA3),0,0
C14H-2009-0021,0,0
C814-91-0001.06,0,0
C14-2007-0171,0,0
NPA-2008-0019.01,0,0
C14H-2009-0051,0,0
NPA-2016-0022.01,0,0
C14-06-0071,0,0
C17-2012-0134,0,0
C14-04-0126,0,0
C14H-2008-0036,0,0
C14-2007-0202,0,0
C14-2018-0031,0,0
C14-2024-0160,1,1
C14-04-0137,0,0
C14-2021-0148,0,0
C14-2008-0163,0,0
C14-2020-0022,0,0
C14-03-0113,0,0
C14-2007-0107,0,0
C14-97-0102,0,0
C14-96-0007,0,0
C14-97-0083,0,0
C14-88-0137(RCT),0,0
C14-2008-0157,0,0
C14-2023-0060,1,0
NPA-2015-0029.01,0,0
C14-2012-0059,0,0
NPA-2020-0015.01,0,0
C14-04-0045,0,0
C14-2023-0126,1,0
C14-02-0057,0,0
C14-02-0089,0,0
C14-2021-0138,0,0
C14-96-0154,0,0
C14-2022-0097,0,0
C14-2020-0130,0,0
C14-2011-0109,0,0
C14-02-0105,0,0
C14-97-0108,0,0
C14-99-0118,0,0
C14-2019-0057,0,0
C14-99-2080,1,1
C14-03-0181,0,0
C14-2025-0115,1,1
C14-2008-0052,0,0
C14-2012-0158,0,0
C14H-2013-0001,0,0
C14-01-0054,0,0
C14-2022-0025,0,0
C17-06-0015,0,0
C14-97-0074,0,0
C14-00-2018,0,0
C14-02-0139,0,0
C14-2012-0037,0,0
C14-2024-0175,1,1
C14-04-0129,0,0
C14-2019-0131,0,0
C14R-85-166(RCT),0,0
C14H-2016-0099,0,0
C14-2012-0150,0,0
C14-02-0018,0,0
C14-2007-0242,0,0
C14-00-2139,1,1
C14-2023-0089,1,0
C14-03-0051,0,0
C14-98-0212,0,0
C14-05-0092,0,0
C14-2023-0043,1,0
C14-02-0136,0,0
C14-98-0041,0,0
C14-2022-0020,0,0
NPA-2013-0008.01,0,0
C14-06-0183,0,0
C14-85-288.54(RCA),0,0
C14-2011-0062,0,0
NPA-2024-0016.02,1,1
C14-90-0019,0,0
C14-76-083(RCT),0,0
C14-04-0154,0,0
C14-2023-0034,1,0
C14H-2008-0161,0,0
C14-2024-0021,1,1
NPA-2014-0027.02,0,0
C17-2010-0022,0,0
,0,0
C14-88-0010,0,0
C14-2014-0072,0,0
NPA-2012-0018.06,0,0
C14-2014-0074,0,0
C14-2017-0044,0,0
NPA-2015-0011.01,0,0
C14-00-2020,0,0
C14-01-0120,0,0
C14-95-0169,0,0
NPA-2022-0017.01,0,0
C14-2011-0023,0,0
C14-04-0200,0,0
NPA-05-0006.01,0,0
C14-2016-0043,0,0
NPA-2009-0014.01,0,0
C14-90-0001,0,0
C14-06-0197,0,0
C14-2013-0069,0,0
C14-98-0238,0,0
C14-03-0132,0,0
C14-00-2217,1,1
C14-2020-0041,0,0
C14H-03-0010,0,0
C14-2018-0004,0,0
C14-06-0177,0,0
C14-2017-0086,0,0
C14-2011-0066,0,0
NPA-2022-0015.03,0,0
C14-2024-0155,1,1
C17-2012-0050,0,0
C17-05-0011,0,0
C14-04-0146,0,0
C14-95-0055,0,0
C14-2022-0004,0,0
C14-2009-0027,0,0
C14-02-0116,0,0
C14-2013-0031,0,0
C14-2020-0005,0,0
NPA-2023-0018.02,1,0
NPA-2012-0019.04,0,0
C17-06-0018,0,0
C14-2010-0024,0,0
C17-2018-0114,0,0
C14-2019-0134,0,0
C14-2013-0118,0,0
NPA-2025-0025.02,1,1
C14-90-0072,0,0
C14-2024-0031,1,1
C14-2018-0127,0,0
C14-2016-0062,0,0
NPA-2011-0018.01,0,0
C14H-07-0001,0,0
NPA-2025-0024.01,1,1
C814-04-0055.04.SH,0,0
C14-2011-0010,0,0
C14-87-116,0,0
C14-2011-0108,0,0
C14-2022-0050,0,0
C14-2016-0072,0,0
NPA-04-0009.01,0,0
C14H-2015-0082,0,0
C14-02-0024,0,0
C14H-2024-0102,1,1
C17-2020-0148,0,0
C14-00-2066,1,1
C14H-99-0001,0,0
C14-2015-0141,0,0
C14-06-0152,0,0
C12M-00-0005.09,0,0
C17-2015-0009,0,0
C14-05-0007,0,0
C14H-03-0024,0,0
C14-2012-0110,0,0
C14-03-0107,0,0
C14-2012-0067,0,0
C17-01-0004,0,0
C14-00-2099,1,1
C14-90-0009,0,0
C14-04-0149.27,0,0
C14-2025-0044,1,1
C14-04-0071,0,0
C14-05-0111.03,0,0
C14-2018-0118,0,0
C814-06-0233,0,0
C14-04-0149.33,0,0
C14-02-0074,0,0
,0,0
C14-2016-0060,0,0
C14-2013-0084,0,0
C14-75-042(RCT2),0,0
C14-00-2244,1,1
NPA-2023-0016.01.SH,1,0
C14-88-0046,0,0
C14-04-0028,0,0
C14H-2009-0067,0,0
C14H-2017-0120,0,0
C14-04-0133,0,0
C14-2023-0010,1,0
C14-2018-0141,0,0
C14-04-0161,0,0
C14-90-0079,0,0
C14-06-0188,0,0
NPA-2019-0018.01.SH,0,0
C14H-2009-0044,0,0
C14H-2013-0005,0,0
C14H-2008-0013,0,0
C14-99-0140,0,0
C14H-2010-0008,0,0
,0,0
C17-2008-0246,0,0
C14-99-0073,0,0
C17-2012-0056,0,0
C14-99-2033,1,1
C14-2021-0124,0,0
C14H-2015-0002,0,0
C14-93-0086,0,0
C14-2016-0092,0,0
C14-2019-0167,0,0
NPA-2012-0011.01,0,0
C14H-03-0005,0,0
C14-2020-0099,0,0
,0,0
C14-2017-0083,0,0
C17-2023-0082,1,0
C14-91-0092,0,0
C14-2014-0048,0,0
C14-2021-0050,0,0
C14-2022-0033,0,0
C14-2021-0047,0,0
C14-95-0183(RCA),0,0
C14-2021-0103,0,0
C14-96-0037,0,0
C14-2024-0015,1,1
C14-06-0190,0,0
C10-V-82-033(RCT),0,0
C14-2021-0061,0,0
C14-03-0118.SH,0,0
C17-2018-0153,0,0
C14-98-0092,0,0
C14H-2007-0040,0,0
C14-2013-0098,0,0
C14-88-0017,0,0
C14H-2018-0013,0,0
C14-71-278(RCA),0,0
C17-2016-0007,0,0
C14-04-0053,0,0
C14-05-0112.04,0,0
C14-90-0065,0,0
C14-2022-0118(RCT),0,0
C14-94-0161,0,0
C14-01-0072,0,0
C814-2009-0094.03,0,0
C14-92-0145,0,0
C14-2015-0085,0,0
C14H-2010-0021,0,0
C814-2009-0139.02,0,0
C14-06-0015,0,0
C14-2022-0036,0,0
C14-80-220,0,0
C14-2022-0034,0,0
C14-04-0149.20,0,0
C14H-06-0045,0,0
C14-01-0092,0,0
C14-2013-0011,0,0
C17-2024-0078,1,1
C14-2007-0210,0,0
C14-85-149.70(RCA),0,0
C14-2020-0029,0,0
C14-2013-0009,0,0
C14-2012-0151,0,0
C17-2018-0086,0,0
C14-05-0089,0,0
C14H-2009-0045,0,0
C14-2025-0108,1,1
C14-2010-0081,0,0
C14-92-0029,0,0
C14-05-0121,0,0
C14-2010-0018,0,0
C17-2018-0059,0,0
C814-2012-0055(RCT),0,0
C14-04-0136,0,0
C14-2020-0147,0,0
C14-2008-0152,0,0
C14-2007-0162,0,0
C814-91-0001.04,0,0
C14-06-0211,0,0
C14-99-0132(RCT),0,0
C14-2019-0160,0,0
C14-90-0030,0,0
C14-00-2241,1,1
C14-2017-0134,0,0
C14H-04-0009,0,0
C14H-02-0013,0,0
C14-92-0046,0,0
C14-00-2266,1,1
C14-2017-0156,0,0
C14-2022-0009,0,0
C14-2016-0014,0,0
C814-96-0003.12,0,0
NPA-2013-0010.01,0,0
C14-2007-0195,0,0
C14-2025-0038,1,1
C14-2023-0028,1,0
C14-82-020(RCT),0,0
C14-2019-0058,0,0
C14-2008-0095,0,0
C14-2024-0140,1,1
C14-2014-0108,0,0
C17-06-0016,0,0
C14H-03-0018,0,0
C14-81-037(RCT),0,0
C14-2022-0039,0,0
C14H-06-0016,0,0
C14H-2008-0035,0,0
C14-95-0177,0,0
C17-03-0004,0,0
C14-2022-0146,0,0
C14-86-141(RCT),0,0
C14-2008-0225,0,0
C14-02-0181,0,0
C14-2025-0081,1,1
C14H-2008-0019,0,0
C14-2018-0148,0,0
C14-06-0011,0,0
C14-06-0018,0,0
C14H-01-0007,0,0
C14-2007-0142,0,0
C14-2012-0016,0,0
C814-2020-0132,0,0
C14-06-0160,0,0
C14-2024-0045,1,1
NPA-2014-0022.02,0,0
C14-2009-0058,0,0
C14-03-0036,0,0
C14-2021-0150,0,0
C14-01-0084,0,0
C14-88-0115,0,0
C14-2018-0097,0,0
C14-2017-0032,0,0
C14H-01-0147,0,0
C14-04-0034,0,0
NPA-04-0016.01,0,0
C14-2020-0036,0,0
C14-02-0160,0,0
NPA-2016-0002.01,0,0
C14-91-0063,0,0
NPA-2014-0005.02,0,0
C14-03-0018,0,0
C14-94-0136,0,0
C14-2008-0093,0,0
C14-2021-0055,0,0
C14-04-0128,0,0
C14-2010-0053,0,0
C14-2019-0038,0,0
C14-2016-0136,0,0
C14-2011-0122,0,0
C14-97-0034,0,0
C14-2019-0145,0,0
C14-96-0013,0,0
C14-2016-0124,0,0
C12M-2011-0007,0,0
C14-2007-0194,0,0
C14-2013-0150,0,0
C14-2007-0233,0,0
C14-05-0112.05,0,0
C14-2009-0151(RCA),0,0
C14-2014-0192,0,0
C14-01-0093,0,0
C14-2021-0037,0,0
C14H-2010-0038,0,0
C14H-2007-0015,0,0
C14-2022-0051,0,0
C14-93-0016,0,0
C14-2020-0063,0,0
C14-2019-0088,0,0
C14-00-2233,1,1
C14-2007-0017,0,0
C14-99-0032,0,0
C14-02-0145,0,0
C14-2010-0130,0,0
C14-2022-0135,0,0
C14-2015-0108,0,0
C14-92-0123,0,0
C14H-2010-0006,0,0
C14-91-0026,0,0
C14H-2015-0006,0,0
C14-04-0176,0,0
NPA-06-0003.01,0,0
C14-05-0196A,0,0
C14-02-0050,0,0
,0,0
C17-2007-0257,0,0
C14-94-0135,0,0
C14-2019-0042.SH,0,0
C14-2020-0131,0,0
C14-2022-0204,0,0
C14-93-0013,0,0
C14-79-285(RCT),0,0
C14-03-0097,0,0
C14-90-0077,0,0
C14-95-0038,0,0
C14-99-0004,0,0
C14-2024-0024,1,1
C14-2015-0129,0,0
C14-06-0135,0,0
NPA-2019-0005.03,0,0
C14-02-0138,0,0
C14-2015-0034,0,0
C14-2008-0113,0,0
C14H-2009-0041,0,0
C14-05-0017,0,0
C14-2013-0097,0,0
C14-2025-0042,1,1
C14-96-0011,0,0
C14-2021-0096,0,0
C17-2021-0169,0,0
C14-2023-0005,1,0
C14-91-0017,0,0
C14-2014-0185,0,0
C14-2014-0046,0,0
C14-2013-0104,0,0
C14-2019-0056,0,0
NPA-2008-0023.01,0,0
C14-2016-0057,0,0
C14-2016-0116,0,0
C14-00-2072,1,1
C14-2023-0063,1,0
C14-06-0187,0,0
,0,0
C14-05-0082,0,0
C14-03-0022,0,0
NPA-2020-0017.02,0,0
C17-2008-0189,0,0
C14-98-0059,0,0
C17-03-0005,0,0
C14-01-0090,0,0
C14-2022-0081,0,0
C14-97-0039,0,0
C14-2018-0126,0,0
C14-2019-0085,0,0
C14-2021-0007,0,0
C14-2023-0016,1,0
C14-2025-0015,1,1
C14-2025-0107,1,1
C14-05-0113.01,0,0
C814-2008-0136,0,0
C14R-87-087(RCT),0,0
C14-85-339(RCA),0,0
C14-2018-0023,0,0
C814-95-0001.02,0,0
C14-2010-0087,0,0
C14-91-0005,0,0
C14-01-0129,0,0
C14-2010-0023,0,0
C14-2007-0216,0,0
C14-85-244(RCA),0,0
C14-2021-0091,0,0
C14-2008-0035,0,0
C14-2012-0099,0,0
C14-00-2251,1,1
C14-01-0063,0,0
C14-03-0188,0,0
C14-2023-0053,1,0
C14H-03-0019,0,0
C14-2009-0042,0,0
C14-2015-0050,0,0
C14-95-0141,0,0
C14-02-0059,0,0
C14-95-0087,0,0
C14-2015-0043,0,0
C14-04-0092,0,0
C14-2008-0005,0,0
C14-2010-0106,0,0
C14-83-307(RCT),0,0
,0,0
NPA-2023-0002.01,1,0
C14-99-0067,0,0
NPA-06-0008.01,0,0
C14-2012-0040,0,0
C14-2024-0134,1,1
C14-2010-0175,0,0
C14-2015-0139,0,0
C14-2016-0090,0,0
C14H-04-0021,0,0
C14H-03-0013,0,0
C14-04-0184,0,0
C14-2019-0043,0,0
C14-90-0052,0,0
C14-90-0024,0,0
C14-98-0038,0,0
NPA-07-0019.01,0,0
NPA-2008-0009.01,0,0
C14-04-0060,0,0
C14-2014-0182,0,0
C14-02-0107,0,0
NPA-2012-0025.03,0,0
C14-00-2115,1,1
C14-2008-0025,0,0
C17-2015-0001,0,0
C14-2012-0137,0,0
NPA-2017-0002.01,0,0
C14-76-083(RCA2),0,0
C14-93-0134(RCT),0,0
C14-2017-0133,0,0
C14H-2008-0001,0,0
C14-2011-0107,0,0
C14-2023-0065,1,0
C14-2010-0197,0,0
C14-94-0088,0,0
C14-2017-0136,0,0
C14-2013-0111,0,0
C14-05-0103,0,0
C14-2013-0107,0,0
C14H-80-023(90)TA,0,0
C17-2014-0018,0,0
C14-2015-0056,0,0
C14-01-0099,0,0
C14-2007-0165,0,0
C14-05-0141,0,0
C14-2014-0117,0,0
C14H-2016-0122,0,0
C14-2013-0124,0,0
C14-2008-0249,0,0
C17-2022-0165,0,0
C14-2013-0149,0,0
C14H-2007-0013,0,0
NPA-2012-0018.08,0,0
C14-2024-0183,1,1
C14-2022-0011,0,0
C14-99-2049,1,1
C14-00-2205,1,1
C14-98-0240,0,0
C14-94-0083,0,0
NPA-2013-0005.01,0,0
C14-97-0020,0,0
C14-79-074(RCT),0,0
C14-2016-0051,0,0
C14-00-2016,0,0
C14H-2015-0164,0,0
C17-2016-0108,0,0
NPA-2023-0010.02,1,0
C14-03-0170,0,0
C14-2017-0015,0,0
C14-01-0166.003,0,0
C14H-2011-0002,0,0
NPA-2011-0025.03,0,0
C14-2022-0155,0,0
C14-2018-0138,0,0
C14-02-0102,0,0
C14-2022-0002,0,0
C14-03-0110,0,0
C14-86-098(RCT),0,0
C14-2013-0133,0,0
C14-04-0149.35,0,0
C14-02-0061,0,0
C14-2008-0046,0,0
C14H-2009-0016,0,0
C14H-2020-0069,0,0
C14-2022-0049,0,0
NPA-2008-0001.02,0,0
C14-2017-0122,0,0
NPA-2013-0005.02,0,0
C14-2021-0184,0,0
C14-00-2250,1,1
C14-05-0035,0,0
C14-2008-0131,0,0
C14-2024-0141,1,1
C814-98-0004.01,0,0
C14-2009-0067,0,0
C17-2022-0065,0,0
C14-04-0197,0,0
C14-70-077(RCA),0,0
C14H-2014-0014,0,0
C14-01-0170,0,0
C14-2013-0025,0,0
NPA-2012-0025.01,0,0
C14-2008-0020,0,0
C14-98-0102,0,0
C17-2022-0152,0,0
NPA-2008-0012.02,0,0
C14-05-0113.04,0,0
NPA-2021-0009.01,0,0
NPA-2011-0021.02,0,0
C14-2010-0123,0,0
C14-2021-0143,0,0
C14-99-0085,0,0
C14-2018-0017,0,0
C14-85-149.70.02(RCA),0,0
C14-2007-0103,0,0
NPA-2018-0005.01,0,0
NPA-2019-0012.01.SH,0,0
NPA-05-0004.01,0,0
C17-2014-0017,0,0
C14-04-0149.09,0,0
C14-98-0076,0,0
C814-2008-0087.02,0,0
NPA-2015-0009.02,0,0
C14-04-0102,0,0
C14-00-2149,1,1
C14-2011-0041,0,0
C14-2017-0036,0,0
C14-2010-0099,0,0
C14-2008-0227,0,0
C14-2015-0049,0,0
C14-2014-0105,0,0
NPA-2022-0029.03,0,0
C14-96-0094,0,0
C14-2011-0039,0,0
C14-04-0149.29,0,0
C14-01-0142,0,0
C14-2018-0085,0,0
C14-99-2078,1,1
C14-2019-0064,0,0
NPA-2010-0025.01,0,0
NPA-2007-0009.04,0,0
C14-2022-0205,0,0
C14-2008-0074,0,0
C14-2014-0026,0,0
C14-2021-0094,0,0
C14-2010-0192,0,0
C14-2023-0098,1,0
C14H-03-0009,0,0
C814-95-0002.04,0,0
C14-2010-0046,0,0
C14-05-0050,0,0
C14H-2018-0084,0,0
C814-2018-0122,0,0
NPA-2010-0016.01,0,0
C14-2014-0019,0,0
C14-2017-0084,0,0
C14-2023-0040,1,0
C14H-2012-0012,0,0
NPA-2023-0025.02,1,0
,0,0
C14-03-0183,0,0
C814-86-023.02,0,0
C14-2023-0071.SH,1,0
C14-06-0022,0,0
C14-2018-0072,0,0
C14-96-0113,0,0
C14-2014-0020,0,0
C14-06-0217,0,0
C14-2017-0088,0,0
C14-2010-0077,0,0
,0,0
C14-2025-0088,1,1
C14-2024-0148,1,1
C14-90-0046,0,0
C14-2021-0131,0,0
C14-2011-0016,0,0
C14-2019-0168,0,0
C17-2015-0124,0,0
C14-03-0108,0,0
C14-85-027(RCA),0,0
C14-2016-0031,0,0
C14-2014-0167,0,0
NPA-06-0006.01,0,0
C14-2015-0165,0,0
C14-00-2039,1,1
C14H-2020-0033,0,0
NPA-2008-0015.03,0,0
C17-2012-0011,0,0
C17-2008-0065,0,0
C14-2014-0188,0,0
C14-2017-0139,0,0
C14-2015-0144,0,0
C14-99-2032,1,1
C14-2020-0109,0,0
C14-92-0011,0,0
C814-2017-0024,0,0
C14-04-0127,0,0
C14-2019-0072,0,0
C14-06-0209,0,0
C14-06-0020,0,0
C14-2013-0060,0,0
C14-2015-0142,0,0
C14H-2016-0006,0,0
C14-2007-0112,0,0
C14-2011-0022,0,0
C17-2016-0118,0,0
C14H-02-0021,0,0
C14-2014-0015,0,0
C14-2021-0039,0,0
C14-2012-0060,0,0
C14-2020-0115,0,0
C14-2018-0065,0,0
C14-2015-0127,0,0
C14H-2009-0064,0,0
C14-2010-0021,0,0
C14-88-0056,0,0
C14-06-0178,0,0
C14-98-0146(RCT),0,0
C14-2014-0156,0,0
C14-2010-0069,0,0
NPA-2019-0022.01,0,0
C14-97-0120,0,0
C14-2017-0028,0,0
C14-2023-0042,1,0
NPA-2008-0016.02,0,0
C14-2007-0074,0,0
C14-04-0064,0,0
C14-92-0041,0,0
C14-2010-0039,0,0
C14-03-0088,0,0
C14-04-0203,0,0
C14-2021-0117,0,0
C14-2008-0231,0,0
C14-2010-0176,0,0
C14-01-0130,0,0
C14-03-0172,0,0
C14-2015-0008,0,0
C14-04-0012(PART),0,0
C14-2020-0079,0,0
C14-07-0004,0,0
C14-06-0114,0,0
NPA-2012-0018.05,0,0
C14-95-0197,0,0
C14-89-0074,0,0
C14-89-0027,0,0
C14-05-0067,0,0
NPA-2024-0025.02,1,1
C14-2014-0158,0,0
NPA-2016-0016.04,0,0
C14-07-0026,0,0
C14-99-0116,0,0
C14-2014-0093,0,0
C14-2025-0064,1,1
C14-2025-0072,1,1
C14-2012-0127,0,0
C14-2020-0001,0,0
C14-06-0161,0,0
C14-2011-0160,0,0
NPA-2021-0025.02,0,0
C14-05-0184,0,0
C814-2007-0163,0,0
C17-2011-0090,0,0
C14-93-0110,0,0
C14-2020-0116,0,0
,0,0
C14-86-069(RCT),0,0
C14-04-0149.42,0,0
C14-88-0011,0,0
C14T-00-2163,1,1
C14-2020-0025,0,0
C14-2024-0022,1,1
C14H-2023-0079,1,0
C14-99-2061(RCT),1,1
C14-2015-0070,0,0
C14-2024-0040,1,1
C14-06-0059,0,0
C14-2024-0060,1,1
C14-2007-0044,0,0
C14-2015-0105,0,0
C14-2023-0048,1,0
C14-2013-0041,0,0
C14-95-0160,0,0
C14-2016-0052,0,0
C14-2011-0121,0,0
C14H-2017-0112,0,0
C14-2011-0068,0,0
C14-2022-0017,0,0
C14-2023-0055,1,0
C14-2024-0073,1,1
C14-93-0150,0,0
C14H-2024-0115,1,1
C14-2008-0251,0,0
C14R-85-023.01,0,0
C14-01-0111,0,0
C14-05-0112.03,0,0
NPA-2020-0031.01,0,0
C14-2007-0223,0,0
,0,0
C14-2011-0043,0,0
NPA-2008-0001.01,0,0
C14-01-0009,0,0
C14-2019-0071,0,0
C14-2024-0077,1,1
C14-2012-0067(RCT),0,0
C14-06-0194,0,0
C14-2007-0137,0,0
NPA-2017-0016.03,0,0
C814-2007-0009.02,0,0
C14-2018-0037,0,0
C14H-03-0016,0,0
C14-00-2257,1,1
C17-01-0003,0,0
C17-2011-0150,0,0
NPA-2022-0016.01,0,0
C14-2025-0121,1,1
C14-2014-0111,0,0
C14-04-0072,0,0
C14-05-0058,0,0
C14-2011-0061,0,0
C14-06-0117,0,0
C814-01-0038.03,0,0
C14-03-0099,0,0
C14-2008-0107,0,0
,0,0
C14-2025-0006,1,1
C14-2008-0070,0,0
C14-2020-0062,0,0
C14-90-0032,0,0
C14-2013-0036,0,0
C14-2020-0065,0,0
C14-2023-0140,1,0
C14-2022-0054,0,0
C14-97-0060,0,0
C14-2013-0053,0,0
C14-2011-0089,0,0
C14-00-2126,1,1
C14-03-0174,0,0
C14-2021-0145,0,0
C14-01-0069,0,0
NPA-2009-0020.01,0,0
C17-2007-0199,0,0
C14-94-0072,0,0
C14-94-0084,0,0
C14-06-0169,0,0
C14-2024-0112,1,1
NPA-2010-0002.01,0,0
C14-2013-0128,0,0
C14-90-0034,0,0
NPA-2016-0025.01,0,0
C14-93-0121,0,0
C14H-2011-0005,0,0
C14-2013-0015,0,0
NPA-2017-0009.01,0,0
C14-05-0159,0,0
C14-02-0051,0,0
C14-07-0018,0,0
C14-2012-0118,0,0
C14-2020-0027.SH,0,0
C14-2017-0149,0,0
C14-2014-0102,0,0
C14-2008-0182,0,0
C14-87-080,0,0
C14-01-0031,0,0
C14H-2024-0011,1,1
NPA-2022-0021.01,0,0
C14-70-001.93.1,0,0
C14-2015-0106,0,0
C814-86-023.03,0,0
C14-2023-0130,1,0
C14-04-0149.17,0,0
C14-2020-0008,0,0
C14-83-163(RCA),0,0
C14-2024-0061,1,1
NPA-2019-0020.04,0,0
C14-00-2156,1,1
C14-2021-0045,0,0
C14-2011-0111,0,0
C14-2010-0145,0,0
C14-2012-0054,0,0
C14-2015-0025,0,0
C14-2021-0127,0,0
NPA-2021-0011.02,0,0
C14H-2007-0018,0,0
C14-2021-0084,0,0
C14H-04-0002,0,0
C14-96-0146,0,0
C14-2012-0006,0,0
C14-2009-0164,0,0
C14-2014-0161,0,0
C14-2009-0106.001,0,0
C14-2022-0063,0,0
C14-2013-0135,0,0
C14-2022-0118,0,0
C14-00-2071,1,1
NPA-2023-0023.01,1,0
C14-2009-0003,0,0
C14-94-0002,0,0
C14-94-0101,0,0
C14-99-2050,1,1
C14-2024-0143,1,1
C14-03-0025,0,0
C814-00-2063.10,1,1
C14-91-0065,0,0
C14-04-0152,0,0
NPA-2023-0029.02,1,0
C14-2010-0034,0,0
C14-2013-0045,0,0
C14-2011-0031,0,0
C14H-2012-0011,0,0
C14-05-0043,0,0
C14-2018-0149,0,0
C14-89-0075,0,0
C14H-2010-0016,0,0
C14-2024-0177,1,1
C17-03-0009,0,0
C14-2021-0020.SH,0,0
NPA-2016-0025.02,0,0
C814-2008-0136.02,0,0
C14-91-0089,0,0
C14-2023-0146,1,0
C14-2021-0071,0,0
C14-2010-0015,0,0
C14-00-2230,1,1
C14-05-0054,0,0
C14-2008-0250,0,0
C14-97-0030,0,0
NPA-2022-0026.01,0,0
C14-2012-0008,0,0
C14-2021-0011,0,0
C14-2021-0111,0,0
C14-2024-0104,1,1
C814-2012-0055.02,0,0
C14-03-0076,0,0
C14-2012-0130,0,0
C14-95-0151,0,0
C14H-02-0157,0,0
C14-05-0168,0,0
C14-2024-0167,1,1
C14-98-0209,0,0
C14H-2015-0007,0,0
C14-00-2011.3,0,0
C14-2011-0032,0,0
C14-07-0028,0,0
C14H-2008-0010,0,0
C14-02-0073,0,0
C14H-94-0020,0,0
C14-01-0074,0,0
C14-94-0096,0,0
C14H-06-0042,0,0
C14-2011-0113,0,0
C14-2018-0029,0,0
C14-85-288.45(RCA2),0,0
,0,0
C14-91-0083,0,0
C14-2009-0034,0,0
C14-95-0131,0,0
C14-2009-0063,0,0
C14-00-2171,1,1
C14H-2010-0019,0,0
NPA-2025-0020.02,1,1
C17-2026-0003,1,1
C14-04-0196.02,0,0
C14-2020-0012,0,0
NPA-2023-0013.01,1,0
C14-97-0132,0,0
C14-2020-0032,0,0
C14-2011-0167,0,0
C14-2007-0089,0,0
C14H-2009-0034,0,0
C14-82-121,0,0
C14-2011-0134,0,0
C14-95-0103,0,0
C14-05-0201,0,0
C14-03-0053(RCA),0,0
,0,0
C14-2023-0002,1,0
C14-98-0215,0,0
NPA-2022-0015.06,0,0
NPA-2007-0012.01,0,0
C17-2011-0059,0,0
NPA-2012-0005.02,0,0
C14-2022-0090,0,0
C14-2021-0107,0,0
C14-2007-0034,0,0
C14-2023-0100,1,0
C14H-2009-0050,0,0
C14-2021-0140,0,0
C14-2024-0038,1,1
C14-06-0076,0,0
C14H-2019-0111,0,0
C14-98-0228,0,0
C14-2008-0221,0,0
C14-2008-0015,0,0
C14-94-0119,0,0
C14-00-2011.6,0,0
C14-2024-0150,1,1
C14-06-0146,0,0
NPA-2022-0005.02,0,0
C814-2009-0139.01,0,0
C14-2023-0117,1,0
C14-00-2003,0,0
C14-99-0014,0,0
C14-2023-0125,1,0
C14-2007-0247,0,0
C14-2024-0170,1,1
C14-2025-0060,1,1
C14-91-0029,0,0
C14H-2010-0007,0,0
C17-2015-0150,0,0
C14-04-0149.02,0,0
C14-2017-0077,0,0
C14-2008-0117,0,0
C14H-2012-0001,0,0
C14-2014-0134,0,0
C14-2025-0083,1,1
NPA-2023-0028.01,1,0
C14-2021-0044,0,0
C14-06-0215A,0,0
C14-2023-0052,1,0
C14-2007-0241,0,0
C14-04-0006,0,0
C14-84-092(RCA),0,0
C14-2023-0124,1,0
C14-2012-0162,0,0
NPA-2011-0016.02,0,0
C14-03-0164,0,0
C14-02-0064,0,0
NPA-2026-0022.01.SH,1,1
C14-2011-0009,0,0
C814-00-2063.09,1,1
C14H-2018-0014,0,0
C14-2022-0101,0,0
C14-2021-0095,0,0
C14-2017-0090.SH,0,0
C14-2025-0040,1,1
C14-00-2124,1,1
C14-2007-0145,0,0
C14-92-0073,0,0
C17-06-0004,0,0
NPA-2021-0017.02,0,0
C14-2007-0141,0,0
C14-2020-0048,0,0
NPA-2024-0018.01,1,1
C14-85-244(RCA2),0,0
C14-2009-0140,0,0
NPA-2024-0018.04,1,1
C17-2015-0011,0,0
C14-00-2030,1,1
C17-2008-0202,0,0
C14-00-2255,1,1
C14-2023-0107,1,0
C14-2012-0082,0,0
C14H-90-0001,0,0
C14-2020-0059,0,0
C14-88-0082,0,0
NPA-2024-0020.01,1,1
C814-2008-0113,0,0
C14H-2023-0074,1,0
C814-2023-0027,1,0
C14-2019-0106,0,0
C14-2011-0166,0,0
C14-00-2044,1,1
C14-02-0123,0,0
NPA-2021-0023.01.SH,0,0
C14-75-085(RCT),0,0
C14-95-0152,0,0
C14-2023-0008,1,0
C14-2019-0030,0,0
NPA-2014-0022.01,0,0
C14-98-0137,0,0
C14-2024-0017,1,1
C14-06-0098,0,0
C14-2019-0114,0,0
C17-00-2001,0,0
C14-02-0093,0,0
C14-2009-0093,0,0
NPA-2007-0012.03,0,0
C17-2014-0006,0,0
C814S-86-030,0,0
C14-2022-0094,0,0
C14-2018-0139,0,0
C14-2016-0127,0,0
C14-2007-0164,0,0
NPA-2023-0020.02,1,0
C14-2025-0011,1,1
C14-96-0114,0,0
C14-95-0192,0,0
C14-07-0011,0,0
C14-05-0194,0,0
C14-06-0057,0,0
C14-85-288.102(RCT),0,0
C14-84-361(RCT),0,0
NPA-2016-0020.01,0,0
C14-02-0047,0,0
C14-05-0040,0,0
C14-2013-0113,0,0
C14-05-0127,0,0
C14-87-164,0,0
NPA-2019-0026.01,0,0
C14-2009-0077,0,0
C14-01-0088,0,0
C14-06-0203,0,0
C14-87-130,0,0
C14H-2021-0165,0,0
C14H-06-0008,0,0
C14-2014-0143,0,0
C14-03-0131,0,0
C14-2020-0152,0,0
C14-2023-0022,1,0
NPA-2010-0012.02,0,0
C14-2016-0027,0,0
C14-90-0082,0,0
NPA-2022-0019.01.SH,0,0
C14-2007-0006.01,0,0
C14-2011-0154,0,0
NPA-2012-0028.01,0,0
C14-02-0081,0,0
C14-2010-0194,0,0
C14-2023-0076,1,0
C14-2022-0142,0,0
C14-96-0162,0,0
C14H-03-0012,0,0
C14H-2020-0133,0,0
C14-2022-0053,0,0
NPA-2019-0013.01,0,0
C14H-83-026(90)TA,0,0
C14-02-0067,0,0
C14-04-0008,0,0
C14H-05-0030,0,0
C14-2025-0084,1,1
C14-2008-0006,0,0
NPA-2023-0010.01,1,0
C14-2022-0010,0,0
C14-2021-0191,0,0
C14-2018-0088,0,0
C14-98-0202,0,0
C14-85-288.8(RCA4),0,0
C814-2012-0152.05,0,0
C14-92-0008,0,0
C14-96-0148,0,0
C14H-2009-0024,0,0
C14-2023-0134,1,0
C14-2008-0143,0,0
C14-2015-0136,0,0
C14-2014-0063,0,0
C14-2016-0102,0,0
C14-2012-0135,0,0
C14-00-2185,1,1
C14-92-0075,0,0
C14-85-288.073,0,0
C14H-2009-0047,0,0
C14-2013-0119,0,0
C17-2007-0068,0,0
C14-2011-0063,0,0
C17-2024-0156,1,1
C14-2012-0065,0,0
C14H-2009-0049,0,0
C14-2007-0268,0,0
C14-01-0109,0,0
NPA-2023-0015.02,1,0
C14-96-0083,0,0
C814-89-0006.03,0,0
NPA-2009-0018.02,0,0
C14-06-0215C,0,0
C14-99-0031,0,0
C14-2014-0150,0,0
C14-2007-0094,0,0
C14-96-0081,0,0
C14-06-0164,0,0
C14-2019-0035,0,0
C14-98-0158,0,0
C14H-03-0007,0,0
C14-05-0165,0,0
C14-2007-0066,0,0
NPA-2008-0015.04.SH,0,0
C14-03-0062,0,0
C14-2019-0099,0,0
C814-2012-0128.02.SH,0,0
C14-93-0083,0,0
C14-2008-0242,0,0
C14-2022-0021,0,0
C14-2012-0113,0,0
C14-02-0144,0,0
C14-95-0178,0,0
C14-96-0093,0,0
C14H-06-0023,0,0
NPA-2022-0021.02,0,0
C14-2008-0243.SH,0,0
NPA-06-0010.01,0,0
C14-2014-0175,0,0
C14-95-0186,0,0
C14-02-0052,0,0
C14-02-0049,0,0
C14-92-0018,0,0
C14H-2008-0018,0,0
C14-2018-0116,0,0
C14-91-0094,0,0
C14-2007-0087,0,0
C14-2025-0027,1,1
C14-2021-0030,0,0
C14H-2015-0152,0,0
C14-95-0080,0,0
C14-2019-0108,0,0
C14-2011-0136,0,0
C14-06-0096,0,0
C14-90-0042,0,0
NPA-2010-0014.02,0,0
C14-99-0082,0,0
C14-94-0031,0,0
C14-85-288.8(RCA5),0,0
C14-01-0117SH,0,0
C14-98-0072,0,0
C14-06-0172,0,0
C14-2016-0022,0,0
C14-2025-0036,1,1
C14-85-288.36(RCA),0,0
C14-2015-0011,0,0
C14-2011-0163,0,0
C14-2022-0047,0,0
C14-03-0180,0,0
C14-2022-0076,0,0
C14-2022-0096,0,0
C814-2008-0146,0,0
C14-98-0196,0,0
C14-2021-0183,0,0
C14-94-0123,0,0
C14-04-0120,0,0
C814-2017-0001,0,0
NPA-2021-0015.03,0,0
C14-2024-0138,1,1
C14H-00-2182,1,1
C14-2023-0015,1,0
C14-97-0094,0,0
C14-00-2073,1,1
C14-2009-0001,0,0
C14H-02-0012,0,0
C14-2010-0115,0,0
C14-2020-0043,0,0
C14-2008-0115,0,0
NPA-2025-0027.01,1,1
C14-2015-0158,0,0
C17-2020-0098,0,0
C814-04-0187.03.SH,0,0
C14-2013-0065,0,0
C14-82-185(RCT),0,0
C14-2008-0215.SH,0,0
C14-2014-0199,0,0
C14-2024-0108,1,1
NPA-03-0009.01,0,0
C814-90-0003.15,0,0
C14-2023-0151,1,0
C14-2010-0136,0,0
C14-2014-0005,0,0
C14-85-288.8(RCA),0,0
C14-07-0015,0,0
C17-2020-0103,0,0
C14-05-0037.SH,0,0
C14-2024-0119,1,1
C14-2021-0089,0,0
,0,0
C14-01-0131,0,0
C14-98-0167,0,0
NPA-2015-0016.01,0,0
C14-2014-0060,0,0
C14-02-0082.SH,0,0
C14-2013-0024,0,0
C14H-06-0038,0,0
C14H-91-0003,0,0
C14-2015-0162,0,0
C14-2016-0121,0,0
C14-2018-0050.SH,0,0
C14H-2009-0006,0,0
C14-2025-0008,1,1
C14-04-0057,0,0
C14-2025-0092,1,1
C14-2024-0121,1,1
C14H-2012-0013,0,0
C14-99-0029,0,0
NPA-2015-0019.01,0,0
C14-2015-0073,0,0
C14-03-0002,0,0
C14-2017-0098,0,0
NPA-2018-0016.01,0,0
C14-92-0014,0,0
C14-06-0191,0,0
C14-92-0039,0,0
NPA-2022-0020.01,0,0
C14-2015-0123,0,0
NPA-2010-0007.01,0,0
C14-2008-0233,0,0
C14-2020-0007,0,0
C14-2018-0052,0,0
C14-2023-0108,1,0
C14-04-0194,0,0
C14-2011-0158,0,0
C14H-2008-0028,0,0
C14-2025-0113,1,1
C14-05-0112.02,0,0
C14-2007-0144,0,0
C14-2025-0002,1,1
C14-2016-0080,0,0
C14R-86-193(RCT),0,0
C17-2016-0010,0,0
C14-2024-0062,1,1
C14H-2014-0011,0,0
C14-2021-0042,0,0
C814-2018-0121,0,0
C14-01-0106,0,0
C14-04-0052,0,0
NPA-2013-0022.01,0,0
C14-00-2004,0,0
C14-2019-0164,0,0
C14-2014-0112,0,0
C14H-2007-0027,0,0
C14-2018-0089,0,0
NPA-2020-0005.01,0,0
C14-01-0179,0,0
C14-04-0015,0,0
C14-2024-0169,1,1
C14-2020-0127,0,0
C14-2007-0132,0,0
NPA-2023-0030.01.SH,1,0
C14-2022-0164,0,0
C14-98-0045,0,0
C14-2013-0012,0,0
C14-2017-0067,0,0
C14-2023-0156,1,0
C14-99-2010,0,0
C14H-06-0005,0,0
C14-2010-0113,0,0
NPA-2023-0020.01,1,0
C14-97-0008,0,0
C14-2022-0169,0,0
NPA-2016-0015.01,0,0
,0,0
C14-2022-0091,0,0
C14-85-288.23(RCA),0,0
C14-01-0061,0,0
C14-2013-0039,0,0
C14-2013-0126,0,0
C14-06-0138,0,0
C14-05-0199,0,0
C14-02-0003,0,0
C14-00-2248,1,1
C14-88-0055,0,0
C14-92-0006,0,0
C14-98-0203,0,0
C14-2025-0054,1,1
C14-2008-0018,0,0
C814-96-0003.20,0,0
C14-2024-0074,1,1
C17-2021-0052,0,0
C14-2025-0109,1,1
C14-98-0033,0,0
NPA-2024-0005.01,1,1
C14-05-0026,0,0
C14H-04-0013,0,0
C14-01-0034,0,0
C14-2007-0069,0,0
C814-95-0002.10,0,0
C17-2015-0126,0,0
C14-02-0076,0,0
C14-92-0090,0,0
C14-2022-0153,0,0
C17-05-0010,0,0
C14-98-0037,0,0
C14-04-0123,0,0
C14-2018-0117,0,0
C14-02-0100,0,0
C14H-2022-0139,0,0
C14-04-0149.23,0,0
C14-2024-0180,1,1
C14-02-0190,0,0
C14-2012-0072,0,0
C14-2014-0115,0,0
C14-06-0122,0,0
NPA-2016-0013.01,0,0
C14-98-0084,0,0
,0,0
C14-87-075,0,0
C14-01-0052,0,0
C14-2024-0083,1,1
C14-2017-0048,0,0
C14-2019-0133,0,0
C14-2016-0085,0,0
C14-85-244.8(RCA),0,0
C14-2022-0131,0,0
C14-2011-0143,0,0
C14-01-0139,0,0
C14-2016-0035,0,0
C14-2014-0153,0,0
C14-01-0183,0,0
C14-00-2140,1,1
C14-05-0216,0,0
C14-2024-0033,1,1
C14-2014-0097,0,0
C14-06-0069(RCT),0,0
C14-90-0008,0,0
C14-95-0154,0,0
C14-2007-0192,0,0
C14-06-0180,0,0
C814-2025-0111,1,1
C14-2023-0113,1,0
C14-94-0110,0,0
C14-94-0089,0,0
C14-00-2237,1,1
C14H-2009-0019,0,0
C14-99-0137,0,0
C14-2016-0114,0,0
C14H-99-0005,0,0
C14-2015-0005,0,0
C14-2012-0061,0,0
C14-2013-0030,0,0
C14-87-155,0,0
C14-04-0111,0,0
C17-2018-0067,0,0
C14-2018-0100.SH,0,0
C14-04-0104,0,0
C14-02-0135,0,0
C14-2007-0062,0,0
C14H-2019-0161,0,0
C814-99-0001.07,0,0
C14-2018-0009,0,0
C14-2008-0092,0,0
C14-91-0006,0,0
C14-00-2224,1,1
C814-2014-0110.SH,0,0
C14-2018-0042,0,0
C814-2021-0099,0,0
C14-2019-0135,0,0
C14-2019-0078,0,0
C14-04-0207,0,0
NPA-2013-0011.02,0,0
NPA-2021-0016.05.SH,0,0
C14-06-0086,0,0
C14-2014-0119,0,0
C14-2011-0148,0,0
NPA-2007-0015.03,0,0
C14-2014-0164,0,0
NPA-2022-0008.01,0,0
C14H-94-0014,0,0
NPA-2015-0026.01,0,0
C14-2012-0077,0,0
C14-90-0076,0,0
C14-2012-0143,0,0
C14-2017-0106,0,0
C14-86-300,0,0
C14-98-0036,0,0
C14-2021-0078,0,0
C14-00-2172,1,1
C14H-2007-0019,0,0
C14-2008-0154,0,0
C17-2014-0011,0,0
C14-01-0184,0,0
C17-2022-0134,0,0
C14-2020-0002,0,0
C14-2013-0058,0,0
C14-2012-0111,0,0
C14-04-0186,0,0
C14H-03-0021,0,0
,0,0
NPA-2019-0007.01,0,0
NPA-2020-0017.01,0,0
C14-06-0030,0,0
C14-2022-0110,0,0
C17-2012-0159,0,0
C814-97-0001.07,0,0
C14-2015-0100,0,0
NPA-2023-0014.04,1,0
C14-03-0134,0,0
C14-2014-0038,0,0
C14-00-2014,0,0
C14-2010-0014,0,0
C814-01-0038.02,0,0
C14-2022-0048,0,0
C14-03-0128,0,0
C14-2009-0166,0,0
C14H-05-0014,0,0
C14H-06-0036,0,0
C14H-2022-0078,0,0
C14-2012-0062,0,0
C14-95-0170(RCA),0,0
C14-2022-0140,0,0
NPA-2012-0018.09,0,0
C17-05-0006,0,0
C14H-2009-0035,0,0
C14-2015-0078,0,0
C14-95-0142,0,0
C14H-2015-0013,0,0
C14-2011-0006,0,0
C14-2011-0058,0,0
C14H-2010-0032,0,0
C14-2022-0106,0,0
C17-02-0006,0,0
C14-2013-0087,0,0
,0,0
C14-05-0096,0,0
C14-85-242,0,0
C14-00-2022,0,0
C14-2011-0051,0,0
C14-96-0121,0,0
C14-2017-0040,0,0
C14-05-0091,0,0
C14-05-0076,0,0
NPA-2007-0005.01,0,0
C14-2007-0178,0,0
C17-2022-0023,0,0
C14-95-0179,0,0
C17-2011-0137,0,0
C14-2024-0081,1,1
C14-01-0148.002,0,0
C14-2012-0031,0,0
C14-2009-0129,0,0
C14-05-0066,0,0
C14-03-0060,0,0
C14-2013-0136,0,0
C14-2023-0129,1,0
C814-01-0096,0,0
C14-2010-0096,0,0
C14-01-0016,0,0
C14-2019-0004,0,0
C14-2022-0116,0,0
C14-00-2262,1,1
C14-2009-0033,0,0
C14-2015-0006,0,0
C14-93-0091,0,0
NPA-2025-0030.01,1,1
C14-2007-0119,0,0
C14-2016-0086,0,0
C14-2025-0026,1,1
C14-03-0112,0,0
C14-2009-0159,0,0
C14H-2024-0098,1,1
C14-2009-0165,0,0
C14-03-0158,0,0
C14-2012-0001,0,0
C17-2019-0149,0,0
C14-2014-0099,0,0
C14-2007-0215,0,0
C14-2017-0054,0,0
C14H-2010-0017,0,0
C17-2021-0051,0,0
C14-95-0052,0,0
C14H-04-0022,0,0
C14-04-0044,0,0
C14-2010-0159,0,0
C14-2008-0084,0,0
C14-2012-0095,0,0
C14-2022-0168,0,0
C14H-2007-0023,0,0
C14-2018-0002,0,0
C14-95-0153,0,0
C14-04-0093,0,0
C14T-02-0001,0,0
C14-2012-0052,0,0
C14-73-240(RCA),0,0
C14-96-0130,0,0
C814-2014-0120,0,0
C17-2023-0069,1,0
C14-2024-0043,1,1
C14-99-0104,0,0
C14-2008-0039,0,0
C14-2007-0254,0,0
C14-05-0073,0,0
C14-2007-0133,0,0
C14-2007-0063,0,0
C14-06-0193,0,0
C14-2015-0130,0,0
C14H-04-0018,0,0
C14-93-0044,0,0
C14-00-2210,1,1
C14-00-2084,1,1
C14-2015-0041,0,0
C14H-02-0020,0,0
C14-2022-0133,0,0
C14-2018-0033,0,0
C12M-2010-0007,0,0
C14H-2012-0078,0,0
C14-01-0134,0,0
,0,0
C14-2012-0083,0,0
C14-06-0147,0,0
C14H-04-0030,0,0
C14-2007-0201,0,0
C14-2010-0174,0,0
C14-2024-0111,1,1
C14-98-0077,0,0
C14-2008-0072,0,0
C14H-06-0006,0,0
C14-2007-0113,0,0
C14-00-2218,1,1
NPA-2011-0001.01,0,0
C14-96-0071,0,0
C14H-2010-0035,0,0
C14-2009-0059,0,0
C14-2010-0087(RCA),0,0
C17-2011-0053,0,0
,0,0
C14-92-0025,0,0
C14-2023-0066,1,0
C14-2017-0116,0,0
C14-98-0145,0,0
C14-2023-0011,1,0
C14-95-0133,0,0
C12M-2017-0001,0,0
C14-04-0160,0,0
C14H-02-0001,0,0
C14-98-0233,0,0
C14-01-0079,0,0
C14-2016-0074,0,0
C17-2012-0010,0,0
C14H-2009-0023,0,0
C14-2023-0003,1,0
C814-96-0003.19,0,0
C14-2024-0084,1,1
C14-03-0146,0,0
C17-2016-0009,0,0
C14H-2024-0162,1,1
C14-2023-0035,1,0
C14-2007-0099,0,0
C14-88-0037,0,0
C14-02-0147,0,0
C14-85-288.8(RCA2),0,0
C14-2008-0128,0,0
C14-2008-0176,0,0
NPA-2007-0006.01,0,0
C14-2020-0151,0,0
C14-2009-0066,0,0
C14-95-0071,0,0
C14-94-0028,0,0
C14H-2012-0005,0,0
C14-2014-0022,0,0
C14-02-0095,0,0
C14-06-0097,0,0
C14H-2010-0040,0,0
NPA-2019-0021.02,0,0
C14-2016-0008,0,0
C14-2019-0008,0,0
C14-96-0138,0,0
C14-2011-0002,0,0
C17-2019-0086,0,0
C14-05-0071,0,0
C14-2016-0134,0,0
C14-2023-0041,1,0
C14-2022-0158,0,0
C14-94-0099,0,0
C14-2015-0003,0,0
C14-94-0050,0,0
C14-05-0060,0,0
C14-03-0063,0,0
C14H-2015-0147,0,0
C14-93-0053,0,0
C14H-06-0027,0,0
C14-91-0100,0,0
C17-2025-0067,1,1
C14-2022-0149,0,0
C14-2011-0102,0,0
C14-2025-0062,1,1
C14-2015-0055,0,0
C14-H-07-0021,0,0
C14-2017-0146,0,0
C814-2014-0110.01.SH,0,0
C14-96-0025,0,0
C814-98-0002,0,0
C14H-2008-0027,0,0
C14H-2022-0071,0,0
NPA-2024-0016.04,1,1
C14-06-0058,0,0
C14H-2017-0055,0,0
C14-2016-0125,0,0
C14-2014-0163,0,0
C814-82-006.01(83),0,0
C14-05-0030,0,0
C14-2010-0186,0,0
C14-01-0186,0,0
NPA-2021-0015.01,0,0
C14-2019-0001,0,0
C14-97-0016,0,0
C14-2011-0092,0,0
C14-79-171(RCT),0,0
C14-2011-0060,0,0
C14H-2009-0038,0,0
C814-06-0106.03,0,0
C14H-01-0013,0,0
C14-2020-0125,0,0
,0,0
C14-01-0166.005,0,0
C14-2014-0171,0,0
C14-02-0192,0,0
C14-2024-0106,1,1
C17-2019-0150,0,0
C14-2014-0094,0,0
C14-2015-0054,0,0
C14H-2023-0085,1,0
C14-2019-0118,0,0
C14-96-0024,0,0
C14-2018-0003,0,0
C14-2007-0177,0,0
C14-2007-0072,0,0
C14-2014-0095,0,0
C14H-2008-0007,0,0
C14-88-0040,0,0
C14-2017-0089,0,0
C14-2017-0061,0,0
C14-2018-0150,0,0
C17-01-0013,0,0
C14-98-0146,0,0
C14H-2010-0002,0,0
C14-03-0047,0,0
C14-2007-0041,0,0
C14-91-0004,0,0
NPA-2024-0012.01,1,1
C14H-04-0031,0,0
NPA-2013-0026.01,0,0
C14-03-0020,0,0
C14-2019-0155,0,0
NPA-2009-0018.01,0,0
C14-2007-0184,0,0
C14H-2014-0010,0,0
C14-2022-0105,0,0
C14-99-0084,0,0
C14-2025-0034.SH,1,1
C14-2023-0051,1,0
C14-2015-0013,0,0
C14-2021-0104,0,0
C14-2022-0044,0,0
C14-2013-0123,0,0
C14-2016-0126,0,0
NPA-2009-0025.01,0,0
C14-2024-0095,1,1
C14-2016-0068,0,0
C14-2007-0267,0,0
C14-02-0075,0,0
C17-2019-0122,0,0
C14-2015-0016,0,0
C14-99-2017,0,0
C14-2020-0076,0,0
C14-99-2130,1,1
C14-05-0166,0,0
C14-2021-0161,0,0
C14-96-0082,0,0
C14-2020-0052,0,0
C14-03-0093,0,0
C14-05-0113.03,0,0
C14H-04-0007,0,0
C14H-05-0027,0,0
C14-2007-0174,0,0
C14-2018-0066,0,0
C14-2019-0061,0,0
C14-2007-0218,0,0
C14-2011-0131,0,0
C14-84-320,0,0
C14-2008-0216,0,0
C14-2014-0168,0,0
C14-2019-0105,0,0
C14-02-0184,0,0
C14-2024-0048,1,1
C14-06-0225,0,0
NPA-2017-0016.04,0,0
C14-2017-0137,0,0
C14-2010-0111,0,0
C14-2014-0047,0,0
C14-2015-0094,0,0
C14-04-0085,0,0
NPA-2024-0008.02,1,1
C14-01-0148.001,0,0
C14-2012-0064,0,0
C14-2021-0081,0,0
C14H-2009-0015,0,0
C14-2019-0156,0,0
C14-2014-0071,0,0
C14-2023-0114,1,0
C14-2024-0056,1,1
C14-2025-0056,1,1
C14-87-030B(RCT),0,0
C14-2017-0052,0,0
NPA-2012-0021.01,0,0
C14-2013-0089,0,0
C14-89-0028,0,0
C14-2014-0073,0,0
C14-2009-0136,0,0
C17-2019-0119.SH,0,0
NPA-2013-0015.01,0,0
NPA-2020-0014.01,0,0
C14-2012-0145,0,0
NPA-2012-0018.01,0,0
C14-04-0021,0,0
C17-06-0008,0,0
C14-2025-0030,1,1
C14-02-0113,0,0
C14-2013-0063,0,0
C14H-05-0026,0,0
C14-2019-0104,0,0
C14-2022-0066,0,0
C14-04-0172,0,0
C14-2007-0078,0,0
C14-87-094,0,0
C17-06-0026,0,0
C14-2021-0012,0,0
C14-90-0026,0,0
C14-2012-0073,0,0
C14-2013-0080,0,0
C814-00-2063.08,1,1
C14-99-0095,0,0
C14-2009-0069,0,0
C14-91-0042,0,0
C814-2018-0122.02,0,0
C14-2011-0050,0,0
C17-2013-0002,0,0
C14-02-0007,0,0
C14-2011-0149.SH,0,0
C14-02-0053,0,0
C17-2009-0075,0,0
C14-99-0096,0,0
NPA-2020-0003.01,0,0
C14-2008-0102,0,0
C14-2021-0125,0,0
C14H-2024-0154,1,1
C14-06-0007,0,0
C14-2010-0205,0,0
C14-2010-0131,0,0
NPA-2022-0016.03,0,0
C14H-2009-0008,0,0
C14-2014-0032,0,0
C14-02-0026,0,0
C14-03-0105.SH,0,0
C14H-2009-0054,0,0
C14H-2012-0004,0,0
C14-97-0023,0,0
C14-2021-0073,0,0
C14-2024-0110,1,1
C14-02-0117,0,0
,0,0
C14-2025-0032,1,1
C14-2013-0130,0,0
C14-2019-0041,0,0
C14-2015-0117,0,0
C14-00-2112,1,1
C14-00-2170,1,1
C14-00-2111,1,1
C14-02-0035,0,0
C14-2007-0120,0,0
NPA-2017-0013.01,0,0
C14-87-107,0,0
C14-93-0104,0,0
C14-01-0100,0,0
C14-05-0126,0,0
C14-03-0152,0,0
C14H-2014-0009,0,0
C14-2012-0013,0,0
C14H-2017-0129,0,0
C14-2022-0013,0,0
NPA-2022-0010.02,0,0
C17-01-0007,0,0
C14-06-0071(RCT),0,0
C14H-06-0044,0,0
C14-00-2197,1,1
C17-2020-0021,0,0
C14-2012-0142,0,0
C14-2010-0146,0,0
NPA-2010-0021.02,0,0
C14H-04-0025,0,0
C14-96-0050,0,0
C14-2008-0187,0,0
C14-99-2111,1,1
C14-01-0091,0,0
C14-2010-0144,0,0
C14-2017-0016.SH,0,0
C14-2021-0048,0,0
C14-05-0171,0,0
C14-2018-0027,0,0
C14-2018-0123,0,0
C14-2025-0046,1,1
C14-00-2097,1,1
C14-04-0122,0,0
C14-00-2001,0,0
C14-2012-0063,0,0
C14-00-2232,1,1
C14-2020-0143,0,0
C14-00-2223,1,1
C14-2025-0071,1,1
,0,0
C14-2016-0001,0,0
C14-2010-0047,0,0
C14-2016-0107,0,0
C14-2015-0010,0,0
C14H-2009-0007,0,0
C14-2012-0148,0,0
C14-2009-0098,0,0
C14-02-0034.SH,0,0
C14H-2015-0012,0,0
C14-2015-0131,0,0
C14-05-0111.02,0,0
C14-2022-0015,0,0
C14-92-0002,0,0
C14-04-0149.40,0,0
C14-2017-0113.SH,0,0
SP-97-0477D(RCA),0,0
C14-2020-0128,0,0
C14-06-0132,0,0
C14-2011-0130.SH,0,0
C14-2011-0093,0,0
C14-2019-0031,0,0
C17-06-0022,0,0
C14-88-0065,0,0
C12M-2014-0001,0,0
NPA-2019-0005.01,0,0
NPA-2025-0012.01,1,1
C14-06-0025,0,0
C14-97-0086,0,0
NPA-2024-0016.03,1,1
NPA-2010-0005.02,0,0
C14-2025-0102,1,1
C14-2025-0097,1,1
C14-2024-0072,1,1
NPA-2016-0016.03,0,0
C14-01-0040,0,0
C14H-04-0008,0,0
C14-2011-0071,0,0
C14-06-0100,0,0
C14-98-0005,0,0
C14H-2008-0038,0,0
NPA-2014-0005.01,0,0
C14-2020-0108,0,0
C14-98-0071,0,0
C14-2021-0146,0,0
C14-05-0112(RCA),0,0
C14-2018-0119,0,0
C14H-2024-0123,1,1
C14-04-0202,0,0
NPA-2018-0025.01,0,0
C14-2011-0112,0,0
C17-2013-0072,0,0
C14-05-0217,0,0
C14-97-0010(RCT),0,0
C14-2008-0126.SH,0,0
C17-2011-0139,0,0
C14-01-0118,0,0
C14-98-0138,0,0
C14-02-0032,0,0
C17-2014-0003,0,0
C814-88-0001.10,0,0
C14-95-0190,0,0
C14-2014-0135,0,0
C14-96-0066,0,0
C14-2013-0046.SH,0,0
C14-2011-0162,0,0
C14-03-0125,0,0
C14-06-0179,0,0
C14-93-0014,0,0
NPA-2016-0021.01,0,0
C14-95-0084,0,0
C14-04-0083,0,0
C14-04-0199,0,0
NPA-2011-0008.01,0,0
C814-95-0002.11,0,0
C14-2024-0120,1,1
C814-2009-0094,0,0
C14-2021-0036,0,0
C14-2015-0091,0,0
C14-2010-0036,0,0
C14-95-0019,0,0
C17-2015-0004,0,0
C14H-2015-0053,0,0
C14-06-0065,0,0
C14-90-0029,0,0
C14-96-0120,0,0
C14-2019-0059,0,0
NPA-2010-0014.01,0,0
C14-2018-0055,0,0
C14H-2009-0009,0,0
C14-04-0149.31,0,0
C17-00-2005,0,0
C14-05-0059,0,0
C14-05-0107.01,0,0
C14-99-0135,0,0
C14-2018-0024,0,0
C14-2019-0022,0,0
NPA-2014-0025.01,0,0
C814-2025-0001,1,1
C14-98-0015,0,0
C14-2022-0052,0,0
C14-2013-0112,0,0
C14-2012-0120,0,0
C14-2007-0013,0,0
C17-2007-0094,0,0
C14-85-288.79(RCA),0,0
C14-2014-0029,0,0
NPA-2011-0009.01,0,0
C14-2019-0015,0,0
C17-2014-0014,0,0
C17-2015-0003,0,0
C8S-87-098(RCT),0,0
C14-2007-0118,0,0
C14-00-2238,1,1
C14-03-0136,0,0
NPA-2007-0012.02,0,0
C14-05-0009,0,0
C14-2016-0109,0,0
C14-2014-0059,0,0
C14H-2010-0026,0,0
C14-2013-0146,0,0
C14-97-0139,0,0
C14-2019-0098,0,0
C17-2011-0035,0,0
NPA-2021-0010.01,0,0
,0,0
C14-2007-0251,0,0
C14-2025-0094,1,1
C14-2024-0053,1,1
C14H-2021-0006,0,0
C14-2019-0074,0,0
C14-2023-0110,1,0
C14-2012-0157,0,0
C14-2008-0047,0,0
C14-2022-0093,0,0
C14-06-0220,0,0
C14-89-0047,0,0
C14-04-0062,0,0
C14-2023-0131,1,0
NPA-2007-0003.01,0,0
NPA-2025-0017.02,1,1
C814-87-007.01,0,0
C14-03-0052,0,0
C14-04-0195,0,0
C14-2019-0121,0,0
C14R-81-033(RCA),0,0
C14-06-0087,0,0
C14-84-457(RCA),0,0
C14-2025-0070,1,1
C14-2016-0050,0,0
NPA-2024-0024.02,1,1
C14-02-0173,0,0
C14-04-0112,0,0
C14-2024-0137,1,1
C14-2024-0149,1,1
C14-00-2208,1,1
C14-03-0116.02,0,0
C14-95-0064,0,0
NPA-2024-0016.05,1,1
C14-01-0138,0,0
C14-2021-0023.SH,0,0
C14-06-0056,0,0
C14-2007-0235,0,0
C14H-06-0035,0,0
C14-2023-0128,1,0
C14H-2009-0029,0,0
C14-96-0008,0,0
C12M-04-0002,0,0
C14-90-0025,0,0
C14-06-0082,0,0
C14-2025-0099,1,1
C12M-2011-0008,0,0
C14-2012-0138,0,0
C14H-06-0019,0,0
C14-2008-0030,0,0
C814-2012-0128.01.SH,0,0
C14-88-0001,0,0
C14-01-0086,0,0
C14-2015-0079,0,0
C14-95-0072,0,0
C14-2016-0082,0,0
,0,0
C14-2016-0117,0,0
C14-99-2091,1,1
C14-2007-0128,0,0
C14-2025-0120,1,1
C14-90-0023,0,0
C14-2008-0108,0,0
NPA-2010-0020.01,0,0
C14-99-0038,0,0
C14-2009-0125,0,0
NPA-2011-0002.01,0,0
C14-2014-0179,0,0
C14-05-0158,0,0
C14-2023-0144,1,0
C14-01-0053,0,0
C14-2007-0015,0,0
C14-93-0056,0,0
C14-04-0149.39,0,0
C14-2020-0142,0,0
C14-2010-0167,0,0
C14-06-0176,0,0
C14-2017-0114,0,0
C14-2019-0002,0,0
C14-2014-0144,0,0
C14-2016-0069,0,0
C14-87-180,0,0
C14-2017-0043,0,0
C14-2022-0114,0,0
C14-2019-0153,0,0
C14-01-0082,0,0
C14H-05-0029,0,0
C14-00-2045,1,1
NPA-2023-0018.05,1,0
C14-03-0055,0,0
NPA-2023-0030.02.SH,1,0
C17-2019-0154,0,0
C14-2021-0153,0,0
C14-2016-0049,0,0
C14-02-0015,0,0
C14-98-0027,0,0
C14-03-0163,0,0
C17-99-0005,0,0
C14-02-0029,0,0
C14-2015-0059,0,0
C14-2010-0028,0,0
NPA-2021-0015.02,0,0
C14-01-0073,0,0
C14-02-0175,0,0
C14-2023-0061,1,0
C14-05-0100,0,0
C14-95-0180,0,0
NPA-2024-0027.01,1,1
,0,0
C14-2015-0110,0,0
NPA-2018-0021.01,0,0
C17-2021-0004,0,0
C14-00-2086,1,1
C14H-2018-0082,0,0
NPA-2009-0007.02,0,0
NPA-2025-0019.03,1,1
C14-2019-0026,0,0
C14-2019-0007,0,0
C14-2024-0091,1,1
C14H-2017-0011,0,0
C14-2019-0162,0,0
C14-2012-0129,0,0
C814-98-0002,0,0
C14H-2013-0008,0,0
C14-97-0063,0,0
C12M-2022-0001,0,0
,0,0
C14-2015-0060,0,0
C14-06-0062,0,0
C14-2022-0145,0,0
C14-2025-0010,1,1
C14-94-0060,0,0
C14-2024-0080,1,1
,0,0
C14-00-2151,1,1
C14-2014-0035,0,0
C14-2011-0054,0,0
C14-03-0167,0,0
C14-06-0125,0,0
NPA-2022-0015.05,0,0
NPA-06-0009.03,0,0
C14H-02-0006,0,0
C14-2023-0012,1,0
C14-06-0108,0,0
C14-03-0005,0,0
NPA-2024-0012.02,1,1
C14-2008-0123,0,0
C14H-2025-0122,1,1
C814-96-0003.16,0,0
C14-2025-0069,1,1
C14-2014-0148,0,0
C14-98-0066,0,0
C14-00-2136,1,1
NPA-2019-0003.01,0,0
C14-2024-0122,1,1
C14-2022-0001,0,0
C14-2015-0118,0,0
C14-06-0134,0,0
C14-95-0042,0,0
C14-01-0022,0,0
C14-2010-0202,0,0
C14-91-0081,0,0
C14-02-0040.114,0,0
C14-2011-0157,0,0
C14-2019-0045.SH,0,0
C17-03-0003,0,0
C14-02-0132,0,0
C14-05-0156,0,0
C14-2016-0110,0,0
C14-01-0042,0,0
C14-02-0162,0,0
C14H-2009-0042,0,0
C14-97-0015,0,0
C14-2021-0077,0,0
C14-00-2023,1,0
C14-2007-0127,0,0
C14H-2010-0014,0,0
NPA-2009-0021.01,0,0
,0,0
NPA-2007-0012.04,0,0
C14-00-2070,1,1
C814-00-2222,1,1
C14-2018-0090,0,0
C17-2017-0068,0,0
C14-97-0065,0,0
C14-2023-0025,1,0
C14-03-0030,0,0
C814-98-0001.01,0,0
C14-2025-0103,1,1
C14-2024-0039,1,1
C14H-2025-0077,1,1
C14-2019-0166,0,0
C14-2021-0024,0,0
C17-00-2015,0,0
C14H-06-0001,0,0
C14-90-0014,0,0
C14-2010-0156,0,0
C17-04-0004,0,0
C14-2012-0002,0,0
C14-96-0101,0,0
C14-05-0125,0,0
C14-2010-0143,0,0
C14-2020-0117,0,0
C14-05-0191,0,0
C14-2007-0077,0,0
C14-03-0049,0,0
C14-2007-0225,0,0
NPA-2023-0005.01,1,0
C14-98-0025,0,0
C14-95-0140,0,0
C14-2015-0015,0,0
C14-00-2236,1,1
C14R-82-016(RCT),0,0
C14-2016-0045,0,0
C14-01-0152,0,0
C14-00-2131,1,1
C14-2019-0075,0,0
C14-2007-0156,0,0
C14-2012-0070,0,0
C14-96-0150,0,0
C14-95-0134,0,0
C17-2024-0157,1,1
C14-2010-0168,0,0
C14H-06-0015,0,0
C17-04-0005,0,0
C14-2026-0010.SH,1,1
C14-2010-0118,0,0
C14-88-0041,0,0
C14-2017-0060,0,0
C14-2012-0081,0,0
C14-07-0027,0,0
NPA-2012-0019.03,0,0
C14-2007-0228,0,0
C14-2011-0146,0,0
C14-03-0101,0,0
C14-2023-0038.SH,1,0
C17-2014-0013,0,0
C14-2025-0009,1,1
C14-2008-0229,0,0
C14-99-0034,0,0
C14H-2017-0038,0,0
C14-2016-0038,0,0
C14-2009-0097,0,0
C14-04-0151,0,0
C14H-2009-0032,0,0
C14-88-0146,0,0
C14-03-0067,0,0
NPA-2011-0025.02,0,0
C17-2024-0013,1,1
C14-97-0054,0,0
NPA-2013-0025.02,0,0
C14-2019-0040,0,0
C14-96-0105,0,0
C14-2013-0141,0,0
NPA-07-0008.01,0,0
C14-2015-0024,0,0
C14H-04-0003,0,0
C14-2008-0153,0,0
C14-04-0036,0,0
C14H-06-0031,0,0
C14-2008-0127,0,0
C14-07-0014,0,0
C17-2008-0140,0,0
C2A-06-0224,0,0
NPA-2008-0007.01,0,0
NPA-2014-0027.01,0,0
C14-2022-0018.SH,0,0
NPA-2017-0015.02,0,0
C14-2007-0083,0,0
NPA-2015-0014.01,0,0
C14-97-0082,0,0
C14-2017-0087,0,0
C14-2013-0027,0,0
C14-00-2174,1,1
C14-94-0062,0,0
C14-2024-0005,1,1
C14-2014-0107,0,0
C14-89-0059,0,0
NPA-2008-0014.03,0,0
C14-2024-0168,1,1
C17-2013-0131,0,0
C14-01-0137,0,0
C14-2018-0036,0,0
C14-2008-0114,0,0
C14H-02-0004,0,0
C14-2021-0194,0,0
C14-92-0092,0,0
C14-2013-0144,0,0
C14-00-2261,1,1
C14-91-0023,0,0
NPA-2019-0005.02,0,0
C14-2021-0188,0,0
C14-2022-0109,0,0
C14-04-0095,0,0
C14-99-0075,0,0
C14-01-0004,0,0
C17-2017-0069,0,0
C14-07-0007,0,0
C14-2021-0121,0,0
C14-03-0155,0,0
C14-2007-0048,0,0
C14-2025-0005,1,1
C14-2019-0079,0,0
C14-2008-0141,0,0
C14-98-0048,0,0
C14-2016-0065,0,0
C14-72-204(RCA3),0,0
C14H-2021-0013,0,0
C14-00-2053,1,1
C17-2021-0135,0,0
C14R-85-178(RCA),0,0
C14-02-0141,0,0
C14-02-0186,0,0
C14-95-0041,0,0
C14-2017-0132,0,0
C14-2018-0046,0,0
C14-05-0143,0,0
C814-86-009.14,0,0
C14-2019-0033,0,0
C14-91-0047,0,0
NPA-2008-0018.01,0,0
C14-2020-0106,0,0
C14-2015-0026,0,0
C14-99-0003,0,0
C14-2008-0177,0,0
C14H-04-0010,0,0
C14-2008-0044(Part),0,0
C14H-2009-0055,0,0
C14-98-0161,0,0
C14-2008-0063,0,0
C14-2018-0040,0,0
C14-04-0149.11,0,0
NPA-2023-0019.01,1,0
NPA-2017-0016.01.SH,0,0
C14-2022-0022,0,0
C14-2010-0026,0,0
C14-2019-0102,0,0
C14-2015-0154,0,0
C17-01-0012,0,0
C14-2014-0190,0,0
C14-2011-0169,0,0
C14-2021-0028,0,0
C14-2009-0044,0,0
C14-02-0042,0,0
C14-97-0073,0,0
C14-2024-0139,1,1
C14-2022-0157,0,0
C14-94-0097,0,0
C14-2023-0018.SH,1,0
C14-93-0108,0,0
C14-2007-0080,0,0
C14-04-0038,0,0
C14-2022-0083,0,0
C14-03-0012,0,0
C17-2018-0008,0,0
C14-2013-0096,0,0
C14-98-0144,0,0
C14H-2019-0065,0,0
C14-2014-0128,0,0
C14-04-0077,0,0
C14-06-0174,0,0
C14-2010-0027,0,0
C14-2023-0050,1,0
C14-2020-0056,0,0
C14-06-0061,0,0
C14-2010-0005,0,0
C14-2024-0118.SH,1,1
NPA-2013-0025.04,0,0
C14-97-0067,0,0
C14-2011-0069,0,0
C14-2007-0016,0,0
C814-06-0175.07,0,0
C14H-2010-0028,0,0
C14-2013-0109,0,0
C14-02-0126,0,0
C2A-78-003,0,0
C14-2021-0106,0,0
C14-2024-0046,1,1
C14H-01-0104,0,0
C14-03-0003,0,0
NPA-2010-0018.01,0,0
C814-95-0001,0,0
C814S-86-030,0,0
NPA-2022-0017.02,0,0
C14-2023-0020,1,0
C14H-2009-0004,0,0
C14-2024-0042,1,1
C14-2014-0123,0,0
C14-2013-0152,0,0
C14-2010-0203,0,0
C14-01-0068,0,0
C14-2011-0030,0,0
C14-97-0011,0,0
C14-04-0118,0,0
C14-2020-0101,0,0
C14-2012-0108,0,0
C14-2018-0018,0,0
C14H-2010-0009,0,0
C14H-2014-0006,0,0
NPA-2022-0029.02,0,0
C14-2022-0115,0,0
C14-2012-0086,0,0
C14-2013-0091,0,0
C814-2012-0152.01,0,0
NPA-2007-0005.02,0,0
C14-2020-0003,0,0
C14-2008-0172,0,0
C14-05-0145,0,0
C14-96-0145,0,0
C14H-2012-0007,0,0
C2A-81-004,0,0
C14-02-0108,0,0
C14-2019-0094,0,0
C14-2016-0058,0,0
,0,0
C14-2018-0110,0,0
C14P-76-007(RCT),0,0
NPA-07-0007.01,0,0
C14-76-083(RCA),0,0
C14-2011-0159,0,0
C14-2020-0096,0,0
NPA-2021-0015.04,0,0
C14-98-0235,0,0
C14-2010-0050,0,0
C14-91-0074,0,0
C14-05-0039,0,0
C17-2020-0119,0,0
C14-2015-0159,0,0
C14-03-0143,0,0
C14-2018-0125,0,0
C14-02-0022,0,0
C14-05-0219,0,0
C14-2017-0009,0,0
C14-03-0159,0,0
C14-2007-0148,0,0
C14-85-288.135(RCA),0,0
C14-2008-0098,0,0
C17-2018-0012,0,0
NPA-2018-0012.02.SH,0,0
C14-2015-0045,0,0
NPA-2024-0015.02,1,1
C14-92-0033,0,0
C14-2022-0084,0,0
C14-2015-0035,0,0
NPA-2023-0030.02,1,0
NPA-05-0016.02,0,0
C14-2021-0032,0,0
C14-04-0070,0,0
C14-05-0106.01,0,0
C14-2022-0172,0,0
NPA-06-0009.05,0,0
C14-2025-0045,1,1
C14-2012-0045,0,0
C14-2007-0084,0,0
C14-01-0007,0,0
C14-2015-0038,0,0
C14-04-0051,0,0
NPA-2019-0014.01,0,0
C14-02-0166,0,0
C14-2008-0112,0,0
C14-2014-0193,0,0
C14-2019-0014,0,0
C14-2008-0118,0,0
C14-2026-0005,1,1
C17-2025-0031,1,1
C14-03-0173,0,0
C12M-2013-0001,0,0
C14-06-0031,0,0
C14-2015-0145,0,0
C17-2020-0141,0,0
C14-2023-0070,1,0
C14-2016-0015,0,0
C14-2012-0051,0,0
C14-97-0031,0,0
NPA-2022-0015.07.SH,0,0
NPA-05-0006.02,0,0
C14-2024-0051,1,1
C814-00-2063.11,1,1
NPA-2012-0025.02,0,0
C14-99-2023,1,0
C14-2019-0017,0,0
C14-04-0149.14,0,0
C14H-2008-0012,0,0
C14-2008-0104,0,0
C14-98-0271,0,0
C14-2015-0046,0,0
C14-2012-0093,0,0
C14-2021-0166,0,0
C14H-04-0005,0,0
C14-04-0183,0,0
C14-04-0148,0,0
C14-2026-0001,1,1
C14-2024-0087,1,1
C17-2013-0005,0,0
C14-2016-0028,0,0
C14-2014-0159,0,0
C14-98-0230,0,0
C14-05-0087,0,0
C14-88-0100,0,0
C14-2022-0058,0,0
C14-2013-0020,0,0
C14-03-0130,0,0
NPA-2015-0005.03,0,0
C14-2017-0033,0,0
C14-95-0130,0,0
C14H-2019-0148,0,0
C14-84-056(RCT),0,0
C14-02-0153,0,0
C14-2024-0063,1,1
C14H-2008-0004,0,0
C14-03-0041,0,0
C14H-2008-0025,0,0
C14-2014-0070,0,0
C17-2016-0008,0,0
C14-2024-0166,1,1
C814-06-0106,0,0
NPA-2019-0014.02,0,0
C14-2018-0079,0,0
C14-92-0072,0,0
C14-2013-0108,0,0
NPA-2011-0009.02,0,0
C14-92-0005,0,0
C14-2023-0044,1,0
C14-00-2214,1,1
C14-2011-0114,0,0
C14H-2009-0046,0,0
C14H-94-0017,0,0
,0,0
C14-2009-0148,0,0
C14-2025-0089,1,1
C14H-00-0014,0,0
C14-2013-0037,0,0
C14-94-0104,0,0
C14-2011-0007,0,0
C14-2018-0096,0,0
C14-2019-0087,0,0
C14H-04-0011,0,0
C14-2008-0010,0,0
C14-2007-0222,0,0
C814-2012-0071,0,0
C14-92-0086,0,0
C14-2010-0038,0,0
C14-04-0089,0,0
C14-2007-0057,0,0
C14-90-0031,0,0
C814-00-2063.04,1,1
C14-00-2036,1,1
C14-2020-0075,0,0
C14-87-111(RCT),0,0
C14-97-0078,0,0
C14H-06-0024,0,0
C14-2023-0112.SH,1,0
C14-87-084,0,0
C14H-2007-0244,0,0
C14H-2008-0002,0,0
C14-2024-0082,1,1
C14-2018-0106,0,0
C17-2011-0106,0,0
C14-05-0083,0,0
C14H-2008-0015,0,0
C14-03-0139,0,0
,0,0
C14-04-0135,0,0
C814-2008-0087.01,0,0
C14-2008-0173,0,0
C14-96-0017,0,0
C14H-2014-0002,0,0
C14-97-0018,0,0
C14-95-0086,0,0
C14H-2010-0020,0,0
C14-88-0095,0,0
C14-2013-0151,0,0
C14-2007-0110,0,0
NPA-2014-0016.03,0,0
C14-2021-0022.SH,0,0
C14-2021-0038,0,0
NPA-2007-0016.01,0,0
C14-2022-0112,0,0
C814-96-0003.10,0,0
C14-2010-0207,0,0
C14-2018-0093,0,0
C14-03-0147,0,0
C14-92-0071,0,0
NPA-2011-0019.02,0,0
C14-2022-0166,0,0
C14-2008-0248,0,0
C14H-2023-0024,1,0
C14-2018-0147,0,0
C14-05-0108,0,0
C14-2020-0019,0,0
C14-02-0178,0,0
NPA-2014-0003.01,0,0
C14-05-0150,0,0
C14-2011-0018,0,0
C14H-06-0021,0,0
C14-2020-0016,0,0
C14-2022-0211,0,0
C14-94-0013,0,0
C14-2010-0190,0,0
C14-2020-0030,0,0
C14-2010-0043,0,0
NPA-2009-0012.01,0,0
C14-2015-0120,0,0
C14-2007-0085,0,0
C14-2020-0045,0,0
C14-2011-0085,0,0
C14-2025-0087,1,1
C14-2013-0013,0,0
C17-2018-0016,0,0
C17-2008-0119,0,0
C14-04-0149.13,0,0
C14-2008-0164,0,0
C14-2008-0068,0,0
C14-2013-0095,0,0
C14-2014-0006,0,0
C814-2014-0110.02.SH,0,0
C14-2008-0017,0,0
NPA-2025-0019.02,1,1
C17-05-0014,0,0
C14-2019-0090,0,0
C14-2020-0061,0,0
C14-2011-0128,0,0
C14-2022-0064,0,0
C14-91-0073,0,0
C14-2024-0004,1,1
C814-89-0006.02,0,0
C14H-2008-0030,0,0
NPA-2009-0016.01,0,0
NPA-2023-0014.01.SH,1,0
C14-2015-0072,0,0
C14-2015-0111,0,0
C14-2016-0033,0,0
C14-2008-0116,0,0
NPA-2022-0014.02,0,0
C14H-2008-0016,0,0
C14-2019-0129,0,0
C14-88-0106,0,0
C17-2012-0039,0,0
C14H-2015-0010,0,0
C14-2021-0151,0,0
C14-2007-0213,0,0
C14-93-0003,0,0
C14-2017-0037,0,0
C14-2018-0044,0,0
C14-2009-0081,0,0
NPA-2021-0002.01,0,0
C14-2021-0182,0,0
C14-2017-0007,0,0
C14H-2014-0008,0,0
C14-2008-0077,0,0
C14-93-0096,0,0
C14-2007-0117,0,0
C814-89-0006.01,0,0
C14-2010-0107,0,0
C14-03-0065,0,0
C14H-2009-0017,0,0
C14H-2023-0143,1,0
C14-2013-0050,0,0
C14-2011-0013,0,0
C14-2014-0077,0,0
C14-2021-0172.SH,0,0
C14-01-0057,0,0
C14-04-0007,0,0
C14H-2010-0015,0,0
NPA-2008-0012.01,0,0
C14-2024-0127,1,1
C14-04-0155,0,0
C14-2014-0008,0,0
C14-2018-0060,0,0
C814-2008-0016,0,0
C14H-02-0002,0,0
C14-2014-0067,0,0
C14-2017-0030,0,0
C14-02-0069,0,0
C14-2008-0197,0,0
C14H-05-0011,0,0
C14-00-2028,1,1
C814-2008-0146.02,0,0
C14-2019-0009,0,0
C14-2021-0076,0,0
C14-02-0120.SH,0,0
C14H-2011-0003,0,0
C14-06-0143,0,0
,0,0
C14-2018-0108,0,0
C14-00-2152,1,1
C14-2023-0021,1,0
C14-02-0098,0,0
NPA-2018-0002.01.SH,0,0
C14-85-288(RCA),0,0
C14-04-0198,0,0
C17-2016-0012,0,0
C14-2009-0039,0,0
C14H-2012-0003,0,0
C14-2025-0075,1,1
C14-2020-0049,0,0
C14-2021-0014,0,0
NPA-2015-0002.01,0,0
C14-2009-0163,0,0
C14-2010-0152,0,0
C14-2008-0240,0,0
C14-2011-0126,0,0
C14-2011-0140,0,0
C814-88-0001.08,0,0
C14-92-0045,0,0
C14-2025-0116.SH,1,1
C14-2019-0050,0,0
C14-03-0039,0,0
C14-2024-0093,1,1
C14-2023-0032,1,0
C14-2016-0032,0,0
C14-2018-0035,0,0
C14-99-2052.04,1,1
C14-2022-0140(RCT),0,0
C14H-2019-0077,0,0
C14-2019-0027,0,0
C14-2014-0100,0,0
C14-2022-0160,0,0
C14-2008-0055,0,0
C14-2017-0014,0,0
C14H-2009-0052,0,0
C14-2022-0031,0,0
NPA-03-0007.01,0,0
C14-2025-0004,1,1
C14H-2009-0005,0,0
C14-2007-0098,0,0
C14-04-0110,0,0
C14H-2010-0039,0,0
C17-2020-0202,0,0
C14-97-0162,0,0
C14-2017-0148,0,0
C14-05-0013,0,0
C14-90-0078,0,0
C14H-2010-0029,0,0
C14-85-288.43(RCA),0,0
C14-89-0050,0,0
C14-2010-0002,0,0
C14-2019-0097,0,0
C14-94-0040,0,0
C14-06-0229,0,0
C14-92-0113,0,0
C14-03-0109,0,0
C14-06-0066,0,0
C14-2018-0034,0,0
NPA-2018-0012.01,0,0
C14-80-016(RCT),0,0
C14-02-0130,0,0
C14-2008-0245,0,0
C14-2013-0054,0,0
C14-2015-0143,0,0
C14-2018-0135,0,0
C14-2011-0037,0,0
C14-2015-0071,0,0
C14-2022-0060,0,0
C14-01-0110,0,0
C14-2007-0111,0,0
C14-05-0047,0,0
C14-2019-0028,0,0
C14-2014-0023,0,0
C14-99-0129(RCT),0,0
C14-72-299(RCT),0,0
C14-2018-0102,0,0
C14-90-0016,0,0
C14-2013-0147,0,0
C14-2025-0058,1,1
C14-2010-0075,0,0
C14-04-0149.12,0,0
C14-2025-0049,1,1
C14-2020-0126,0,0
C14H-2009-0066,0,0
C14H-2022-0073,0,0
C14H-2014-0007,0,0
C14-05-0197.SH,0,0
C14H-00-0001,0,0
NPA-2023-0023.02,1,0
C14-04-0209,0,0
C14-98-0075,0,0
C14-05-0106,0,0
C14-95-0119,0,0
C814-2021-0175,0,0
C14-06-0110,0,0
C14-2018-0083,0,0
C14-2008-0045,0,0
C14-88-0044,0,0
NPA-2015-0017.01,0,0
C14-2013-0082,0,0
C14-97-0125,0,0
C14-01-0032(SH),0,0
C14-2022-0024,0,0
C14-72-204(RCA6),0,0
C14-05-0218,0,0
C14-03-0008,0,0
C14-01-0103,0,0
NPA-2017-0015.01,0,0
C14H-2019-0063,0,0
C14-2025-0073,1,1
C14H-2010-0034,0,0
C14-95-0102,0,0
,0,0
C14-2024-0142,1,1
C14-04-0185,0,0
C14H-97-0007,0,0
C14-2007-0250,0,0
C14-91-0097,0,0
C14-93-0145,0,0
C14-00-2081,1,1
NPA-2017-0016.06,0,0
C14-95-0017,0,0
C14-05-0084,0,0
C14H-06-0029,0,0
C14-2019-0051,0,0
C14-2022-0086,0,0
C14-00-2047,1,1
C14-05-0183,0,0
C14-00-2192,1,1
C14-2018-0019,0,0
C14-2008-0224(RCT),0,0
C14-06-0010,0,0
C14-04-0043,0,0
C14-2022-0121,0,0
C14-2023-0001,1,0
C14-2012-0132,0,0
C14H-02-0009,0,0
C14-03-0116.01,0,0
NPA-2017-0018.01,0,0
C14-2013-0106,0,0
C14-01-0155,0,0
C14-88-0128,0,0
C14-03-0059,0,0
C14-2021-0101,0,0
C14-01-0154,0,0
C14-2024-0014,1,1
C14-72-031,0,0
C14-2013-0003,0,0
C14-2007-0212,0,0
C14-04-0149.32,0,0
C14-2024-0116,1,1
C14-2022-0035,0,0
C14-96-0123,0,0
C14-2010-0141,0,0
C14-2019-0081,0,0
C14-2007-0073,0,0
C814-88-0001.07,0,0
NPA-2018-0016.04,0,0
C14-2023-0014,1,0
C14-06-0235,0,0
C14-2009-0151,0,0
C14-2014-0152,0,0
NPA-2024-0026.02.SH,1,1
C14-06-0236,0,0
NPA-2022-0014.01,0,0
C14H-2015-0003,0,0
NPA-2012-0016.01.SH,0,0
NPA-2017-0005.01,0,0
C14-01-0002,0,0
C14-2023-0097,1,0
C14-2014-0121,0,0
C14-2017-0051,0,0
C814-05-0056,0,0
C14-05-0163,0,0
C14-2011-0120,0,0
,0,0
C14-2013-0064,0,0
C14-85-288.166(RCA2),0,0
C14H-2016-0056,0,0
C14-2020-0055,0,0
C14-2020-0064,0,0
C14-03-0100,0,0
C14-02-0133,0,0
NPA-2010-0022.01,0,0
C14-99-2007,0,0
NPA-2015-0008.01,0,0
C14-04-0149.19,0,0
NPA-2025-0016.02,1,1
C14-2013-0148,0,0
C14-2010-0195,0,0
C14-2017-0034,0,0
C14-95-0182,0,0
C814-2012-0128.SH,0,0
C14-72-204(RCA2),0,0
NPA-2017-0021.01,0,0
C14-06-0182,0,0
C14-02-0150,0,0
C14-97-0102(RCT),0,0
C14-2010-0138,0,0
C14-06-0119,0,0
C14-04-0138,0,0
C14-2025-0037,1,1
C14-93-0132,0,0
C14-2007-0139,0,0
C14-02-0125,0,0
NPA-2020-0030.01,0,0
C14-2020-0095,0,0
C14H-2007-0032,0,0
C14-06-0207,0,0
C14H-97-0006,0,0
C14-2007-0047,0,0
NPA-2018-0021.03,0,0
C14-2016-0018,0,0
C14-2018-0112,0,0
C14H-05-0015,0,0
C17-07-0002,0,0
NPA-2017-0029.01,0,0
C14-01-0157,0,0
C14-2025-0035,1,1
C14-02-0019,0,0
C14-2018-0057,0,0
C14-95-0006,0,0
C14-2020-0004,0,0
C14-2009-0134,0,0
C14-05-0129,0,0
C14-2019-0146,0,0
C14-03-0074,0,0
C14-2011-0065,0,0
C14-2021-0087,0,0
C14-2024-0068,1,1
C14-2014-0012,0,0
C14-05-0112.06,0,0
C17-2014-0020,0,0
NPA-2023-0015.06,1,0
C14-2009-0155,0,0
C14-2009-0108,0,0
C14-04-0149.38,0,0
C14-2014-0124,0,0
C14-05-0178,0,0
C14H-2025-0117,1,1
NPA-2014-0025.02,0,0
NPA-2008-0009.02,0,0
C14-2014-0009,0,0
C17-2021-0086,0,0
C14-2012-0098,0,0
NPA-2021-0020.01,0,0
C14-2010-0166,0,0
C14-2019-0152,0,0
C14H-2009-0028,0,0
C14-01-0166.001,0,0
C814-06-0106.01,0,0
,0,0
C17-2013-0001,0,0
C14-2014-0007,0,0
C17-2014-0169,0,0
C14H-2021-0097,0,0
C14-2023-0084,1,0
C14-2008-0121,0,0
C14-2021-0187,0,0
C14-2012-0096,0,0
C14-2022-0103,0,0
C17-2013-0009,0,0
C14-03-0144,0,0
C14-2011-0125,0,0
C14-2008-0211,0,0
C14-2025-0063,1,1
C14-2025-0057,1,1
C14-2015-0019,0,0
C14H-98-0006,0,0
C14-2015-0161,0,0
C14-2009-0149,0,0
C14-2012-0058,0,0
C14-2021-0049,0,0
C14H-2009-0030,0,0
NPA-2011-0019.01,0,0
C14-93-0063,0,0
C14H-2008-0006,0,0
C14-2008-0218,0,0
C14-2022-0079,0,0
C14-2017-0025,0,0
C14-2013-0086,0,0
C14-92-0097,0,0
C14-2021-0154,0,0
NPA-2015-0003.01,0,0
C14-98-0147,0,0
C14-83-052,0,0
C14-2017-0094,0,0
C14-99-0037,0,0
C14-06-0185,0,0
C14-99-0027,0,0
C14-06-0027,0,0
C14-2018-0131,0,0
C14-99-2124,1,1
C14H-01-0012,0,0
NPA-2007-0021.01,0,0
C14-06-0028,0,0
C14-2021-0025,0,0
C14-99-0119,0,0
C14-2012-0079,0,0
C14-2013-0056,0,0
C14-05-0155,0,0
C14-86-120(RCT),0,0
C14-97-0166,0,0
C14H-2025-0105,1,1
C14-06-0042,0,0
C14-2021-0100,0,0
NPA-2018-0026.01,0,0
C14-2016-0039,0,0
C14H-97-0009,0,0
C14-2021-0173,0,0
NPA-2010-0005.03,0,0
C14-2010-0114,0,0
C14-2014-0081,0,0
C14-2010-0066,0,0
C14-98-0125,0,0
C14-2026-0006,1,1
C14-2017-0073,0,0
C14-06-0196,0,0
C14-06-0230,0,0
C14H-2010-0010,0,0
C14-86-198,0,0
C814-90-0003.22,0,0
C14-2007-0176,0,0
C14-99-0131,0,0
C14-2015-0077,0,0
C14-2021-0122,0,0
C17-2012-0047,0,0
C14-2021-0189,0,0
C14-2007-0136,0,0
C14H-2008-0026,0,0
C14-2025-0018,1,1
C14-92-0028,0,0
C14H-06-0037,0,0
C14H-2015-0001,0,0
NPA-2012-0003.01.SH,0,0
C14-2020-0042,0,0
C14-04-0105,0,0
NPA-2024-0025.01,1,1
C14-2024-0032,1,1
NPA-2021-0026.01,0,0
C14-2011-0088,0,0
C14-98-0241,0,0
C14-2014-0042,0,0
C14H-2010-0018,0,0
C14-00-2082,1,1
C14H-05-0028,0,0
C14-2024-0057,1,1
C14-06-0064,0,0
C14-2013-0093,0,0
C14-2010-0001,0,0
C14H-2012-0009,0,0
NPA-2025-0001.01,1,1
C14H-2009-0058,0,0
C17-04-0003,0,0
C14-2022-0162,0,0
C14-2013-0057,0,0
C14-04-0139,0,0
C14-2020-0154,0,0
C14-2016-0087,0,0
NPA-2023-0018.06,1,0
,0,0
C14-2015-0007,0,0
C14-2014-0064,0,0
C14-97-0160,0,0
C14-96-0073,0,0
NPA-2010-0019.01,0,0
C14-00-2150,1,1
C14-04-0040,0,0
C814-96-0003.09,0,0
C14-2007-0065,0,0
C14-2024-0097,1,1
C14-96-0161,0,0
C17-2016-0128,0,0
C17-2017-0008,0,0
C14H-2007-0035,0,0
C14-2010-0139,0,0
NPA-2018-0001.01,0,0
C14-05-0148,0,0
C14-2021-0155,0,0
C14H-05-0033,0,0
C14-98-0108,0,0
C14-90-0058,0,0
C14H-2017-0006,0,0
C14H-2017-0082,0,0
C17-2017-0154,0,0
C14-2016-0106,0,0
C14-91-0079,0,0
C14-01-0075,0,0
C14-2007-0115,0,0
C14H-02-0025,0,0
C14-2010-0206,0,0
C14-95-0167,0,0
C14-2010-0163,0,0
C14-2021-0195,0,0
C14-03-0017,0,0
C14-02-0143,0,0
C14-2019-0066,0,0
C14-2022-0038,0,0
C14-2010-0019,0,0
C14-2024-0026,1,1
C14-95-0175,0,0
C14-2025-0025,1,1
,0,0
NPA-2022-0029.01,0,0
C14-2022-0043,0,0
C14-2020-0111,0,0
C14-2009-0014,0,0
C14-2024-0161,1,1
C14-98-0134,0,0
C14-2008-0234,0,0
C14-02-0054,0,0
C14-02-0177,0,0
C14-88-0083,0,0
C17-2016-0011,0,0
C14-2019-0093,0,0
C14-05-0068,0,0
C14-2021-0139,0,0
C14-94-0061,0,0
C14-2023-0064,1,0
C14H-01-0017,0,0
C14-93-0019,0,0
C14-2010-0129,0,0
C14-01-0018,0,0
C814S-86-029,0,0
NPA-2024-0024.01,1,1
C14-05-0021,0,0
C17-2012-0124,0,0
C14-2014-0010,0,0
C14-93-0077,0,0
C14-2007-0198,0,0
C14H-05-0023,0,0
C14-2020-0060,0,0
C14-2019-0069,0,0
C14-02-0088,0,0
C14-2011-0087,0,0
C14-91-0062,0,0
C14-2015-0044,0,0
C14-2007-0168,0,0
C14H-00-2213,1,1
C14-02-0119,0,0
C14-04-0149.24,0,0
C14-03-0179,0,0
C14H-06-0004,0,0
C14-88-0142,0,0
C14-03-0104,0,0
C14H-2009-0053,0,0
C14-06-0156.SH,0,0
C14-2008-0147,0,0
C14-2014-0157,0,0
C14-98-0157,0,0
C14-2014-0154,0,0
NPA-2007-0021.02,0,0
C14H-2009-0061,0,0
C14-2019-0163,0,0
C14-87-103,0,0
C14-2011-0015,0,0
C14-2010-0063,0,0
C14-2014-0087,0,0
C14-01-0056,0,0
C14-01-0163,0,0
C14-95-0062,0,0
C14-2019-0091,0,0
C14-2019-0142,0,0
C14-2010-0085,0,0
C14-2017-0075,0,0
NPA-2015-0028.01,0,0
C14-2021-0059,0,0
C14-2018-0073,0,0
C14-87-111,0,0
C14-2017-0013,0,0
C14-2008-0191,0,0
C14-2021-0058,0,0
C14H-2008-0023,0,0
C14-2020-0038,0,0
C12M-2010-0005,0,0
C14-97-0111,0,0
C14-00-2239,1,1
C14-86-105,0,0
C14-2021-0043,0,0
C14-95-0132,0,0
C14-05-0070,0,0
C17-2012-0076,0,0
C14-05-0002,0,0
C14-06-0231,0,0
C14-2017-0056,0,0
C14H-03-0001,0,0
C14-2020-0118,0,0
C14-2020-0010,0,0
C14-2021-0174,0,0
C14-01-0029(RCT),0,0
C14-2015-0102,0,0
C14-05-0137,0,0
C14H-2018-0010,0,0
C14-02-0148,0,0
C14-2008-0066,0,0
C14-2018-0080,0,0
C14-2010-0025,0,0
C14-2011-0036,0,0
C14-2015-0004,0,0
C14-91-0048,0,0
C14-2007-0051,0,0
C14-2024-0023,1,1
C14H-05-0001,0,0
C14-2008-0099,0,0
C14-2021-0056,0,0
NPA-2009-0019.01,0,0
C14-03-0106,0,0
C14-01-0116,0,0
C14-2016-0021,0,0
C14-2019-0049,0,0
C14-2023-0119,1,0
C14-2016-0097,0,0
C14-2020-0086,0,0
C14-02-0056,0,0
C14-88-0018,0,0
C814-2008-0136.01,0,0
C14-83-053,0,0
C14-96-0084,0,0
C14-2010-0126,0,0
C14-2016-0123,0,0
C14-98-0011,0,0
NPA-2025-0031.01,1,1
C14-04-0027,0,0
NPA-2013-0012.01,0,0
NPA-2012-0018.04,0,0
C14-04-0113,0,0
C14H-2022-0098,0,0
C14-04-0145,0,0
C14-2013-0071,0,0
C14-2025-0055,1,1
C814-2020-0104,0,0
C14-05-0151,0,0
C14-01-0150,0,0
NPA-2011-0005.02,0,0
C14-02-0174,0,0
C14-06-0141,0,0
C14-2023-0049,1,0
C14-2012-0149,0,0
C14-2024-0070,1,1
C14-02-0196,0,0
C14-90-0069,0,0
C14-03-0083,0,0
C14H-06-0010,0,0
NPA-2015-0009.01,0,0
C14-2019-0082,0,0
C14-01-0070,0,0
C14-01-0105,0,0
NPA-2024-0008.01,1,1
NPA-2014-0017.01,0,0
C14H-2023-0147,1,0
,0,0
C14-2018-0074,0,0
C14-05-0215,0,0
C17-2011-0067,0,0
C14-2007-0264,0,0
C14-2016-0105,0,0
C14-2024-0012.SH,1,1
C14-2018-0087,0,0
C14-88-0004,0,0
NPA-2025-0026.02,1,1
C14-2007-0207,0,0
C14-2020-0035,0,0
NPA-05-0013.01,0,0
NPA-2012-0026.02,0,0
C14-96-0001,0,0
C14-2023-0029,1,0
C14-2010-0017,0,0
C14-05-0142,0,0
C14-2024-0113,1,1
C17-2009-0143,0,0
C14H-05-0022,0,0
C14-98-0047,0,0
C14-03-0006,0,0
C14-2013-0157,0,0
C14-2018-0134,0,0
C14-2024-0090,1,1
C14-04-0149,0,0
C14-00-2128,1,1
C14-2016-0012,0,0
C14H-2022-0072,0,0
C14-05-0154,0,0
C14-2017-0104,0,0
C14-2008-0230,0,0
C14-80-199,0,0
NPA-2019-0020.03,0,0
C17-2020-0051,0,0
NPA-05-0014.01,0,0
C14-01-0161,0,0
C14-2019-0046.SH,0,0
C14-2007-0104,0,0
NPA-2020-0021.01,0,0
C14-05-0190,0,0
C14-96-0042,0,0
C14-03-0011,0,0
C14-2022-0120,0,0
C14-2007-0149,0,0
C14-2019-0126,0,0
NPA-2014-0029.01,0,0
C14-2010-0045,0,0
C14-95-0116,0,0
C14-02-0187,0,0
C14-91-0038(RCT),0,0
C14-00-2243,1,1
C14-04-0119,0,0
C14-2024-0163,1,1
C14-98-0019,0,0
C14-2017-0012,0,0
C14-2007-0175,0,0
C12M-2014-0003,0,0
C14-2021-0142,0,0
C14-2014-0162,0,0
C14-2023-0153,1,0
C14-2015-0093,0,0
C14-06-0155,0,0
NPA-2015-0013.01,0,0
C14-2010-0122,0,0
C14-2015-0092,0,0
C14-2013-0122,0,0
C14-2020-0097,0,0
C14-2008-0217,0,0
NPA-07-0013.01,0,0
C14-2010-0165,0,0
C14-05-0080,0,0
C14-2015-0058,0,0
C14-00-2153,1,1
C14-01-0062,0,0
C14-2007-0100,0,0
C17-2010-0093,0,0
C14-99-0011,0,0
C14-2023-0101,1,0
C14-92-0135,0,0
C14-2023-0087,1,0
C14-2009-0007,0,0
C14-2023-0009,1,0
C14-2019-0143,0,0
C14-97-0013,0,0
C814-05-0099,0,0
C14-2016-0078,0,0
C14-06-0013,0,0
C14-92-0074,0,0
C14-2015-0151,0,0
C14-2007-0189.SH,0,0
C17-2023-0142,1,0
C14-2018-0001,0,0
C14H-2008-0014,0,0
C14-03-0127,0,0
C14-2024-0126,1,1
C14-2013-0066,0,0
C17-01-11,0,0
C14-2007-0039,0,0
C14-2016-0020,0,0
C14-96-0026,0,0
C14-95-0194,0,0
C14H-2021-0116,0,0
C814-90-0003.20,0,0
C14-2022-0030,0,0
C14-2017-0110,0,0
NPA-2023-0015.05.SH,1,0
C14-2024-0047,1,1
C14-2007-0059,0,0
C17-2014-0016,0,0
C14-2012-0153,0,0
NPA-2010-0019.02,0,0
NPA-2020-0019.01,0,0
C14-2019-0076,0,0
C14-04-0149.03,0,0
C14-87-184,0,0
C14-06-0002,0,0
C14-00-2225,1,1
C814-2008-0146.01,0,0
C14-95-0088,0,0
C14-06-0053,0,0
C17-2009-0145,0,0
C14-98-0272,0,0
C14H-06-0041,0,0
C14-2022-0080,0,0
C17-2012-0043,0,0
C17-2020-0034,0,0
C14-95-0143,0,0
NPA-2015-0005.01,0,0
C14-01-0125.SH,0,0
NPA-2017-0026.01,0,0
C14-2018-0155,0,0
C14-2009-0146,0,0
C14-05-0078,0,0
C14H-2012-0006,0,0
C14-2012-0115,0,0
C14-01-0003,0,0
C14-02-0167,0,0
NPA-2023-0018.04,1,0
C17-02-0002,0,0
C14-00-2011.4,0,0
C14H-2009-0056,0,0
C14-2008-0198,0,0
C14-2015-0114,0,0
C14-2009-0072,0,0
C14-98-0016,0,0
C14-06-0060,0,0
C14H-2014-0004,0,0
C14-2022-0159,0,0
C14-2021-0120,0,0
C14-06-0127,0,0
C14-2023-0111,1,0
C14-2017-0021,0,0
C14-2013-0081,0,0
C14-05-0118,0,0
C17-2007-0036,0,0
C14-91-0030,0,0
NPA-2013-0013.01,0,0
C14H-04-0019,0,0
C14H-04-0017,0,0
C14-2011-0005,0,0
C14-04-0149.47,0,0
C14-2014-0085,0,0
C14-2010-0079,0,0
C14-93-0139,0,0
C14-2025-0013,1,1
C14-2021-0133.SH,0,0
C14-2025-0098(RCT),1,1
C814-95-0002.01,0,0
C14-87-179,0,0
C14-06-0023,0,0
NPA-2022-0009.01,0,0
C14-2014-0187,0,0
C14-2024-0049,1,1
NPA-2012-0018.07,0,0
C14-2025-0065,1,1
C14-95-0150,0,0
NPA-2020-0002.01,0,0
C14-2008-0031,0,0
NPA-2018-0016.03,0,0
C14-2024-0052,1,1
C14-79-019(RCT),0,0
C14-06-0123,0,0
NPA-2018-0024.01,0,0
C14-04-0149.10,0,0
C14-2007-0240,0,0
C14-2025-0017,1,1
C14-2024-0178,1,1
C14-02-0062,0,0
C14-2024-0065,1,1
C14-90-0074,0,0
C14-02-0169,0,0
C14-06-0184,0,0
C14-2023-0138,1,0
C14-91-0070,0,0
C14-99-2084,1,1
C14-2016-0111,0,0
C14-2023-0141.SH,1,0
C14-2018-0143,0,0
C14-00-2265,1,1
C14-2020-0107,0,0
C14-96-0032,0,0
C14-2013-0137,0,0
C14-01-0180,0,0
C14-05-0206,0,0
C814-2012-0160,0,0
C14-01-0047,0,0
C14H-2009-0022,0,0
C14-2010-0185,0,0
NPA-2023-0022.01,1,0
C14-02-0197,0,0
C14-2023-0122,1,0
C14-2011-0064,0,0
C17-06-0017,0,0
C14-96-0065,0,0
C14-2017-0091,0,0
C14-2012-0088,0,0
C14-06-0157,0,0
C14-2025-0124,1,1
NPA-2011-0012.01,0,0
C14-2013-0145,0,0
C14-2024-0076,1,1
NPA-2018-0021.02,0,0
C14-2020-0013,0,0
C14-2014-0151,0,0
C14-99-0022,0,0
C14-04-0167,0,0
C14-06-0234,0,0
C14-2023-0155,1,0
C17-2010-0189,0,0
C14-94-0057,0,0
C14-2008-0150,0,0
C14-01-0083,0,0
C14H-2009-0018,0,0
C14-06-0165,0,0
C14-06-0009,0,0
C17-2020-0018,0,0
NPA-2021-0021.01.SH,0,0
C14-2015-0022,0,0
C14-90-0040,0,0
C14-04-0178,0,0
C14-92-0104,0,0
C14-04-0098,0,0
NPA-2012-0028.02,0,0
C14H-2019-0128,0,0
C14-99-2066,1,1
C14-02-0092,0,0
C14-05-0102,0,0
NPA-2015-0023.01,0,0
C14-2023-0007.SH,1,0
NPA-04-0009.02,0,0
C14-96-0141,0,0
C14-2023-0083,1,0
C14-2008-0204,0,0
C14-2021-0035,0,0
C14-2013-0121,0,0
C14-2008-0186,0,0
C14-2019-0044.SH,0,0
C14-04-0173,0,0
C14-00-2145,1,1
NPA-2019-0020.01,0,0
C14-2024-0009,1,1
C14-92-0109,0,0
C14-00-2105,1,1
C14-2021-0160,0,0
C14-2014-0021,0,0
C14-03-0141,0,0
NPA-2014-0020.01,0,0
C17-2021-0149,0,0
C14-2015-0001,0,0
C14-93-0008,0,0
C14-2010-0164,0,0
C14-2020-0058,0,0
C14-99-0117,0,0
C14-2012-0092,0,0
C14H-2009-0039,0,0
C14-03-0058,0,0
C14-85-288.166(RCA),0,0
NPA-2022-0028.02,0,0
C14-00-2231,1,1
C14-03-0056,0,0
C14-87-174,0,0
C14-00-2175,1,1
C814-99-0001.08,0,0
C14-00-2074,1,1
C14-2024-0007,1,1
C14H-04-0016,0,0
C14H-2019-0112,0,0
C14-97-0028,0,0
C14-2022-0082,0,0
C14-06-0206,0,0
C14-02-0180,0,0
C14-02-0195,0,0
C14H-2021-0180,0,0
C14-2007-0191,0,0
C14H-05-0012,0,0
C14-90-0021,0,0
C14-05-0172,0,0
C14-2014-0050,0,0
NPA-2023-0029.01,1,0
C14-05-0036,0,0
C14-2009-0107,0,0
C14-2020-0082,0,0
NPA-07-0018.01,0,0
C14-2018-0128,0,0
C14-2018-0113,0,0
C14-2007-0232,0,0
C14-98-0062,0,0
C14-2017-0126,0,0
C14-2017-0020,0,0
C14-00-2120,1,1
C14-81-013(RCT),0,0
C14-2014-0184,0,0
C14-89-0014,0,0
C14-2025-0016,1,1
C14-2014-0052,0,0
C14-99-0036,0,0
C14-91-0008,0,0
NPA-2021-0016.03,0,0
C14-99-2028,1,1
C14-94-0014,0,0
,0,0
C14-97-0141,0,0
C14-02-0146,0,0
C17-2017-0128.SH,0,0
C14-03-0073,0,0
C14-01-0005,0,0
NPA-2009-0022.01,0,0
C14-00-2240,1,1
NPA-2024-0030.02,1,1
C814-88-0001.12,0,0
C14-85-288.8(RCA3),0,0
C14-2025-0074,1,1
C14-2014-0131,0,0
C14-91-0088,0,0
C14-2021-0190,0,0
C14-89-0031,0,0
C814-2015-0074,0,0
C14-2017-0053,0,0
C14-2024-0109,1,1
C17-2016-0103,0,0
C14-85-021(RCA),0,0
C14-2017-0147,0,0
C14-2015-0096,0,0
C14-85-288.73(RCA),0,0
C14-2017-0080,0,0
C14-2017-0041,0,0
C14-2012-0019,0,0
C14-04-0050,0,0
C14r-85-023.02,0,0
C14-2024-0075,1,1
C14H-2010-0030,0,0
C814-94-0002,0,0
C14-2012-0102,0,0
C14-2008-0241,0,0
C14H-05-0010,0,0
C14-04-0090,0,0
C14-2023-0006,1,0
C14-2007-0161,0,0
C14-01-0055,0,0
C14-2011-0047,0,0
C17-2024-0096,1,1
C14H-2010-0031,0,0
C14-2021-0159,0,0
C14-2009-0082,0,0
C14-2010-0076,0,0
C14-04-0179,0,0
C14H-03-0020,0,0
C14-2011-0168,0,0
C17-2020-0068,0,0
C14-01-0017,0,0
C17-2020-0114,0,0
C14-93-0101,0,0
NPA-2023-0023.03.SH,1,0
C14-2024-0089,1,1
C14-2008-0174,0,0
C14H-2008-0011,0,0
C14-89-0061,0,0
C17-2011-0077,0,0
C14-01-0046.01,0,0
NPA-2023-0018.01,1,0
C14-2022-0068,0,0
C14-2024-0037,1,1
C14-2015-0099,0,0
C14-05-0209,0,0
C14-2008-0059,0,0
C14-06-0137,0,0
C14-2010-0191.SH,0,0
C14-04-0096,0,0
C14-2024-0079,1,1
C14-2025-0007,1,1
C14-2009-0002,0,0
C14-2019-0060,0,0
C14-2023-0080,1,0
C14-2014-0027,0,0
C14-2017-0095,0,0
C814-2018-0122.03,0,0
C14-00-2258,1,1
C14-2008-0159(RCA),0,0
C14-00-2011.2,0,0
C14H-2023-0115,1,0
C14-2018-0109,0,0
C14-2020-0138,0,0
C14-99-0001,0,0
C14-2016-0059,0,0
C14-2015-0023,0,0
C14-2007-0050,0,0
C14-2023-0017,1,0
C14-2011-0040,0,0
C14-2012-0121,0,0
C14-2008-0210,0,0
C14-05-0151(RCT),0,0
C14-2025-0012,1,1
C14-03-0021,0,0
C14H-06-0025,0,0
C14-05-0174,0,0
NPA-2014-0009.01,0,0
C14-2011-0081,0,0
C14-04-0149.30,0,0
C14-2022-0206,0,0
C14-2021-0192,0,0
C14-95-0099,0,0
C14-2021-0185,0,0
C14-2013-0143,0,0
C14-00-2061,1,1
C14-2012-0106,0,0
C14-06-0200,0,0
C14-05-0144,0,0
C14-2021-0108,0,0
C14-2015-0032,0,0
C14-04-0010,0,0
C14-2007-0269,0,0
C14-96-0057,0,0
C17-05-0001,0,0
C14-99-0063,0,0
C14-2020-0124,0,0
C14-2012-0117,0,0
C14-85-002(RCT),0,0
C14H-2023-0105,1,0
C14-04-0149.34,0,0
C14-02-0188,0,0
C14H-2009-0036,0,0
C14-2022-0028,0,0
C14H-00-2268,1,1
C14-2024-0010,1,1
C14-2021-0112,0,0
C14-05-0010,0,0
C14-87-147,0,0
C14-2010-0140,0,0
C14-97-0022,0,0
C14-2017-0004,0,0
C814-97-0001.06,0,0
C14-2019-0110,0,0
C14-2007-0008,0,0
C14-96-0012,0,0
C14-2024-0173,1,1
C14H-04-0032,0,0
C14-04-0162,0,0
C14-2020-0144,0,0
C14-2008-0166,0,0
C14-06-0017.SH,0,0
C17-00-2003,0,0
C14-2011-0127,0,0
,0,0
C14-99-0069.01,0,0
C14H-2013-0003,0,0
C14-05-0210,0,0
C14H-2024-0094,1,1
C14-05-0149,0,0
C14-2017-0150,0,0
C14-05-0077,0,0
C14-05-0192,0,0
C14-2017-0135,0,0
C14-99-0059,0,0
C12M-2009-0002,0,0
C14H-06-0011,0,0
C14H-2022-0176,0,0
C17-2016-0006,0,0
C14-96-0043,0,0
C14-2017-0022,0,0
C14-05-0057,0,0
C14-91-0038(RCA),0,0
C14-2010-0154,0,0
C14-2023-0077,1,0
C14-2024-0182,1,1
C14-91-0038,0,0
C14-00-2198,1,1
C14-2014-0025,0,0
C14-2015-0107,0,0
C14-99-2065,1,1
C14-97-0145,0,0
C14-06-0012,0,0
C14H-2009-0068,0,0
C17-2011-0034,0,0
C14-92-0049,0,0
C17-03-0010,0,0
NPA-03-0009.02,0,0
C14-2022-0075,0,0
C14-03-0046,0,0
C14-2020-0092,0,0
NPA-2008-0021.01,0,0
C14H-99-0006,0,0
C14-2021-0114,0,0
C14-92-0111,0,0
,0,0
C14-2007-0097,0,0
C14-2009-0032,0,0
C14-05-0115,0,0
C14-05-0008,0,0
NPA-2024-0015.04,1,1
C14-2011-0096,0,0
C14-04-0149.22,0,0
C14-2014-0198,0,0
C14-2015-0112,0,0
C14H-2012-0010,0,0
C14-2020-0135.SH,0,0
C14-2021-0003,0,0
C14-85-288.22(RCA),0,0
C14-2025-0093,1,1
C14-2013-0142,0,0
C14-2007-0239,0,0
C17-2012-0012,0,0
C14-2019-0003,0,0
C14-2021-0168,0,0
C14-94-0148,0,0
C14-06-0139,0,0
C14-2007-0190,0,0
C14-01-0112,0,0
C14-92-0037,0,0
C14-2013-0088,0,0
C14H-2023-0091,1,0
C14-90-0013,0,0
C14-87-076,0,0
C14-95-0090,0,0
NPA-2017-0025.01,0,0
C14H-02-0008,0,0
C14-2012-0009,0,0
C14-2012-0090,0,0
C14-2018-0030,0,0
C14-97-0110,0,0
C17-02-0004,0,0
C14-2013-0101,0,0
C14-2021-0141,0,0
C14-95-0145,0,0
C14-87-135,0,0
C14-2025-0050,1,1
C14H-2009-0002,0,0
C14-95-0022,0,0
C14H-00-2095,1,1
NPA-2013-0028.01,0,0
C14-06-0083,0,0
C14H-2014-0005,0,0
C17-2016-0066,0,0
C14-2024-0025.SH,1,1
C14-2007-0188,0,0
C14-2011-0012,0,0
C14-2009-0089,0,0
NPA-2025-0025.01,1,1
C14-2022-0174,0,0
C17-06-0011,0,0
C14H-98-0007,0,0
C14-2019-0101,0,0
NPA-07-0011.01,0,0
C14-2015-0020,0,0
C14-04-0039,0,0
C14-2016-0063.SH,0,0
C14-2017-0097,0,0
C14-06-0153,0,0
C14-2011-0155,0,0
C14-01-0140,0,0
C14-2016-0137,0,0
C14-2015-0037,0,0
C14-00-2098,1,1
NPA-2012-0005.01,0,0
C14-00-2007,0,0
C14-03-0084,0,0
C14-01-0114,0,0
C14-03-0102,0,0
C14-98-0082,0,0
C14-2024-0152,1,1
C14-90-0006,0,0
C14-2024-0132,1,1
C14-06-0168,0,0
C14-05-0042,0,0
C14-01-0124,0,0
C14-2010-0010,0,0
C14-2007-0135,0,0
C14H-2020-0087,0,0
C14-2022-0173,0,0
NPA-2025-0019.04,1,1
C14-05-0016,0,0
C14-01-0059(SH),0,0
C14-2014-0145,0,0
C14-06-0154,0,0
C14-2014-0172,0,0
NPA-2012-0018.02,0,0
C14-03-0092,0,0
C14-2008-0178,0,0
C14H-2010-0023,0,0
C14-2017-0017.SH,0,0
C14H-2023-0145,1,0
NPA-2022-0028.01,0,0
NPA-2020-0025.01,0,0
C14-2007-0096.SH,0,0
C814-2022-0095,0,0
C14-84-361(RCT),0,0
C14-2008-0105,0,0
C14H-06-0022,0,0
C14-86-025(RCA),0,0
C17-04-0008,0,0
C14-02-0103,0,0
C14-2011-0161,0,0
C14-96-0006,0,0
,0,0
C14-2020-0050,0,0
C14H-05-0016,0,0
C14-2021-0083,0,0
C14-2015-0080,0,0
C14-05-0090,0,0
C14-2021-0010,0,0
C14H-2016-0053,0,0
C14-2010-0155,0,0
C14-98-0154,0,0
C12M-2010-0004,0,0
C14H-2018-0151,0,0
C14-2021-0040,0,0
C14-2009-0010,0,0
C14-04-0084,0,0
NPA-2012-0018.03,0,0
C14-2024-0125,1,1
C14-2019-0013,0,0
C14-2022-0087,0,0
C14-2023-0132,1,0
C14-2007-0217,0,0
C14-97-0052,0,0
C14-02-0084,0,0
NPA-2017-0022.01,0,0
C14-2018-0062,0,0
C14-2022-0170,0,0
C14-2012-0144,0,0
C14-2007-0124,0,0
C14-2016-0096,0,0
C14-2016-0130,0,0
NPA-2023-0020.03,1,0
C14-2012-0022,0,0
C14-98-0237,0,0
C14-05-0170,0,0
C14-93-0088,0,0
C14-90-0028,0,0
NPA-2019-0027.01,0,0
C14-06-0130,0,0
NPA-2011-0015.01,0,0
C14-04-0149.16,0,0
NPA-2022-0030.01,0,0
C14-02-0121,0,0
NPA-2008-0023.02,0,0
C14-2017-0064,0,0
C14H-2017-0031,0,0
C14-2025-0047,1,1
C814-2014-0083.01,0,0
C14-2014-0036,0,0
C14-96-0055,0,0
C14-2018-0152,0,0
C17-2015-0125,0,0
C14-2018-0007,0,0
C14-2018-0075,0,0
C14H-00-0010,0,0
C814-06-0175.05,0,0
NPA-2023-0014.03,1,0
C14-95-0030,0,0
C14-95-0121,0,0
C14-03-0016,0,0
C14-86-297,0,0
C14-98-0089,0,0
,0,0
C17-2018-0011,0,0
C14-04-0149.41,0,0
NPA-2013-0025.03,0,0
C14-2009-0071,0,0
C14-00-2118,1,1
C14-2014-0114,0,0
C14-97-0027,0,0
C14-2018-0064,0,0
C17-06-0010,0,0
C14-04-0149.06,0,0
C14-05-0187,0,0
C14-90-0041,0,0
C14-2020-0066,0,0
C14-99-0025,0,0
C14-04-0037,0,0
NPA-2008-0013.01,0,0
C14-2021-0134,0,0
C14-89-0041,0,0
C14-2021-0093,0,0
C14-81-113(RCA),0,0
C14-06-0081,0,0
C14-2013-0074,0,0
C14-01-0037,0,0
C14-2018-0111,0,0
C14-2015-0021,0,0
C14-01-0067,0,0
NPA-2019-0021.01,0,0
C14-06-0117(RCT),0,0
C14-02-0185,0,0
C14-2024-0114,1,1
C14-2023-0104,1,0
C14-98-0080,0,0
C14-2014-0041,0,0
C14H-2016-0007,0,0
C17-2013-0068,0,0
C14H-05-0008,0,0
C14-04-0149.46,0,0
C14-00-2256,1,1
C14H-2008-0034,0,0
C14-02-0155.SH,0,0
C14-72-032(RCT),0,0
C14-2012-0017,0,0
NPA-06-0007.01,0,0
C14H-2011-0004,0,0
C14-2025-0014,1,1
C14-2009-0158,0,0
C14-2023-0088,1,0
C14-2012-0105,0,0
C14-2022-0171,0,0
C14-2022-0019.SH,0,0
NPA-2022-0023.03,0,0
C14-2014-0101,0,0
C14-2008-0185,0,0
C14-01-0108,0,0
C14-02-0096,0,0
C14-00-2065,1,1
C14-2012-0136,0,0
C14H-07-0002,0,0
C14-99-0002,0,0
C17-2015-0008,0,0
C14-95-0002,0,0
C14-2008-0071,0,0
C14-2007-0076,0,0
C14H-02-0019,0,0
C14-96-0143,0,0
C14-2009-0127,0,0
C14-2013-0010,0,0
C14-2013-0032,0,0
C14-2018-0039,0,0
C14-99-0086,0,0
C14-06-0170,0,0
C814-86-023.01,0,0
C14-02-0183(RCT),0,0
NPA-2012-0019.02,0,0
C14-2008-0244,0,0
C14-2008-0067,0,0
C14H-2007-0028,0,0
C14-2023-0073,1,0
C14-2022-0041,0,0
C14H-06-0040,0,0
C14-2012-0147,0,0
C14H-2009-0013,0,0
C14-2008-0170,0,0
C14-2018-0142,0,0
NPA-2021-0021.02,0,0
C14H-2016-0005,0,0
C14-2014-0197,0,0
C17-2011-0057,0,0
C14H-00-0003,0,0
C14-95-0184,0,0
C14-91-0066,0,0
C14-05-0074,0,0
C14-00-2259,1,1
C14-2024-0179,1,1
C814-2009-0094.01,0,0
C14-98-0029,0,0
NPA-06-0016.01,0,0
C14-2025-0079,1,1
C14-05-0086,0,0
C14-2015-0115,0,0
C14-94-0098,0,0
C14-01-0176,0,0
C814-99-0001.04,0,0
C14-2008-0133,0,0
C14-2023-0056,1,0
C14-2023-0094,1,0
C14-2025-0123,1,1
C17-06-0014,0,0
C14-2018-0005,0,0
C14-96-0125,0,0
C14-07-0017,0,0
C17-07-0001,0,0
C14-2010-0083,0,0
C814-06-0068,0,0
C14-2010-0127,0,0
C14-06-0080,0,0
C14-2021-0060,0,0
C14H-2010-0027,0,0
C14-2009-0030,0,0
C14-2015-0128,0,0
C14-88-0002,0,0
C14-06-0212,0,0
C14-2021-0072,0,0
C14-2017-0076,0,0
C14-00-2252,1,1
C14-96-0158,0,0
C814-95-0002.05,0,0
C814-01-0096(RCT),0,0
,0,0
C14H-95-0006,0,0
C14-2015-0001,0,0
C14-99-0047,0,0
C14-2012-0069,0,0
C14-04-0201,0,0
C14-2011-0132,0,0
C14-2008-0122,0,0
C14-05-0048,0,0
C14-2020-0071,0,0
C17-03-0007,0,0
C14-94-0094,0,0
C14-2008-0038,0,0
C14-2024-0088,1,1
C14-99-0123,0,0
C14-00-2088,1,1
C14-92-0080,0,0
C14H-2009-0027,0,0
C14-00-2057,1,1
NPA-2011-0016.01,0,0
,0,0
C14-00-2189,1,1
C14-97-0009,0,0
NPA-2019-0029.01,0,0
C14-96-0064,0,0
C14-2019-0048,0,0
C14-90-0003,0,0
C14-00-2083,1,1
C14-2017-0105,0,0
NPA-2014-0019.01,0,0
C14-97-0004,0,0
C14-2008-0014,0,0
C14-2013-0103,0,0
C14H-2009-0001,0,0
C12M-02-0001,0,0
C14H-2021-0164,0,0
C14H-2010-0012,0,0
C14-99-0106,0,0
C14-2008-0012,0,0
NPA-2010-0018.02,0,0
C14-2012-0116,0,0
,0,0
C14-2021-0009,0,0
C14-02-0137,0,0
C14-2013-0040,0,0
C14-05-0012,0,0
C14H-2013-0006,0,0
C14-95-0037,0,0
NPA-2024-0023.01,1,1
C14-98-0164,0,0
C14-2021-0098.SH,0,0
C14H-2008-0020,0,0
C14-2021-0031,0,0
C14-2010-0151,0,0
C14-2013-0055,0,0
C14-97-0140,0,0
C14-99-0010,0,0
C14-03-0099(RCA),0,0
C14-98-0206,0,0
C14-2014-0018,0,0
C14-01-0029,0,0
C14-2013-0048,0,0
C17-06-0006,0,0
C14-98-0226,0,0
C14H-2010-0013,0,0
C14H-2021-0057,0,0
C14-2021-0109,0,0
C14-2023-0037,1,0
C14H-2009-0062,0,0
C14-95-0034,0,0
C14-99-2059,1,1
NPA-2007-0015.02,0,0
C814-2007-0009.01,0,0
C17-2007-0091,0,0
C14-2020-0081,0,0
C14-2014-0037,0,0
C14-97-0164,0,0
C14-2010-0073,0,0
C14-2014-0040,0,0
C14-2021-0016,0,0
C14-2014-0039,0,0
C14-2025-0028.SH,1,1
C14-2012-0044.SH,0,0
C14H-06-0032,0,0
C814-96-0001,0,0
NPA-2024-0018.03,1,1
C14-2021-0128,0,0
NPA-2025-0002.01,1,1
C14-2014-0034,0,0
C14-97-0151,0,0
C14H-2010-0011,0,0
C14-2024-0158,1,1
NPA-2015-0005.02,0,0
C14-2010-0142,0,0
C14-2024-0027,1,1
C14-92-0139,0,0
C14-90-0075,0,0
C14-75-042(RCT1WITHDRAWN),0,0
C14-03-0186,0,0
C14-02-0099,0,0
C14-2008-0003,0,0
C14-03-0037,0,0
NP-2010-0028,0,0
C14H-00-2003,0,0
C14-05-0177,0,0
C14-2022-0108,0,0
C14-06-0092,0,0
C14-79-081(RCT),0,0
C14-02-0066,0,0
C814-88-0001.09,0,0
C14-04-0147,0,0
C14-2014-0181,0,0
C14-98-0135,0,0
C14-06-0078,0,0
C14-00-2179,1,1
C14T-03-0001.01,0,0
C12M-2018-0004,0,0
C14-2021-0171,0,0
C14-05-0135,0,0
C14-00-2079,1,1
NPA-2008-0008.01,0,0
C14-06-0104,0,0
C14-2014-0082,0,0
C14-2008-0237,0,0
C14-03-0014,0,0
C14-05-0046,0,0
C14-01-0011,0,0
C14-2012-0140,0,0
C14-04-0054,0,0
C14-95-0043,0,0
C14-84-346(RCT2),0,0
C12M-07-0003,0,0
C14-05-0169,0,0
C14-2020-0090,0,0
C14-04-0189,0,0
C14-05-0189,0,0
C14-01-0143.SH,0,0
C14-04-0019,0,0
C14-05-0181,0,0
C14-97-0136,0,0
C14-99-2053,1,1
C14-2008-0224,0,0
C14-04-0059,0,0
C14-98-0150,0,0
C814-2012-0152.03,0,0
C14-2015-0104,0,0
C14-2015-0062.01,0,0
C14-96-0030,0,0
C14-05-0124,0,0
C14-00-2144,1,1
C14-02-0083,0,0
C814-04-0024.02,0,0
C14-93-0097,0,0
C14-06-0021,0,0
C14-04-0020,0,0
C14-06-0088,0,0
C12M-2011-0011,0,0
C14-98-0142,0,0
C14-97-0071,0,0
C14-01-0025,0,0
C12M-2014-0002,0,0
C14-96-0127(RCT),0,0
C14-93-0047(RCA),0,0
C14-05-0023,0,0
C14-06-0115,0,0
C14-72-015(RCA),0,0
C14-96-0051,0,0
C14-99-0048,0,0
C14-01-0001,0,0
C14-95-0165,0,0
C14-02-0038,0,0
NPA-2008-0011.01,0,0
C14-2008-0034,0,0
C14-97-0059,0,0
C814-98-0004,0,0
C14-2011-0141,0,0
C14-2007-0224,0,0
C14-2008-0169,0,0
C814-97-0001.08,0,0
C814-97-0001.15,0,0
C14-92-0133,0,0
NPA-2017-0005.04,0,0
C14-05-0139,0,0
C814-05-0213,0,0
C14-2020-0053,0,0
NPA-2012-0015.01,0,0
C14-06-0215D,0,0
C14-02-0023,0,0
C14-96-0046,0,0
C14-98-0002,0,0
NPA-2007-0022.02,0,0
C14-95-0115,0,0
C14-86-132,0,0
C14-2015-0031.SH,0,0
C14-05-0133,0,0
C14-2019-0127,0,0
C12M-2019-0002,0,0
C14-84-310(RCT),0,0
C14-2014-0195,0,0
C14-2018-0098,0,0
C14-2017-0100,0,0
C14-99-0078,0,0
C14-94-0170,0,0
NPA-2008-0015.01,0,0
C14-05-0132,0,0
C14-02-0106,0,0
C14-97-0026,0,0
C14-75-042(RCT1),0,0
C14-78-189(RCT),0,0
C14-2013-0099,0,0
C12M-2015-0002,0,0
C14-2009-0054,0,0
C12M-2018-0145,0,0
C14-2009-0106,0,0
C14-00-2102,1,1
C14-2008-0002.001,0,0
C814-95-0002.14,0,0
C14-2009-0040,0,0
C14-2010-0062,0,0
C14-05-0112,0,0
C14-2012-0026,0,0
C14-03-0072,0,0
C14-03-0075,0,0
C14-2007-0092,0,0
C814-06-0175.01,0,0
C14-96-0054,0,0
C14-01-0146,0,0
C14-04-0169,0,0
NPA-2008-0010.01,0,0
C14-2015-0075,0,0
C14-02-0154,0,0
C14-95-0164,0,0
NPA-2009-0017.01,0,0
C14-05-0138,0,0
C12M-2011-0006,0,0
C14-07-0012,0,0
C14-01-0023,0,0
C14-95-0168,0,0
C14-03-0120,0,0
NPA-2015-0015.01,0,0
C14-2008-0232,0,0
C814-97-0001.12,0,0
C14-96-0049,0,0
C14-00-2193,1,1
C14-2007-0105,0,0
C14-05-0006,0,0
C14H-02-0018,0,0
C14-03-0089.SH,0,0
C14-2016-0037,0,0
C14-95-0129.01,0,0
C14-2008-0002,0,0
C14-04-0175,0,0
C14-97-0033,0,0
C14-02-0040.110,0,0
C14R-86-077(RCA),0,0
C14-2016-0100,0,0
C14-2017-0140,0,0
C14-04-0163,0,0
C14-96-0129,0,0
C14-04-0208,0,0
C14-06-0199,0,0
C14-84-346(RCT1),0,0
C14-2007-0138,0,0
C14-05-0120,0,0
C14-01-0049,0,0
C14-88-0022,0,0
C14-2010-0158,0,0
C814-04-0055.05,0,0
C14-2007-0236,0,0
C14-2007-0265,0,0
C14-95-0170,0,0
C14-96-0068,0,0
C14-99-0019,0,0
C14-2007-0220,0,0
C14-03-0142,0,0
C814-2012-0085.02,0,0
C14-2012-0075,0,0
C14-95-0196,0,0
C14-05-0034.SH,0,0
C14-2015-0167,0,0
C14-04-0078,0,0
C14T-03-0001,0,0
NPA-2021-0025.01,0,0
C814-00-2063.05,1,1
C14-2008-0004,0,0
C14-92-0091,0,0
C814-04-0055.03,0,0
C814-01-0065,0,0
C14-2015-0064,0,0
C14-2011-0117,0,0
C14-2019-0070,0,0
C14-02-0031,0,0
C14-99-2112,1,1
C14-04-0106,0,0
C814-2018-0154,0,0
NPA-2016-0010.02,0,0
C12M-2011-0001,0,0
C14-05-0157,0,0
C14-05-0202,0,0
C14-2009-0103,0,0
C14-2007-0011,0,0
C14-2007-0143,0,0
C14-92-0094,0,0
C814-2007-0055,0,0
C14-2010-0049,0,0
C814-2012-0085,0,0
C14-2016-0095,0,0
C14-04-0117,0,0
C14-03-0114,0,0
C14-95-0069,0,0
C14-98-0069,0,0
C14-03-0124,0,0
C814-04-0055,0,0
C14-03-0035,0,0
C14-2019-0165,0,0
C14-00-2249SH,1,1
NPA-2007-0009.01,0,0
C14-00-2202,1,1
C14-94-0171,0,0
C814-06-0109,0,0
C8-81-063.1(RCT),0,0
NPA-2016-0005.01,0,0
C14-99-2013,0,0
NPA-2008-0003.01,0,0
C14-80-133(RCA),0,0
C14-2010-0104,0,0
NPA-2020-0015.02.SH,0,0
C14-2007-0125,0,0
C14-95-0126,0,0
C14-95-0161,0,0
C14-03-0117,0,0
C14-2012-0112,0,0
C12M-2020-0137,0,0
C14-04-0023,0,0
C14-00-2219,1,1
C814-98-0001,0,0
C14-01-0162,0,0
C14-2017-0035,0,0
C14-2008-0061,0,0
C14-2009-0111,0,0
C814-01-0038.01,0,0
C12M-2021-0176,0,0
C12M-2011-0005,0,0
C14-93-0090.01,0,0
C14-03-0098,0,0
C14-06-0094,0,0
C814-00-2063ETJ,1,1
C14-04-0149.44,0,0
C14-02-0163,0,0
C14-03-0040,0,0
C14-05-0153,0,0
C14H-2009-0003,0,0
C814-91-0001.05,0,0
C14-02-0179,0,0
C14-05-0072,0,0
C14H-03-0015,0,0
C14-99-0079,0,0
C814-92-0006.02,0,0
C14-02-0040.105,0,0
C14-02-0040.108,0,0
C14-97-0010,0,0
C14-2008-0062,0,0
C14-06-0136,0,0
C14-04-0204,0,0
C814-01-0114.02,0,0
C814-89-0006.04,0,0
C814-90-0003.21,0,0
C14-05-0110,0,0
C14-2014-0189,0,0
C14-95-0012,0,0
C14-97-0154,0,0
C14-95-0023,0,0
C14-2021-0186,0,0
C14-01-0148.004,0,0
C14-02-0046,0,0
C14-02-0040.106,0,0
C14-04-0164,0,0
C14-98-0165,0,0
C14-2008-0183.SH,0,0
C14-94-0029,0,0
C814-00-2063.07,1,1
C14-04-0094,0,0
C14-2016-0026,0,0
C14-05-0093,0,0
C14-05-0065.SH,0,0
C14-96-0029,0,0
C14-01-0077,0,0
C14-02-0009,0,0
C14-02-0011,0,0
C12M-2011-0003,0,0
C14-02-0161.SH,0,0
C14-2020-0023,0,0
C814-05-0069,0,0
C14-95-0098,0,0
C14-01-0041,0,0
C14-02-0159,0,0
C14-2007-0238,0,0
C14-2016-0016,0,0
C14-2011-0116,0,0
C14-2009-0135,0,0
C14-03-0077,0,0
C14-03-0145,0,0
C14-2015-0062,0,0
C14-05-0113.05,0,0
C14-78-220(RCT),0,0
C14-2017-0125,0,0
C14-00-2122,1,1
C14-02-0014,0,0
C14-06-0121(RCA),0,0
C14-2012-0100,0,0
C14-98-0127,0,0
C14-98-0244,0,0
C14-99-0045,0,0
C14-2016-0124(RCA),0,0
C14-97-0126,0,0
C14-97-0167,0,0
C814-01-0113,0,0
C14-02-0040.113,0,0
C14-04-0067,0,0
C14-98-0130,0,0
C14-98-0225,0,0
C14-2009-0012,0,0
C14-2009-0036,0,0
C14-04-0132,0,0
C12M-2018-0005,0,0
C14-03-0154.SH,0,0
C14-96-0074,0,0
C14-98-0081,0,0
C14-07-0013,0,0
C14-96-0139,0,0
C14-00-2032,1,1
C14-99-2115,1,1
C14-2019-0123,0,0
C14-2009-0095,0,0
C14-95-0112,0,0
C14-05-0120(RCA),0,0
C14-04-0130,0,0
C14-92-0129,0,0
C14-96-0098,0,0
C14-04-0063,0,0
C14-05-0122,0,0
C14-2009-0157,0,0
C14-2012-0015,0,0
C14-07-0005,0,0
C14-86-301(RCA),0,0
C14-00-2104,1,1
C14-02-0156,0,0
C14-2010-0110,0,0
C14-06-0222,0,0
C14-02-0128,0,0
C14-2008-0094,0,0
C14-06-0069,0,0
C14-97-0130,0,0
C14-2009-0053,0,0
C14-00-2101,1,1
C14-06-0085.SH,0,0
C14-94-0172,0,0
C14-04-0115,0,0
C14-2019-0136,0,0
C14-05-0044,0,0
NPA-2007-0012.06,0,0
C14-96-0021,0,0
C14-05-0131,0,0
C14-00-2206,1,1
C14-2008-0076,0,0
C14-04-0080,0,0
C14-00-2129,1,1
C814-2012-0152.02,0,0
C14-95-0146,0,0
C14-01-0173,0,0
C14-06-0195,0,0
C14-2015-0156,0,0
C12M-2008-0001,0,0
C14-01-0008,0,0
C14-06-0079,0,0
C14-96-0005,0,0
C14-04-0171,0,0
C14-97-0115,0,0
C14-02-0025,0,0
C14-88-0105,0,0
C14-01-0045,0,0
C14-95-0193,0,0
C814-04-0061.02,0,0
C14H-01-0009,0,0
C14-2015-0039,0,0
C14-2008-0013,0,0
C14-96-0045,0,0
C14-2021-0126,0,0
C14-2008-0019,0,0
C14-01-0046,0,0
C14H-00-0012,0,0
C14-2014-0127,0,0
C814-01-0114,0,0
C14-02-0134,0,0
C14-93-0140,0,0
C14-05-0015,0,0
C14-05-0173,0,0
NPA-2007-0015.01,0,0
C814-97-0001.09,0,0
C14H-01-0003,0,0
C14-98-0150(RCT),0,0
C14-2018-0124,0,0
C14-02-0005,0,0
C14-96-0117,0,0
C14-02-0012,0,0
C14-96-0116,0,0
C14-99-2131,1,1
C814-06-0175.04,0,0
C14-02-0065,0,0
C14-92-0051,0,0
C14-97-0081,0,0
NPA-2008-0016.01,0,0
C14-75-042(RCA1),0,0
C14-03-0048,0,0
C14-85-149.100.02(RCA),0,0
C14-01-0168,0,0
C14-2007-0159,0,0
C14H-03-0022,0,0
C14-2008-0090,0,0
C14-99-0012,0,0
C14-2008-0053,0,0
C14-01-0024,0,0
C12M-07-0002,0,0
C14-04-0029,0,0
C14-97-0036,0,0
C14-04-0022,0,0
C14-03-0122,0,0
C14-04-0166,0,0
C14-2007-0042,0,0
C12M-2017-0009,0,0
C14-96-0147,0,0
C14-2009-0102,0,0
C14-02-0040.109,0,0
C14-98-0223,0,0
C14-2009-0055,0,0
C814-06-0109.02,0,0
C14-95-0135,0,0
C14-98-0208,0,0
C814-97-0001.05,0,0
C14-02-0040.104,0,0
C14-01-0182,0,0
C14-2008-0043,0,0
C14-95-0191,0,0
C14H-91-0030,0,0
C12M-2016-0005,0,0
C14H-02-0017,0,0
C12M-2013-0003,0,0
C14-05-0130,0,0
C14-2011-0024,0,0
C14-06-0131,0,0
C14-04-0165,0,0
NPA-2011-0025.04,0,0
C14-06-0208,0,0
C14-03-0151,0,0
C14-05-0164,0,0
C14-96-0039,0,0
NPA-2009-0003.01,0,0
C814-2012-0085.01,0,0
C14-05-0095,0,0
C14-2008-0106,0,0
C14-2015-0163,0,0
C14-04-0042,0,0
C14-01-0166.002,0,0
C14-02-0118,0,0
C14-2007-0253,0,0
NPA-2015-0005.04,0,0
C14-96-0092,0,0
C14-2013-0061,0,0
C14-01-0174,0,0
C14-2010-0105,0,0
C14-2021-0130,0,0
C14-2015-0042,0,0
C14-96-0086,0,0
C14-2020-0145,0,0
C12M-2017-0007,0,0
C14-06-0129,0,0
C814-89-0003.02,0,0
C14-98-0268,0,0
C14-04-0100,0,0
C14-03-0121,0,0
C14-2009-0091,0,0
C14-94-0120,0,0
C14-03-0045,0,0
C14-95-0162,0,0
C14-94-0147,0,0
C14-2010-0108,0,0
C14H-00-0005,0,0
C14-02-0124.SH,0,0
C14-06-0006,0,0
C14-2008-0222,0,0
C14-99-2123,1,1
C14-96-0134,0,0
C814-97-0001.11,0,0
C14-04-0035,0,0
C814-97-0001.14,0,0
C14-84-346(RCA2),0,0
C12M-2013-0102,0,0
C14-89-0057,0,0
C14-97-0142,0,0
C14-2012-0032,0,0
C14-06-0124,0,0
C14H-06-0034,0,0
C14-2010-0048,0,0
C14-06-0063,0,0
C12M-2010-0002,0,0
C14-96-0067,0,0
C14-2021-0053,0,0
C14-00-2064,1,1
C14H-90-0007,0,0
C14-99-2067,1,1
C14-2011-0072,0,0
C814-90-0003,0,0
C14-01-0046.03,0,0
C14-04-0003,0,0
C14-03-0160,0,0
C14-2022-0008.SH,0,0
C14-2021-0029,0,0
C14-2008-0033,0,0
C14-2016-0070,0,0
C14-97-0147,0,0
C14-04-0101,0,0
C14-02-0040.102,0,0
C814-97-0001.10,0,0
C14-04-0196,0,0
C14-03-0066,0,0
C14-06-0095,0,0
C14-84-346(RCA1),0,0
C814-99-0001.02,0,0
C814-96-0003.15,0,0
C14-2016-0119,0,0
C14-04-0182,0,0
C14-02-0040.111,0,0
C14-02-0070,0,0
C14-94-0167.01,0,0
C14-06-0070,0,0
C14-72-204,0,0
C14-06-0145,0,0
C14-2009-0041,0,0
C14-03-0086,0,0
C814-04-0061,0,0
C14-01-0132,0,0
C14-96-0095,0,0
C814-96-0003.13,0,0
C14-04-0081,0,0
C14-96-0115,0,0
C14-2023-0078.SH,1,0
C14-05-0024,0,0
C14H-01-0005,0,0
C14-04-0069,0,0
C14-2007-0258,0,0
C14-2010-0052,0,0
C14-2020-0014,0,0
C14-04-0079,0,0
C14-03-0116.03,0,0
C14-00-2212,1,1
C14-01-0165,0,0
NP-2010-0026,0,0
C14-2020-0009,0,0
C14-2021-0026,0,0
C14H-01-0014,0,0
C14-04-0206,0,0
C14-2021-0118,0,0
C14-2019-0107.SH,0,0
C14-2008-0044,0,0
C14-00-2211,1,1
C14-96-0069,0,0
C14-96-0079,0,0
C14-04-0177,0,0
C814-06-0175.03,0,0
C14-04-0125,0,0
C14H-87-020B(90)TA,0,0
C12M-2017-0010,0,0
C14-95-0093,0,0
C14-05-0105,0,0
C14-98-0007,0,0
C14-05-0106.03,0,0
C814-04-0187.01.SH,0,0
C814-98-0001.04,0,0
C14-98-0136,0,0
C14-2007-0064,0,0
C14-96-0078,0,0
C14-03-0184,0,0
C14-75-042(RCA3),0,0
C814-04-0187.SH,0,0
C814-01-0114.01,0,0
C14-06-0084.SH,0,0
C14-03-0090.SH,0,0
C14-2010-0100,0,0
C14-04-0143,0,0
C14-00-2176,1,1
C14-06-0210,0,0
C814-96-0003.08,0,0
C14-2007-0249,0,0
C14-2022-0151,0,0
C14-96-0020,0,0
C14-93-0138,0,0
NPA-2019-0008.01,0,0
C814-97-0002.01,0,0
C14H-97-0002,0,0
C14-00-2253,1,1
C14-96-0056,0,0
C14-99-0033,0,0
C14-05-0113,0,0
C14-04-0196.03,0,0
C14-2014-0186,0,0
C14-2026-0009,1,1
C14-86-135,0,0
C14-97-0037,0,0
C14-2010-0037,0,0
C14-2008-0129,0,0
C14-2008-0011,0,0
C14-02-0115,0,0
C14-05-0186,0,0
NPA-2015-0019.02,0,0
C814-89-0006.05,0,0
C14-06-0144,0,0
C14-96-0127,0,0
C14-02-0112,0,0
C14-2018-0092,0,0
C14-2018-0133,0,0
C14-2021-0027,0,0
C14-2007-0227,0,0
C14-2007-0262,0,0
C14-95-0198,0,0
C14-02-0111,0,0
C14-97-0084,0,0
C12M-2015-0001,0,0
C14-2008-0235,0,0
C14-06-0091,0,0
C814-90-0003.16,0,0
C14-97-0041,0,0
C14-06-0213,0,0
C14-01-0178,0,0
C814-90-0003.13,0,0
C14-2012-0087,0,0
C14-99-0058,0,0
C14-84-022(RCA),0,0
C14-85-149.100(RCA),0,0
C14-96-0022,0,0
C14-01-0148,0,0
C14-99-2142,1,1
C14-01-0081,0,0
C14-02-0172,0,0
C14H-94-0019,0,0
C14-00-2178,1,1
C14-02-0164,0,0
C14-2015-0083,0,0
C14-01-0159,0,0
C14-04-0210,0,0
C14-02-0040.107,0,0
C14-85-288.56(RCA),0,0
C14-2014-0011,0,0
C14-95-0158,0,0
C14-04-0022.01,0,0
C14-2008-0193,0,0
C14-2022-0007,0,0
C14-2010-0102,0,0
C14-03-0029,0,0
C14-03-0053,0,0
C14-2018-0136,0,0
C814-96-0003.06,0,0
C14-92-0150(RCT),0,0
C14-04-0157,0,0
C14-05-0176,0,0
C814-00-2063.03,1,1
C14-94-0138,0,0
C14-04-0131,0,0
C814-2012-0152,0,0
C14-2008-0032,0,0
C14-98-0091,0,0
C14-03-0028,0,0
C14-04-0103,0,0
C14-03-0168,0,0
NPA-2008-0014.02,0,0
C14-07-0016,0,0
C12M-2013-0002,0,0
NPA-2017-0015.03,0,0
C12M-2023-0157,1,0
C14-2008-0051,0,0
C14-95-0083,0,0
C14-07-0022,0,0
C14-2010-0109,0,0
C14-02-0021,0,0
C14-97-0038,0,0
C14-2007-0106,0,0
C12M-2011-0004,0,0
NPA-2008-0017.01,0,0
C14-90-0053,0,0
C14-99-0102,0,0
NPA-2023-0014.02.SH,1,0
C14-2009-0104.SH,0,0
C814-90-0003.18,0,0
C14-03-0054,0,0
C814-2012-0152.04,0,0
C14-95-0107,0,0
C14-01-0014,0,0
C14-98-0254,0,0
NPA-2007-0009.02,0,0
C14-95-0104,0,0
C814-96-0003.17,0,0
C14-2008-0167,0,0
C814-95-0002.12,0,0
C14-03-0123,0,0
C14-06-0133,0,0
C14-02-0040.101,0,0
C14-2008-0091,0,0
NPA-2020-0015.04.SH,0,0
C14-06-0077,0,0
C12M-2016-0002,0,0
C12M-2017-0008,0,0
C14-2022-0175,0,0
C14-03-0078,0,0
C14-95-0163,0,0
C14-98-0267,0,0
C12M-2024-0003,1,1
C12M-2016-0006,0,0
C12M-2017-0002,0,0
C14-03-0135.SH,0,0
C14-2018-0069,0,0
C14-97-0006,0,0
C14-05-0134,0,0
C14-2015-0157,0,0
C14-97-0001,0,0
C14-05-0136,0,0
C14-02-0063.SH,0,0
C14-02-0028,0,0
C14-04-0150,0,0
C14-96-0080,0,0
C14-06-0105,0,0
C14-07-0002,0,0
C14-04-0004,0,0
C814-96-0003.07,0,0
C14-02-0114SH,0,0
C14-95-0117,0,0
C14-2008-0060,0,0
C14-95-0155,0,0
C814-06-0175,0,0
C814-96-0003.18,0,0
C14-2008-0088,0,0
C14-02-0013,0,0
C14-2008-0192,0,0
C14-04-0174,0,0
C14-2010-0160,0,0
C14-03-0082,0,0
C12M-2010-0008,0,0
C14-01-0020,0,0
C14-02-0182,0,0
NPA-2008-0002.01,0,0
C14-01-0187.SH,0,0
C814-06-0175.02,0,0
C14-03-0157,0,0
C14-06-0215B,0,0
C14-2011-0038,0,0
C814-90-0003.19,0,0
C14-05-0175,0,0
C14-95-0189,0,0
NPA-2019-0010.01,0,0
C14H-2015-0008,0,0
C14-77-138(RCT),0,0
C14-01-0177,0,0
C14-2007-0263,0,0
C14-98-0188,0,0
C14-06-0226,0,0
C14-97-0025,0,0
C14-98-0265,0,0
C14-02-0040.112,0,0
C14-00-2019,0,0
C14-2018-0006,0,0
C12M-2024-0015,1,1
C14-2007-0173,0,0
C14-95-0108,0,0
C14-95-0025,0,0
C14-95-0097,0,0
C14H-00-0013,0,0
C14-96-0015,0,0
NPA-2009-0002.01,0,0
C14-98-0253,0,0
C14-93-0144,0,0
C14-06-0008,0,0
C14-03-0156,0,0
C14-99-2138,1,1
C814-90-0003.14,0,0
C14-2010-0204,0,0
C14-2007-0102,0,0
C814-90-0003.17,0,0
C14-03-0080,0,0
C14-04-0025,0,0
C14-06-0150,0,0
C14-2010-0103,0,0
NPA-2013-0025.01,0,0
C14-02-0030,0,0
C814-96-0003,0,0
C14-2018-0099,0,0
NPA-2012-0005.04,0,0
C14-03-0166.SH,0,0
C14-2008-0203,0,0
C14-96-0041,0,0
C14-05-0038,0,0
C14-96-0075,0,0
C814-97-0001.13,0,0
C14-02-0040.103,0,0
