CASE_NUMBER,tfidf_00s,tfidf_04s,tfidf_08s,tfidf_12s,tfidf_16s,tfidf_20s,tfidf_24s,tfidf_28s,tfidf_32s,tfidf_36s,tfidf_40s,tfidf_44s,tfidf_48s,tfidf_52s,tfidf_56s,tfidf_60s,tfidf_64s,tfidf_68s,tfidf_72s,tfidf_76s,tfidf_80s,tfidf_84s,tfidf_88s,tfidf_92s,tfidf_96s,tfidf_agenda,tfidf_approval,tfidf_c14,tfidf_case,tfidf_combined,tfidf_commission,tfidf_consent,tfidf_council,tfidf_district,tfidf_item,tfidf_items,tfidf_just,tfidf_located,tfidf_neighborhood,tfidf_number,tfidf_okay,tfidf_planning,tfidf_post,tfidf_property,tfidf_reading,tfidf_readings,tfidf_ready,tfidf_second,tfidf_staff,tfidf_zoning,has_transcribed_opposition
C14-04-0181.SH,0.9726211391239422,0.0,0.0,0.0,0.0,0.0,0.0,0.0,0.0,0.0,0.0,0.0,0.0,0.0,0.0,0.0,0.0,0.0,0.0,0.0,0.0,0.0,0.0,0.0,0.0,0.026533403655214085,0.035985947071686036,0.02985037535495207,0.05306680731042817,0.03205338959771601,0.030707751053441788,0.06983254144476916,0.013657617022139678,0.03126310500580301,0.1250860458031521,0.03367183324737101,0.012775392039765644,0.060422247052584366,0.049326375589862276,0.0698943018230116,0.008071998398878356,0.028219135687657892,0.03304869776179799,0.07316051246139683,0.004685047455809382,0.038596212168792346,0.031837343528523035,0.008128573082880671,0.020297786501785795,0.04548583483750986,1
C14-05-0112,0.1173939331139347,0.1484364616447716,0.16943971153522916,0.21098377677584262,0.13330936158919063,0.15515824445640541,0.11874951822233103,0.1523138013312403,0.1362523953400714,0.1292852245799375,0.13571373511123547,0.12148334411955923,0.16204341215988433,0.16281755121415376,0.1705627279167511,0.15626953717682518,0.14019274650643412,0.15720315289642434,0.10848709483919446,0.18975586657185917,0.13539004562776916,0.15776665751725752,0.06280004146509567,0.1289773267859194,0.09845097495524698,0.07207480447789526,0.12075185721228764,0.11351894364400693,0.1846916864746066,0.15929702865337184,0.06737277981275329,0.17116713096362493,0.0370992764176055,0.1600461937994438,0.28829921791158103,0.08003230477310791,0.07085158716760225,0.11967796287534606,0.026645574652847486,0.204098937653606,0.057557362372377886,0.05749041982096384,0.06646641366652922,0.23014889682278317,0.061245649652591175,0.12741212253178255,0.10810290020325734,0.06762089600115044,0.05789332431992476,0.2522618156726334,1
C14-2007-0087,0.985938638011699,0.0,0.0,0.0,0.0,0.0,0.0,0.0,0.0,0.0,0.0,0.0,0.0,0.0,0.0,0.0,0.0,0.0,0.0,0.0,0.0,0.0,0.0,0.0,0.0,0.04413818932286173,0.017606602887664455,0.02979357347205134,0.04729091713163757,0.0,0.0,0.06534342940210432,0.012982502975293495,0.0,0.10404001768960267,0.03150727459030243,0.01416786879543183,0.0,0.01864867919875859,0.05979540075784287,0.03021239362615327,0.003353028317745234,0.008457899957348088,0.003579475308513784,0.003896776951012652,0.014267691833017921,0.003782947698841472,0.0101413816613686,0.027012216151162158,0.009458183426327515,1
C14-2008-0155,0.11138861315474248,0.06572680442076402,0.12075761678739821,0.16880957471363103,0.16443684838140815,0.14581897490684442,0.07440117272327602,0.12989150864235105,0.053781464004144075,0.1479170624010326,0.11160175908491403,0.13319953594132897,0.045949481852859755,0.16620839597512577,0.11763675181153613,0.16522129890771536,0.13834199265010017,0.2677801935154804,0.09813366107237899,0.0917896105042863,0.06494575432117553,0.03706759565733144,0.17840132628493094,0.10145079461007347,0.09895037257477049,0.07408678052042308,0.08274843900051942,0.1011294590452537,0.13335620493676154,0.2050357430998028,0.08310419798756288,0.2047363259667799,0.07626981354519273,0.22561906393702047,0.39265993675824234,0.13985290602000125,0.02497008581665843,0.12793953773752184,0.07888143968873766,0.15612753994407616,0.039442721621484475,0.11819054234435043,0.039750883413373454,0.22711058728865746,0.01831427742687473,0.12573009202024985,0.08000683522178789,0.06355066578457298,0.03967294852949969,0.26671240987352307,1
C14-2008-0159,0.04722640615197133,0.0,0.0,0.0,0.0,0.0,0.0,0.03933660060614034,0.038003664087562006,0.0,0.0,0.0,0.0,0.0,0.0,0.0,0.039102711056532555,0.0,0.037824170905526956,0.0,0.0,0.0,0.0,0.0,0.0,0.09423366414901337,0.15787611274619748,0.016491054887566154,0.03141122138300446,0.26562188962597993,0.09787337462408453,0.19892549814560465,0.0646735620384558,0.2989302846847945,0.549696374202578,0.06975842560325425,0.0,0.250355292201279,0.01858003057486545,0.2647790435334329,0.03344575245671885,0.10022055931914459,0.0,0.30313539082596735,0.07764864645005608,0.19545859148476963,0.09422555232795031,0.05052024846675243,0.05046146264243981,0.37693465659605346,1
C14-2008-0220,0.9707758311828084,0.0,0.0,0.0,0.0,0.0,0.0,0.0,0.0,0.0,0.0,0.0,0.0,0.0,0.0,0.0,0.0,0.0,0.0,0.0,0.0,0.0,0.0,0.0,0.0,0.06385868901436978,0.017831139359274932,0.011175381484887486,0.047894016760777335,0.04090958797670701,0.03979511217789209,0.07965720168811345,0.03287017110308774,0.0337623436009681,0.11175270577514711,0.05909089982543283,0.041849940987334876,0.04948316782768592,0.03777301047579728,0.061679413569777866,0.016998717424442568,0.03961754283657559,0.0,0.06646061121980348,0.01973236214528328,0.03612411818352188,0.01915595757945746,0.011411904881697254,0.017097938826819675,0.06918024643223392,1
C14-2008-0242,0.17211380059400325,0.14508395157361598,0.0,0.07245518554301207,0.1411567131757132,0.0,0.0,0.1433598781788433,0.06925103554947401,0.0,0.0,0.0,0.0,0.071338727021932,0.1398216973502124,0.2127451577611728,0.0,0.0,0.0,0.0,0.0,0.0,0.0,0.0,0.0,0.05723815481672904,0.0,0.12020131802406248,0.34342892890037424,0.0,0.35669363510966,0.0,0.4713978245378741,0.0,0.2861907740836452,0.0,0.321524215188636,0.0,0.06771380543127331,0.12062141504462619,0.0,0.18262390437425546,0.23033129556991677,0.06498580730663331,0.0,0.06475791786896733,0.0,0.12274534071165565,0.0,0.17171446445018712,1
C14-2009-0059,0.07623019388119287,0.09638777703475761,0.14303421168842279,0.0,0.18755736453230346,0.14033396755758645,0.09547007871337074,0.14286356096340191,0.13802257179179225,0.0,0.19094015742674147,0.2441699258885245,0.09433831191123113,0.04739449980202963,0.1393376294480301,0.32979119620896197,0.14201411557630159,0.18957799920811852,0.3205315968631571,0.04711302802985171,0.19048474795120257,0.1426931651312691,0.048193888517378804,0.047338038525433855,0.0,0.038026662801202,0.1698897949186045,0.03992839220094095,0.19013331400601002,0.05846615887687709,0.0,0.043785584823673715,0.1174414569463207,0.09650327185665329,0.22815997680721203,0.08445007902153595,0.12816443457215632,0.0,0.17994500726768042,0.12020381923192007,0.04048968154712588,0.04044258969862923,0.0,0.34539106150095206,0.04700102010556726,0.04302248237029873,0.0,0.12232039178951432,0.08145203910675276,0.19013331400601002,1
C14-2009-0071,0.10248269760581401,0.06479112083949952,0.10682943855405759,0.150998408931929,0.10506217907491598,0.1886628228106403,0.14973991923515342,0.12804237946205074,0.14432088064492624,0.19137736054079593,0.17113133626874677,0.15318719948674553,0.19024045853752405,0.16991049326063393,0.1040685340078761,0.12667605732192003,0.1484945683732071,0.16991049326063393,0.30779838428431383,0.2744647908641601,0.23474436234709303,0.10657471759051011,0.2591644833579981,0.1272810586056061,0.12414400714299936,0.03408163953938037,0.0,0.03578607666661879,0.10224491861814111,0.0,0.02123881165757924,0.01962155510178296,0.1754294271342002,0.06486875556863204,0.03408163953938037,0.0,0.07657879566752583,0.04527319882249093,0.2015960783447453,0.0,0.1451565433198966,0.0,0.0,0.2902115119135068,0.16849985849091953,0.0,0.04089444686894963,0.05481521640592443,0.07300191055671897,0.18744901746659204,1
C14-2009-0078,0.0872430737400291,0.0,0.0,0.22036163538405074,0.21465354016913088,0.0,0.0,0.3270057584614969,0.0,0.0,0.0,0.2235558774266273,0.0,0.0,0.0,0.0,0.0,0.0,0.0,0.0,0.0,0.4354876440743885,0.0,0.0,0.21136650425066383,0.08704065352432432,0.0,0.18278718642833833,0.17408130704864863,0.0,0.0,0.0,0.3584215358539932,0.0,0.43520326762162154,0.28995142592356166,0.0,0.0,0.0,0.09171300881492155,0.09267834943281458,0.0,0.0,0.0,0.0,0.0,0.0,0.09332790956327078,0.0,0.08704065352432432,1
C14-2009-0093,0.11138861315474248,0.06572680442076402,0.12075761678739821,0.16880957471363103,0.16443684838140815,0.14581897490684442,0.07440117272327602,0.12989150864235105,0.053781464004144075,0.1479170624010326,0.11160175908491403,0.13319953594132897,0.045949481852859755,0.16620839597512577,0.11763675181153613,0.16522129890771536,0.13834199265010017,0.2677801935154804,0.09813366107237899,0.0917896105042863,0.06494575432117553,0.03706759565733144,0.17840132628493094,0.10145079461007347,0.09895037257477049,0.07408678052042308,0.08274843900051942,0.1011294590452537,0.13335620493676154,0.2050357430998028,0.08310419798756288,0.2047363259667799,0.07626981354519273,0.22561906393702047,0.39265993675824234,0.13985290602000125,0.02497008581665843,0.12793953773752184,0.07888143968873766,0.15612753994407616,0.039442721621484475,0.11819054234435043,0.039750883413373454,0.22711058728865746,0.01831427742687473,0.12573009202024985,0.08000683522178789,0.06355066578457298,0.03967294852949969,0.26671240987352307,1
C14-2009-0106.001,0.1724430803509094,0.27255284838241434,0.09437250277915948,0.09527936680758867,0.11932883494125496,0.03968181833764364,0.10798316006080068,0.1481227144331371,0.0910658742845502,0.21468145246018708,0.040493685022800256,0.06904320323337533,0.05335152736995445,0.10721281321008054,0.13133362258584388,0.17318613930762258,0.14724199890531794,0.16081921981512082,0.18127153132728516,0.1998301607395645,0.1481227144331371,0.16139568645599234,0.04088292725736215,0.09369945384883868,0.13055725197380544,0.010752686263537158,0.0,0.04516173050353615,0.17204298021659453,0.01653230173585744,0.2412288297226812,0.0,0.08855618998899381,0.0,0.04301074505414863,0.023879697500586185,0.2536847300042668,0.014283599899074441,0.44522199876184115,0.022659784138598576,0.11449146743768757,0.2744599373262325,0.0,0.2075385552941257,0.0,0.03649601788288595,0.0516084511244965,0.04611756417408678,0.057579876691979094,0.0752688038447601,1
C14-2009-0110,0.06746070262623613,0.021324841353151706,0.04922540495196658,0.08519731204778595,0.07607455154828696,0.10349166968009275,0.12673085811293644,0.10535716133358118,0.03392903052833946,0.06998715940700619,0.03520301614248234,0.12244573821900219,0.11827136575348479,0.027961503567706755,0.04110276128243945,0.12507949194108567,0.02792819290521291,0.06990375891926688,0.06753756408360473,0.11118177061429838,0.0702381075557208,0.12627780003707786,0.14927388947206194,0.06982048226303227,0.15662917523328848,0.07291286297106012,0.1378169286318512,0.14134018322500705,0.14021704417511563,0.11210384284626787,0.11184601427082702,0.21957488161474842,0.06928735889434574,0.39142387971509846,0.27482540658322663,0.06850706082164251,0.0441079523407816,0.12665735743424986,0.026540700839355585,0.2836683188424641,0.029859803873982103,0.08947522556961567,0.030093095348022972,0.22924305813117213,0.0,0.16498383663797528,0.09421774253695485,0.04811053442505612,0.0,0.46552058666138385,1
C14-2009-0151,0.01829699598646651,0.02523848569359215,0.004161393137927217,0.0336110533507401,0.008185103974627787,0.032662664559405336,0.989511790898296,0.02493856967092582,0.020077930180249323,0.01449552337252761,0.027081375329848105,0.017049130421369452,0.02676033441349331,0.020683213888851304,0.022296152543332785,0.008224151239179361,0.022724431273439302,0.0268881780555067,0.025978031461976817,0.026728491527332924,0.020782141392438183,0.02698456042634914,0.018928864270194114,0.024790288661933786,0.04029881856786836,0.0033190079164536505,0.0037070408808113453,0.001742496449123064,0.013276031665814602,0.0,0.020683213888851304,0.0019108264037796688,0.015375624493889375,0.006317181807348606,0.00995702374936095,0.0073708934776352325,0.05220287014993117,0.008817774457206138,0.001963224155278959,0.012240104651179418,0.03533982834416651,0.008824681518423591,0.0,0.026377839523115728,0.01846034751518605,0.0037550484069297694,0.0,0.01779375832581507,0.008886526672742218,0.02157355145694873,1
C14-2009-0156,0.15936187260886406,0.08635800066012375,0.21358428297664908,0.2012609217013491,0.19604759814749342,0.13970144850542057,0.15681562385474368,0.1706635685080858,0.10992037660643705,0.24090957580655512,0.27086335029455727,0.14584163587090443,0.15495662552220374,0.09907985084733317,0.06935480056606237,0.16884244168159301,0.141374023691622,0.21231396610142822,0.30085334741017405,0.1547722382081269,0.15644160446574532,0.26989502395216236,0.18710900143026812,0.2686106450140818,0.23441236739209712,0.011356580237016025,0.02536860909317479,0.023849055181918166,0.0454263209480641,0.017460791337555747,0.02830852881352376,0.0,0.058456059981541665,0.01441024624885057,0.0454263209480641,0.01261041632083609,0.08931073657903116,0.0,0.13435046377651422,0.023932406323069363,0.012092155434860493,0.036234274669825824,0.0,0.16761922156654593,0.0,0.0,0.0,0.024353812853945653,0.04865094906803998,0.17034870355524037,1
C14-2009-0162,0.13681013586143745,0.16337651599269218,0.11409028328897187,0.20157659120466134,0.12155315142692755,0.16790467739900514,0.12374548942425924,0.18042742772403736,0.14679037628005098,0.23655630646872836,0.19037767603732192,0.20449853549547686,0.18812081046738333,0.08505878874066795,0.1389271614539392,0.24426604818526626,0.1510354805877021,0.1795685540080768,0.19175241498609974,0.16910726412826127,0.2753892317893201,0.12330310392975899,0.1441557494053166,0.1887943507346276,0.1657270825261089,0.007582928378306471,0.0,0.007962153815693113,0.06824635540475824,0.0,0.04725488263370442,0.0,0.06245092897570898,0.019243797505630954,0.0530804986481453,0.016840260322354316,0.05963387787154271,0.03021891805390702,0.2870638655362682,0.03195992442810367,0.05651856692925768,0.02419407109594535,0.0,0.2410615134560696,0.04686256207007905,0.0,0.0,0.04878402162163726,0.04872725608680027,0.25781956486242,1
C14-2009-0168,0.012798238020226118,0.0,0.0,0.01616312068838407,0.0,0.0,0.03205681971864668,0.0,0.0,0.0,0.03205681971864668,0.0,0.0,0.0,0.0,0.0,0.0,0.0,0.0,0.0,0.031980361315908035,0.0,0.0,0.0,0.0,0.02553708743824835,0.014261343975881793,0.026814207921287053,0.12768543719124176,0.0,0.04774219178253333,0.0,0.14459258265056665,0.01620187198889898,0.06384271859562088,0.04253480768377688,0.14344962766665917,0.016961414599835488,0.06042170211851637,0.026907922108799154,0.10876458377863234,0.06789880266132971,0.0,0.3914155052360251,0.03156388364652393,0.014446033561300158,0.03064186698601985,0.04107258316276552,0.13674930242807293,0.8554924291813197,1
C14-2010-0001,0.06746070262623613,0.021324841353151706,0.04922540495196658,0.08519731204778595,0.07607455154828696,0.10349166968009275,0.12673085811293644,0.10535716133358118,0.03392903052833946,0.06998715940700619,0.03520301614248234,0.12244573821900219,0.11827136575348479,0.027961503567706755,0.04110276128243945,0.12507949194108567,0.02792819290521291,0.06990375891926688,0.06753756408360473,0.11118177061429838,0.0702381075557208,0.12627780003707786,0.14927388947206194,0.06982048226303227,0.15662917523328848,0.07291286297106012,0.1378169286318512,0.14134018322500705,0.14021704417511563,0.11210384284626787,0.11184601427082702,0.21957488161474842,0.06928735889434574,0.39142387971509846,0.27482540658322663,0.06850706082164251,0.0441079523407816,0.12665735743424986,0.026540700839355585,0.2836683188424641,0.029859803873982103,0.08947522556961567,0.030093095348022972,0.22924305813117213,0.0,0.16498383663797528,0.09421774253695485,0.04811053442505612,0.0,0.46552058666138385,1
C14-2010-0015,0.9300506900294956,0.0,0.0,0.0,0.0,0.0,0.0,0.0,0.0,0.0,0.0,0.0,0.0,0.0,0.0,0.0,0.0,0.0,0.0,0.0,0.0,0.0,0.0,0.0,0.0,0.02689544344426423,0.052569741927113396,0.04942086779429433,0.0806863303327927,0.09304168695576666,0.050281670613272475,0.09290581662048394,0.048453897902227136,0.09385020631357952,0.14792493894345327,0.06719594690886249,0.0,0.08931808848751857,0.023863358674873485,0.1204415781900318,0.007159370951245889,0.05005730931253836,0.0,0.11450985649509697,0.04986422098149718,0.03803609941633009,0.04840763081588678,0.014419098500500613,0.007201160152641703,0.14120107808238722,1
C14-2010-0017,0.10231131782887631,0.24256039476278998,0.16530872420346027,0.1938161536661121,0.2150172956489622,0.15695610477029232,0.22957317936765395,0.22902562665468557,0.16980802422564495,0.19105732398704947,0.1761840678868042,0.1529310275797693,0.17409546293552045,0.18552882613353336,0.1402575780621561,0.22131238407373988,0.22766387449914866,0.25974035658694666,0.19461298413976347,0.16334961681633184,0.20239473983437328,0.2500317628033539,0.1886580848155033,0.14824624385991075,0.13942845403756013,0.008506161372856277,0.004750318279091234,0.00893155808058876,0.07230237166927836,0.0,0.005300823603815239,0.004897185591359368,0.08318962849634377,0.005396689736571922,0.021265403432140693,0.023613234346353908,0.09078524718383671,0.005649686169066797,0.08050358129298175,0.058258027013633897,0.10868535068963046,0.00452328930507519,0.0,0.08208908914266809,0.08936585474969765,0.01924734650609717,0.010206514974699099,0.09120591668290563,0.0273299365926086,0.06804929098285022,1
C14-2010-0025,0.08549804161932263,0.0,0.10694926652452419,0.0,0.10518002475361415,0.0,0.21415411263304132,0.0,0.0,0.0,0.0,0.0,0.10580769256147748,0.0,0.0,0.0,0.0,0.0,0.0,0.0,0.1068216678915998,0.0,0.0,0.0,0.0,0.12794950530579344,0.14290838069315828,0.04478277129281868,0.17059934040772456,0.26229722531037303,0.1594697603517691,0.2946534618092661,0.2634393030530566,0.21647172422151098,0.298548845713518,0.14207591513262027,0.04791543264446831,0.1133099516579939,0.2522777546738791,0.13481785387440517,0.045412300583474736,0.2267974172173575,0.0,0.24211419589505312,0.0,0.2412651602326487,0.10235079292650108,0.04573058441213422,0.0,0.3838485159173803,1
C14-2010-0034,0.05235185123906615,0.10402114472416486,0.07484204296445882,0.12278700005981952,0.018400986251288956,0.09178643963337862,0.16859580525407492,0.0560645630237563,0.1354119819417107,0.0837963816076973,0.10303076987749023,0.07665652518343676,0.1480863615056303,0.15809343668392412,0.11847521079573294,0.055466305993092366,0.14861656402419232,0.09299613922583772,0.10781793957168867,0.3512866046229183,0.14950550139668348,0.06533064282836376,0.05673880621318084,0.0464426762575601,0.07247683193363513,0.11192225394062895,0.06667058450787988,0.14102343951823662,0.17161412270896437,0.17208095054147515,0.0650972974580864,0.18042114073672944,0.030725371443762785,0.1420169810233846,0.4476890157625158,0.11599387982544766,0.016765373831786005,0.1585863755006441,0.03530829741585955,0.28303261742512215,0.015889540255070278,0.09522635878788852,0.0,0.22872932386023048,0.0830016581032868,0.0675339927976725,0.07162407644838871,0.04000226549681317,0.03995571849391887,0.24622895866938369,1
C14-2010-0035,0.05235185123906615,0.10402114472416486,0.07484204296445882,0.12278700005981952,0.018400986251288956,0.09178643963337862,0.16859580525407492,0.0560645630237563,0.1354119819417107,0.0837963816076973,0.10303076987749023,0.07665652518343676,0.1480863615056303,0.15809343668392412,0.11847521079573294,0.055466305993092366,0.14861656402419232,0.09299613922583772,0.10781793957168867,0.3512866046229183,0.14950550139668348,0.06533064282836376,0.05673880621318084,0.0464426762575601,0.07247683193363513,0.11192225394062895,0.06667058450787988,0.14102343951823662,0.17161412270896437,0.17208095054147515,0.0650972974580864,0.18042114073672944,0.030725371443762785,0.1420169810233846,0.4476890157625158,0.11599387982544766,0.016765373831786005,0.1585863755006441,0.03530829741585955,0.28303261742512215,0.015889540255070278,0.09522635878788852,0.0,0.22872932386023048,0.0830016581032868,0.0675339927976725,0.07162407644838871,0.04000226549681317,0.03995571849391887,0.24622895866938369,1
C14-2010-0044,0.11138861315474248,0.06572680442076402,0.12075761678739821,0.16880957471363103,0.16443684838140815,0.14581897490684442,0.07440117272327602,0.12989150864235105,0.053781464004144075,0.1479170624010326,0.11160175908491403,0.13319953594132897,0.045949481852859755,0.16620839597512577,0.11763675181153613,0.16522129890771536,0.13834199265010017,0.2677801935154804,0.09813366107237899,0.0917896105042863,0.06494575432117553,0.03706759565733144,0.17840132628493094,0.10145079461007347,0.09895037257477049,0.07408678052042308,0.08274843900051942,0.1011294590452537,0.13335620493676154,0.2050357430998028,0.08310419798756288,0.2047363259667799,0.07626981354519273,0.22561906393702047,0.39265993675824234,0.13985290602000125,0.02497008581665843,0.12793953773752184,0.07888143968873766,0.15612753994407616,0.039442721621484475,0.11819054234435043,0.039750883413373454,0.22711058728865746,0.01831427742687473,0.12573009202024985,0.08000683522178789,0.06355066578457298,0.03967294852949969,0.26671240987352307,1
C14-2010-0052,0.019543605465345695,0.19769223612207174,0.04889408529542327,0.14809178575519133,0.14425571868224144,0.09594209523176844,0.19581002824445856,0.14650725276625248,0.1415427956337203,0.0,0.0,0.1502384434862208,0.04837219097548943,0.0,0.0952609289578165,0.386517052191986,0.14563614253212556,0.09720656429675369,0.18783237602776673,0.04831463152399825,0.24417875461042085,0.14633251104008904,0.46951906078992034,0.048545380844041856,0.047348899924979995,0.03899652130538697,0.10888923913969134,0.040946753736818116,0.03899652130538697,0.0,0.0,0.0,0.34123750280188486,0.049482279271671654,0.09749130326346743,0.0,0.0,0.05180200501810677,0.13840083758593,0.16435944159048615,0.0,0.10368516421442106,0.0,0.0,0.21689895092205735,0.0,0.0,0.08362675752783119,0.06264708649952766,0.07799304261077394,1
C14-2010-0057,0.11138861315474248,0.06572680442076402,0.12075761678739821,0.16880957471363103,0.16443684838140815,0.14581897490684442,0.07440117272327602,0.12989150864235105,0.053781464004144075,0.1479170624010326,0.11160175908491403,0.13319953594132897,0.045949481852859755,0.16620839597512577,0.11763675181153613,0.16522129890771536,0.13834199265010017,0.2677801935154804,0.09813366107237899,0.0917896105042863,0.06494575432117553,0.03706759565733144,0.17840132628493094,0.10145079461007347,0.09895037257477049,0.07408678052042308,0.08274843900051942,0.1011294590452537,0.13335620493676154,0.2050357430998028,0.08310419798756288,0.2047363259667799,0.07626981354519273,0.22561906393702047,0.39265993675824234,0.13985290602000125,0.02497008581665843,0.12793953773752184,0.07888143968873766,0.15612753994407616,0.039442721621484475,0.11819054234435043,0.039750883413373454,0.22711058728865746,0.01831427742687473,0.12573009202024985,0.08000683522178789,0.06355066578457298,0.03967294852949969,0.26671240987352307,1
C14-2010-0058,0.11138861315474248,0.06572680442076402,0.12075761678739821,0.16880957471363103,0.16443684838140815,0.14581897490684442,0.07440117272327602,0.12989150864235105,0.053781464004144075,0.1479170624010326,0.11160175908491403,0.13319953594132897,0.045949481852859755,0.16620839597512577,0.11763675181153613,0.16522129890771536,0.13834199265010017,0.2677801935154804,0.09813366107237899,0.0917896105042863,0.06494575432117553,0.03706759565733144,0.17840132628493094,0.10145079461007347,0.09895037257477049,0.07408678052042308,0.08274843900051942,0.1011294590452537,0.13335620493676154,0.2050357430998028,0.08310419798756288,0.2047363259667799,0.07626981354519273,0.22561906393702047,0.39265993675824234,0.13985290602000125,0.02497008581665843,0.12793953773752184,0.07888143968873766,0.15612753994407616,0.039442721621484475,0.11819054234435043,0.039750883413373454,0.22711058728865746,0.01831427742687473,0.12573009202024985,0.08000683522178789,0.06355066578457298,0.03967294852949969,0.26671240987352307,1
C14-2010-0062,0.0700980174845084,0.16249578873008125,0.04384270921766431,0.1475467058861264,0.17246970982160106,0.21507516489799322,0.11705358740706437,0.24814560862069338,0.04230654616899277,0.1454464875939617,0.14631698425883047,0.10477982370572936,0.2602483990052134,0.10169121598015936,0.09965581821765353,0.07220520055635206,0.07255005056154593,0.02905463313718839,0.08421346052483777,0.08664624066762247,0.1459680050709961,0.08747634390891326,0.07386172215003693,0.04353003033692755,0.07076193499494372,0.08159127316617708,0.0,0.17134337410487935,0.22146202716533778,0.017920990876619487,0.04358194970578259,0.053684461659603944,0.04799739014618918,0.07395022555479489,0.4778917428304657,0.10354222851286302,0.013094946471579523,0.1548340137788563,0.013789142708726452,0.18422379622428176,0.01241085830747548,0.08677496631506072,0.37523469073059434,0.15880340476255778,0.0,0.0,0.0,0.024995686021842937,0.049933201624828144,0.10490306549937052,1
C14-2010-0064,0.0700980174845084,0.16249578873008125,0.04384270921766431,0.1475467058861264,0.17246970982160106,0.21507516489799322,0.11705358740706437,0.24814560862069338,0.04230654616899277,0.1454464875939617,0.14631698425883047,0.10477982370572936,0.2602483990052134,0.10169121598015936,0.09965581821765353,0.07220520055635206,0.07255005056154593,0.02905463313718839,0.08421346052483777,0.08664624066762247,0.1459680050709961,0.08747634390891326,0.07386172215003693,0.04353003033692755,0.07076193499494372,0.08159127316617708,0.0,0.17134337410487935,0.22146202716533778,0.017920990876619487,0.04358194970578259,0.053684461659603944,0.04799739014618918,0.07395022555479489,0.4778917428304657,0.10354222851286302,0.013094946471579523,0.1548340137788563,0.013789142708726452,0.18422379622428176,0.01241085830747548,0.08677496631506072,0.37523469073059434,0.15880340476255778,0.0,0.0,0.0,0.024995686021842937,0.049933201624828144,0.10490306549937052,1
C14-2010-0066,0.0700980174845084,0.16249578873008125,0.04384270921766431,0.1475467058861264,0.17246970982160106,0.21507516489799322,0.11705358740706437,0.24814560862069338,0.04230654616899277,0.1454464875939617,0.14631698425883047,0.10477982370572936,0.2602483990052134,0.10169121598015936,0.09965581821765353,0.07220520055635206,0.07255005056154593,0.02905463313718839,0.08421346052483777,0.08664624066762247,0.1459680050709961,0.08747634390891326,0.07386172215003693,0.04353003033692755,0.07076193499494372,0.08159127316617708,0.0,0.17134337410487935,0.22146202716533778,0.017920990876619487,0.04358194970578259,0.053684461659603944,0.04799739014618918,0.07395022555479489,0.4778917428304657,0.10354222851286302,0.013094946471579523,0.1548340137788563,0.013789142708726452,0.18422379622428176,0.01241085830747548,0.08677496631506072,0.37523469073059434,0.15880340476255778,0.0,0.0,0.0,0.024995686021842937,0.049933201624828144,0.10490306549937052,1
C14-2010-0069,0.11138861315474248,0.06572680442076402,0.12075761678739821,0.16880957471363103,0.16443684838140815,0.14581897490684442,0.07440117272327602,0.12989150864235105,0.053781464004144075,0.1479170624010326,0.11160175908491403,0.13319953594132897,0.045949481852859755,0.16620839597512577,0.11763675181153613,0.16522129890771536,0.13834199265010017,0.2677801935154804,0.09813366107237899,0.0917896105042863,0.06494575432117553,0.03706759565733144,0.17840132628493094,0.10145079461007347,0.09895037257477049,0.07408678052042308,0.08274843900051942,0.1011294590452537,0.13335620493676154,0.2050357430998028,0.08310419798756288,0.2047363259667799,0.07626981354519273,0.22561906393702047,0.39265993675824234,0.13985290602000125,0.02497008581665843,0.12793953773752184,0.07888143968873766,0.15612753994407616,0.039442721621484475,0.11819054234435043,0.039750883413373454,0.22711058728865746,0.01831427742687473,0.12573009202024985,0.08000683522178789,0.06355066578457298,0.03967294852949969,0.26671240987352307,1
C14-2010-0073,0.11138861315474248,0.06572680442076402,0.12075761678739821,0.16880957471363103,0.16443684838140815,0.14581897490684442,0.07440117272327602,0.12989150864235105,0.053781464004144075,0.1479170624010326,0.11160175908491403,0.13319953594132897,0.045949481852859755,0.16620839597512577,0.11763675181153613,0.16522129890771536,0.13834199265010017,0.2677801935154804,0.09813366107237899,0.0917896105042863,0.06494575432117553,0.03706759565733144,0.17840132628493094,0.10145079461007347,0.09895037257477049,0.07408678052042308,0.08274843900051942,0.1011294590452537,0.13335620493676154,0.2050357430998028,0.08310419798756288,0.2047363259667799,0.07626981354519273,0.22561906393702047,0.39265993675824234,0.13985290602000125,0.02497008581665843,0.12793953773752184,0.07888143968873766,0.15612753994407616,0.039442721621484475,0.11819054234435043,0.039750883413373454,0.22711058728865746,0.01831427742687473,0.12573009202024985,0.08000683522178789,0.06355066578457298,0.03967294852949969,0.26671240987352307,1
C14-2010-0076,0.11138861315474248,0.06572680442076402,0.12075761678739821,0.16880957471363103,0.16443684838140815,0.14581897490684442,0.07440117272327602,0.12989150864235105,0.053781464004144075,0.1479170624010326,0.11160175908491403,0.13319953594132897,0.045949481852859755,0.16620839597512577,0.11763675181153613,0.16522129890771536,0.13834199265010017,0.2677801935154804,0.09813366107237899,0.0917896105042863,0.06494575432117553,0.03706759565733144,0.17840132628493094,0.10145079461007347,0.09895037257477049,0.07408678052042308,0.08274843900051942,0.1011294590452537,0.13335620493676154,0.2050357430998028,0.08310419798756288,0.2047363259667799,0.07626981354519273,0.22561906393702047,0.39265993675824234,0.13985290602000125,0.02497008581665843,0.12793953773752184,0.07888143968873766,0.15612753994407616,0.039442721621484475,0.11819054234435043,0.039750883413373454,0.22711058728865746,0.01831427742687473,0.12573009202024985,0.08000683522178789,0.06355066578457298,0.03967294852949969,0.26671240987352307,1
C14-2010-0077,0.9962293692859959,0.0,0.0,0.0,0.0,0.0,0.0,0.0,0.0,0.0,0.0,0.0,0.0,0.0,0.0,0.0,0.0,0.0,0.0,0.0,0.0,0.0,0.0,0.0,0.0,0.003380673235356985,0.0018879578180584478,0.0035497421256826893,0.010142019706070956,0.0,0.008426998594196326,0.0,0.017401438927881506,0.00214485050920544,0.005071009853035478,0.0,0.03987957780617264,0.0022454009491142735,0.02399639720238885,0.007124296559837242,0.017998211337936457,0.005393183512215468,0.0,0.046059300159422535,0.0020892589436002805,0.0038248151153376844,0.0020282293321722596,0.001812435644708218,0.005430980033923962,0.04732942529499779,0
C14-2010-0081,0.11138861315474248,0.06572680442076402,0.12075761678739821,0.16880957471363103,0.16443684838140815,0.14581897490684442,0.07440117272327602,0.12989150864235105,0.053781464004144075,0.1479170624010326,0.11160175908491403,0.13319953594132897,0.045949481852859755,0.16620839597512577,0.11763675181153613,0.16522129890771536,0.13834199265010017,0.2677801935154804,0.09813366107237899,0.0917896105042863,0.06494575432117553,0.03706759565733144,0.17840132628493094,0.10145079461007347,0.09895037257477049,0.07408678052042308,0.08274843900051942,0.1011294590452537,0.13335620493676154,0.2050357430998028,0.08310419798756288,0.2047363259667799,0.07626981354519273,0.22561906393702047,0.39265993675824234,0.13985290602000125,0.02497008581665843,0.12793953773752184,0.07888143968873766,0.15612753994407616,0.039442721621484475,0.11819054234435043,0.039750883413373454,0.22711058728865746,0.01831427742687473,0.12573009202024985,0.08000683522178789,0.06355066578457298,0.03967294852949969,0.26671240987352307,1
C14-2010-0083,0.11138861315474248,0.06572680442076402,0.12075761678739821,0.16880957471363103,0.16443684838140815,0.14581897490684442,0.07440117272327602,0.12989150864235105,0.053781464004144075,0.1479170624010326,0.11160175908491403,0.13319953594132897,0.045949481852859755,0.16620839597512577,0.11763675181153613,0.16522129890771536,0.13834199265010017,0.2677801935154804,0.09813366107237899,0.0917896105042863,0.06494575432117553,0.03706759565733144,0.17840132628493094,0.10145079461007347,0.09895037257477049,0.07408678052042308,0.08274843900051942,0.1011294590452537,0.13335620493676154,0.2050357430998028,0.08310419798756288,0.2047363259667799,0.07626981354519273,0.22561906393702047,0.39265993675824234,0.13985290602000125,0.02497008581665843,0.12793953773752184,0.07888143968873766,0.15612753994407616,0.039442721621484475,0.11819054234435043,0.039750883413373454,0.22711058728865746,0.01831427742687473,0.12573009202024985,0.08000683522178789,0.06355066578457298,0.03967294852949969,0.26671240987352307,1
C14-2010-0084,0.0973434817953628,0.04923362432320022,0.03653000857719496,0.11064312117023367,0.07185139891572898,0.10752115129737239,0.048764875942574115,0.048648567320663354,0.12925025043710464,0.07271213208498008,0.048764875942574115,0.07483129566034702,0.12046696040742749,0.10893822655843158,0.04744790064585216,0.10829125199776732,0.03626948265625987,0.04841698958152515,0.04677810731714755,0.03609708399925577,0.060810709150829194,0.08503345083750533,0.04923362432320022,0.12089827552086621,0.05895926913345792,0.09711762674764647,0.0650831251379928,0.09177706809585834,0.12625291477194042,0.1791825264769855,0.16945946353533803,0.1677383092777685,0.06998549892941984,0.22181677910017322,0.5050116590877617,0.09705600734002849,0.06546472817861046,0.15481035599244294,0.1034027685262421,0.27629347176093394,0.08272641331020071,0.16526039538491538,0.19540487340206106,0.26463190079169324,0.12003755236777768,0.0988889628783681,0.04661244800128904,0.10413277840992863,0.11441276940964827,0.3010646429177041,1
C14-2010-0085,0.07944808674123531,0.0,0.03312713150235706,0.0,0.06515823108773112,0.0,0.06633342781587541,0.09926282492273172,0.0,0.03296939222318753,0.0,0.03393027087022968,0.09832059983248097,0.032930104110694046,0.0,0.03273453511427553,0.0,0.032930104110694046,0.031815442417400384,0.03273453511427553,0.0,0.0,0.0,0.09867262299739428,0.0,0.23779125705109597,0.17706132538741956,0.1664555318834658,0.21137000626764088,0.08124557519585815,0.0,0.21295819366588561,0.19039843541731125,0.13410259850980066,0.5548462664525573,0.1760299131303265,0.0,0.17548664853345916,0.03125683279851048,0.3340745696943224,0.05626515457806789,0.056199714939281234,0.03544046765667948,0.20998308250817552,0.06531342209961978,0.11956955591659316,0.15851385833811366,0.19830826202199706,0.08489036087576222,0.23779125705109597,1
C14-2010-0087,0.10786701281428318,0.20003915607557243,0.2068935122069915,0.19071801611443212,0.15923810458845372,0.2559410287167018,0.16211013006220057,0.27852377593154765,0.3038066453280348,0.2059083610031192,0.1350917750518338,0.25797674723321895,0.3292760878798672,0.14306990570698025,0.14896918727699426,0.08888764131329312,0.16076189913464042,0.12518616749360773,0.1123095077151355,0.18666404675791556,0.17070812073223887,0.19742627961578066,0.12729764477536426,0.16076189913464042,0.24391057783098988,0.007174449414020032,0.032052924180431576,0.02259973993982042,0.04304669648412019,0.0,0.026825607320058797,0.0,0.03692925480449803,0.01820716810840148,0.05739559531216026,0.023899657844713065,0.09672258197586041,0.00953035942967249,0.008487507559476347,0.02267872479265151,0.045834867009226905,0.015260519466652302,0.0,0.089601268158957,0.0,0.02435101589468326,0.017217196375579245,0.03077074166915823,0.015367468276014673,0.07174449414020032,1
C14-2010-0090,0.09731816970550056,0.0492208221725053,0.036520509729992046,0.11061435079368616,0.07183271549663878,0.1074931927222985,0.04875219567986712,0.06079489662690646,0.11746967424970411,0.07269322485064385,0.060940244599833895,0.07481183738286067,0.13247919910682468,0.10890989950325314,0.07115334425159331,0.07217539544965461,0.03626005155324897,0.04840439977922362,0.07014891550667464,0.036087697724827304,0.04863591730152516,0.08501133970783134,0.0492208221725053,0.12086683851082988,0.05894393803690176,0.09709237338655742,0.0650662016636972,0.0917532034327901,0.12622008540252466,0.17913593389442858,0.16941539922728266,0.16769469251905522,0.06996730069770178,0.2217591003923442,0.5048803416100986,0.0970307700017481,0.0654477054766082,0.15477010087139928,0.10337588084849865,0.2762216275546597,0.08270490207627866,0.16521742295469716,0.1953540625452492,0.26456308892746044,0.12000633917038288,0.09886324891921444,0.046600327431418856,0.10410570090873285,0.11438301881672443,0.300986357498328,1
C14-2010-0096,0.07944808674123531,0.0,0.03312713150235706,0.0,0.06515823108773112,0.0,0.06633342781587541,0.09926282492273172,0.0,0.03296939222318753,0.0,0.03393027087022968,0.09832059983248097,0.032930104110694046,0.0,0.03273453511427553,0.0,0.032930104110694046,0.031815442417400384,0.03273453511427553,0.0,0.0,0.0,0.09867262299739428,0.0,0.23779125705109597,0.17706132538741956,0.1664555318834658,0.21137000626764088,0.08124557519585815,0.0,0.21295819366588561,0.19039843541731125,0.13410259850980066,0.5548462664525573,0.1760299131303265,0.0,0.17548664853345916,0.03125683279851048,0.3340745696943224,0.05626515457806789,0.056199714939281234,0.03544046765667948,0.20998308250817552,0.06531342209961978,0.11956955591659316,0.15851385833811366,0.19830826202199706,0.08489036087576222,0.23779125705109597,1
C14-2010-0097,0.05235185123906615,0.10402114472416486,0.07484204296445882,0.12278700005981952,0.018400986251288956,0.09178643963337862,0.16859580525407492,0.0560645630237563,0.1354119819417107,0.0837963816076973,0.10303076987749023,0.07665652518343676,0.1480863615056303,0.15809343668392412,0.11847521079573294,0.055466305993092366,0.14861656402419232,0.09299613922583772,0.10781793957168867,0.3512866046229183,0.14950550139668348,0.06533064282836376,0.05673880621318084,0.0464426762575601,0.07247683193363513,0.11192225394062895,0.06667058450787988,0.14102343951823662,0.17161412270896437,0.17208095054147515,0.0650972974580864,0.18042114073672944,0.030725371443762785,0.1420169810233846,0.4476890157625158,0.11599387982544766,0.016765373831786005,0.1585863755006441,0.03530829741585955,0.28303261742512215,0.015889540255070278,0.09522635878788852,0.0,0.22872932386023048,0.0830016581032868,0.0675339927976725,0.07162407644838871,0.04000226549681317,0.03995571849391887,0.24622895866938369,1
C14-2010-0101,0.09720582342558116,0.049164000550372566,0.036478349633667376,0.11048665510381678,0.08370808856341327,0.10736910016737732,0.0608698938133478,0.04857977090670672,0.11733406462053379,0.07260930615989958,0.0608698938133478,0.09963396389099462,0.12029660195017511,0.12087130163357632,0.047380802155722136,0.08410742031159557,0.036218192135690865,0.06043565081678816,0.046711956015838184,0.03604603727639811,0.04857977090670672,0.08491320070875193,0.049164000550372566,0.12072730711896953,0.05887589183152938,0.0969802877709778,0.06499108777974806,0.09164728147487047,0.12607437410227113,0.17892913535070515,0.16921982228700685,0.16750110200123358,0.05990273903571188,0.22150309670831742,0.5042974964090845,0.0969187555024989,0.06537215117609262,0.15459143079233523,0.10325654141083901,0.2759027511065827,0.08260942568058106,0.1650266922524758,0.19512854142971123,0.26425767135811107,0.11986780115827951,0.09874911896516342,0.04654653096724584,0.10398551895041108,0.11425097249188194,0.30063889209003114,1
C14-2010-0102,0.04589603528792227,0.11606468751755442,0.01913707502323902,0.13524679710161666,0.018820493960045006,0.13143059577354146,0.07663976487494518,0.11468545819790019,0.07386619690773498,0.22855141528961193,0.22991929462483557,0.07840414907716425,0.09466403166591571,0.07609302035035355,0.03728499128748033,0.11346166587737973,0.17100533339929153,0.22827906105106066,0.2389313004401888,0.056730832938689864,0.15291394426386692,0.17182300631209058,0.1740970312763316,0.05700177779976384,0.055596875040650105,0.13736864375756022,0.03409527391379168,0.09615900493709775,0.13736864375756022,0.09386883785689185,0.038046510175176775,0.14059763942892187,0.0628517036837599,0.09683646651954896,0.4731586618315963,0.13558665263726466,0.017147592668676798,0.14192661449276672,0.05416988979664953,0.20907266334656197,0.0,0.048698669895451754,0.24568147894952888,0.20795015124173222,0.0,0.0863420502431823,0.054942727516695315,0.06546278647368935,0.04903996003136298,0.16789500903701804,1
C14-2010-0103,0.06746070262623613,0.021324841353151706,0.04922540495196658,0.08519731204778595,0.07607455154828696,0.10349166968009275,0.12673085811293644,0.10535716133358118,0.03392903052833946,0.06998715940700619,0.03520301614248234,0.12244573821900219,0.11827136575348479,0.027961503567706755,0.04110276128243945,0.12507949194108567,0.02792819290521291,0.06990375891926688,0.06753756408360473,0.11118177061429838,0.0702381075557208,0.12627780003707786,0.14927388947206194,0.06982048226303227,0.15662917523328848,0.07291286297106012,0.1378169286318512,0.14134018322500705,0.14021704417511563,0.11210384284626787,0.11184601427082702,0.21957488161474842,0.06928735889434574,0.39142387971509846,0.27482540658322663,0.06850706082164251,0.0441079523407816,0.12665735743424986,0.026540700839355585,0.2836683188424641,0.029859803873982103,0.08947522556961567,0.030093095348022972,0.22924305813117213,0.0,0.16498383663797528,0.09421774253695485,0.04811053442505612,0.0,0.46552058666138385,1
C14-2010-0105,0.04589603528792227,0.11606468751755442,0.01913707502323902,0.13524679710161666,0.018820493960045006,0.13143059577354146,0.07663976487494518,0.11468545819790019,0.07386619690773498,0.22855141528961193,0.22991929462483557,0.07840414907716425,0.09466403166591571,0.07609302035035355,0.03728499128748033,0.11346166587737973,0.17100533339929153,0.22827906105106066,0.2389313004401888,0.056730832938689864,0.15291394426386692,0.17182300631209058,0.1740970312763316,0.05700177779976384,0.055596875040650105,0.13736864375756022,0.03409527391379168,0.09615900493709775,0.13736864375756022,0.09386883785689185,0.038046510175176775,0.14059763942892187,0.0628517036837599,0.09683646651954896,0.4731586618315963,0.13558665263726466,0.017147592668676798,0.14192661449276672,0.05416988979664953,0.20907266334656197,0.0,0.048698669895451754,0.24568147894952888,0.20795015124173222,0.0,0.0863420502431823,0.054942727516695315,0.06546278647368935,0.04903996003136298,0.16789500903701804,1
C14-2010-0106,0.06746070262623613,0.021324841353151706,0.04922540495196658,0.08519731204778595,0.07607455154828696,0.10349166968009275,0.12673085811293644,0.10535716133358118,0.03392903052833946,0.06998715940700619,0.03520301614248234,0.12244573821900219,0.11827136575348479,0.027961503567706755,0.04110276128243945,0.12507949194108567,0.02792819290521291,0.06990375891926688,0.06753756408360473,0.11118177061429838,0.0702381075557208,0.12627780003707786,0.14927388947206194,0.06982048226303227,0.15662917523328848,0.07291286297106012,0.1378169286318512,0.14134018322500705,0.14021704417511563,0.11210384284626787,0.11184601427082702,0.21957488161474842,0.06928735889434574,0.39142387971509846,0.27482540658322663,0.06850706082164251,0.0441079523407816,0.12665735743424986,0.026540700839355585,0.2836683188424641,0.029859803873982103,0.08947522556961567,0.030093095348022972,0.22924305813117213,0.0,0.16498383663797528,0.09421774253695485,0.04811053442505612,0.0,0.46552058666138385,1
C14-2010-0107,0.06746070262623613,0.021324841353151706,0.04922540495196658,0.08519731204778595,0.07607455154828696,0.10349166968009275,0.12673085811293644,0.10535716133358118,0.03392903052833946,0.06998715940700619,0.03520301614248234,0.12244573821900219,0.11827136575348479,0.027961503567706755,0.04110276128243945,0.12507949194108567,0.02792819290521291,0.06990375891926688,0.06753756408360473,0.11118177061429838,0.0702381075557208,0.12627780003707786,0.14927388947206194,0.06982048226303227,0.15662917523328848,0.07291286297106012,0.1378169286318512,0.14134018322500705,0.14021704417511563,0.11210384284626787,0.11184601427082702,0.21957488161474842,0.06928735889434574,0.39142387971509846,0.27482540658322663,0.06850706082164251,0.0441079523407816,0.12665735743424986,0.026540700839355585,0.2836683188424641,0.029859803873982103,0.08947522556961567,0.030093095348022972,0.22924305813117213,0.0,0.16498383663797528,0.09421774253695485,0.04811053442505612,0.0,0.46552058666138385,1
C14-2010-0110,0.06746070262623613,0.021324841353151706,0.04922540495196658,0.08519731204778595,0.07607455154828696,0.10349166968009275,0.12673085811293644,0.10535716133358118,0.03392903052833946,0.06998715940700619,0.03520301614248234,0.12244573821900219,0.11827136575348479,0.027961503567706755,0.04110276128243945,0.12507949194108567,0.02792819290521291,0.06990375891926688,0.06753756408360473,0.11118177061429838,0.0702381075557208,0.12627780003707786,0.14927388947206194,0.06982048226303227,0.15662917523328848,0.07291286297106012,0.1378169286318512,0.14134018322500705,0.14021704417511563,0.11210384284626787,0.11184601427082702,0.21957488161474842,0.06928735889434574,0.39142387971509846,0.27482540658322663,0.06850706082164251,0.0441079523407816,0.12665735743424986,0.026540700839355585,0.2836683188424641,0.029859803873982103,0.08947522556961567,0.030093095348022972,0.22924305813117213,0.0,0.16498383663797528,0.09421774253695485,0.04811053442505612,0.0,0.46552058666138385,1
C14-2010-0116,0.19633441507763322,0.09930048376498414,0.19647534646060322,0.04959083963226701,0.03220418190753787,0.08031926001769368,0.0,0.11447387955813486,0.03159853889973326,0.11406488493753657,0.03278501795201772,0.0670795751840266,0.11338726771143415,0.032551131156003235,0.07974901219330893,0.21032578350342998,0.032512352849925916,0.08137782789000808,0.06289859488046674,0.2426835963501115,0.19624093638537402,0.11433734458845296,0.1489507256474762,0.1625617642496296,0.1268441293199346,0.05223436868993087,0.10209711869766414,0.09598160501399092,0.16976169824227533,0.22085406271955138,0.16275565578001616,0.27065235169946966,0.04033012569159008,0.1988389373647214,0.33952339648455065,0.05800136323513077,0.0,0.12142695405203728,0.046345674790100176,0.22015326963337759,0.04171322431961367,0.2222117835727646,0.0,0.1927403328311865,0.0,0.13296768875374995,0.10968273172852455,0.014001860739206388,0.027971136091347368,0.27423043562213706,1
C14-2010-0118,0.014899397741706216,0.01465275150395992,0.03106269317114012,0.012544474924482865,0.0264756516534989,0.028444529897113265,0.01658656472233664,0.0062051266017524595,0.043962331551459934,0.030914783991936624,0.01865988531262872,0.012726312789027642,0.016389936380061566,0.020585296174555245,0.02824258043585201,0.014324129335850942,0.012336463692272136,0.020585296174555245,0.019888497858529586,0.988364924173715,0.020683755339174867,0.030988628201389964,0.010466251074257086,0.049345854769088544,0.018048616819077854,0.00165164759531688,0.00922372785882888,0.0017342471861998053,0.00990988557190128,0.0,0.016468236939644196,0.0,0.018703463502872088,0.004191516824274528,0.00660659038126752,0.0018339996158673092,0.04824460943010157,0.004388014836027435,0.052756108145820546,0.005220924855284175,0.0070345047644141765,0.015809227261408564,0.0022154576882754858,0.04500507860663176,0.012248635475687338,0.0,0.0,0.007083807906522679,0.008844456403368128,0.02807800912038696,1
C14-2010-0122,0.05235185123906615,0.10402114472416486,0.07484204296445882,0.12278700005981952,0.018400986251288956,0.09178643963337862,0.16859580525407492,0.0560645630237563,0.1354119819417107,0.0837963816076973,0.10303076987749023,0.07665652518343676,0.1480863615056303,0.15809343668392412,0.11847521079573294,0.055466305993092366,0.14861656402419232,0.09299613922583772,0.10781793957168867,0.3512866046229183,0.14950550139668348,0.06533064282836376,0.05673880621318084,0.0464426762575601,0.07247683193363513,0.11192225394062895,0.06667058450787988,0.14102343951823662,0.17161412270896437,0.17208095054147515,0.0650972974580864,0.18042114073672944,0.030725371443762785,0.1420169810233846,0.4476890157625158,0.11599387982544766,0.016765373831786005,0.1585863755006441,0.03530829741585955,0.28303261742512215,0.015889540255070278,0.09522635878788852,0.0,0.22872932386023048,0.0830016581032868,0.0675339927976725,0.07162407644838871,0.04000226549681317,0.03995571849391887,0.24622895866938369,1
C14-2010-0125,0.09751259547362989,0.04931915731575559,0.036593471728539856,0.1108353401545041,0.07197622550026413,0.1077079465203503,0.061061993230147917,0.06091635487576994,0.10593392348186273,0.07283845401105812,0.061061993230147917,0.07496129918421128,0.12067624623127941,0.1212527596105342,0.047530331321807846,0.08437285508366801,0.03633249319900724,0.048501103844213675,0.05857421796135548,0.03615979503585772,0.048733083900615946,0.08518117844475391,0.04931915731575559,0.12110831066335746,0.059061698373579614,0.09728634805061355,0.06519619328063785,0.09193651130951787,0.1264722524657976,0.1794938181585119,0.16975386345474788,0.16802971905626707,0.07010708390800313,0.22220213876394454,0.5058890098631904,0.09722462159232835,0.06557845927569936,0.1550793061907804,0.10358240893159801,0.27677347313779965,0.08287013292847102,0.1655475003129492,0.1957443479748096,0.26509164265940016,0.12024609218612697,0.09906076150262047,0.04669342725525802,0.10431368705281133,0.11461153735916817,0.301587678956902,1
C14-2010-0126,0.019209768078063263,0.07286824608960808,0.7929717302962821,0.09704142065522191,0.0,0.0,0.04811631656969355,0.2400077741015499,0.13912500853876492,0.1913202155298989,0.24058158284846776,0.049224040072800124,0.04754591325099185,0.0,0.04681685668044535,0.047489337010962515,0.04771614474764489,0.047773057001101134,0.16154589996265575,0.09497867402192503,0.0,0.04794430253832764,0.14573649217921616,0.16700650661675712,0.0232700508594258,0.019165197830463006,0.0,0.0402473148687221,0.057495593491389024,0.05893314946518059,0.023886528500550567,0.0,0.07891966986921235,0.02431851969351951,0.07666079132185202,0.0,0.12918813077266228,0.025458570173783914,0.1360367203763745,0.02019398851450218,0.06121963115721421,0.02038280972491686,0.0,0.0652780924118799,0.0,0.043366118667574435,0.0,0.0,0.0615769697436945,0.09582598915231504,1
C14-2010-0132,0.1069320095207416,0.04916657711594629,0.03648026137516115,0.11049244544041895,0.07175355042903292,0.1073747271205153,0.06087308385628816,0.04858231685422718,0.11734021381319797,0.07261311143686014,0.048698467085030527,0.09963918546447238,0.1203029064022081,0.13296539982464262,0.04738328526820938,0.0720958527229075,0.036220090242963555,0.04835105448168822,0.05839300509465952,0.03604792636145375,0.04858231685422718,0.08491765080287061,0.04916657711594629,0.12073363414321184,0.05887897737368048,0.09698537027175078,0.0649944938044307,0.09165208448576727,0.126080981353276,0.17893851259106638,0.1692286906859088,0.16750988032618977,0.059905878392424984,0.22151470514634244,0.504323925413104,0.0969238347785155,0.06537557717138012,0.15459953255285333,0.10326195283478504,0.2759172104980528,0.08261375503945932,0.16503534089964125,0.1951387676415058,0.2642715204593028,0.11987408313790697,0.09875429416607287,0.04654897035761123,0.10399096857829518,0.11425696010719377,0.3006546478424274,1
C14-2010-0134,0.05820005402641885,0.0,0.14560457694522083,0.0,0.0477319558609785,0.3333302202143576,0.14577855456289152,0.04847695319279475,0.21075431469234202,0.21736689183864488,0.21866783184433727,0.09942309141868648,0.04801679903505525,0.0964923847483047,0.18912208810131817,0.19183864989833418,0.0,0.16886167330953322,0.04661309147942182,0.19183864989833418,0.0,0.19367653557991069,0.1226498658272756,0.16866050765353982,0.07050153920195787,0.07742002538342004,0.04323569065126664,0.02032295835343646,0.2129050698044051,0.0,0.04824619237415235,0.06685863625869289,0.1394772320184993,0.0,0.48387515864637526,0.06447575312807038,0.021744597621107344,0.1799749494579858,0.04579466749131598,0.0,0.04121729258143043,0.04116935447909125,0.0,0.0,0.0956912834724122,0.08759121710414683,0.09289603309655106,0.12451852384157595,0.0,0.23226007615026012,1
C14-2010-0135,0.0700980174845084,0.16249578873008125,0.04384270921766431,0.1475467058861264,0.17246970982160106,0.21507516489799322,0.11705358740706437,0.24814560862069338,0.04230654616899277,0.1454464875939617,0.14631698425883047,0.10477982370572936,0.2602483990052134,0.10169121598015936,0.09965581821765353,0.07220520055635206,0.07255005056154593,0.02905463313718839,0.08421346052483777,0.08664624066762247,0.1459680050709961,0.08747634390891326,0.07386172215003693,0.04353003033692755,0.07076193499494372,0.08159127316617708,0.0,0.17134337410487935,0.22146202716533778,0.017920990876619487,0.04358194970578259,0.053684461659603944,0.04799739014618918,0.07395022555479489,0.4778917428304657,0.10354222851286302,0.013094946471579523,0.1548340137788563,0.013789142708726452,0.18422379622428176,0.01241085830747548,0.08677496631506072,0.37523469073059434,0.15880340476255778,0.0,0.0,0.0,0.024995686021842937,0.049933201624828144,0.10490306549937052,1
C14-2010-0136,0.0700980174845084,0.16249578873008125,0.04384270921766431,0.1475467058861264,0.17246970982160106,0.21507516489799322,0.11705358740706437,0.24814560862069338,0.04230654616899277,0.1454464875939617,0.14631698425883047,0.10477982370572936,0.2602483990052134,0.10169121598015936,0.09965581821765353,0.07220520055635206,0.07255005056154593,0.02905463313718839,0.08421346052483777,0.08664624066762247,0.1459680050709961,0.08747634390891326,0.07386172215003693,0.04353003033692755,0.07076193499494372,0.08159127316617708,0.0,0.17134337410487935,0.22146202716533778,0.017920990876619487,0.04358194970578259,0.053684461659603944,0.04799739014618918,0.07395022555479489,0.4778917428304657,0.10354222851286302,0.013094946471579523,0.1548340137788563,0.013789142708726452,0.18422379622428176,0.01241085830747548,0.08677496631506072,0.37523469073059434,0.15880340476255778,0.0,0.0,0.0,0.024995686021842937,0.049933201624828144,0.10490306549937052,1
C14-2010-0138,0.5828648021052258,0.030081305874991474,0.13391705892862893,0.04506797426404599,0.02926704311050245,0.14598770136690095,0.08938471437050005,0.13375728566229586,0.05743327390601529,0.04442646496452148,0.1042821667655834,0.030480836687324382,0.0,0.0,0.05798048923168569,0.029406662347902554,0.059094215478886415,0.05916469864526372,0.10003352400546763,0.11762664939161022,0.11889536503315189,0.11875355648151742,0.04512195881248721,0.029547107739443208,0.17291322343380547,0.13054361054381314,0.10604055914980293,0.03738331402103019,0.08307320670969928,0.1094789274708753,0.07395587330657964,0.1776434620312658,0.03665187119662469,0.1505867511401698,0.37976323067291096,0.026355713726004513,0.013332788579856687,0.15764624736454552,0.01403959342880355,0.17506517772459693,0.012636275395799252,0.07572947204680626,0.15918751590537136,0.20210966746368833,0.0,0.09398709504950949,0.07119947623113404,0.025449679986168934,0.0,0.28482242300468325,1
C14-2010-0140,0.10638742052602605,0.10761559373649206,0.10646378679273183,0.2149736818422006,0.07852693216686499,0.05222696523253644,0.10659099650263928,0.21267353474831854,0.2825171340234818,0.10595684519456934,0.21318199300527857,0.10904491152488548,0.026331848707239584,0.10583058128211142,0.0,0.0,0.052852252421989994,0.15874587192316714,0.15337243180872207,0.026300515688458086,0.07975257553061944,0.2655248441961581,0.0,0.10570450484397999,0.07732443233203286,0.21228116370466002,0.11854972508173733,0.022289743398160863,0.042456232740932,0.03263832092921047,0.13228822660263928,0.14665796388892824,0.08741448696342133,0.10774454207635585,0.551931025632116,0.09428732225787365,0.0,0.05639779928759582,0.025113257864176324,0.20130880347057434,0.045206158435671565,0.06773037157641718,0.0,0.07230454673203562,0.0,0.09606798967109519,0.05094309362886271,0.022761498731943473,0.09094005297331745,0.191053047334194,1
C14-2010-0143,0.06370871032624956,0.06041642412390789,0.05229856509828587,0.07543017632659925,0.0832731233062266,0.08796215416289264,0.11968241086439703,0.05721104215140972,0.0817070600845845,0.07435648352437162,0.07480150679024815,0.08162514241040998,0.10594448818823796,0.08417025982195646,0.07035532400354075,0.06152233826517461,0.09890586755328197,0.06436549280502553,0.04783597270897881,0.9006870322021562,0.05223616892085235,0.052173865941627436,0.0805552321652105,0.09643322086444993,0.09164476096763433,0.003972555889159044,0.0044369966728357736,0.004171225079932236,0.011917667667477132,0.0030539109489711096,0.04208512991097823,0.0,0.02658247013073025,0.007561102119480748,0.007945111778318088,0.0022055752072618427,0.05578765242540392,0.007915566051137711,0.0798933319195822,0.0167432131321668,0.014804515795241885,0.03168706560973595,0.0,0.14432876243719497,0.007365128785806255,0.004494457391642819,0.0023833283541925083,0.006389261599262884,0.02978185931413377,0.08540995161691944,1
C14-2010-0155,0.06746070262623613,0.021324841353151706,0.04922540495196658,0.08519731204778595,0.07607455154828696,0.10349166968009275,0.12673085811293644,0.10535716133358118,0.03392903052833946,0.06998715940700619,0.03520301614248234,0.12244573821900219,0.11827136575348479,0.027961503567706755,0.04110276128243945,0.12507949194108567,0.02792819290521291,0.06990375891926688,0.06753756408360473,0.11118177061429838,0.0702381075557208,0.12627780003707786,0.14927388947206194,0.06982048226303227,0.15662917523328848,0.07291286297106012,0.1378169286318512,0.14134018322500705,0.14021704417511563,0.11210384284626787,0.11184601427082702,0.21957488161474842,0.06928735889434574,0.39142387971509846,0.27482540658322663,0.06850706082164251,0.0441079523407816,0.12665735743424986,0.026540700839355585,0.2836683188424641,0.029859803873982103,0.08947522556961567,0.030093095348022972,0.22924305813117213,0.0,0.16498383663797528,0.09421774253695485,0.04811053442505612,0.0,0.46552058666138385,1
C14-2010-0160,0.10212239533237957,0.08608444301299598,0.09935693066136057,0.057320966913501505,0.013959041069531906,0.06962945697428005,0.056843227798367015,0.15594604184382946,0.1095721800367388,0.1836413972932204,0.04263242084877526,0.2471454066020533,0.1685081093370614,0.19753198797576635,0.20740531269954748,0.07012816530224159,0.1409261908910657,0.05643771085021895,0.06815916576247312,0.1683075967253798,0.05670765157957435,0.11328003077178778,0.17216888602599195,0.09864833362374598,0.09621698285821693,0.10188545231323437,0.10115299414562649,0.13075429477471634,0.15848848137614235,0.15664932453656574,0.09876599398788317,0.2737359920780752,0.034962532660177174,0.2011043814750231,0.3282975685648663,0.12570470099389783,0.012718260786025153,0.15038010045022945,0.04017746388637506,0.25049425011701465,0.024107701833750304,0.08427882112299845,0.045555098898578686,0.21850002109376132,0.041976864300660936,0.11527083243806191,0.08150134544883292,0.012138333441887543,0.03637262749741145,0.2943357511271215,1
C14-2010-0161,0.10212239533237957,0.08608444301299598,0.09935693066136057,0.057320966913501505,0.013959041069531906,0.06962945697428005,0.056843227798367015,0.15594604184382946,0.1095721800367388,0.1836413972932204,0.04263242084877526,0.2471454066020533,0.1685081093370614,0.19753198797576635,0.20740531269954748,0.07012816530224159,0.1409261908910657,0.05643771085021895,0.06815916576247312,0.1683075967253798,0.05670765157957435,0.11328003077178778,0.17216888602599195,0.09864833362374598,0.09621698285821693,0.10188545231323437,0.10115299414562649,0.13075429477471634,0.15848848137614235,0.15664932453656574,0.09876599398788317,0.2737359920780752,0.034962532660177174,0.2011043814750231,0.3282975685648663,0.12570470099389783,0.012718260786025153,0.15038010045022945,0.04017746388637506,0.25049425011701465,0.024107701833750304,0.08427882112299845,0.045555098898578686,0.21850002109376132,0.041976864300660936,0.11527083243806191,0.08150134544883292,0.012138333441887543,0.03637262749741145,0.2943357511271215,1
C14-2010-0163,0.22706586360050357,0.2003085963949087,0.2642195981567121,0.1600551554901844,0.12992433130965128,0.1425773683299997,0.20501486102835573,0.15174500931251192,0.18484734748458018,0.2892576292175495,0.15210780011781233,0.18267213116471476,0.11762969596273348,0.15758887318270576,0.16730421216772925,0.18928900143424174,0.10493409124213987,0.24951571587261742,0.24106977809413258,0.18928900143424174,0.15174500931251192,0.13179480036853625,0.08012343855796349,0.19675142107901225,0.1535217264307219,0.0052683494979828775,0.0,0.005531821872111307,0.03687844648588014,0.03240044075161349,0.03939721829567644,0.0,0.032541516671085256,0.006684953745449808,0.026341747489914386,0.0,0.13021329128531878,0.020995031710222014,0.031162778918415998,0.005551155286461206,0.09536294330235719,0.03361836376488434,0.0,0.21533269320545217,0.0,0.011920976320350466,0.006321475185587131,0.016946703370903916,0.03385396806297015,0.2739541738951096,1
C14-2010-0166,0.9857428908487853,0.0,0.0,0.0,0.0,0.0,0.0,0.0,0.0,0.0,0.0,0.0,0.0,0.0,0.0,0.0,0.0,0.0,0.0,0.0,0.0,0.0,0.0,0.0,0.0,0.05673783365452521,0.031685593126083156,0.009929219429680532,0.01891261121817507,0.014539110860702186,0.0,0.08710727492020591,0.07787955266137109,0.011999007587441043,0.07565044487270028,0.010500339723658226,0.02124758388372881,0.01256152021301026,0.0,0.0,0.010068798430351657,0.010057087833673501,0.0,0.021472587860752998,0.023376019735450605,0.0,0.011346589909811928,0.020278736405418614,0.0,0.03782522243635014,1
C14-2010-0167,0.10212239533237957,0.08608444301299598,0.09935693066136057,0.057320966913501505,0.013959041069531906,0.06962945697428005,0.056843227798367015,0.15594604184382946,0.1095721800367388,0.1836413972932204,0.04263242084877526,0.2471454066020533,0.1685081093370614,0.19753198797576635,0.20740531269954748,0.07012816530224159,0.1409261908910657,0.05643771085021895,0.06815916576247312,0.1683075967253798,0.05670765157957435,0.11328003077178778,0.17216888602599195,0.09864833362374598,0.09621698285821693,0.10188545231323437,0.10115299414562649,0.13075429477471634,0.15848848137614235,0.15664932453656574,0.09876599398788317,0.2737359920780752,0.034962532660177174,0.2011043814750231,0.3282975685648663,0.12570470099389783,0.012718260786025153,0.15038010045022945,0.04017746388637506,0.25049425011701465,0.024107701833750304,0.08427882112299845,0.045555098898578686,0.21850002109376132,0.041976864300660936,0.11527083243806191,0.08150134544883292,0.012138333441887543,0.03637262749741145,0.2943357511271215,1
C14-2010-0168,0.10212239533237957,0.08608444301299598,0.09935693066136057,0.057320966913501505,0.013959041069531906,0.06962945697428005,0.056843227798367015,0.15594604184382946,0.1095721800367388,0.1836413972932204,0.04263242084877526,0.2471454066020533,0.1685081093370614,0.19753198797576635,0.20740531269954748,0.07012816530224159,0.1409261908910657,0.05643771085021895,0.06815916576247312,0.1683075967253798,0.05670765157957435,0.11328003077178778,0.17216888602599195,0.09864833362374598,0.09621698285821693,0.10188545231323437,0.10115299414562649,0.13075429477471634,0.15848848137614235,0.15664932453656574,0.09876599398788317,0.2737359920780752,0.034962532660177174,0.2011043814750231,0.3282975685648663,0.12570470099389783,0.012718260786025153,0.15038010045022945,0.04017746388637506,0.25049425011701465,0.024107701833750304,0.08427882112299845,0.045555098898578686,0.21850002109376132,0.041976864300660936,0.11527083243806191,0.08150134544883292,0.012138333441887543,0.03637262749741145,0.2943357511271215,1
C14-2010-0174,0.05820005402641885,0.0,0.14560457694522083,0.0,0.0477319558609785,0.3333302202143576,0.14577855456289152,0.04847695319279475,0.21075431469234202,0.21736689183864488,0.21866783184433727,0.09942309141868648,0.04801679903505525,0.0964923847483047,0.18912208810131817,0.19183864989833418,0.0,0.16886167330953322,0.04661309147942182,0.19183864989833418,0.0,0.19367653557991069,0.1226498658272756,0.16866050765353982,0.07050153920195787,0.07742002538342004,0.04323569065126664,0.02032295835343646,0.2129050698044051,0.0,0.04824619237415235,0.06685863625869289,0.1394772320184993,0.0,0.48387515864637526,0.06447575312807038,0.021744597621107344,0.1799749494579858,0.04579466749131598,0.0,0.04121729258143043,0.04116935447909125,0.0,0.0,0.0956912834724122,0.08759121710414683,0.09289603309655106,0.12451852384157595,0.0,0.23226007615026012,1
C14-2010-0190,0.0700980174845084,0.16249578873008125,0.04384270921766431,0.1475467058861264,0.17246970982160106,0.21507516489799322,0.11705358740706437,0.24814560862069338,0.04230654616899277,0.1454464875939617,0.14631698425883047,0.10477982370572936,0.2602483990052134,0.10169121598015936,0.09965581821765353,0.07220520055635206,0.07255005056154593,0.02905463313718839,0.08421346052483777,0.08664624066762247,0.1459680050709961,0.08747634390891326,0.07386172215003693,0.04353003033692755,0.07076193499494372,0.08159127316617708,0.0,0.17134337410487935,0.22146202716533778,0.017920990876619487,0.04358194970578259,0.053684461659603944,0.04799739014618918,0.07395022555479489,0.4778917428304657,0.10354222851286302,0.013094946471579523,0.1548340137788563,0.013789142708726452,0.18422379622428176,0.01241085830747548,0.08677496631506072,0.37523469073059434,0.15880340476255778,0.0,0.0,0.0,0.024995686021842937,0.049933201624828144,0.10490306549937052,1
C14-2010-0192,0.05820005402641885,0.0,0.14560457694522083,0.0,0.0477319558609785,0.3333302202143576,0.14577855456289152,0.04847695319279475,0.21075431469234202,0.21736689183864488,0.21866783184433727,0.09942309141868648,0.04801679903505525,0.0964923847483047,0.18912208810131817,0.19183864989833418,0.0,0.16886167330953322,0.04661309147942182,0.19183864989833418,0.0,0.19367653557991069,0.1226498658272756,0.16866050765353982,0.07050153920195787,0.07742002538342004,0.04323569065126664,0.02032295835343646,0.2129050698044051,0.0,0.04824619237415235,0.06685863625869289,0.1394772320184993,0.0,0.48387515864637526,0.06447575312807038,0.021744597621107344,0.1799749494579858,0.04579466749131598,0.0,0.04121729258143043,0.04116935447909125,0.0,0.0,0.0956912834724122,0.08759121710414683,0.09289603309655106,0.12451852384157595,0.0,0.23226007615026012,1
C14-2010-0195,0.1945519866331059,0.0702849864694492,0.27813091223697217,0.0,0.0,0.2046602030760049,0.06961581018915743,0.06944977021079601,0.13419287367894558,0.0,0.13923162037831485,0.14243698083115164,0.2063716120512012,0.17279793557801199,0.1354714425655641,0.10306302228815281,0.06903683225416862,0.0691191742312048,0.20033861116555207,0.0,0.0,0.0,0.0702849864694492,0.13807366450833725,0.20200591722877306,0.16637193403663672,0.061940955090424896,0.029115377404938126,0.055457311345545574,0.12789878484592987,0.0,0.3512080332921253,0.08563711568374495,0.10555380617798545,0.30501521240050067,0.0,0.12460826917947353,0.11050216113311932,0.06560703436750684,0.26295420648341333,0.059049327772459005,0.02949032498936694,0.0,0.22037369236216084,0.10281799717132813,0.0941146694415879,0.033271522481990945,0.208121165789672,0.02969699915614182,0.2218292453821823,1
C14-2010-0199,0.9969284083485324,0.0,0.0,0.0,0.0,0.0,0.0,0.0,0.0,0.0,0.0,0.0,0.0,0.0,0.0,0.0,0.0,0.0,0.0,0.0,0.0,0.0,0.0,0.0,0.0,0.0018695777224744055,0.002088154418887953,0.001963076090672368,0.018695777224744053,0.0,0.006990439954795984,0.0,0.03464399693703932,0.004744575356304662,0.005608733167423216,0.002075990565163084,0.035706764838652316,0.0,0.017693962713315782,0.00590981080215208,0.03185074935713655,0.007953426271983043,0.022570028350756298,0.021226403612505402,0.0207972112946357,0.0,0.0,0.010023119860642818,0.01001145686647564,0.013087044057320838,0
C14-2010-0200,0.05820005402641885,0.0,0.14560457694522083,0.0,0.0477319558609785,0.3333302202143576,0.14577855456289152,0.04847695319279475,0.21075431469234202,0.21736689183864488,0.21866783184433727,0.09942309141868648,0.04801679903505525,0.0964923847483047,0.18912208810131817,0.19183864989833418,0.0,0.16886167330953322,0.04661309147942182,0.19183864989833418,0.0,0.19367653557991069,0.1226498658272756,0.16866050765353982,0.07050153920195787,0.07742002538342004,0.04323569065126664,0.02032295835343646,0.2129050698044051,0.0,0.04824619237415235,0.06685863625869289,0.1394772320184993,0.0,0.48387515864637526,0.06447575312807038,0.021744597621107344,0.1799749494579858,0.04579466749131598,0.0,0.04121729258143043,0.04116935447909125,0.0,0.0,0.0956912834724122,0.08759121710414683,0.09289603309655106,0.12451852384157595,0.0,0.23226007615026012,1
C14-2010-0202,0.9665216710010135,0.0,0.0,0.0,0.0,0.0,0.0,0.0,0.0,0.0,0.0,0.0,0.0,0.0,0.0,0.0,0.0,0.0,0.0,0.0,0.0,0.0,0.0,0.0,0.0,0.04954794104386276,0.004256977423864731,0.03601789920974414,0.05717070120445703,0.04688010714582572,0.02375155208931355,0.057051695194926776,0.05100791529093204,0.05319842487321203,0.14864382313158828,0.04655397789038033,0.012845812305028813,0.05062942114741668,0.022544668849670966,0.08031951065340329,0.020291231775065477,0.024321158274469443,0.0,0.05192737863691,0.023554361412217027,0.030184747795995306,0.018293049547805633,0.016346758487782578,0.024491605874595528,0.08385036176653698,1
C14-2010-0203,0.9665216710010135,0.0,0.0,0.0,0.0,0.0,0.0,0.0,0.0,0.0,0.0,0.0,0.0,0.0,0.0,0.0,0.0,0.0,0.0,0.0,0.0,0.0,0.0,0.0,0.0,0.04954794104386276,0.004256977423864731,0.03601789920974414,0.05717070120445703,0.04688010714582572,0.02375155208931355,0.057051695194926776,0.05100791529093204,0.05319842487321203,0.14864382313158828,0.04655397789038033,0.012845812305028813,0.05062942114741668,0.022544668849670966,0.08031951065340329,0.020291231775065477,0.024321158274469443,0.0,0.05192737863691,0.023554361412217027,0.030184747795995306,0.018293049547805633,0.016346758487782578,0.024491605874595528,0.08385036176653698,1
C14-2010-0205,0.10638742052602605,0.10761559373649206,0.10646378679273183,0.2149736818422006,0.07852693216686499,0.05222696523253644,0.10659099650263928,0.21267353474831854,0.2825171340234818,0.10595684519456934,0.21318199300527857,0.10904491152488548,0.026331848707239584,0.10583058128211142,0.0,0.0,0.052852252421989994,0.15874587192316714,0.15337243180872207,0.026300515688458086,0.07975257553061944,0.2655248441961581,0.0,0.10570450484397999,0.07732443233203286,0.21228116370466002,0.11854972508173733,0.022289743398160863,0.042456232740932,0.03263832092921047,0.13228822660263928,0.14665796388892824,0.08741448696342133,0.10774454207635585,0.551931025632116,0.09428732225787365,0.0,0.05639779928759582,0.025113257864176324,0.20130880347057434,0.045206158435671565,0.06773037157641718,0.0,0.07230454673203562,0.0,0.09606798967109519,0.05094309362886271,0.022761498731943473,0.09094005297331745,0.191053047334194,1
C14-2010-0206,0.06065745416903671,0.12271540963525931,0.07587624359289757,0.04596322169511943,0.14924207409093737,0.08933259405059439,0.12154704857439606,0.1515714348930864,0.13179183832277366,0.21144185631416432,0.06077352428719803,0.062172639307194175,0.21018575857439092,0.12067993757272791,0.11826447157060244,0.08997242251612292,0.1506702137887133,0.09050995317954594,0.02914875088060932,0.08997242251612292,0.1515714348930864,0.060556261211837444,0.13805483583966674,0.06026808551548531,0.0881740188292215,0.14524012212757997,0.12166536292182047,0.1397950049095375,0.21786018319136996,0.05582682932237028,0.07542496098295494,0.25085387010414434,0.09967983452322637,0.1996514829441247,0.36310030531894993,0.05375850735265307,0.0271952723554739,0.17685557180858108,0.05727392507120041,0.15303663359150346,0.06443643595060071,0.06436149263755149,0.1298797419522103,0.30231586145045247,0.029919506461124654,0.12324097357084533,0.08713657174155506,0.02595522213669411,0.012962510201122232,0.3146869312764233,1
C14-2010-0207,0.15776075613828217,0.269294626550572,0.18747537363421793,0.14942913258785823,0.08733505428515556,0.26138295780077847,0.21733612553660867,0.2463838173856285,0.19994940229027686,0.1669424019221563,0.16794155155101578,0.2021269010252669,0.15618885548810613,0.07846751262070233,0.19224237064993474,0.18525356476622729,0.18613833057644003,0.2059772206293436,0.18952860132393737,0.15600300190840194,0.1675409958222274,0.196871960927175,0.23937300137828627,0.2253253475399011,0.2197718329886693,0.007869736086835779,0.026369415918358147,0.01652660979670005,0.06295788869468623,0.0,0.05885063446552675,0.0,0.09721949850322556,0.00998582606365371,0.015739472173671557,0.0,0.06188939909102092,0.010453960882021744,0.10241049137141156,0.016584369392432793,0.03351786189408481,0.050218318014433,0.0,0.12508956942147495,0.0,0.035614545912148125,0.028328611119535274,0.008438195119867346,0.008428376358659973,0.08656709695519356,1
C14-2011-0006,0.17528021187324216,0.05540740853609241,0.14617169189732504,0.12912927610430827,0.0718768004290748,0.1075591630828192,0.14634634714004283,0.1094979734393188,0.1763126510143451,0.0909222973649812,0.12805305374753748,0.16842993896690076,0.09038216167848084,0.07265115954686147,0.10679551836389237,0.1624943040535761,0.0725646099001448,0.12713952920700755,0.05264397529728512,0.1624943040535761,0.09124831119943234,0.1093673733186496,0.07387654471478988,0.09070576237518098,0.08847016936830929,0.11658235270948124,0.11393573427955797,0.1530158565000824,0.21859191133027733,0.13443440444773658,0.07265115954686147,0.18457737049559708,0.10501536119106683,0.1849126647010108,0.4080382344831843,0.0485451596997015,0.03274393591109021,0.13550695012478878,0.0,0.15355063853468387,0.04655005844089342,0.09299183604499847,0.0,0.24818011471512813,0.0540359950756656,0.18136052538938444,0.08742923780167312,0.09375263307825901,0.031214513884944926,0.3351742640397586,1
C14-2011-0007,0.5828648021052258,0.030081305874991474,0.13391705892862893,0.04506797426404599,0.02926704311050245,0.14598770136690095,0.08938471437050005,0.13375728566229586,0.05743327390601529,0.04442646496452148,0.1042821667655834,0.030480836687324382,0.0,0.0,0.05798048923168569,0.029406662347902554,0.059094215478886415,0.05916469864526372,0.10003352400546763,0.11762664939161022,0.11889536503315189,0.11875355648151742,0.04512195881248721,0.029547107739443208,0.17291322343380547,0.13054361054381314,0.10604055914980293,0.03738331402103019,0.08307320670969928,0.1094789274708753,0.07395587330657964,0.1776434620312658,0.03665187119662469,0.1505867511401698,0.37976323067291096,0.026355713726004513,0.013332788579856687,0.15764624736454552,0.01403959342880355,0.17506517772459693,0.012636275395799252,0.07572947204680626,0.15918751590537136,0.20210966746368833,0.0,0.09398709504950949,0.07119947623113404,0.025449679986168934,0.0,0.28482242300468325,1
C14-2011-0008,0.5828648021052258,0.030081305874991474,0.13391705892862893,0.04506797426404599,0.02926704311050245,0.14598770136690095,0.08938471437050005,0.13375728566229586,0.05743327390601529,0.04442646496452148,0.1042821667655834,0.030480836687324382,0.0,0.0,0.05798048923168569,0.029406662347902554,0.059094215478886415,0.05916469864526372,0.10003352400546763,0.11762664939161022,0.11889536503315189,0.11875355648151742,0.04512195881248721,0.029547107739443208,0.17291322343380547,0.13054361054381314,0.10604055914980293,0.03738331402103019,0.08307320670969928,0.1094789274708753,0.07395587330657964,0.1776434620312658,0.03665187119662469,0.1505867511401698,0.37976323067291096,0.026355713726004513,0.013332788579856687,0.15764624736454552,0.01403959342880355,0.17506517772459693,0.012636275395799252,0.07572947204680626,0.15918751590537136,0.20210966746368833,0.0,0.09398709504950949,0.07119947623113404,0.025449679986168934,0.0,0.28482242300468325,1
C14-2011-0009,0.5828648021052258,0.030081305874991474,0.13391705892862893,0.04506797426404599,0.02926704311050245,0.14598770136690095,0.08938471437050005,0.13375728566229586,0.05743327390601529,0.04442646496452148,0.1042821667655834,0.030480836687324382,0.0,0.0,0.05798048923168569,0.029406662347902554,0.059094215478886415,0.05916469864526372,0.10003352400546763,0.11762664939161022,0.11889536503315189,0.11875355648151742,0.04512195881248721,0.029547107739443208,0.17291322343380547,0.13054361054381314,0.10604055914980293,0.03738331402103019,0.08307320670969928,0.1094789274708753,0.07395587330657964,0.1776434620312658,0.03665187119662469,0.1505867511401698,0.37976323067291096,0.026355713726004513,0.013332788579856687,0.15764624736454552,0.01403959342880355,0.17506517772459693,0.012636275395799252,0.07572947204680626,0.15918751590537136,0.20210966746368833,0.0,0.09398709504950949,0.07119947623113404,0.025449679986168934,0.0,0.28482242300468325,1
C14-2011-0015,0.17528021187324216,0.05540740853609241,0.14617169189732504,0.12912927610430827,0.0718768004290748,0.1075591630828192,0.14634634714004283,0.1094979734393188,0.1763126510143451,0.0909222973649812,0.12805305374753748,0.16842993896690076,0.09038216167848084,0.07265115954686147,0.10679551836389237,0.1624943040535761,0.0725646099001448,0.12713952920700755,0.05264397529728512,0.1624943040535761,0.09124831119943234,0.1093673733186496,0.07387654471478988,0.09070576237518098,0.08847016936830929,0.11658235270948124,0.11393573427955797,0.1530158565000824,0.21859191133027733,0.13443440444773658,0.07265115954686147,0.18457737049559708,0.10501536119106683,0.1849126647010108,0.4080382344831843,0.0485451596997015,0.03274393591109021,0.13550695012478878,0.0,0.15355063853468387,0.04655005844089342,0.09299183604499847,0.0,0.24818011471512813,0.0540359950756656,0.18136052538938444,0.08742923780167312,0.09375263307825901,0.031214513884944926,0.3351742640397586,1
C14-2011-0016,0.01912439876458178,0.0483629436104343,0.011961329065882893,0.09661016300406554,0.03529036508952209,0.02347103878523477,0.0,0.0,0.0461689096680553,0.0,0.023951242446609684,0.024502642804704104,0.047334616479651724,0.011890187697469927,0.08156539978721676,0.047278291667684984,0.023752045728874523,0.0,0.045950851627959095,0.023639145833842492,0.04778823315164635,0.02386561765104795,0.060453679513042875,0.0,0.0694999122476588,0.10494014624348022,0.12786430226532583,0.13022247383633462,0.2003402791920986,0.1466781179039674,0.16646262776457899,0.1977262938756486,0.1178534194802315,0.16947312755952024,0.5151607179225393,0.1271194710137098,0.08574267419600634,0.24078159283388292,0.07900209646692902,0.3417721695701093,0.05078963966463198,0.16233781877545966,0.0,0.2599519712685414,0.12970619981186135,0.14031354071673255,0.08012921340110665,0.06137473435443244,0.06130331815082117,0.352980491909888,1
C14-2011-0043,0.008656939525162145,0.03420655559295112,0.018950648474496973,0.01913275301671881,0.01464347612430348,0.007968382399535108,0.0230389973261901,0.9896660341931967,0.028736171672959904,0.01481889547317527,0.03252564328403309,0.015250785759066228,0.0254442160174262,0.013455669522857686,0.02637269587234264,0.00802545448993642,0.01343963972442359,0.018837937332000763,0.041600653549396904,0.014713333231550099,0.009464019452667182,0.022956633772800345,0.025996982250642852,0.010751711779538872,0.019662596480102185,0.0064776403571817995,0.0012058260691005932,0.0022671966252586205,0.014034887440560567,0.0033198000417949793,0.008073401713714613,0.0,0.02000552941231722,0.0054796068716902535,0.005398033630984833,0.0023976038553831136,0.03517399010315608,0.0028682452268023973,0.02554389813370752,0.0011375601766211534,0.022990675131486196,0.005740983910647575,0.0,0.04044943083346046,0.0,0.0,0.0,0.002315181121158557,0.008093705043127043,0.0680152237504089,1
C14-2011-0047,0.009088394415973757,0.011491642484028093,0.0,0.01147789372075019,0.02236115661921057,0.04461610750930103,0.011382231712849423,0.0,0.010970312478420195,0.02262902877612636,0.03414669513854827,0.011644271006066432,0.0,0.02260206280046759,0.011074835914179898,0.0,0.0,0.0,0.021836998301782415,0.0,0.011355084064891711,0.0,0.03447492745208428,0.02257513686339171,0.022018735409069342,0.10880769173407323,0.11140126525607044,0.13329074518602774,0.21761538346814646,0.18123332245347507,0.2260206280046759,0.21925049724701764,0.037337935785331754,0.3106461274080913,0.41709615164728076,0.05034196999446615,0.05093383921281946,0.22885091559934154,0.08581435339297616,0.2101889256301087,0.038618418969362446,0.20251089341593967,0.036487631786475724,0.27795533154569246,0.10086486947794734,0.1333610343136291,0.13055799042210647,0.009722271531340603,0.2039301307480025,0.42616345929178684,1
C14-2011-0049,0.0936931969351166,0.11846852954264497,0.12892062029538096,0.05916339606083019,0.1844187789331287,0.05749400768743203,0.10560654233963308,0.22241539591524848,0.06785645079446727,0.20995649586477352,0.05867030129979616,0.2400839854880701,0.10435461105058924,0.08155245013175595,0.10275446479928825,0.16213623458458626,0.2094564762985271,0.15145455024468962,0.112559935711235,0.05790579806592367,0.14047288163068325,0.14030533720300592,0.05923426477132249,0.26763883082589573,0.17024506352724592,0.046737905614815674,0.06264257193435713,0.07852046069022629,0.17760404133629956,0.25869503685669004,0.08155245013175595,0.053816095866126866,0.07698412746122014,0.3083872537370787,0.2149943658281521,0.03113883416307183,0.010501644206023281,0.12417093320885673,0.1327003551613526,0.05909616404860287,0.029859095305050463,0.0795316465201254,0.06269246092316164,0.06367711617382144,0.09242900973890851,0.05287817999833879,0.0,0.06013674096108042,0.020022255099310746,0.36455566379556226,1
C14-2011-0050,0.01912439876458178,0.0483629436104343,0.011961329065882893,0.09661016300406554,0.03529036508952209,0.02347103878523477,0.0,0.0,0.0461689096680553,0.0,0.023951242446609684,0.024502642804704104,0.047334616479651724,0.011890187697469927,0.08156539978721676,0.047278291667684984,0.023752045728874523,0.0,0.045950851627959095,0.023639145833842492,0.04778823315164635,0.02386561765104795,0.060453679513042875,0.0,0.0694999122476588,0.10494014624348022,0.12786430226532583,0.13022247383633462,0.2003402791920986,0.1466781179039674,0.16646262776457899,0.1977262938756486,0.1178534194802315,0.16947312755952024,0.5151607179225393,0.1271194710137098,0.08574267419600634,0.24078159283388292,0.07900209646692902,0.3417721695701093,0.05078963966463198,0.16233781877545966,0.0,0.2599519712685414,0.12970619981186135,0.14031354071673255,0.08012921340110665,0.06137473435443244,0.06130331815082117,0.352980491909888,1
C14-2011-0051,0.06065745416903671,0.12271540963525931,0.07587624359289757,0.04596322169511943,0.14924207409093737,0.08933259405059439,0.12154704857439606,0.1515714348930864,0.13179183832277366,0.21144185631416432,0.06077352428719803,0.062172639307194175,0.21018575857439092,0.12067993757272791,0.11826447157060244,0.08997242251612292,0.1506702137887133,0.09050995317954594,0.02914875088060932,0.08997242251612292,0.1515714348930864,0.060556261211837444,0.13805483583966674,0.06026808551548531,0.0881740188292215,0.14524012212757997,0.12166536292182047,0.1397950049095375,0.21786018319136996,0.05582682932237028,0.07542496098295494,0.25085387010414434,0.09967983452322637,0.1996514829441247,0.36310030531894993,0.05375850735265307,0.0271952723554739,0.17685557180858108,0.05727392507120041,0.15303663359150346,0.06443643595060071,0.06436149263755149,0.1298797419522103,0.30231586145045247,0.029919506461124654,0.12324097357084533,0.08713657174155506,0.02595522213669411,0.012962510201122232,0.3146869312764233,1
C14-2011-0055,0.14362167771841705,0.09079981005201118,0.16169036761868227,0.05441470552654941,0.1413471591299205,0.03525287262230094,0.16188356556306543,0.14355329660139343,0.13868893546052669,0.08940025402763589,0.07194825136136242,0.05520347141052191,0.17773832047352417,0.05357623190727872,0.0,0.08876341228500399,0.17837468768656062,0.14286995175274322,0.10352542557761076,0.08876341228500399,0.12560913452621925,0.14338207810967407,0.09079981005201118,0.16053721891790457,0.06959133981091928,0.11463075889436665,0.12803250854366563,0.16549980061651648,0.15761729347975414,0.1101533054046223,0.08929371984546451,0.21448527103779091,0.08850634228538777,0.18181721839734824,0.4585230355774666,0.11137586027920075,0.03219580095480025,0.1713067170426549,0.10170774541561194,0.22647029093427165,0.07628468062334742,0.09143514853729465,0.019220171181299588,0.2277571972289389,0.01771047669787978,0.1134792540363835,0.06877253475051393,0.030727736598027793,0.046037972282990954,0.2435903626505291,1
C14-2011-0056,0.06065745416903671,0.12271540963525931,0.07587624359289757,0.04596322169511943,0.14924207409093737,0.08933259405059439,0.12154704857439606,0.1515714348930864,0.13179183832277366,0.21144185631416432,0.06077352428719803,0.062172639307194175,0.21018575857439092,0.12067993757272791,0.11826447157060244,0.08997242251612292,0.1506702137887133,0.09050995317954594,0.02914875088060932,0.08997242251612292,0.1515714348930864,0.060556261211837444,0.13805483583966674,0.06026808551548531,0.0881740188292215,0.14524012212757997,0.12166536292182047,0.1397950049095375,0.21786018319136996,0.05582682932237028,0.07542496098295494,0.25085387010414434,0.09967983452322637,0.1996514829441247,0.36310030531894993,0.05375850735265307,0.0271952723554739,0.17685557180858108,0.05727392507120041,0.15303663359150346,0.06443643595060071,0.06436149263755149,0.1298797419522103,0.30231586145045247,0.029919506461124654,0.12324097357084533,0.08713657174155506,0.02595522213669411,0.012962510201122232,0.3146869312764233,1
C14-2011-0060,0.23473088809710532,0.0,0.0030745992272920722,0.0,0.0,0.0,0.0030782729541767545,0.9688787292024129,0.0,0.0,0.0,0.0,0.003041781027235737,0.0,0.0,0.0,0.0,0.0030563126978314886,0.0,0.0030381615251219574,0.0,0.0,0.0,0.0,0.0,0.0012261061184413316,0.004108359141967482,0.0025748484021874962,0.012261061184413315,0.0018851434714496171,0.0045844690467472336,0.0014117929236257163,0.013884578709125819,0.0015557932692072786,0.0036783183553239945,0.0013614757510076083,0.04958937308288668,0.0016287287474397198,0.01160405137559948,0.001291923678137526,0.020888352591215183,0.003912010917260999,0.0,0.03758587951607171,0.0015154692544463422,0.008323127770721472,0.002942401374696582,0.017090737625993717,0.003939427081614246,0.029426546842591956,0
C14-2011-0061,0.08912855545957693,0.11269685794656271,0.15608693290692838,0.1800992413359129,0.17543407529696714,0.19689463988213202,0.08929910600617441,0.20044376908694744,0.12910110095000787,0.13315174632327473,0.11162388250771801,0.04567746542013774,0.06618037056220161,0.1773241006593333,0.19549673432372586,0.11016936774873468,0.11069553354770235,0.2659861509889999,0.08566090005030086,0.0661016206492408,0.1113576494927486,0.11122483130438958,0.06761811476793764,0.04427821341908095,0.12956071162191432,0.07113740845947385,0.07945424896606361,0.14939004035024722,0.16005916903381617,0.13671759229912722,0.13299307549449996,0.10238845598029178,0.054925151705674045,0.18053103170350762,0.35568704229736925,0.07899141448720488,0.0,0.16537002446924703,0.02103922047598032,0.16865116915057485,0.0,0.17022811953231806,0.11927629034062946,0.20191609658115187,0.04396297911732598,0.10060401294337722,0.08535754177199455,0.0,0.03809358058900553,0.30233398595276384,1
C14-2011-0063,0.08720016938863454,0.04410341916497971,0.0436313813991316,0.11012663302937482,0.07509179228872746,0.16052885502393782,0.05460439368898223,0.0,0.09473090144666639,0.05427953090675487,0.04368351495118579,0.022344593723871032,0.04316566105718248,0.054214848479431914,0.06375565518836582,0.10778574251083274,0.03249015725482984,0.02168593939177277,0.03142782757383331,0.0754500197575829,0.043579325832973456,0.08705469603948733,0.14333611228618406,0.03249015725482984,0.06337876756381904,0.12179698820664679,0.13603655845574786,0.03653945908902522,0.08699784871903343,0.10700765558617985,0.17348751513418215,0.2303983107931605,0.0716490543011726,0.28701572411699905,0.4088898889794571,0.04830147229481421,0.10751257315773108,0.20801838525821442,0.051460039373755505,0.24750334685146919,0.04631638606224672,0.1387875522551536,0.12836519042558522,0.26668904191325804,0.0967765405117176,0.147641015686902,0.11482727489817009,0.07462561025169732,0.05590408140555064,0.43498924359516716,1
C14-2011-0065,0.01422084253549637,0.0,0.0,0.0,0.0,0.0,0.0,0.0,0.0,0.035408218462758045,0.0,0.0,0.0,0.0,0.0,0.0,0.0,0.0,0.0,0.035155988401506286,0.0,0.0,0.0,0.0,0.0,0.02837569505275664,0.06338632761948945,0.029794775496443337,0.2553812554748097,0.043627754133182685,0.31829421701607635,0.0,0.2629062917996769,0.16202530611889487,0.04256354257913496,0.0,0.526003349826544,0.03769356466450029,0.01678448842325304,0.044848359906484246,0.24170890038305537,0.21124930654631355,0.019031042682179804,0.5315735288307389,0.03507240750145193,0.0,0.03404790289984888,0.0912761173468859,0.19753479984305755,0.09931493268464824,1
C14-2011-0069,0.08720016938863454,0.04410341916497971,0.0436313813991316,0.11012663302937482,0.07509179228872746,0.16052885502393782,0.05460439368898223,0.0,0.09473090144666639,0.05427953090675487,0.04368351495118579,0.022344593723871032,0.04316566105718248,0.054214848479431914,0.06375565518836582,0.10778574251083274,0.03249015725482984,0.02168593939177277,0.03142782757383331,0.0754500197575829,0.043579325832973456,0.08705469603948733,0.14333611228618406,0.03249015725482984,0.06337876756381904,0.12179698820664679,0.13603655845574786,0.03653945908902522,0.08699784871903343,0.10700765558617985,0.17348751513418215,0.2303983107931605,0.0716490543011726,0.28701572411699905,0.4088898889794571,0.04830147229481421,0.10751257315773108,0.20801838525821442,0.051460039373755505,0.24750334685146919,0.04631638606224672,0.1387875522551536,0.12836519042558522,0.26668904191325804,0.0967765405117176,0.147641015686902,0.11482727489817009,0.07462561025169732,0.05590408140555064,0.43498924359516716,1
C14-2011-0073,0.08720016938863454,0.04410341916497971,0.0436313813991316,0.11012663302937482,0.07509179228872746,0.16052885502393782,0.05460439368898223,0.0,0.09473090144666639,0.05427953090675487,0.04368351495118579,0.022344593723871032,0.04316566105718248,0.054214848479431914,0.06375565518836582,0.10778574251083274,0.03249015725482984,0.02168593939177277,0.03142782757383331,0.0754500197575829,0.043579325832973456,0.08705469603948733,0.14333611228618406,0.03249015725482984,0.06337876756381904,0.12179698820664679,0.13603655845574786,0.03653945908902522,0.08699784871903343,0.10700765558617985,0.17348751513418215,0.2303983107931605,0.0716490543011726,0.28701572411699905,0.4088898889794571,0.04830147229481421,0.10751257315773108,0.20801838525821442,0.051460039373755505,0.24750334685146919,0.04631638606224672,0.1387875522551536,0.12836519042558522,0.26668904191325804,0.0967765405117176,0.147641015686902,0.11482727489817009,0.07462561025169732,0.05590408140555064,0.43498924359516716,1
C14-2011-0074,0.08720016938863454,0.04410341916497971,0.0436313813991316,0.11012663302937482,0.07509179228872746,0.16052885502393782,0.05460439368898223,0.0,0.09473090144666639,0.05427953090675487,0.04368351495118579,0.022344593723871032,0.04316566105718248,0.054214848479431914,0.06375565518836582,0.10778574251083274,0.03249015725482984,0.02168593939177277,0.03142782757383331,0.0754500197575829,0.043579325832973456,0.08705469603948733,0.14333611228618406,0.03249015725482984,0.06337876756381904,0.12179698820664679,0.13603655845574786,0.03653945908902522,0.08699784871903343,0.10700765558617985,0.17348751513418215,0.2303983107931605,0.0716490543011726,0.28701572411699905,0.4088898889794571,0.04830147229481421,0.10751257315773108,0.20801838525821442,0.051460039373755505,0.24750334685146919,0.04631638606224672,0.1387875522551536,0.12836519042558522,0.26668904191325804,0.0967765405117176,0.147641015686902,0.11482727489817009,0.07462561025169732,0.05590408140555064,0.43498924359516716,1
C14-2011-0075,0.08720016938863454,0.04410341916497971,0.0436313813991316,0.11012663302937482,0.07509179228872746,0.16052885502393782,0.05460439368898223,0.0,0.09473090144666639,0.05427953090675487,0.04368351495118579,0.022344593723871032,0.04316566105718248,0.054214848479431914,0.06375565518836582,0.10778574251083274,0.03249015725482984,0.02168593939177277,0.03142782757383331,0.0754500197575829,0.043579325832973456,0.08705469603948733,0.14333611228618406,0.03249015725482984,0.06337876756381904,0.12179698820664679,0.13603655845574786,0.03653945908902522,0.08699784871903343,0.10700765558617985,0.17348751513418215,0.2303983107931605,0.0716490543011726,0.28701572411699905,0.4088898889794571,0.04830147229481421,0.10751257315773108,0.20801838525821442,0.051460039373755505,0.24750334685146919,0.04631638606224672,0.1387875522551536,0.12836519042558522,0.26668904191325804,0.0967765405117176,0.147641015686902,0.11482727489817009,0.07462561025169732,0.05590408140555064,0.43498924359516716,1
C14-2011-0076,0.08720016938863454,0.04410341916497971,0.0436313813991316,0.11012663302937482,0.07509179228872746,0.16052885502393782,0.05460439368898223,0.0,0.09473090144666639,0.05427953090675487,0.04368351495118579,0.022344593723871032,0.04316566105718248,0.054214848479431914,0.06375565518836582,0.10778574251083274,0.03249015725482984,0.02168593939177277,0.03142782757383331,0.0754500197575829,0.043579325832973456,0.08705469603948733,0.14333611228618406,0.03249015725482984,0.06337876756381904,0.12179698820664679,0.13603655845574786,0.03653945908902522,0.08699784871903343,0.10700765558617985,0.17348751513418215,0.2303983107931605,0.0716490543011726,0.28701572411699905,0.4088898889794571,0.04830147229481421,0.10751257315773108,0.20801838525821442,0.051460039373755505,0.24750334685146919,0.04631638606224672,0.1387875522551536,0.12836519042558522,0.26668904191325804,0.0967765405117176,0.147641015686902,0.11482727489817009,0.07462561025169732,0.05590408140555064,0.43498924359516716,1
C14-2011-0079,0.06373871748455447,0.17126049502491208,0.0647811023036365,0.5181978366111116,0.08821307161301321,0.08800358482867274,0.05986939097410268,0.16424814197972443,0.06251129878586112,0.11902640934929384,0.1746190570077995,0.15822320234727236,0.15775909005954236,0.0990704758639159,0.13592254683531327,0.15757136801287766,0.10884769804609495,0.17337333276185285,0.06700190520692854,0.1624954732632801,0.0796354627780482,0.10936816025942842,0.045333660447770846,0.09400483013071836,0.09168792616178266,0.06756525874780636,0.10209899003001886,0.10015655400567525,0.16295150639176828,0.1405460704717132,0.07430285689793693,0.15101893521945098,0.053189981245189845,0.14625015985545212,0.26628660800606035,0.07061164945600358,0.06251160016775226,0.13198823878245503,0.02350910650736189,0.17588654242996205,0.046550393386665015,0.06340398078914929,0.042649169693292605,0.20305791856436645,0.05403638388566222,0.1124143576542689,0.09537803660622131,0.0596611957867609,0.05107866297628938,0.23051676513957464,1
C14-2011-0080,0.0936931969351166,0.11846852954264497,0.12892062029538096,0.05916339606083019,0.1844187789331287,0.05749400768743203,0.10560654233963308,0.22241539591524848,0.06785645079446727,0.20995649586477352,0.05867030129979616,0.2400839854880701,0.10435461105058924,0.08155245013175595,0.10275446479928825,0.16213623458458626,0.2094564762985271,0.15145455024468962,0.112559935711235,0.05790579806592367,0.14047288163068325,0.14030533720300592,0.05923426477132249,0.26763883082589573,0.17024506352724592,0.046737905614815674,0.06264257193435713,0.07852046069022629,0.17760404133629956,0.25869503685669004,0.08155245013175595,0.053816095866126866,0.07698412746122014,0.3083872537370787,0.2149943658281521,0.03113883416307183,0.010501644206023281,0.12417093320885673,0.1327003551613526,0.05909616404860287,0.029859095305050463,0.0795316465201254,0.06269246092316164,0.06367711617382144,0.09242900973890851,0.05287817999833879,0.0,0.06013674096108042,0.020022255099310746,0.36455566379556226,1
C14-2011-0081,0.10786570932936156,0.15912013310886794,0.14617299765641878,0.19866219941944993,0.13269681693813615,0.15444530613327656,0.10694636287413357,0.15722926382187802,0.10850106216870546,0.1566675118890179,0.17449143416306004,0.13820015881849257,0.1557368082383305,0.1732466203725628,0.16430226519021937,0.17221772390854714,0.15071245917950166,0.12853781511512724,0.09179031535032853,0.16666231345988433,0.15722926382187802,0.17386763381488224,0.07956006655443397,0.08931108692118617,0.1143317017361632,0.07174362716647145,0.12019701317614098,0.10828911194351395,0.1838430446140831,0.15856507298523814,0.06706320788615334,0.17038063323189617,0.036928808544556754,0.16500046706214988,0.2959424620616948,0.07966456345609972,0.0705260304308445,0.10125884529487962,0.02652314060895662,0.2031611212012935,0.05729289141527698,0.057226256458928336,0.054131732518662316,0.22909138312671343,0.06096423134372057,0.1268266751693021,0.10760617699872321,0.06731018400274887,0.0576273096475778,0.25558667178055455,1
C14-2011-0082,0.009088394415973757,0.011491642484028093,0.0,0.01147789372075019,0.02236115661921057,0.04461610750930103,0.011382231712849423,0.0,0.010970312478420195,0.02262902877612636,0.03414669513854827,0.011644271006066432,0.0,0.02260206280046759,0.011074835914179898,0.0,0.0,0.0,0.021836998301782415,0.0,0.011355084064891711,0.0,0.03447492745208428,0.02257513686339171,0.022018735409069342,0.10880769173407323,0.11140126525607044,0.13329074518602774,0.21761538346814646,0.18123332245347507,0.2260206280046759,0.21925049724701764,0.037337935785331754,0.3106461274080913,0.41709615164728076,0.05034196999446615,0.05093383921281946,0.22885091559934154,0.08581435339297616,0.2101889256301087,0.038618418969362446,0.20251089341593967,0.036487631786475724,0.27795533154569246,0.10086486947794734,0.1333610343136291,0.13055799042210647,0.009722271531340603,0.2039301307480025,0.42616345929178684,1
C14-2011-0083,0.10659655318530242,0.17971190115930358,0.13889722600278182,0.1794968913040374,0.1529914121078208,0.15807909415546736,0.11681307897046944,0.12208372969517839,0.12330809497700981,0.15482415002244665,0.15575077196062592,0.1365740852334307,0.14840781149095927,0.1822538769671394,0.18943058427455886,0.1482312167977242,0.121357838079918,0.15463965318423947,0.1013821039286312,0.16470135199747132,0.14983003189862804,0.19953510271534478,0.08423995366842355,0.093776511243573,0.12912738998104348,0.07089948618986705,0.10888420214160913,0.1070149740120777,0.1816799333615343,0.156699384270413,0.07179698183553976,0.16837592173609844,0.04105608904474553,0.16305905901091158,0.2880291626463349,0.07872722414036432,0.06969621579008506,0.1236127027254031,0.026211067318261273,0.20077071198960184,0.05661877889515638,0.06126567196833932,0.059438682705187894,0.22639587648003226,0.06024692155862963,0.125334422858327,0.10634007453181561,0.06651820725577368,0.05694926233708825,0.25257941955140134,1
C14-2011-0084,0.01912439876458178,0.0483629436104343,0.011961329065882893,0.09661016300406554,0.03529036508952209,0.02347103878523477,0.0,0.0,0.0461689096680553,0.0,0.023951242446609684,0.024502642804704104,0.047334616479651724,0.011890187697469927,0.08156539978721676,0.047278291667684984,0.023752045728874523,0.0,0.045950851627959095,0.023639145833842492,0.04778823315164635,0.02386561765104795,0.060453679513042875,0.0,0.0694999122476588,0.10494014624348022,0.12786430226532583,0.13022247383633462,0.2003402791920986,0.1466781179039674,0.16646262776457899,0.1977262938756486,0.1178534194802315,0.16947312755952024,0.5151607179225393,0.1271194710137098,0.08574267419600634,0.24078159283388292,0.07900209646692902,0.3417721695701093,0.05078963966463198,0.16233781877545966,0.0,0.2599519712685414,0.12970619981186135,0.14031354071673255,0.08012921340110665,0.06137473435443244,0.06130331815082117,0.352980491909888,1
C14-2011-0086,0.009088394415973757,0.011491642484028093,0.0,0.01147789372075019,0.02236115661921057,0.04461610750930103,0.011382231712849423,0.0,0.010970312478420195,0.02262902877612636,0.03414669513854827,0.011644271006066432,0.0,0.02260206280046759,0.011074835914179898,0.0,0.0,0.0,0.021836998301782415,0.0,0.011355084064891711,0.0,0.03447492745208428,0.02257513686339171,0.022018735409069342,0.10880769173407323,0.11140126525607044,0.13329074518602774,0.21761538346814646,0.18123332245347507,0.2260206280046759,0.21925049724701764,0.037337935785331754,0.3106461274080913,0.41709615164728076,0.05034196999446615,0.05093383921281946,0.22885091559934154,0.08581435339297616,0.2101889256301087,0.038618418969362446,0.20251089341593967,0.036487631786475724,0.27795533154569246,0.10086486947794734,0.1333610343136291,0.13055799042210647,0.009722271531340603,0.2039301307480025,0.42616345929178684,1
C14-2011-0087,0.10786570932936156,0.15912013310886794,0.14617299765641878,0.19866219941944993,0.13269681693813615,0.15444530613327656,0.10694636287413357,0.15722926382187802,0.10850106216870546,0.1566675118890179,0.17449143416306004,0.13820015881849257,0.1557368082383305,0.1732466203725628,0.16430226519021937,0.17221772390854714,0.15071245917950166,0.12853781511512724,0.09179031535032853,0.16666231345988433,0.15722926382187802,0.17386763381488224,0.07956006655443397,0.08931108692118617,0.1143317017361632,0.07174362716647145,0.12019701317614098,0.10828911194351395,0.1838430446140831,0.15856507298523814,0.06706320788615334,0.17038063323189617,0.036928808544556754,0.16500046706214988,0.2959424620616948,0.07966456345609972,0.0705260304308445,0.10125884529487962,0.02652314060895662,0.2031611212012935,0.05729289141527698,0.057226256458928336,0.054131732518662316,0.22909138312671343,0.06096423134372057,0.1268266751693021,0.10760617699872321,0.06731018400274887,0.0576273096475778,0.25558667178055455,1
C14-2011-0088,0.10769494688473835,0.05106478810880299,0.1347153146384736,0.1360098492680154,0.11592590127279544,0.08260757326351853,0.11801674593829185,0.21865120711230668,0.06499757633735252,0.08379615600112278,0.10115721080425016,0.12073370210942039,0.1999160497934103,0.10043555995862934,0.11482951053584212,0.03327969399606801,0.0668772737554596,0.06695703997241956,0.11320853175599288,0.049919540994102014,0.06727729449609436,0.2183904180480309,0.10212957621760597,0.0835965921943245,0.1467651895258667,0.08058380587937228,0.15000841127117487,0.08461383590290655,0.1208757088190584,0.14454760928554378,0.11717481995173422,0.18557553084222683,0.013826379924570269,0.11929394288145187,0.49693346958946233,0.10439421077964872,0.0,0.1784091921025074,0.0158886910595998,0.29718344818163617,0.0,0.15712306897348285,0.01801534548412574,0.18298296643837533,0.049800860781816794,0.07597553734646247,0.12892299050437264,0.0,0.05753607972535635,0.2283207833248881,1
C14-2011-0091,0.15541753571604386,0.21437963120306877,0.1413900876669981,0.07137438146207556,0.0695255489074365,0.06936044090922484,0.053084636079219844,0.0,0.34109013667611926,0.17589604975427967,0.19464366562380608,0.16292021750015087,0.08742555824167117,0.10541186549980465,0.08608499764851743,0.0698572224585236,0.07019085858642064,0.0,0.06789583022364164,0.2445002786048326,0.14122139850734658,0.15868458147452175,0.0178649692669224,0.15792943181944646,0.18826744528420097,0.08457651164903889,0.11020864059989241,0.1332093278510176,0.14096085274839815,0.1300367532427392,0.10541186549980465,0.19477028758791648,0.0,0.21463650752168054,0.2678256202219565,0.0782618975518477,0.01583640412496428,0.14979910119152964,0.1000555918022886,0.16338041763169722,0.015009100504642586,0.11993315240047114,0.03781591252913631,0.2080533744835432,0.05226835635376301,0.11163588253279426,0.11839692358879407,0.0,0.015096708526077677,0.2819217054967963,1
C14-2011-0092,0.16915915790891112,0.04010437260592683,0.1190254095989578,0.14687343428431207,0.09104386234632426,0.1167784110669556,0.19861271455910445,0.13209267022910226,0.06380832850910223,0.13162072683247153,0.07944508582364178,0.12191108028310035,0.20934210696516645,0.14461026849434014,0.14171582560572157,0.13068312800846196,0.11817654025404878,0.052585552179760055,0.10161113379650946,0.10454650240676956,0.06604633511455113,0.0395805363072116,0.1470493662217317,0.13130726694894307,0.07684258976764671,0.1582187597696554,0.08246769270396043,0.15505592338930138,0.18986251172358648,0.08108734297261481,0.21034220871904022,0.17003475250915098,0.03257616331069139,0.1472255653300017,0.40082085808312706,0.12883719263505733,0.0,0.15412748940173682,0.012478383051682569,0.24451088411499156,0.011231114742385548,0.16827078456613598,0.0990400446715515,0.22753762006542302,0.0,0.09546934775284904,0.06328205599376624,0.011309830908587028,0.06778002411388323,0.24260209831347163,1
C14-2011-0093,0.16915915790891112,0.04010437260592683,0.1190254095989578,0.14687343428431207,0.09104386234632426,0.1167784110669556,0.19861271455910445,0.13209267022910226,0.06380832850910223,0.13162072683247153,0.07944508582364178,0.12191108028310035,0.20934210696516645,0.14461026849434014,0.14171582560572157,0.13068312800846196,0.11817654025404878,0.052585552179760055,0.10161113379650946,0.10454650240676956,0.06604633511455113,0.0395805363072116,0.1470493662217317,0.13130726694894307,0.07684258976764671,0.1582187597696554,0.08246769270396043,0.15505592338930138,0.18986251172358648,0.08108734297261481,0.21034220871904022,0.17003475250915098,0.03257616331069139,0.1472255653300017,0.40082085808312706,0.12883719263505733,0.0,0.15412748940173682,0.012478383051682569,0.24451088411499156,0.011231114742385548,0.16827078456613598,0.0990400446715515,0.22753762006542302,0.0,0.09546934775284904,0.06328205599376624,0.011309830908587028,0.06778002411388323,0.24260209831347163,1
C14-2011-0098,0.0999705769719651,0.14446381702733935,0.13696272347281155,0.1803637230968402,0.09955863345978232,0.1519045464426698,0.07750621209998297,0.1308515201269508,0.1264175637860088,0.17186983286216667,0.17289847314611587,0.10368763376071426,0.14728346366747774,0.13022863849111432,0.2204380876175427,0.16476119169196712,0.13007349653984884,0.15390657276222602,0.09722492207407993,0.1529925351425409,0.14274711286576452,0.10693264194246398,0.11436718847997697,0.0886864749135333,0.08650065057416313,0.07599133453186317,0.12200875962271368,0.11968753969774716,0.1947277947378994,0.16795319643278026,0.07103380281333509,0.18046831766162144,0.04889405433636928,0.17476960931093366,0.3134642549439356,0.08438124375674856,0.07470164784446952,0.11356311489082671,0.028093489700124912,0.21518963195508592,0.060685017607678256,0.05556323429413749,0.05096595266698841,0.24265514054863938,0.06457372566024415,0.13433567106931082,0.11397718957017475,0.06620287289978838,0.06103923565836809,0.27071912926976255,1
C14-2011-0101,0.01912439876458178,0.0483629436104343,0.011961329065882893,0.09661016300406554,0.03529036508952209,0.02347103878523477,0.0,0.0,0.0461689096680553,0.0,0.023951242446609684,0.024502642804704104,0.047334616479651724,0.011890187697469927,0.08156539978721676,0.047278291667684984,0.023752045728874523,0.0,0.045950851627959095,0.023639145833842492,0.04778823315164635,0.02386561765104795,0.060453679513042875,0.0,0.0694999122476588,0.10494014624348022,0.12786430226532583,0.13022247383633462,0.2003402791920986,0.1466781179039674,0.16646262776457899,0.1977262938756486,0.1178534194802315,0.16947312755952024,0.5151607179225393,0.1271194710137098,0.08574267419600634,0.24078159283388292,0.07900209646692902,0.3417721695701093,0.05078963966463198,0.16233781877545966,0.0,0.2599519712685414,0.12970619981186135,0.14031354071673255,0.08012921340110665,0.06137473435443244,0.06130331815082117,0.352980491909888,1
C14-2011-0103,0.08912855545957693,0.11269685794656271,0.15608693290692838,0.1800992413359129,0.17543407529696714,0.19689463988213202,0.08929910600617441,0.20044376908694744,0.12910110095000787,0.13315174632327473,0.11162388250771801,0.04567746542013774,0.06618037056220161,0.1773241006593333,0.19549673432372586,0.11016936774873468,0.11069553354770235,0.2659861509889999,0.08566090005030086,0.0661016206492408,0.1113576494927486,0.11122483130438958,0.06761811476793764,0.04427821341908095,0.12956071162191432,0.07113740845947385,0.07945424896606361,0.14939004035024722,0.16005916903381617,0.13671759229912722,0.13299307549449996,0.10238845598029178,0.054925151705674045,0.18053103170350762,0.35568704229736925,0.07899141448720488,0.0,0.16537002446924703,0.02103922047598032,0.16865116915057485,0.0,0.17022811953231806,0.11927629034062946,0.20191609658115187,0.04396297911732598,0.10060401294337722,0.08535754177199455,0.0,0.03809358058900553,0.30233398595276384,1
C14-2011-0107,0.16915915790891112,0.04010437260592683,0.1190254095989578,0.14687343428431207,0.09104386234632426,0.1167784110669556,0.19861271455910445,0.13209267022910226,0.06380832850910223,0.13162072683247153,0.07944508582364178,0.12191108028310035,0.20934210696516645,0.14461026849434014,0.14171582560572157,0.13068312800846196,0.11817654025404878,0.052585552179760055,0.10161113379650946,0.10454650240676956,0.06604633511455113,0.0395805363072116,0.1470493662217317,0.13130726694894307,0.07684258976764671,0.1582187597696554,0.08246769270396043,0.15505592338930138,0.18986251172358648,0.08108734297261481,0.21034220871904022,0.17003475250915098,0.03257616331069139,0.1472255653300017,0.40082085808312706,0.12883719263505733,0.0,0.15412748940173682,0.012478383051682569,0.24451088411499156,0.011231114742385548,0.16827078456613598,0.0990400446715515,0.22753762006542302,0.0,0.09546934775284904,0.06328205599376624,0.011309830908587028,0.06778002411388323,0.24260209831347163,1
C14-2011-0108,0.16915915790891112,0.04010437260592683,0.1190254095989578,0.14687343428431207,0.09104386234632426,0.1167784110669556,0.19861271455910445,0.13209267022910226,0.06380832850910223,0.13162072683247153,0.07944508582364178,0.12191108028310035,0.20934210696516645,0.14461026849434014,0.14171582560572157,0.13068312800846196,0.11817654025404878,0.052585552179760055,0.10161113379650946,0.10454650240676956,0.06604633511455113,0.0395805363072116,0.1470493662217317,0.13130726694894307,0.07684258976764671,0.1582187597696554,0.08246769270396043,0.15505592338930138,0.18986251172358648,0.08108734297261481,0.21034220871904022,0.17003475250915098,0.03257616331069139,0.1472255653300017,0.40082085808312706,0.12883719263505733,0.0,0.15412748940173682,0.012478383051682569,0.24451088411499156,0.011231114742385548,0.16827078456613598,0.0990400446715515,0.22753762006542302,0.0,0.09546934775284904,0.06328205599376624,0.011309830908587028,0.06778002411388323,0.24260209831347163,1
C14-2011-0111,0.085868650709869,0.08143120137997233,0.08055964531702989,0.13555629323533513,0.11884044319244493,0.09221195129057895,0.17475445673758275,0.053642354343449605,0.07773699241627698,0.040088024881192195,0.13442650518275595,0.027504248661171345,0.10626633806926135,0.13346751273557675,0.11771648763410071,0.10613988871875867,0.13330851229914234,0.0533870050942307,0.20631956470023555,0.0398024582695345,0.1475164744444864,0.17412971609354255,0.05428746758664821,0.05332340491965694,0.2600458086126953,0.13921280654472978,0.08372457734104327,0.1686633433262431,0.19275619367731814,0.0987878277491475,0.06673375636778837,0.17262624089923023,0.09921796336795495,0.12229316215402919,0.44976445191374237,0.10701882961069001,0.03609234905940441,0.19915195522652293,0.05067426104194075,0.19181985413262492,0.03420686225273157,0.06833415537509709,0.18673479950591815,0.19453095229273235,0.03970783071281357,0.10903993847162123,0.07709584033645508,0.03444660987494714,0.09175073995699112,0.26771693566294186,1
C14-2011-0112,0.01912439876458178,0.0483629436104343,0.011961329065882893,0.09661016300406554,0.03529036508952209,0.02347103878523477,0.0,0.0,0.0461689096680553,0.0,0.023951242446609684,0.024502642804704104,0.047334616479651724,0.011890187697469927,0.08156539978721676,0.047278291667684984,0.023752045728874523,0.0,0.045950851627959095,0.023639145833842492,0.04778823315164635,0.02386561765104795,0.060453679513042875,0.0,0.0694999122476588,0.10494014624348022,0.12786430226532583,0.13022247383633462,0.2003402791920986,0.1466781179039674,0.16646262776457899,0.1977262938756486,0.1178534194802315,0.16947312755952024,0.5151607179225393,0.1271194710137098,0.08574267419600634,0.24078159283388292,0.07900209646692902,0.3417721695701093,0.05078963966463198,0.16233781877545966,0.0,0.2599519712685414,0.12970619981186135,0.14031354071673255,0.08012921340110665,0.06137473435443244,0.06130331815082117,0.352980491909888,1
C14-2011-0113,0.9991058867953425,0.0,0.0,0.0,0.0,0.0,0.0,0.0,0.0,0.0,0.0,0.0,0.0,0.0,0.0,0.0,0.0,0.0,0.0,0.0,0.0,0.0,0.0,0.0,0.0,0.0014039264431644411,0.0015680627613638076,0.0029482747900859666,0.0056157057726577645,0.0,0.015748043075046337,0.0,0.01300764948473097,0.0017814276251341176,0.004211779329493323,0.001558928529772448,0.02050433854991486,0.005594822477958626,0.0,0.00739644712234721,0.01793831919350667,0.005972485295886724,0.0,0.017533553092395748,0.0,0.0,0.0,0.007526685222125492,0.007517927102192342,0.004211779329493323,0
C14-2011-0115,0.14362167771841705,0.09079981005201118,0.16169036761868227,0.05441470552654941,0.1413471591299205,0.03525287262230094,0.16188356556306543,0.14355329660139343,0.13868893546052669,0.08940025402763589,0.07194825136136242,0.05520347141052191,0.17773832047352417,0.05357623190727872,0.0,0.08876341228500399,0.17837468768656062,0.14286995175274322,0.10352542557761076,0.08876341228500399,0.12560913452621925,0.14338207810967407,0.09079981005201118,0.16053721891790457,0.06959133981091928,0.11463075889436665,0.12803250854366563,0.16549980061651648,0.15761729347975414,0.1101533054046223,0.08929371984546451,0.21448527103779091,0.08850634228538777,0.18181721839734824,0.4585230355774666,0.11137586027920075,0.03219580095480025,0.1713067170426549,0.10170774541561194,0.22647029093427165,0.07628468062334742,0.09143514853729465,0.019220171181299588,0.2277571972289389,0.01771047669787978,0.1134792540363835,0.06877253475051393,0.030727736598027793,0.046037972282990954,0.2435903626505291,1
C14-2011-0116,0.08195562699294877,0.09211305680151714,0.11390896639194609,0.08050249501012258,0.06721475496243547,0.06705513459529663,0.07983155045347735,0.04550922572248095,0.021983563660712326,0.11336657357268454,0.06842704324583773,0.2216741271277315,0.13523172570685368,0.12455462780946139,0.08877207858216911,0.07879130560839165,0.09047726933246546,0.04529259193071323,0.08751893681614292,0.05627950400599403,0.011377306430620238,0.1022736286898582,0.18422611360303429,0.11309658666558181,0.07721639442406164,0.036340210951396466,0.05073603732093423,0.047697000231059654,0.06359536916494382,0.06984153981020702,0.06793888789606985,0.0,0.19640779020803364,0.02305585738028456,0.09993558011634028,0.10088098259334075,0.29599440919883163,0.0,0.5481371344876471,0.12444561644712292,0.2515109792056459,0.32851644422216514,0.0,0.19598098997381103,0.07860398479795114,0.0,0.03270337444244304,0.06818908891131019,0.10702959686926396,0.18170105475698234,1
C14-2011-0117,0.10210472731811283,0.14594401905038296,0.15548829040991838,0.17940850408113432,0.1256096343656253,0.1797945297404913,0.09451640432856132,0.16639583680607214,0.11788879447496221,0.16027462320846045,0.18347302016720726,0.15925797289095447,0.13185309603780232,0.1711238817252429,0.189337305537778,0.17559493369768928,0.1433522757532294,0.1159226295558097,0.09066563626900036,0.19205695873184764,0.1442097252319292,0.16619737362284465,0.11787786154069392,0.07718968694404658,0.08066487845588936,0.07086457411621468,0.1137774305764548,0.11161281190741625,0.1815904711728001,0.1566222229151067,0.06624150260331983,0.1682930106616064,0.045595413723245694,0.1629787660471145,0.2878873323471221,0.07868845755973954,0.06966189622657738,0.1117849924825762,0.02619816055741012,0.20067184918733202,0.05659089887676526,0.05652508037846237,0.07129129694371095,0.22628439542510476,0.06021725498308985,0.1252727061261311,0.10628771092928807,0.06648545259596249,0.0569212195832122,0.2524550452890148,1
C14-2011-0120,0.1077717278174941,0.19304895762074015,0.1179599397351828,0.16446240419303157,0.1104843337626225,0.14879964275117022,0.11810088578046699,0.16270271101656572,0.12466750614773464,0.12298865088514273,0.13497244089196225,0.15533971585838496,0.1722726657732697,0.13959328517164463,0.1805750226403406,0.17206767360837363,0.12269574862643658,0.12842582235791303,0.10249979181942104,0.1998205241903694,0.17392358763839785,0.2017348791990666,0.09652447881037007,0.10596451017737703,0.0870339706802653,0.07168111819499311,0.11508844229697215,0.11289888159478009,0.18368286537466985,0.15842691800177602,0.06700477688238941,0.17023218355679898,0.04612079139692101,0.1648567050320316,0.2912045426671595,0.07959515311093614,0.07046458233017275,0.11902425909229734,0.026500031458983,0.19826354975022756,0.0572429731179057,0.057176396219432726,0.06009396498213545,0.22889177979887254,0.060911114271880555,0.12671617329848847,0.10751242161285042,0.06725153781300065,0.057577099977431406,0.25536398356966294,1
C14-2011-0121,0.07510132024253006,0.1753114981871047,0.05781171457056012,0.15321403390655972,0.10660377404597587,0.07090040890589687,0.07235098960925324,0.10104979637422216,0.08367915721558365,0.08630465450817008,0.10852648441387985,0.09622163011327743,0.11438926736970302,0.13648619791576855,0.10559554905824661,0.07854904221563094,0.11479882215273127,0.10775226151244886,0.0347016401767229,0.13567561837245345,0.10826763897238088,0.13697544130426575,0.03652322878898014,0.07174926384545703,0.0489866194910806,0.09221793373698009,0.1480615622759044,0.1452446870815391,0.23630845520101149,0.20381661718360647,0.07901832510912916,0.2190041201706428,0.06526796192974242,0.19014835867934296,0.3400536306551141,0.10239935899718981,0.09065285737383681,0.15312500020170314,0.040910826281441784,0.2550665412834203,0.07364322481040042,0.07968737125679401,0.0695799295300593,0.2944698340923237,0.0783622973694383,0.16302066662598355,0.1383149931509946,0.08651926775024135,0.07407307983174184,0.3169991472208691,1
C14-2011-0122,0.14379328323597176,0.13467896543914037,0.1665468749014139,0.20850264211693828,0.20965340289230686,0.1764749715498597,0.16674587570986202,0.13307853742052994,0.16071139712961155,0.1922744539612492,0.2067648858802289,0.14329111728790186,0.1449968585683613,0.11257829649417028,0.1362838095314222,0.13824139890790227,0.23150272656237444,0.1854230765786334,0.23033138294209202,0.22381940775565126,0.2062717330018214,0.14621179359013783,0.1885505516147965,0.15213036316956036,0.12902683447093113,0.00531332059180299,0.005934513307131931,0.011158083978494132,0.06375984710163587,0.0,0.06622252734951192,0.0,0.09845788174257127,0.1550663932422507,0.00531332059180299,0.0,0.29846546220699816,0.02823232952538942,0.06914333169705673,0.08397810652978688,0.10183443856755174,0.03390533306931795,0.0,0.2473334019756113,0.006567273317362021,0.01803410223113481,0.006375435852729924,0.034182723837238325,0.07397638843048086,0.13283301479507476,1
C14-2011-0124,0.14362167771841705,0.09079981005201118,0.16169036761868227,0.05441470552654941,0.1413471591299205,0.03525287262230094,0.16188356556306543,0.14355329660139343,0.13868893546052669,0.08940025402763589,0.07194825136136242,0.05520347141052191,0.17773832047352417,0.05357623190727872,0.0,0.08876341228500399,0.17837468768656062,0.14286995175274322,0.10352542557761076,0.08876341228500399,0.12560913452621925,0.14338207810967407,0.09079981005201118,0.16053721891790457,0.06959133981091928,0.11463075889436665,0.12803250854366563,0.16549980061651648,0.15761729347975414,0.1101533054046223,0.08929371984546451,0.21448527103779091,0.08850634228538777,0.18181721839734824,0.4585230355774666,0.11137586027920075,0.03219580095480025,0.1713067170426549,0.10170774541561194,0.22647029093427165,0.07628468062334742,0.09143514853729465,0.019220171181299588,0.2277571972289389,0.01771047669787978,0.1134792540363835,0.06877253475051393,0.030727736598027793,0.046037972282990954,0.2435903626505291,1
C14-2011-0127,0.10497027632734135,0.11376652450136558,0.07503258953543487,0.22726082525116678,0.03689566969987184,0.14723220216103985,0.2629278513748609,0.037471534966361984,0.05430269541966968,0.07467531179810044,0.18780560812490066,0.07685169139534227,0.1670213102268616,0.14917264930837965,0.07309344410544812,0.14828672604435764,0.09312183704593482,0.09323290581773729,0.0720616281437834,0.14828672604435764,0.09367883741590495,0.20584763111328508,0.07584434966757705,0.09312183704593482,0.10899203507621275,0.08976576487946378,0.16710081671083118,0.10996415329000725,0.1645705689456836,0.18402033676859061,0.1305260681448322,0.22394727320763447,0.12321439087163462,0.09491903589759534,0.29921921626487924,0.215965653938426,0.05042417456693019,0.17886390043582498,0.03539819174173719,0.15764067425818318,0.01592999475484158,0.0636458689872907,0.020068067638442225,0.2547907387068854,0.05547531927726691,0.11848538309470612,0.1256612527296673,0.09624986540579238,0.04806893408996792,0.25433633382514736,1
C14-2011-0130.SH,0.0936931969351166,0.11846852954264497,0.12892062029538096,0.05916339606083019,0.1844187789331287,0.05749400768743203,0.10560654233963308,0.22241539591524848,0.06785645079446727,0.20995649586477352,0.05867030129979616,0.2400839854880701,0.10435461105058924,0.08155245013175595,0.10275446479928825,0.16213623458458626,0.2094564762985271,0.15145455024468962,0.112559935711235,0.05790579806592367,0.14047288163068325,0.14030533720300592,0.05923426477132249,0.26763883082589573,0.17024506352724592,0.046737905614815674,0.06264257193435713,0.07852046069022629,0.17760404133629956,0.25869503685669004,0.08155245013175595,0.053816095866126866,0.07698412746122014,0.3083872537370787,0.2149943658281521,0.03113883416307183,0.010501644206023281,0.12417093320885673,0.1327003551613526,0.05909616404860287,0.029859095305050463,0.0795316465201254,0.06269246092316164,0.06367711617382144,0.09242900973890851,0.05287817999833879,0.0,0.06013674096108042,0.020022255099310746,0.36455566379556226,1
C14-2011-0131,0.008443926120206268,0.0,0.02112496819901982,0.0,0.0,0.020726164509188145,0.0,0.021099764500571376,0.0,0.0,0.0,0.0,0.0,0.02099932504205282,0.020579013623876187,0.020874611894771675,0.0,0.04199865008410564,0.0,0.0,0.0,0.0,0.0,0.0,0.04091472410743317,0.09266768099028037,0.08468318939309763,0.1946040613805657,0.38751939323208157,0.07771470609527985,0.08399730016821128,0.1164018270106512,0.06070795615140484,0.11758505417214753,0.5307330820352422,0.12160762675997457,0.009464412648632443,0.35810162379878824,0.049830725520532304,0.26629662533532555,0.017939971667786075,0.12543374508011287,0.28250210562016004,0.3251976662781666,0.04164996793415254,0.057186578306573935,0.06064998805450434,0.009032854294586522,0.1082681229901355,0.16006235807412064,1
C14-2011-0132,0.10555809865765531,0.22880720976297475,0.05658957301414055,0.2094890064552005,0.2597159705526503,0.11104251506993623,0.11331437967690061,0.20724754356881858,0.12741583099288437,0.18773371391092308,0.3021716791384016,0.1545641053095756,0.07464738298499649,0.20626100028039518,0.14700551916335275,0.14911711586429297,0.2247439425177519,0.09375500012745236,0.12681403973155075,0.055918918449109865,0.18840685778983507,0.2070003558506506,0.09533633740123948,0.0749146475059173,0.0913353156881295,0.030089481190141015,0.050410969028407755,0.11057994079766666,0.22567110892605763,0.04626270774752239,0.07500400010196188,0.138585448619447,0.015488047286728916,0.17181103024004013,0.24071584952112812,0.016705772194030834,0.06760872607490653,0.1398954037949043,0.07119283566568338,0.0,0.0320384020463803,0.06400227905242474,0.16144357338195733,0.05124350792334335,0.03719065009141961,0.01702126979695623,0.0361042692333707,0.0,0.04833811498422754,0.2557605901161986,1
C14-2011-0133,0.0011248843334317928,0.0,0.0,0.0,0.0,0.0027611015795986453,0.002817592095424704,0.0,0.002715624361138381,0.008402487431543022,0.0,0.0,0.0027841904554706137,0.002797491524223581,0.00274149840884826,0.0027808774677346424,0.0055883177204709925,0.002797491524223581,0.9905755891135112,0.005561754935469285,0.0,0.002807519309109552,0.01137870387575815,0.0055883177204709925,0.0054505844200838875,0.010100469526284949,0.016295267444501108,0.022389596316736024,0.02469003661980765,0.010353010450273939,0.013987457621117904,0.03618262121441697,0.03003892338448456,0.014240422739268496,0.08529285377751734,0.011215623286595863,0.010086653399871543,0.02683442294703191,0.02257041637459743,0.04848324820493965,0.02270433580874264,0.00596787614449737,0.024086023548740294,0.02548366822963392,0.009709931442159566,0.008888006118778631,0.008079680046237867,0.006016701317315799,0.02403880091399451,0.021323213444379336,1
C14-2011-0134,0.085868650709869,0.08143120137997233,0.08055964531702989,0.13555629323533513,0.11884044319244493,0.09221195129057895,0.17475445673758275,0.053642354343449605,0.07773699241627698,0.040088024881192195,0.13442650518275595,0.027504248661171345,0.10626633806926135,0.13346751273557675,0.11771648763410071,0.10613988871875867,0.13330851229914234,0.0533870050942307,0.20631956470023555,0.0398024582695345,0.1475164744444864,0.17412971609354255,0.05428746758664821,0.05332340491965694,0.2600458086126953,0.13921280654472978,0.08372457734104327,0.1686633433262431,0.19275619367731814,0.0987878277491475,0.06673375636778837,0.17262624089923023,0.09921796336795495,0.12229316215402919,0.44976445191374237,0.10701882961069001,0.03609234905940441,0.19915195522652293,0.05067426104194075,0.19181985413262492,0.03420686225273157,0.06833415537509709,0.18673479950591815,0.19453095229273235,0.03970783071281357,0.10903993847162123,0.07709584033645508,0.03444660987494714,0.09175073995699112,0.26771693566294186,1
C14-2011-0140,0.14845579733058906,0.17430402605294024,0.1989674475299617,0.1339196048121431,0.2087210305614429,0.22123944891713496,0.13280345766831247,0.09274069662109574,0.16639654729122655,0.1452146940537155,0.06640172883415624,0.2309634115783732,0.3543186125890483,0.2109696703468013,0.1162951946204663,0.15728755500134708,0.18437854859223285,0.1318560439667508,0.16561064818202134,0.11796566625101033,0.23847607702567475,0.18526016638676707,0.17430402605294024,0.13169896328016634,0.11560772274809328,0.02115876459575749,0.035448727745614625,0.011108461656015789,0.0740556760851512,0.0,0.026371208793350163,0.0,0.11980224549858846,0.0,0.08463505838302995,0.0,0.14262629959602446,0.028106774478239394,0.06257803355081638,0.022294570241723384,0.0901169418827615,0.01125151633144434,0.0,0.3002847059074905,0.05230453828531739,0.011969267215969097,0.012694165924353715,0.0907485497273543,0.07931258464750268,0.20100826365969612,1
C14-2011-0141,0.94009959836846,0.0,0.0,0.0,0.0,0.0,0.0,0.0,0.0,0.0,0.0,0.0,0.0,0.0,0.0,0.0,0.0,0.0,0.0,0.0,0.0,0.0,0.0,0.0,0.0,0.028057387789577632,0.0447680607161137,0.05471244917015573,0.07214756860177106,0.04930097752731072,0.05994737505961163,0.08768912504839366,0.016505213559745463,0.10171921947053153,0.12826234418092633,0.026704367500788855,0.0,0.09051463788162546,0.018967093379047582,0.09291389661614033,0.017071250432635268,0.05115418673417222,0.0,0.1228699983204159,0.024770699415034642,0.06348695271232599,0.048094238663800214,0.01719089869704584,0.02146361901213323,0.14429513720354212,1
C14-2011-0148,0.3836522509477045,0.0,0.0,0.0,0.0,0.0,0.0,0.0,0.010406617008462692,0.0,0.8907830497574349,0.0,0.0,0.0,0.0,0.0,0.0,0.010720342361640734,0.010357466042472537,0.0,0.010771617599286729,0.0,0.0,0.0,0.010443665431755261,0.0258041869290134,0.04323152200138159,0.03612622022656072,0.055909071679529035,0.03306170770597318,0.026800855904101833,0.07428021106486202,0.04870163887830803,0.05457110622768449,0.09891604989455137,0.03820416982393004,0.03865333524463193,0.05141645623914657,0.03561464053225426,0.08156807862045039,0.03205480330824019,0.02744359003924565,0.0,0.06835965434768408,0.01594700953642503,0.03892567637036262,0.036122751914657344,0.027668115145662236,0.036847893697603516,0.0645104673225335,1
C14-2011-0149.SH,0.08625484303708443,0.03116092814420191,0.07706853382074016,0.09337094030975647,0.060634882750739943,0.07561361017929041,0.09259274425332617,0.06158126814495802,0.08924184319202778,0.015340312332332101,0.015432124042221029,0.11051179360616709,0.060996724878324145,0.045966095957235734,0.07507677136019375,0.0761551789167513,0.015303778781479559,0.061288127942980976,0.1480339159333956,0.1980034651835534,0.04618595110871851,0.10763868343336278,0.07790232036050476,0.045911336344438676,0.05970636772435519,0.24587061628877643,0.05492318481401262,0.193625031912247,0.2581641471032153,0.07560542764557766,0.045966095957235734,0.07077658103632524,0.03796731197291778,0.062396532268218584,0.5409153558353081,0.06825405993161653,0.0,0.22862587048054822,0.0,0.297929335877852,0.03926937925386445,0.05229827558363485,0.28033132274349964,0.23727853321121248,0.0,0.055634460010116925,0.02950193415090638,0.0,0.21065916993927522,0.12293530814438822,1
C14-2011-0154,0.3836522509477045,0.0,0.0,0.0,0.0,0.0,0.0,0.0,0.010406617008462692,0.0,0.8907830497574349,0.0,0.0,0.0,0.0,0.0,0.0,0.010720342361640734,0.010357466042472537,0.0,0.010771617599286729,0.0,0.0,0.0,0.010443665431755261,0.0258041869290134,0.04323152200138159,0.03612622022656072,0.055909071679529035,0.03306170770597318,0.026800855904101833,0.07428021106486202,0.04870163887830803,0.05457110622768449,0.09891604989455137,0.03820416982393004,0.03865333524463193,0.05141645623914657,0.03561464053225426,0.08156807862045039,0.03205480330824019,0.02744359003924565,0.0,0.06835965434768408,0.01594700953642503,0.03892567637036262,0.036122751914657344,0.027668115145662236,0.036847893697603516,0.0645104673225335,1
C14-2011-0157,0.3836522509477045,0.0,0.0,0.0,0.0,0.0,0.0,0.0,0.010406617008462692,0.0,0.8907830497574349,0.0,0.0,0.0,0.0,0.0,0.0,0.010720342361640734,0.010357466042472537,0.0,0.010771617599286729,0.0,0.0,0.0,0.010443665431755261,0.0258041869290134,0.04323152200138159,0.03612622022656072,0.055909071679529035,0.03306170770597318,0.026800855904101833,0.07428021106486202,0.04870163887830803,0.05457110622768449,0.09891604989455137,0.03820416982393004,0.03865333524463193,0.05141645623914657,0.03561464053225426,0.08156807862045039,0.03205480330824019,0.02744359003924565,0.0,0.06835965434768408,0.01594700953642503,0.03892567637036262,0.036122751914657344,0.027668115145662236,0.036847893697603516,0.0645104673225335,1
C14-2011-0161,0.14362167771841705,0.09079981005201118,0.16169036761868227,0.05441470552654941,0.1413471591299205,0.03525287262230094,0.16188356556306543,0.14355329660139343,0.13868893546052669,0.08940025402763589,0.07194825136136242,0.05520347141052191,0.17773832047352417,0.05357623190727872,0.0,0.08876341228500399,0.17837468768656062,0.14286995175274322,0.10352542557761076,0.08876341228500399,0.12560913452621925,0.14338207810967407,0.09079981005201118,0.16053721891790457,0.06959133981091928,0.11463075889436665,0.12803250854366563,0.16549980061651648,0.15761729347975414,0.1101533054046223,0.08929371984546451,0.21448527103779091,0.08850634228538777,0.18181721839734824,0.4585230355774666,0.11137586027920075,0.03219580095480025,0.1713067170426549,0.10170774541561194,0.22647029093427165,0.07628468062334742,0.09143514853729465,0.019220171181299588,0.2277571972289389,0.01771047669787978,0.1134792540363835,0.06877253475051393,0.030727736598027793,0.046037972282990954,0.2435903626505291,1
C14-2011-0163,0.07200629689115229,0.0,0.0,0.0,0.17716485538110485,0.353488255064697,0.0,0.0,0.434582579251542,0.0,0.0,0.0,0.17822209677906015,0.35814705433612376,0.17548928586453558,0.0,0.0,0.0,0.0,0.0,0.0,0.0,0.0,0.0,0.0,0.07183922884180498,0.0,0.150863877779886,0.3591961442090249,0.0,0.0,0.0,0.07395603575302462,0.0,0.4310353730508299,0.0,0.0,0.0,0.0,0.22708670815015367,0.0,0.07640335076217135,0.0,0.16312651228953307,0.0,0.0,0.0,0.0,0.0769388009094069,0.14367845768360996,1
C14-2011-0165,0.10532934526449023,0.11838367076429482,0.058558306683936544,0.05912101743477523,0.11517917507426452,0.08617923726155535,0.0879424138148458,0.08773266323595874,0.056506537791780664,0.08741921018053012,0.05862827587656387,0.05997800344852002,0.14483314172879116,0.029105012239148697,0.05704492331949473,0.1301947205734748,0.13081652689379566,0.13097255507616914,0.1265392229031078,0.11572864050975537,0.029244221078652915,0.04381401148800182,0.05919183538214741,0.043605508964598555,0.0,0.1284371751946547,0.02608237549223326,0.1103403046447316,0.1401132820305324,0.0,0.014552506119574348,0.16133264250254617,0.048080614924853084,0.029631380436950055,0.6888903033167842,0.10372176492149074,0.013117652373262794,0.10857174108357553,0.055252209230777206,0.2952691679035405,0.03729713411611527,0.037253755385484574,0.2975758835651966,0.11930907071022812,0.0,0.052840303460380884,0.014010122080079401,0.0,0.13755440322763723,0.08173274785114389,1
C14-2011-0166,0.11120747229086926,0.05624564492372799,0.13910912306635642,0.042133763880155356,0.08208472007174257,0.09553808458159888,0.11142027160178745,0.08336589316287761,0.1610820127465226,0.06922336816080864,0.15320287345245776,0.1424817064473497,0.11009942043895479,0.09679722898729008,0.10841118478638359,0.13746051249284044,0.06905851001541372,0.08296905341767723,0.1736813156502599,0.17869866624069258,0.06947157763573135,0.12489969183730788,0.07030705615465999,0.11049361602466194,0.08082773906401945,0.221898900394754,0.04956832378088274,0.1747471182964129,0.2329938454144917,0.06823410422790992,0.041484526708838614,0.06387605702022915,0.03426560239243852,0.05631304019875888,0.4992725258881965,0.061599474857600985,0.0,0.20633547036723687,0.0,0.26888203651382186,0.023627147771581456,0.04719933605616511,0.25299978176297844,0.21414452203189774,0.0,0.05021025158126794,0.02662557586757633,0.0,0.1901204742281789,0.110949450197377,1
C14-2011-0167,0.9984043537802235,0.0,0.0,0.0,0.0,0.0,0.0,0.0,0.0,0.0,0.0,0.0,0.0,0.0,0.0,0.0,0.0,0.0,0.0,0.0,0.0,0.0,0.0,0.0,0.0,0.0006622924663026436,0.002219167874351368,0.0013908279821717372,0.00728521712932908,0.0,0.0024763430065238992,0.0,0.00818169004982429,0.005042256029014237,0.005298339730421149,0.004412481690046563,0.026786154727959182,0.000879772772401741,0.03134017394195109,0.006280599823941614,0.010577845546890981,0.0035218476329619422,0.0,0.01729460089816844,0.009823135420699286,0.0,0.003178730183285247,0.004260793242935971,0.007802364798897635,0.025167113719500457,0
C14-2011-0169,0.10769494688473835,0.05106478810880299,0.1347153146384736,0.1360098492680154,0.11592590127279544,0.08260757326351853,0.11801674593829185,0.21865120711230668,0.06499757633735252,0.08379615600112278,0.10115721080425016,0.12073370210942039,0.1999160497934103,0.10043555995862934,0.11482951053584212,0.03327969399606801,0.0668772737554596,0.06695703997241956,0.11320853175599288,0.049919540994102014,0.06727729449609436,0.2183904180480309,0.10212957621760597,0.0835965921943245,0.1467651895258667,0.08058380587937228,0.15000841127117487,0.08461383590290655,0.1208757088190584,0.14454760928554378,0.11717481995173422,0.18557553084222683,0.013826379924570269,0.11929394288145187,0.49693346958946233,0.10439421077964872,0.0,0.1784091921025074,0.0158886910595998,0.29718344818163617,0.0,0.15712306897348285,0.01801534548412574,0.18298296643837533,0.049800860781816794,0.07597553734646247,0.12892299050437264,0.0,0.05753607972535635,0.2283207833248881,1
C14-2012-0002,0.03483657123524769,0.0,0.0290513144806119,0.0733262011477589,0.014285362001501501,0.07125718692931096,0.05817205368109974,0.04352498106965612,0.028033413064007105,0.04336947412616959,0.014543013420274935,0.11902255640736678,0.028741221431065424,0.01443926423769886,0.07075127768899594,0.07176755357717791,0.04326618803563172,0.0721963211884943,0.0,0.028707021430871164,0.04352498106965612,0.057964090765816594,0.044048420841114114,0.07211031339271952,0.08439964304805431,0.09268198369987496,0.0905779444479549,0.1824694662832493,0.26646070313714054,0.14249895165267404,0.0721963211884943,0.21343628706692316,0.11926617620128988,0.19110520443823123,0.5329214062742811,0.06432165182563479,0.16920248746940014,0.21545375695037006,0.0274111291293912,0.21972862448430616,0.07401380496065833,0.07392772261185519,0.23310020922598432,0.3025283390826433,0.04295815874714344,0.10485824198189027,0.09730770572307576,0.04968836654282011,0.1364840089358386,0.26646070313714054,1
C14-2012-0006,0.013131184049262494,0.0,0.0328515244576027,0.0,0.0,0.06446268641649211,0.0,0.0,0.031700471092862954,0.0,0.0,0.03364798196508878,0.0,0.0,0.04800376239686902,0.0,0.0,0.01632806813513111,0.0,0.0324621943447884,0.0,0.032773194251274694,0.01660346872940254,0.0,0.015906663705105285,0.1572086070147133,0.08779411614685821,0.16507067556947574,0.1703093242659394,0.08056963822626254,0.09796840881078665,0.18101695732386835,0.12138067406039836,0.0831168176012186,0.6288344280588531,0.08728270052689498,0.05887258729560019,0.19142932186737682,0.06199357207094154,0.3727070742065202,0.0,0.09753126502929428,0.35145614401580255,0.20823609101830348,0.0,0.10375292881944125,0.06287802967417197,0.0,0.0841841004653963,0.20961147601961772,1
C14-2012-0007,0.013131184049262494,0.0,0.0328515244576027,0.0,0.0,0.06446268641649211,0.0,0.0,0.031700471092862954,0.0,0.0,0.03364798196508878,0.0,0.0,0.04800376239686902,0.0,0.0,0.01632806813513111,0.0,0.0324621943447884,0.0,0.032773194251274694,0.01660346872940254,0.0,0.015906663705105285,0.1572086070147133,0.08779411614685821,0.16507067556947574,0.1703093242659394,0.08056963822626254,0.09796840881078665,0.18101695732386835,0.12138067406039836,0.0831168176012186,0.6288344280588531,0.08728270052689498,0.05887258729560019,0.19142932186737682,0.06199357207094154,0.3727070742065202,0.0,0.09753126502929428,0.35145614401580255,0.20823609101830348,0.0,0.10375292881944125,0.06287802967417197,0.0,0.0841841004653963,0.20961147601961772,1
C14-2012-0008,0.10769494688473835,0.05106478810880299,0.1347153146384736,0.1360098492680154,0.11592590127279544,0.08260757326351853,0.11801674593829185,0.21865120711230668,0.06499757633735252,0.08379615600112278,0.10115721080425016,0.12073370210942039,0.1999160497934103,0.10043555995862934,0.11482951053584212,0.03327969399606801,0.0668772737554596,0.06695703997241956,0.11320853175599288,0.049919540994102014,0.06727729449609436,0.2183904180480309,0.10212957621760597,0.0835965921943245,0.1467651895258667,0.08058380587937228,0.15000841127117487,0.08461383590290655,0.1208757088190584,0.14454760928554378,0.11717481995173422,0.18557553084222683,0.013826379924570269,0.11929394288145187,0.49693346958946233,0.10439421077964872,0.0,0.1784091921025074,0.0158886910595998,0.29718344818163617,0.0,0.15712306897348285,0.01801534548412574,0.18298296643837533,0.049800860781816794,0.07597553734646247,0.12892299050437264,0.0,0.05753607972535635,0.2283207833248881,1
C14-2012-0013,0.085868650709869,0.08143120137997233,0.08055964531702989,0.13555629323533513,0.11884044319244493,0.09221195129057895,0.17475445673758275,0.053642354343449605,0.07773699241627698,0.040088024881192195,0.13442650518275595,0.027504248661171345,0.10626633806926135,0.13346751273557675,0.11771648763410071,0.10613988871875867,0.13330851229914234,0.0533870050942307,0.20631956470023555,0.0398024582695345,0.1475164744444864,0.17412971609354255,0.05428746758664821,0.05332340491965694,0.2600458086126953,0.13921280654472978,0.08372457734104327,0.1686633433262431,0.19275619367731814,0.0987878277491475,0.06673375636778837,0.17262624089923023,0.09921796336795495,0.12229316215402919,0.44976445191374237,0.10701882961069001,0.03609234905940441,0.19915195522652293,0.05067426104194075,0.19181985413262492,0.03420686225273157,0.06833415537509709,0.18673479950591815,0.19453095229273235,0.03970783071281357,0.10903993847162123,0.07709584033645508,0.03444660987494714,0.09175073995699112,0.26771693566294186,1
C14-2012-0015,0.06711465346686488,0.15760050488795624,0.05996681181547681,0.06054305746896231,0.047179833624765355,0.15297032341926073,0.10806923516346045,0.10781148030261319,0.046292553319795544,0.023872508719662122,0.13208462075534055,0.15969370715795175,0.047461381977848396,0.04768812189197956,0.1635676755569011,0.11851226580998771,0.07144696623314,0.107298274256954,0.0575923891307836,0.07110735948599263,0.13176958703652725,0.10768289169138333,0.09698492608489614,0.08335479393866332,0.0929147173304219,0.16261455629093668,0.09615504902877707,0.20087879840306871,0.22957349123426357,0.14707093242478725,0.059610152364974446,0.16521318256112888,0.04923709974629423,0.1456517046439377,0.44958142033376614,0.06372995303761779,0.0,0.2922530386232516,0.06789743121257823,0.23181798761674624,0.0,0.0712129998555797,0.012830883678952855,0.2606481412936905,0.0,0.12986705579383412,0.0918214916367797,0.030769550147690613,0.15366873208513518,0.25827017763854654,1
C14-2012-0016,0.085868650709869,0.08143120137997233,0.08055964531702989,0.13555629323533513,0.11884044319244493,0.09221195129057895,0.17475445673758275,0.053642354343449605,0.07773699241627698,0.040088024881192195,0.13442650518275595,0.027504248661171345,0.10626633806926135,0.13346751273557675,0.11771648763410071,0.10613988871875867,0.13330851229914234,0.0533870050942307,0.20631956470023555,0.0398024582695345,0.1475164744444864,0.17412971609354255,0.05428746758664821,0.05332340491965694,0.2600458086126953,0.13921280654472978,0.08372457734104327,0.1686633433262431,0.19275619367731814,0.0987878277491475,0.06673375636778837,0.17262624089923023,0.09921796336795495,0.12229316215402919,0.44976445191374237,0.10701882961069001,0.03609234905940441,0.19915195522652293,0.05067426104194075,0.19181985413262492,0.03420686225273157,0.06833415537509709,0.18673479950591815,0.19453095229273235,0.03970783071281357,0.10903993847162123,0.07709584033645508,0.03444660987494714,0.09175073995699112,0.26771693566294186,1
C14-2012-0018,0.008443926120206268,0.0,0.02112496819901982,0.0,0.0,0.020726164509188145,0.0,0.021099764500571376,0.0,0.0,0.0,0.0,0.0,0.02099932504205282,0.020579013623876187,0.020874611894771675,0.0,0.04199865008410564,0.0,0.0,0.0,0.0,0.0,0.0,0.04091472410743317,0.09266768099028037,0.08468318939309763,0.1946040613805657,0.38751939323208157,0.07771470609527985,0.08399730016821128,0.1164018270106512,0.06070795615140484,0.11758505417214753,0.5307330820352422,0.12160762675997457,0.009464412648632443,0.35810162379878824,0.049830725520532304,0.26629662533532555,0.017939971667786075,0.12543374508011287,0.28250210562016004,0.3251976662781666,0.04164996793415254,0.057186578306573935,0.06064998805450434,0.009032854294586522,0.1082681229901355,0.16006235807412064,1
C14-2012-0019,0.085868650709869,0.08143120137997233,0.08055964531702989,0.13555629323533513,0.11884044319244493,0.09221195129057895,0.17475445673758275,0.053642354343449605,0.07773699241627698,0.040088024881192195,0.13442650518275595,0.027504248661171345,0.10626633806926135,0.13346751273557675,0.11771648763410071,0.10613988871875867,0.13330851229914234,0.0533870050942307,0.20631956470023555,0.0398024582695345,0.1475164744444864,0.17412971609354255,0.05428746758664821,0.05332340491965694,0.2600458086126953,0.13921280654472978,0.08372457734104327,0.1686633433262431,0.19275619367731814,0.0987878277491475,0.06673375636778837,0.17262624089923023,0.09921796336795495,0.12229316215402919,0.44976445191374237,0.10701882961069001,0.03609234905940441,0.19915195522652293,0.05067426104194075,0.19181985413262492,0.03420686225273157,0.06833415537509709,0.18673479950591815,0.19453095229273235,0.03970783071281357,0.10903993847162123,0.07709584033645508,0.03444660987494714,0.09175073995699112,0.26771693566294186,1
C14-2012-0020,0.04989742016946617,0.14721423867730224,0.041611030985956955,0.23105988633223498,0.30692000595367075,0.18371468277208983,0.08332150098944537,0.12468415755585485,0.14053571556958555,0.10353223620415279,0.18747337722625207,0.3196489150688875,0.16466750326777277,0.041363544634807334,0.2634816192727469,0.2261483959665369,0.18591420627762845,0.12409063390442202,0.3596707502885852,0.20558945087866995,0.08312277170390324,0.041511814870526534,0.25236726630394674,0.08262853612339041,0.16118403933931383,0.016593882946971495,0.018533912543827042,0.017423750012116244,0.13275106357577196,0.05102633390860005,0.020681772317403667,0.0,0.06833134599538361,0.04211161009738817,0.06637553178788598,0.0,0.05592774828476201,0.022042899697572494,0.05889261969493886,0.017484645063746806,0.053006047861653596,0.035296265835362,0.0,0.15072000599789329,0.0,0.01877393344435988,0.0,0.017792518142636257,0.17771814605394146,0.16593882946971497,1
C14-2012-0021,0.9726211391239422,0.0,0.0,0.0,0.0,0.0,0.0,0.0,0.0,0.0,0.0,0.0,0.0,0.0,0.0,0.0,0.0,0.0,0.0,0.0,0.0,0.0,0.0,0.0,0.0,0.026533403655214085,0.035985947071686036,0.02985037535495207,0.05306680731042817,0.03205338959771601,0.030707751053441788,0.06983254144476916,0.013657617022139678,0.03126310500580301,0.1250860458031521,0.03367183324737101,0.012775392039765644,0.060422247052584366,0.049326375589862276,0.0698943018230116,0.008071998398878356,0.028219135687657892,0.03304869776179799,0.07316051246139683,0.004685047455809382,0.038596212168792346,0.031837343528523035,0.008128573082880671,0.020297786501785795,0.04548583483750986,1
C14-2012-0023,0.0020757494848607813,0.028871049012738965,0.010386197423466942,0.02621500662015591,0.005107190248217724,0.005095061786499401,0.9904673656447017,0.005186902948847087,0.017538999303412045,0.007752556613693909,0.0025996518783325505,0.005319001010770289,0.007706501546784841,0.007743318247566652,0.007588332072177197,0.03335510256219375,0.0077340935983948875,0.005162212165044434,0.0074812121758539496,0.0051315542403375,0.010373805897694174,0.010361432880555289,0.010498563277359624,0.005156062398929925,0.02011593097338724,0.002070933358600413,0.0,0.004349003213692231,0.01449653351020289,0.00955220704485768,0.005162212165044434,0.0,0.021319552559235875,0.005255571490636051,0.01449653351020289,0.002299577098001504,0.0232661316551509,0.011003904619519368,0.07349858444305564,0.0,0.00882027777545602,0.0044050096403638805,0.0,0.07759128728708058,0.0,0.0,0.0,0.0022205242421463114,0.004435880839558388,0.03727680045480743,1
C14-2012-0027,0.03483657123524769,0.0,0.0290513144806119,0.0733262011477589,0.014285362001501501,0.07125718692931096,0.05817205368109974,0.04352498106965612,0.028033413064007105,0.04336947412616959,0.014543013420274935,0.11902255640736678,0.028741221431065424,0.01443926423769886,0.07075127768899594,0.07176755357717791,0.04326618803563172,0.0721963211884943,0.0,0.028707021430871164,0.04352498106965612,0.057964090765816594,0.044048420841114114,0.07211031339271952,0.08439964304805431,0.09268198369987496,0.0905779444479549,0.1824694662832493,0.26646070313714054,0.14249895165267404,0.0721963211884943,0.21343628706692316,0.11926617620128988,0.19110520443823123,0.5329214062742811,0.06432165182563479,0.16920248746940014,0.21545375695037006,0.0274111291293912,0.21972862448430616,0.07401380496065833,0.07392772261185519,0.23310020922598432,0.3025283390826433,0.04295815874714344,0.10485824198189027,0.09730770572307576,0.04968836654282011,0.1364840089358386,0.26646070313714054,1
C14-2012-0028,0.06711465346686488,0.15760050488795624,0.05996681181547681,0.06054305746896231,0.047179833624765355,0.15297032341926073,0.10806923516346045,0.10781148030261319,0.046292553319795544,0.023872508719662122,0.13208462075534055,0.15969370715795175,0.047461381977848396,0.04768812189197956,0.1635676755569011,0.11851226580998771,0.07144696623314,0.107298274256954,0.0575923891307836,0.07110735948599263,0.13176958703652725,0.10768289169138333,0.09698492608489614,0.08335479393866332,0.0929147173304219,0.16261455629093668,0.09615504902877707,0.20087879840306871,0.22957349123426357,0.14707093242478725,0.059610152364974446,0.16521318256112888,0.04923709974629423,0.1456517046439377,0.44958142033376614,0.06372995303761779,0.0,0.2922530386232516,0.06789743121257823,0.23181798761674624,0.0,0.0712129998555797,0.012830883678952855,0.2606481412936905,0.0,0.12986705579383412,0.0918214916367797,0.030769550147690613,0.15366873208513518,0.25827017763854654,1
C14-2012-0031,0.9726211391239422,0.0,0.0,0.0,0.0,0.0,0.0,0.0,0.0,0.0,0.0,0.0,0.0,0.0,0.0,0.0,0.0,0.0,0.0,0.0,0.0,0.0,0.0,0.0,0.0,0.026533403655214085,0.035985947071686036,0.02985037535495207,0.05306680731042817,0.03205338959771601,0.030707751053441788,0.06983254144476916,0.013657617022139678,0.03126310500580301,0.1250860458031521,0.03367183324737101,0.012775392039765644,0.060422247052584366,0.049326375589862276,0.0698943018230116,0.008071998398878356,0.028219135687657892,0.03304869776179799,0.07316051246139683,0.004685047455809382,0.038596212168792346,0.031837343528523035,0.008128573082880671,0.020297786501785795,0.04548583483750986,1
C14-2012-0032,0.15625626235356205,0.08781118818726616,0.08687134728891471,0.19733879169499977,0.0854342507915438,0.10653920387489649,0.06523136002864136,0.13015155471773665,0.04191377232865344,0.10807212214862243,0.21743786676213786,0.08897746984718383,0.12891612684747752,0.12953200506916862,0.10578280062606228,0.08584181724430529,0.15094064185709885,0.17270934009222483,0.08343162302464383,0.04292090862215264,0.23861118364918388,0.06499816035730419,0.13171678228089923,0.04312589767345682,0.06309448327356315,0.12125067006764599,0.0773864965643626,0.01818778101038407,0.05196457288613399,0.10652767472524514,0.04317733502305621,0.17950293659688754,0.017831918448161246,0.19781191411780746,0.45035963167982795,0.11540356064102646,0.01946005954515697,0.20708532263667073,0.040983373054768464,0.2190161557019002,0.018443453907516966,0.07368801240277828,0.1626410682106693,0.27532588029945526,0.0,0.09798584976026943,0.062352119606928456,0.018572719614119933,0.12985775759104606,0.24250134013529198,1
C14-2012-0038,0.9726211391239422,0.0,0.0,0.0,0.0,0.0,0.0,0.0,0.0,0.0,0.0,0.0,0.0,0.0,0.0,0.0,0.0,0.0,0.0,0.0,0.0,0.0,0.0,0.0,0.0,0.026533403655214085,0.035985947071686036,0.02985037535495207,0.05306680731042817,0.03205338959771601,0.030707751053441788,0.06983254144476916,0.013657617022139678,0.03126310500580301,0.1250860458031521,0.03367183324737101,0.012775392039765644,0.060422247052584366,0.049326375589862276,0.0698943018230116,0.008071998398878356,0.028219135687657892,0.03304869776179799,0.07316051246139683,0.004685047455809382,0.038596212168792346,0.031837343528523035,0.008128573082880671,0.020297786501785795,0.04548583483750986,1
C14-2012-0040,0.9756341679723166,0.0,0.0,0.0,0.0,0.0,0.0,0.0,0.0,0.0,0.0,0.0,0.0,0.0,0.0,0.0,0.0,0.0,0.0,0.0,0.0,0.0,0.0,0.0,0.0,0.025049976478485607,0.03397404793653828,0.028181503218814335,0.050099952956971214,0.030261351536810317,0.028990944832844586,0.06592834991528058,0.01289404818177305,0.0295152501057246,0.11809274625571786,0.03178931138253653,0.012061146555416527,0.05704416542681479,0.046568640961077136,0.06598665739977744,0.007620709828779968,0.02664146275406748,0.031201014100387933,0.06907026102366651,0.004423116238445773,0.03643837856425537,0.030057384152079793,0.0076741215403700585,0.019162979655463062,0.04294281682026104,1
C14-2012-0041,0.10532934526449023,0.11838367076429482,0.058558306683936544,0.05912101743477523,0.11517917507426452,0.08617923726155535,0.0879424138148458,0.08773266323595874,0.056506537791780664,0.08741921018053012,0.05862827587656387,0.05997800344852002,0.14483314172879116,0.029105012239148697,0.05704492331949473,0.1301947205734748,0.13081652689379566,0.13097255507616914,0.1265392229031078,0.11572864050975537,0.029244221078652915,0.04381401148800182,0.05919183538214741,0.043605508964598555,0.0,0.1284371751946547,0.02608237549223326,0.1103403046447316,0.1401132820305324,0.0,0.014552506119574348,0.16133264250254617,0.048080614924853084,0.029631380436950055,0.6888903033167842,0.10372176492149074,0.013117652373262794,0.10857174108357553,0.055252209230777206,0.2952691679035405,0.03729713411611527,0.037253755385484574,0.2975758835651966,0.11930907071022812,0.0,0.052840303460380884,0.014010122080079401,0.0,0.13755440322763723,0.08173274785114389,1
C14-2012-0046,0.06711465346686488,0.15760050488795624,0.05996681181547681,0.06054305746896231,0.047179833624765355,0.15297032341926073,0.10806923516346045,0.10781148030261319,0.046292553319795544,0.023872508719662122,0.13208462075534055,0.15969370715795175,0.047461381977848396,0.04768812189197956,0.1635676755569011,0.11851226580998771,0.07144696623314,0.107298274256954,0.0575923891307836,0.07110735948599263,0.13176958703652725,0.10768289169138333,0.09698492608489614,0.08335479393866332,0.0929147173304219,0.16261455629093668,0.09615504902877707,0.20087879840306871,0.22957349123426357,0.14707093242478725,0.059610152364974446,0.16521318256112888,0.04923709974629423,0.1456517046439377,0.44958142033376614,0.06372995303761779,0.0,0.2922530386232516,0.06789743121257823,0.23181798761674624,0.0,0.0712129998555797,0.012830883678952855,0.2606481412936905,0.0,0.12986705579383412,0.0918214916367797,0.030769550147690613,0.15366873208513518,0.25827017763854654,1
C14-2012-0049,0.05828521839733677,0.14739520783747312,0.0,0.14721886213026272,0.08604324399986542,0.1144518801097849,0.058396749161018086,0.05825746765383277,0.15477932236847494,0.20317263463227014,0.14599187290254523,0.0,0.1442611866251268,0.05798014946359161,0.05681964936188201,0.08645371567154521,0.05791107745587759,0.08697022419538743,0.2240702428890424,0.2017253365669388,0.08738620148074916,0.14546995741950416,0.17687424940496776,0.08686661618381639,0.05648376350811246,0.09303997729799326,0.12989687282892515,0.14653941853938426,0.18607995459598653,0.14304936836144258,0.08697022419538743,0.16069552984196614,0.05986342697475865,0.1770861856126634,0.3954199035164714,0.012914020150897054,0.026131699892920576,0.20083697123492594,0.09630952592246099,0.19606875437088342,0.037149845408882,0.07421327596712445,0.21840054368194137,0.26408424834188476,0.043124089008932255,0.14473699297379314,0.06977397617389976,0.02494014645871562,0.06227781468907908,0.2442299404072323,1
C14-2012-0052,0.1917678984944797,0.111912538556883,0.0,0.16766796722408203,0.05444160410058978,0.03620821145187657,0.03694901018132891,0.11058265039093036,0.10683551284584616,0.0734583722890459,0.18474505090664453,0.0,0.12778847079585037,0.2017697971193587,0.08987785420139283,0.14587018473710978,0.03664171415824825,0.16508437946129348,0.017721820573889737,0.036467546184277444,0.0,0.12885921598358796,0.0,0.1648877137121171,0.035738618723217916,0.19132296117493755,0.06575106930620198,0.16998477940136492,0.26490871547299044,0.09051073294244079,0.01834270882903261,0.11862185816477662,0.045452414483156504,0.07469775708614036,0.48566597836714914,0.016342014543367884,0.0,0.1954989566150012,0.052231992435879705,0.23260754576149767,0.015670393026647775,0.06260866980199432,0.29611545265967193,0.23392932670500538,0.03638084714745773,0.03330128477004345,0.035318121547247804,0.015780223020394786,0.09457116604924028,0.17660581031532696,1
C14-2012-0053,0.19781726974838887,0.25012617598544984,0.17131090287429007,0.1537396439986773,0.1497572787166131,0.09337602367385744,0.1143437306977577,0.15209468079979793,0.1836761142788677,0.07577563690514173,0.13340101914738398,0.019496021250183775,0.09415685239669533,0.0,0.11125569108413685,0.150471699950442,0.11339276141508442,0.09460667319283757,0.12796602204508314,0.150471699950442,0.057035505299924225,0.15191327485189146,0.07696190030321533,0.07559517427672294,0.036866003308729654,0.18217688931542161,0.06782520492377606,0.14346572412680206,0.1973582967583734,0.07002443923421289,0.03784266927713503,0.15732490808622712,0.07814370572550038,0.07705411843752366,0.42507940840265046,0.13486022319843308,0.017055721412344918,0.2621658326644122,0.05387966504457291,0.23994521495336438,0.016164719897083762,0.0645836775604309,0.020363766419480893,0.24130869184132578,0.0,0.08587945745926334,0.05464836215003488,0.048834043524834746,0.11381351282945598,0.1366326669865662,1
C14-2012-0058,0.06711465346686488,0.15760050488795624,0.05996681181547681,0.06054305746896231,0.047179833624765355,0.15297032341926073,0.10806923516346045,0.10781148030261319,0.046292553319795544,0.023872508719662122,0.13208462075534055,0.15969370715795175,0.047461381977848396,0.04768812189197956,0.1635676755569011,0.11851226580998771,0.07144696623314,0.107298274256954,0.0575923891307836,0.07110735948599263,0.13176958703652725,0.10768289169138333,0.09698492608489614,0.08335479393866332,0.0929147173304219,0.16261455629093668,0.09615504902877707,0.20087879840306871,0.22957349123426357,0.14707093242478725,0.059610152364974446,0.16521318256112888,0.04923709974629423,0.1456517046439377,0.44958142033376614,0.06372995303761779,0.0,0.2922530386232516,0.06789743121257823,0.23181798761674624,0.0,0.0712129998555797,0.012830883678952855,0.2606481412936905,0.0,0.12986705579383412,0.0918214916367797,0.030769550147690613,0.15366873208513518,0.25827017763854654,1
C14-2012-0059,0.05828521839733677,0.14739520783747312,0.0,0.14721886213026272,0.08604324399986542,0.1144518801097849,0.058396749161018086,0.05825746765383277,0.15477932236847494,0.20317263463227014,0.14599187290254523,0.0,0.1442611866251268,0.05798014946359161,0.05681964936188201,0.08645371567154521,0.05791107745587759,0.08697022419538743,0.2240702428890424,0.2017253365669388,0.08738620148074916,0.14546995741950416,0.17687424940496776,0.08686661618381639,0.05648376350811246,0.09303997729799326,0.12989687282892515,0.14653941853938426,0.18607995459598653,0.14304936836144258,0.08697022419538743,0.16069552984196614,0.05986342697475865,0.1770861856126634,0.3954199035164714,0.012914020150897054,0.026131699892920576,0.20083697123492594,0.09630952592246099,0.19606875437088342,0.037149845408882,0.07421327596712445,0.21840054368194137,0.26408424834188476,0.043124089008932255,0.14473699297379314,0.06977397617389976,0.02494014645871562,0.06227781468907908,0.2442299404072323,1
C14-2012-0062,0.05828521839733677,0.14739520783747312,0.0,0.14721886213026272,0.08604324399986542,0.1144518801097849,0.058396749161018086,0.05825746765383277,0.15477932236847494,0.20317263463227014,0.14599187290254523,0.0,0.1442611866251268,0.05798014946359161,0.05681964936188201,0.08645371567154521,0.05791107745587759,0.08697022419538743,0.2240702428890424,0.2017253365669388,0.08738620148074916,0.14546995741950416,0.17687424940496776,0.08686661618381639,0.05648376350811246,0.09303997729799326,0.12989687282892515,0.14653941853938426,0.18607995459598653,0.14304936836144258,0.08697022419538743,0.16069552984196614,0.05986342697475865,0.1770861856126634,0.3954199035164714,0.012914020150897054,0.026131699892920576,0.20083697123492594,0.09630952592246099,0.19606875437088342,0.037149845408882,0.07421327596712445,0.21840054368194137,0.26408424834188476,0.043124089008932255,0.14473699297379314,0.06977397617389976,0.02494014645871562,0.06227781468907908,0.2442299404072323,1
C14-2012-0063,0.08796421369219166,0.09732155018407986,0.0550170972141908,0.1805237818571563,0.09468717936166395,0.06747308427499929,0.1377070878607788,0.12364077964629748,0.15926821619214662,0.041066344445794385,0.027541417572155755,0.05635094034140655,0.04082238450646016,0.09570728432235369,0.053595233017651886,0.0951388871656989,0.08193708669645271,0.12305222270016902,0.02641933075711766,0.040773808785299535,0.09616505083600917,0.10977183213941585,0.08341847158635417,0.0546247244643018,0.21311363240915002,0.03291004511144671,0.12252545106695009,0.14974219133727204,0.18649025563153138,0.15179801100533716,0.08203481513344602,0.1515763378250094,0.12422581939091423,0.23663554085605384,0.4388006014859562,0.036543515858774446,0.024648771342964122,0.24772899824575104,0.12977732531422176,0.2427366287631864,0.03504165625130544,0.07000180154454926,0.13243287370207912,0.2989175114974196,0.1491485303394607,0.09928976013592913,0.10530307887797594,0.0352872547427039,0.0,0.24134033081727588,1
C14-2012-0064,0.07381238580347711,0.07777552243403495,0.061554474407384076,0.046609482420693765,0.04540214266251956,0.045294322486953476,0.12325604722388475,0.061481035224115244,0.17819317691992848,0.13783809267611408,0.15407005902985593,0.11033191878068208,0.15224360847735144,0.07648546519074498,0.10493640142487992,0.06082497978389468,0.10695208680633082,0.13767383734334096,0.07389648406103813,0.22809367418960502,0.015370258806028811,0.2916866022339762,0.1866612538416839,0.19862530406890014,0.05960918649035011,0.08591464850585406,0.12337602511692654,0.1288732517302229,0.1595557757965861,0.09435296032858324,0.10707965126704297,0.24024869655296813,0.07581102874585895,0.15573743095119583,0.38047915766878226,0.0545143728182631,0.013788824216743649,0.1304307125441493,0.058079218673518423,0.19398548502592075,0.013068487446825736,0.10442630430244551,0.032926475375683835,0.22295748343772348,0.0,0.19440367249774448,0.1030887033626261,0.03948024394144796,0.026289536245081107,0.2945645091629282,1
C14-2012-0066,0.008443926120206268,0.0,0.02112496819901982,0.0,0.0,0.020726164509188145,0.0,0.021099764500571376,0.0,0.0,0.0,0.0,0.0,0.02099932504205282,0.020579013623876187,0.020874611894771675,0.0,0.04199865008410564,0.0,0.0,0.0,0.0,0.0,0.0,0.04091472410743317,0.09266768099028037,0.08468318939309763,0.1946040613805657,0.38751939323208157,0.07771470609527985,0.08399730016821128,0.1164018270106512,0.06070795615140484,0.11758505417214753,0.5307330820352422,0.12160762675997457,0.009464412648632443,0.35810162379878824,0.049830725520532304,0.26629662533532555,0.017939971667786075,0.12543374508011287,0.28250210562016004,0.3251976662781666,0.04164996793415254,0.057186578306573935,0.06064998805450434,0.009032854294586522,0.1082681229901355,0.16006235807412064,1
C14-2012-0067,0.19781726974838887,0.25012617598544984,0.17131090287429007,0.1537396439986773,0.1497572787166131,0.09337602367385744,0.1143437306977577,0.15209468079979793,0.1836761142788677,0.07577563690514173,0.13340101914738398,0.019496021250183775,0.09415685239669533,0.0,0.11125569108413685,0.150471699950442,0.11339276141508442,0.09460667319283757,0.12796602204508314,0.150471699950442,0.057035505299924225,0.15191327485189146,0.07696190030321533,0.07559517427672294,0.036866003308729654,0.18217688931542161,0.06782520492377606,0.14346572412680206,0.1973582967583734,0.07002443923421289,0.03784266927713503,0.15732490808622712,0.07814370572550038,0.07705411843752366,0.42507940840265046,0.13486022319843308,0.017055721412344918,0.2621658326644122,0.05387966504457291,0.23994521495336438,0.016164719897083762,0.0645836775604309,0.020363766419480893,0.24130869184132578,0.0,0.08587945745926334,0.05464836215003488,0.048834043524834746,0.11381351282945598,0.1366326669865662,1
C14-2012-0070,0.0011479878891145084,0.002903101646757605,0.002872029824179877,0.0,0.0,0.0028178107559948327,0.002875461508246223,0.0,0.002771399498880313,0.008575062807053613,0.0,0.0,0.002841373845182344,0.002854948099340638,0.002797804963451674,0.004256989219946803,0.0,0.002854948099340638,0.9902333051500165,0.005675985626595738,0.0,0.00859554552283661,0.01161240658703042,0.005703093974162534,0.008343797735758848,0.010307919086374538,0.016629949515874806,0.022849447405282275,0.025197135544471092,0.010565646848802058,0.014274740496703188,0.0369257618015239,0.02947680863929552,0.014532901165648898,0.08704465006271832,0.011445976549964465,0.01029381919598965,0.02738556457674853,0.02303398125499871,0.04947902651857696,0.021951143249291552,0.006090447998966446,0.023044422081705936,0.026007067240932262,0.0099093598945631,0.009070553371123283,0.008245625408173252,0.006140275972753297,0.02453252436533624,0.02176116251567958,1
C14-2012-0079,0.12448812182402358,0.12242733202404059,0.0692097116712644,0.17468694033698123,0.22121056203401615,0.1358062986147986,0.10393861176095295,0.19009963281652068,0.10017710747389164,0.20664048104327548,0.06929240784063531,0.12405337484341102,0.10270645324765901,0.05159855926501723,0.11798684265208792,0.15387635985865714,0.10307417934769159,0.08599759877502872,0.11632129372352439,0.15387635985865714,0.06912713920600752,0.0690446900753227,0.10493771316346337,0.05153708967384579,0.1005337463200123,0.1517991275101563,0.046239904884774405,0.02898012103996471,0.1793989688756393,0.02121743786309753,0.034399039510011484,0.20656792340808852,0.028413095292243132,0.08755287731985505,0.46919730321321046,0.10726461572091019,0.0620146988510129,0.2199776400131666,0.0,0.26173264477638963,0.058775012337094874,0.05870665358813446,0.1851069226925847,0.2350177925564488,0.05117017653026316,0.0624516379350543,0.016558479309776504,0.014796738044933068,0.05911808169951824,0.19319888955838077,1
C14-2012-0080,0.12448812182402358,0.12242733202404059,0.0692097116712644,0.17468694033698123,0.22121056203401615,0.1358062986147986,0.10393861176095295,0.19009963281652068,0.10017710747389164,0.20664048104327548,0.06929240784063531,0.12405337484341102,0.10270645324765901,0.05159855926501723,0.11798684265208792,0.15387635985865714,0.10307417934769159,0.08599759877502872,0.11632129372352439,0.15387635985865714,0.06912713920600752,0.0690446900753227,0.10493771316346337,0.05153708967384579,0.1005337463200123,0.1517991275101563,0.046239904884774405,0.02898012103996471,0.1793989688756393,0.02121743786309753,0.034399039510011484,0.20656792340808852,0.028413095292243132,0.08755287731985505,0.46919730321321046,0.10726461572091019,0.0620146988510129,0.2199776400131666,0.0,0.26173264477638963,0.058775012337094874,0.05870665358813446,0.1851069226925847,0.2350177925564488,0.05117017653026316,0.0624516379350543,0.016558479309776504,0.014796738044933068,0.05911808169951824,0.19319888955838077,1
C14-2012-0081,0.12448812182402358,0.12242733202404059,0.0692097116712644,0.17468694033698123,0.22121056203401615,0.1358062986147986,0.10393861176095295,0.19009963281652068,0.10017710747389164,0.20664048104327548,0.06929240784063531,0.12405337484341102,0.10270645324765901,0.05159855926501723,0.11798684265208792,0.15387635985865714,0.10307417934769159,0.08599759877502872,0.11632129372352439,0.15387635985865714,0.06912713920600752,0.0690446900753227,0.10493771316346337,0.05153708967384579,0.1005337463200123,0.1517991275101563,0.046239904884774405,0.02898012103996471,0.1793989688756393,0.02121743786309753,0.034399039510011484,0.20656792340808852,0.028413095292243132,0.08755287731985505,0.46919730321321046,0.10726461572091019,0.0620146988510129,0.2199776400131666,0.0,0.26173264477638963,0.058775012337094874,0.05870665358813446,0.1851069226925847,0.2350177925564488,0.05117017653026316,0.0624516379350543,0.016558479309776504,0.014796738044933068,0.05911808169951824,0.19319888955838077,1
C14-2012-0082,0.12448812182402358,0.12242733202404059,0.0692097116712644,0.17468694033698123,0.22121056203401615,0.1358062986147986,0.10393861176095295,0.19009963281652068,0.10017710747389164,0.20664048104327548,0.06929240784063531,0.12405337484341102,0.10270645324765901,0.05159855926501723,0.11798684265208792,0.15387635985865714,0.10307417934769159,0.08599759877502872,0.11632129372352439,0.15387635985865714,0.06912713920600752,0.0690446900753227,0.10493771316346337,0.05153708967384579,0.1005337463200123,0.1517991275101563,0.046239904884774405,0.02898012103996471,0.1793989688756393,0.02121743786309753,0.034399039510011484,0.20656792340808852,0.028413095292243132,0.08755287731985505,0.46919730321321046,0.10726461572091019,0.0620146988510129,0.2199776400131666,0.0,0.26173264477638963,0.058775012337094874,0.05870665358813446,0.1851069226925847,0.2350177925564488,0.05117017653026316,0.0624516379350543,0.016558479309776504,0.014796738044933068,0.05911808169951824,0.19319888955838077,1
C14-2012-0083,0.06845192019600077,0.129829036609881,0.12843947975592615,0.043224569105960724,0.08420981959685761,0.04200491983098596,0.17145726323033464,0.08552416110624617,0.04131307027004467,0.042609299316221476,0.08572863161516732,0.04385112887744674,0.042356173253589334,0.08511704753720455,0.166826779183091,0.0,0.04250782361157891,0.0,0.04111794659919749,0.08461154486679083,0.12828624165936922,0.0,0.086552691073254,0.25504694166947345,0.04146014824107363,0.23902584637413818,0.0762774046069452,0.1075626983483671,0.20487929689211842,0.05250046783095059,0.04255852376860227,0.15727140155285851,0.0351527079987963,0.043328200595160474,0.6146378906763553,0.0,0.0,0.22679711784628695,0.0,0.2518567895331711,0.03635825004387323,0.0726319265797688,0.04580289148394631,0.193842821447521,0.042205193422585226,0.03863261235351662,0.040972332095024655,0.10983922866796149,0.21942283746883706,0.10243964844605921,1
C14-2012-0086,0.07381238580347711,0.07777552243403495,0.061554474407384076,0.046609482420693765,0.04540214266251956,0.045294322486953476,0.12325604722388475,0.061481035224115244,0.17819317691992848,0.13783809267611408,0.15407005902985593,0.11033191878068208,0.15224360847735144,0.07648546519074498,0.10493640142487992,0.06082497978389468,0.10695208680633082,0.13767383734334096,0.07389648406103813,0.22809367418960502,0.015370258806028811,0.2916866022339762,0.1866612538416839,0.19862530406890014,0.05960918649035011,0.08591464850585406,0.12337602511692654,0.1288732517302229,0.1595557757965861,0.09435296032858324,0.10707965126704297,0.24024869655296813,0.07581102874585895,0.15573743095119583,0.38047915766878226,0.0545143728182631,0.013788824216743649,0.1304307125441493,0.058079218673518423,0.19398548502592075,0.013068487446825736,0.10442630430244551,0.032926475375683835,0.22295748343772348,0.0,0.19440367249774448,0.1030887033626261,0.03948024394144796,0.026289536245081107,0.2945645091629282,1
C14-2012-0092,0.001115937749350372,0.0,0.0,0.0,0.0,0.002739141608510897,0.00279518283623273,0.0,0.002694026085690488,0.008335659618171275,0.0,0.0,0.002762046850774329,0.002775242131646325,0.0027196943483818697,0.0027587602123459796,0.0,0.002775242131646325,0.9907411139271454,0.005517520424691959,0.0,0.0027851901621807006,0.011288205210307376,0.0055438719469154485,0.005407234085869174,0.010020137089257353,0.01616566569257991,0.0222115243140923,0.024493668440406867,0.010270669470195901,0.013876210658231625,0.03589484863784156,0.029800013706584822,0.014127163859572694,0.08461449097595099,0.011126421656013142,0.010006430847152017,0.026620999740719128,0.022390906249114596,0.04809764459778247,0.022523760576882105,0.005920411614920926,0.023894459288787914,0.025280988030662796,0.009632705086088727,0.008817316811714281,0.008015419628756439,0.005968848464690551,0.023847612231565743,0.021153622743987747,1
C14-2012-0093,0.0011479878891145084,0.002903101646757605,0.002872029824179877,0.0,0.0,0.0028178107559948327,0.002875461508246223,0.0,0.002771399498880313,0.008575062807053613,0.0,0.0,0.002841373845182344,0.002854948099340638,0.002797804963451674,0.004256989219946803,0.0,0.002854948099340638,0.9902333051500165,0.005675985626595738,0.0,0.00859554552283661,0.01161240658703042,0.005703093974162534,0.008343797735758848,0.010307919086374538,0.016629949515874806,0.022849447405282275,0.025197135544471092,0.010565646848802058,0.014274740496703188,0.0369257618015239,0.02947680863929552,0.014532901165648898,0.08704465006271832,0.011445976549964465,0.01029381919598965,0.02738556457674853,0.02303398125499871,0.04947902651857696,0.021951143249291552,0.006090447998966446,0.023044422081705936,0.026007067240932262,0.0099093598945631,0.009070553371123283,0.008245625408173252,0.006140275972753297,0.02453252436533624,0.02176116251567958,1
C14-2012-0097,0.12590058047374386,0.13929345976599,0.15748869192385856,0.13912680710453237,0.300086560111067,0.1545155716401124,0.07883843471932217,0.13763819641367825,0.10447978421539926,0.11755409129790631,0.12811245641889854,0.20163359056588043,0.058427872994696324,0.09784500623266838,0.09588659217655957,0.15562226133331403,0.136819820263427,0.039138002493067356,0.08507971721089191,0.10699030466665338,0.1474694961575124,0.09819573783137804,0.05969719704256715,0.12704697595889652,0.12391569384891205,0.02355158768000239,0.0438417646354339,0.016486274990053548,0.054953704586672245,0.0,0.19569001246533677,0.0,0.048491112407074335,0.0,0.039252646133337316,0.0,0.3175115243811147,0.03128534090591645,0.46436612980378356,0.09926336170708225,0.09194916025855801,0.18368443610218183,0.0,0.20500273930728655,0.019406535038371944,0.0,0.0,0.03367040351945348,0.08407806082302485,0.2826190521600287,1
C14-2012-0098,0.07381238580347711,0.07777552243403495,0.061554474407384076,0.046609482420693765,0.04540214266251956,0.045294322486953476,0.12325604722388475,0.061481035224115244,0.17819317691992848,0.13783809267611408,0.15407005902985593,0.11033191878068208,0.15224360847735144,0.07648546519074498,0.10493640142487992,0.06082497978389468,0.10695208680633082,0.13767383734334096,0.07389648406103813,0.22809367418960502,0.015370258806028811,0.2916866022339762,0.1866612538416839,0.19862530406890014,0.05960918649035011,0.08591464850585406,0.12337602511692654,0.1288732517302229,0.1595557757965861,0.09435296032858324,0.10707965126704297,0.24024869655296813,0.07581102874585895,0.15573743095119583,0.38047915766878226,0.0545143728182631,0.013788824216743649,0.1304307125441493,0.058079218673518423,0.19398548502592075,0.013068487446825736,0.10442630430244551,0.032926475375683835,0.22295748343772348,0.0,0.19440367249774448,0.1030887033626261,0.03948024394144796,0.026289536245081107,0.2945645091629282,1
C14-2012-0099,0.07381238580347711,0.07777552243403495,0.061554474407384076,0.046609482420693765,0.04540214266251956,0.045294322486953476,0.12325604722388475,0.061481035224115244,0.17819317691992848,0.13783809267611408,0.15407005902985593,0.11033191878068208,0.15224360847735144,0.07648546519074498,0.10493640142487992,0.06082497978389468,0.10695208680633082,0.13767383734334096,0.07389648406103813,0.22809367418960502,0.015370258806028811,0.2916866022339762,0.1866612538416839,0.19862530406890014,0.05960918649035011,0.08591464850585406,0.12337602511692654,0.1288732517302229,0.1595557757965861,0.09435296032858324,0.10707965126704297,0.24024869655296813,0.07581102874585895,0.15573743095119583,0.38047915766878226,0.0545143728182631,0.013788824216743649,0.1304307125441493,0.058079218673518423,0.19398548502592075,0.013068487446825736,0.10442630430244551,0.032926475375683835,0.22295748343772348,0.0,0.19440367249774448,0.1030887033626261,0.03948024394144796,0.026289536245081107,0.2945645091629282,1
C14-2012-0100,0.06845192019600077,0.129829036609881,0.12843947975592615,0.043224569105960724,0.08420981959685761,0.04200491983098596,0.17145726323033464,0.08552416110624617,0.04131307027004467,0.042609299316221476,0.08572863161516732,0.04385112887744674,0.042356173253589334,0.08511704753720455,0.166826779183091,0.0,0.04250782361157891,0.0,0.04111794659919749,0.08461154486679083,0.12828624165936922,0.0,0.086552691073254,0.25504694166947345,0.04146014824107363,0.23902584637413818,0.0762774046069452,0.1075626983483671,0.20487929689211842,0.05250046783095059,0.04255852376860227,0.15727140155285851,0.0351527079987963,0.043328200595160474,0.6146378906763553,0.0,0.0,0.22679711784628695,0.0,0.2518567895331711,0.03635825004387323,0.0726319265797688,0.04580289148394631,0.193842821447521,0.042205193422585226,0.03863261235351662,0.040972332095024655,0.10983922866796149,0.21942283746883706,0.10243964844605921,1
C14-2012-0101,0.0011189100328857812,0.0,0.0,0.0,0.0,0.00274643727129215,0.002802627763987373,0.0,0.002701201583950245,0.008357861523120085,0.0,0.0,0.0027694035213263954,0.0027826339476320003,0.0027269382136761,0.0027661081289856587,0.0,0.0027826339476320003,0.9906914944176932,0.0055322162579713174,0.0,0.0027926084745971886,0.01131827117636189,0.005558637967080844,0.005421636173131558,0.01004682557480261,0.016208722701812686,0.022270684377504034,0.024558906960628603,0.010298025244997554,0.013913169738160001,0.0359904540313094,0.029879385598203877,0.014164791349606328,0.08483986040944426,0.011156056713986081,0.010033082826326048,0.02669190437610003,0.022450544093632247,0.04822575195611243,0.022583752276918365,0.005936180542870643,0.02395810182437999,0.02534832356485918,0.009658361652277568,0.008840801603407368,0.008036768579274347,0.0059847464034665085,0.02391112999072029,0.021209965102361065,1
C14-2012-0102,0.09496244460549397,0.13508258053918085,0.1336367951390923,0.11992974740717219,0.11682317027495795,0.18938682872382173,0.14866274765466247,0.25212389513669464,0.08596961493049257,0.14777829513071836,0.26759294577839243,0.39542159668320476,0.20566055863329707,0.13284197506314982,0.28929573362451894,0.14672559804369303,0.1769116264433371,0.1476021945146109,0.3565149008089911,0.10270791863058512,0.14830817360982038,0.14813128389431887,0.195119283001039,0.19165426198028188,0.07189639493320865,0.011842764251062256,0.0,0.03730507761607334,0.07105658550637355,0.0,0.04428065835438328,0.013636283609017258,0.09753377484548136,0.0,0.09474211400849805,0.0,0.1463537405441075,0.0,0.014010211140322984,0.02495697121224348,0.07565897996413828,0.0,0.0,0.09412045490340261,0.0,0.040195884572139594,0.0,0.025396418483769754,0.038050300467561096,0.023685528502124513,1
C14-2012-0106,0.08796421369219166,0.09732155018407986,0.0550170972141908,0.1805237818571563,0.09468717936166395,0.06747308427499929,0.1377070878607788,0.12364077964629748,0.15926821619214662,0.041066344445794385,0.027541417572155755,0.05635094034140655,0.04082238450646016,0.09570728432235369,0.053595233017651886,0.0951388871656989,0.08193708669645271,0.12305222270016902,0.02641933075711766,0.040773808785299535,0.09616505083600917,0.10977183213941585,0.08341847158635417,0.0546247244643018,0.21311363240915002,0.03291004511144671,0.12252545106695009,0.14974219133727204,0.18649025563153138,0.15179801100533716,0.08203481513344602,0.1515763378250094,0.12422581939091423,0.23663554085605384,0.4388006014859562,0.036543515858774446,0.024648771342964122,0.24772899824575104,0.12977732531422176,0.2427366287631864,0.03504165625130544,0.07000180154454926,0.13243287370207912,0.2989175114974196,0.1491485303394607,0.09928976013592913,0.10530307887797594,0.0352872547427039,0.0,0.24134033081727588,1
C14-2012-0109,0.08941693612241057,0.03230328435224419,0.08788324359952239,0.10486006780232393,0.0864294074901959,0.07054703715166023,0.0879882520935917,0.039899269175582126,0.18502687875084117,0.11131880549939174,0.11198504811911672,0.11456314383885846,0.11856160897922871,0.06353494399130144,0.10896070858939512,0.047368211653893065,0.14278332269783972,0.16677922797716627,0.0537112880693146,0.11842052913473267,0.10373809985651353,0.11955504188811567,0.08883403196867151,0.14278332269783972,0.12379039323309594,0.12106999790457017,0.07117082843166345,0.16726942028783037,0.21665157519765188,0.09797139291334606,0.07147681199021412,0.12473111264840542,0.039359189465598,0.15362445795664015,0.4906520967711528,0.0919831201674039,0.0,0.24547181516732422,0.06030655458978388,0.24170978555554382,0.013569663463417902,0.0881002275245086,0.0427365056306757,0.28938486848714706,0.12601492546244225,0.07209251651513966,0.0764586795527814,0.09565338966304868,0.12966426025249064,0.21027947004477976,1
C14-2012-0111,0.08796421369219166,0.09732155018407986,0.0550170972141908,0.1805237818571563,0.09468717936166395,0.06747308427499929,0.1377070878607788,0.12364077964629748,0.15926821619214662,0.041066344445794385,0.027541417572155755,0.05635094034140655,0.04082238450646016,0.09570728432235369,0.053595233017651886,0.0951388871656989,0.08193708669645271,0.12305222270016902,0.02641933075711766,0.040773808785299535,0.09616505083600917,0.10977183213941585,0.08341847158635417,0.0546247244643018,0.21311363240915002,0.03291004511144671,0.12252545106695009,0.14974219133727204,0.18649025563153138,0.15179801100533716,0.08203481513344602,0.1515763378250094,0.12422581939091423,0.23663554085605384,0.4388006014859562,0.036543515858774446,0.024648771342964122,0.24772899824575104,0.12977732531422176,0.2427366287631864,0.03504165625130544,0.07000180154454926,0.13243287370207912,0.2989175114974196,0.1491485303394607,0.09928976013592913,0.10530307887797594,0.0352872547427039,0.0,0.24134033081727588,1
C14-2012-0112,0.06845192019600077,0.129829036609881,0.12843947975592615,0.043224569105960724,0.08420981959685761,0.04200491983098596,0.17145726323033464,0.08552416110624617,0.04131307027004467,0.042609299316221476,0.08572863161516732,0.04385112887744674,0.042356173253589334,0.08511704753720455,0.166826779183091,0.0,0.04250782361157891,0.0,0.04111794659919749,0.08461154486679083,0.12828624165936922,0.0,0.086552691073254,0.25504694166947345,0.04146014824107363,0.23902584637413818,0.0762774046069452,0.1075626983483671,0.20487929689211842,0.05250046783095059,0.04255852376860227,0.15727140155285851,0.0351527079987963,0.043328200595160474,0.6146378906763553,0.0,0.0,0.22679711784628695,0.0,0.2518567895331711,0.03635825004387323,0.0726319265797688,0.04580289148394631,0.193842821447521,0.042205193422585226,0.03863261235351662,0.040972332095024655,0.10983922866796149,0.21942283746883706,0.10243964844605921,1
C14-2012-0114,0.1138598261745484,0.2224957361571567,0.14242694528836683,0.14379558413503726,0.191005640309969,0.13973816532063696,0.10370700077777961,0.11639210651875861,0.22489622643661636,0.15463501122346943,0.19445062645833677,0.18566541187254346,0.19214547738287072,0.1801925297355093,0.16397261313325798,0.17912238212577117,0.10284449461731045,0.2059343196977249,0.14922268696946886,0.15353347039351817,0.10345965023889654,0.19375547274451752,0.23558372063698946,0.12855561827163806,0.13792586850399122,0.061961263704525066,0.046136866469591066,0.010843328760287645,0.15490315926131265,0.015877618584357826,0.05148357992443123,0.16647153843342416,0.01063116792805323,0.11793300217638132,0.3820944595112379,0.01146702784893509,0.08121291775819459,0.0960257611933306,0.04886755426455229,0.0,0.07697030432473663,0.04393187622609304,0.11081666447385076,0.03517411380984018,0.07658422766066873,0.05841794456399809,0.03717355797349274,0.0,0.033179819780328364,0.17555691382948768,1
C14-2012-0115,0.08796421369219166,0.09732155018407986,0.0550170972141908,0.1805237818571563,0.09468717936166395,0.06747308427499929,0.1377070878607788,0.12364077964629748,0.15926821619214662,0.041066344445794385,0.027541417572155755,0.05635094034140655,0.04082238450646016,0.09570728432235369,0.053595233017651886,0.0951388871656989,0.08193708669645271,0.12305222270016902,0.02641933075711766,0.040773808785299535,0.09616505083600917,0.10977183213941585,0.08341847158635417,0.0546247244643018,0.21311363240915002,0.03291004511144671,0.12252545106695009,0.14974219133727204,0.18649025563153138,0.15179801100533716,0.08203481513344602,0.1515763378250094,0.12422581939091423,0.23663554085605384,0.4388006014859562,0.036543515858774446,0.024648771342964122,0.24772899824575104,0.12977732531422176,0.2427366287631864,0.03504165625130544,0.07000180154454926,0.13243287370207912,0.2989175114974196,0.1491485303394607,0.09928976013592913,0.10530307887797594,0.0352872547427039,0.0,0.24134033081727588,1
C14-2012-0117,0.08796421369219166,0.09732155018407986,0.0550170972141908,0.1805237818571563,0.09468717936166395,0.06747308427499929,0.1377070878607788,0.12364077964629748,0.15926821619214662,0.041066344445794385,0.027541417572155755,0.05635094034140655,0.04082238450646016,0.09570728432235369,0.053595233017651886,0.0951388871656989,0.08193708669645271,0.12305222270016902,0.02641933075711766,0.040773808785299535,0.09616505083600917,0.10977183213941585,0.08341847158635417,0.0546247244643018,0.21311363240915002,0.03291004511144671,0.12252545106695009,0.14974219133727204,0.18649025563153138,0.15179801100533716,0.08203481513344602,0.1515763378250094,0.12422581939091423,0.23663554085605384,0.4388006014859562,0.036543515858774446,0.024648771342964122,0.24772899824575104,0.12977732531422176,0.2427366287631864,0.03504165625130544,0.07000180154454926,0.13243287370207912,0.2989175114974196,0.1491485303394607,0.09928976013592913,0.10530307887797594,0.0352872547427039,0.0,0.24134033081727588,1
C14-2012-0119,0.08796421369219166,0.09732155018407986,0.0550170972141908,0.1805237818571563,0.09468717936166395,0.06747308427499929,0.1377070878607788,0.12364077964629748,0.15926821619214662,0.041066344445794385,0.027541417572155755,0.05635094034140655,0.04082238450646016,0.09570728432235369,0.053595233017651886,0.0951388871656989,0.08193708669645271,0.12305222270016902,0.02641933075711766,0.040773808785299535,0.09616505083600917,0.10977183213941585,0.08341847158635417,0.0546247244643018,0.21311363240915002,0.03291004511144671,0.12252545106695009,0.14974219133727204,0.18649025563153138,0.15179801100533716,0.08203481513344602,0.1515763378250094,0.12422581939091423,0.23663554085605384,0.4388006014859562,0.036543515858774446,0.024648771342964122,0.24772899824575104,0.12977732531422176,0.2427366287631864,0.03504165625130544,0.07000180154454926,0.13243287370207912,0.2989175114974196,0.1491485303394607,0.09928976013592913,0.10530307887797594,0.0352872547427039,0.0,0.24134033081727588,1
C14-2012-0123,0.0011448814500128047,0.0,0.0,0.0,0.0,0.0028101857996720137,0.002867680549797655,0.0014304204366814594,0.0027639001307672886,0.009977168608814199,0.0,0.00146684983767169,0.004250527691206776,0.0028472226498884082,0.0055804682850448956,0.002830313244611493,0.001421915370495517,0.0028472226498884082,0.9903045938304534,0.007075783111528733,0.0,0.004286143048698423,0.011580983577929988,0.005687661481982068,0.005547479690863009,0.01028002600212623,0.01658494910609233,0.022787617121578813,0.025128952449641893,0.010537056356849024,0.014236113249442042,0.03682584120879977,0.029397044809189986,0.014493575339244068,0.08680910846239927,0.011415003898206426,0.010265964265846656,0.027311459623699717,0.02297165162529014,0.049345136967869165,0.02189174376401537,0.0060739673322361765,0.02298206419926696,0.02593669248230987,0.009882545305889114,0.009046008581118677,0.008223312861648298,0.006123660472225914,0.024466139699021724,0.021702277115599817,1
C14-2012-0129,0.1223204227144212,0.12029551723937656,0.22101485231260282,0.2231386745426852,0.05015968726807936,0.1000811379257069,0.13617165226330724,0.13584687060618364,0.1476491004077835,0.06768075706279149,0.10212873919748043,0.1044799250906863,0.06727869075740298,0.11830018376564011,0.1159323496609954,0.10079795088281288,0.2194386112937321,0.10140015751340582,0.09796783094394833,0.1343972678437505,0.20377030590927542,0.01696060546270097,0.10311044334803707,0.10127935905864559,0.06585544155670155,0.08135774433441592,0.13630420225414783,0.014237746557597639,0.14915586461309585,0.18763182681796964,0.08450013126117151,0.17174467283936004,0.041877511394443886,0.1892623213746326,0.4067887216720796,0.06022675873482263,0.03046742157732335,0.21614719155429238,0.04812386499728487,0.2286001072274951,0.08662735346286708,0.014421100137571344,0.05456510235521878,0.2925055718218083,0.06703887387640393,0.10738730425935195,0.09762088907773972,0.043617251813212514,0.02904433225273088,0.16271548866883184,1
C14-2012-0130,0.1967631404575854,0.15993855181938021,0.14064598541798515,0.17749688786486062,0.08644956569412261,0.12074197359180552,0.2640263216153192,0.12291841102544143,0.11875327127424856,0.1049822105227931,0.12321228342048228,0.1620628073220268,0.1913240085179755,0.12233329271073122,0.17126390574841813,0.2084687417631981,0.17455365217101101,0.034952369345923204,0.11819239371020698,0.2084687417631981,0.14047818402907591,0.2806212665542732,0.2132514024258403,0.08727682608550551,0.08512574486475936,0.014021900946020455,0.03132246824474303,0.029446284219174362,0.21032851419030685,0.0,0.017476184672961602,0.0,0.15878575631290473,0.07116897562192091,0.08413140567612273,0.015570004776834463,0.20478979188007146,0.03725268607837634,0.03317634104298247,0.05909839473826785,0.2090215567274211,0.0,0.0,0.12735903955932001,0.1039865609655362,0.0,0.0,0.030069505464584503,0.045051774468498854,0.36456942459653185,1
C14-2012-0136,0.05207282498863192,0.07681620873827094,0.032568877210021774,0.0986455346680788,0.08541359026180881,0.07455940768012556,0.22825454804484963,0.032530020055195674,0.11523499993040141,0.021609197422353343,0.0869541135408951,0.10007544652002193,0.04296165037117912,0.10791723366470948,0.06345433152893334,0.1609144840367674,0.1401252728049119,0.043166893465883795,0.10426430848694766,0.15018685176764957,0.08674672014718847,0.11913447677801041,0.08778995284373824,0.0970098042495544,0.08410563354749337,0.06926934175312374,0.11605167332958419,0.17274213533442764,0.17317335438280937,0.06656369573842168,0.08633378693176759,0.2193394224701154,0.05348281848796834,0.19776407734396437,0.4415920536761639,0.07691710176361007,0.029183030290439855,0.17252936939854926,0.030730096546887447,0.30107438778317286,0.02765849060196477,0.07367019246104231,0.05807204885286725,0.3047513660359451,0.09631915267297529,0.12735080004727278,0.11428457520239017,0.11140936908584087,0.027819933030627946,0.28573603473163545,1
C14-2012-0138,0.05207282498863192,0.07681620873827094,0.032568877210021774,0.0986455346680788,0.08541359026180881,0.07455940768012556,0.22825454804484963,0.032530020055195674,0.11523499993040141,0.021609197422353343,0.0869541135408951,0.10007544652002193,0.04296165037117912,0.10791723366470948,0.06345433152893334,0.1609144840367674,0.1401252728049119,0.043166893465883795,0.10426430848694766,0.15018685176764957,0.08674672014718847,0.11913447677801041,0.08778995284373824,0.0970098042495544,0.08410563354749337,0.06926934175312374,0.11605167332958419,0.17274213533442764,0.17317335438280937,0.06656369573842168,0.08633378693176759,0.2193394224701154,0.05348281848796834,0.19776407734396437,0.4415920536761639,0.07691710176361007,0.029183030290439855,0.17252936939854926,0.030730096546887447,0.30107438778317286,0.02765849060196477,0.07367019246104231,0.05807204885286725,0.3047513660359451,0.09631915267297529,0.12735080004727278,0.11428457520239017,0.11140936908584087,0.027819933030627946,0.28573603473163545,1
C14-2012-0140,0.031009257643480517,0.06861583585527892,0.02909204670914992,0.06853374290071643,0.08583234721764169,0.0570856760892832,0.058253615477095094,0.06780045458274617,0.08421815434402444,0.057907042054698314,0.11650723095419019,0.10925698244601066,0.07675071702600307,0.0771173825182996,0.01889346041246166,0.07665938915590909,0.5199222076231297,0.0771173825182996,0.05588025856168229,0.03832969457795454,0.09685779226106594,0.09674226830240511,0.1078248849154383,0.08665370127052163,0.1032997508740015,0.09281193113285394,0.06046996123491044,0.17054361597552034,0.19335818986011238,0.095132497596076,0.06747770970351215,0.11577341833073654,0.02388667935273783,0.08832606875548324,0.5104656212306966,0.06011771345258327,0.0,0.20548175244630199,0.06404897727438902,0.24448522367018277,0.04941171875887368,0.04935425006352117,0.12449441816462449,0.21953080262007577,0.028678926310317078,0.08750438457246486,0.04640197084869703,0.04975803354198649,0.05798349041094016,0.1314835691048764,1
C14-2012-0142,0.14354934709563916,0.05731836728316794,0.27407363628586734,0.14312447694868566,0.09294471973565124,0.31526158748848815,0.17978004211602555,0.16991171101972116,0.06383773838338204,0.13168139209544277,0.104083182277699,0.22263866796465842,0.186998745323352,0.17849749964191722,0.1657182200226106,0.12140454961429654,0.17828485478352576,0.15031368390898292,0.14522566764070813,0.07471049207033634,0.0471976975054781,0.10371108879554211,0.18150816306336515,0.10321754750625177,0.0823692934914694,0.07537699253459282,0.058932644899455,0.08706129039619101,0.13567858656226706,0.11589245273054512,0.10334065768742576,0.1388678556466968,0.046558825683828874,0.14346761981844497,0.3391964664056677,0.04184953731826604,0.01693662449152277,0.17021915456029532,0.01783447779833109,0.16678880559593326,0.0,0.07214928951186152,0.020221570037500462,0.21394971273492716,0.01863321827706429,0.06822382178313374,0.045222302359975625,0.008082174084841725,0.080727695929749,0.18844248133648203,1
C14-2012-0145,0.0860491131938028,0.0435212469719779,0.0,0.1304075326133324,0.06351477309420808,0.042242626250759814,0.2155344278051192,0.15051425114547634,0.08309372300725137,0.042850425927825196,0.043106885561023836,0.19844677358837412,0.12778760226395647,0.2567961782440968,0.0629140703339482,0.06381777207328403,0.17099350388309054,0.0,0.04135063362523814,0.21272590691094675,0.02150203587792519,0.10738195014518943,0.1740849878879116,0.10687093992693159,0.14593170126821342,0.01716989263788554,0.0,0.018028566189927975,0.05150967791365661,0.0,0.27819585976443817,0.0,0.1060549129723497,0.021786697739500854,0.05150967791365661,0.0,0.2893456090406217,0.02280805658594052,0.1015615172327173,0.018091575040961608,0.2193840112893687,0.18260737913124736,0.0,0.3898795612870091,0.08488806638674383,0.0,0.020602097543290464,0.018410135062598493,0.330996831491622,0.2575483895682831,1
C14-2012-0146.SH,0.14354934709563916,0.05731836728316794,0.27407363628586734,0.14312447694868566,0.09294471973565124,0.31526158748848815,0.17978004211602555,0.16991171101972116,0.06383773838338204,0.13168139209544277,0.104083182277699,0.22263866796465842,0.186998745323352,0.17849749964191722,0.1657182200226106,0.12140454961429654,0.17828485478352576,0.15031368390898292,0.14522566764070813,0.07471049207033634,0.0471976975054781,0.10371108879554211,0.18150816306336515,0.10321754750625177,0.0823692934914694,0.07537699253459282,0.058932644899455,0.08706129039619101,0.13567858656226706,0.11589245273054512,0.10334065768742576,0.1388678556466968,0.046558825683828874,0.14346761981844497,0.3391964664056677,0.04184953731826604,0.01693662449152277,0.17021915456029532,0.01783447779833109,0.16678880559593326,0.0,0.07214928951186152,0.020221570037500462,0.21394971273492716,0.01863321827706429,0.06822382178313374,0.045222302359975625,0.008082174084841725,0.080727695929749,0.18844248133648203,1
C14-2012-0147,0.14354934709563916,0.05731836728316794,0.27407363628586734,0.14312447694868566,0.09294471973565124,0.31526158748848815,0.17978004211602555,0.16991171101972116,0.06383773838338204,0.13168139209544277,0.104083182277699,0.22263866796465842,0.186998745323352,0.17849749964191722,0.1657182200226106,0.12140454961429654,0.17828485478352576,0.15031368390898292,0.14522566764070813,0.07471049207033634,0.0471976975054781,0.10371108879554211,0.18150816306336515,0.10321754750625177,0.0823692934914694,0.07537699253459282,0.058932644899455,0.08706129039619101,0.13567858656226706,0.11589245273054512,0.10334065768742576,0.1388678556466968,0.046558825683828874,0.14346761981844497,0.3391964664056677,0.04184953731826604,0.01693662449152277,0.17021915456029532,0.01783447779833109,0.16678880559593326,0.0,0.07214928951186152,0.020221570037500462,0.21394971273492716,0.01863321827706429,0.06822382178313374,0.045222302359975625,0.008082174084841725,0.080727695929749,0.18844248133648203,1
C14-2012-0148,0.05207282498863192,0.07681620873827094,0.032568877210021774,0.0986455346680788,0.08541359026180881,0.07455940768012556,0.22825454804484963,0.032530020055195674,0.11523499993040141,0.021609197422353343,0.0869541135408951,0.10007544652002193,0.04296165037117912,0.10791723366470948,0.06345433152893334,0.1609144840367674,0.1401252728049119,0.043166893465883795,0.10426430848694766,0.15018685176764957,0.08674672014718847,0.11913447677801041,0.08778995284373824,0.0970098042495544,0.08410563354749337,0.06926934175312374,0.11605167332958419,0.17274213533442764,0.17317335438280937,0.06656369573842168,0.08633378693176759,0.2193394224701154,0.05348281848796834,0.19776407734396437,0.4415920536761639,0.07691710176361007,0.029183030290439855,0.17252936939854926,0.030730096546887447,0.30107438778317286,0.02765849060196477,0.07367019246104231,0.05807204885286725,0.3047513660359451,0.09631915267297529,0.12735080004727278,0.11428457520239017,0.11140936908584087,0.027819933030627946,0.28573603473163545,1
C14-2012-0149,0.05207282498863192,0.07681620873827094,0.032568877210021774,0.0986455346680788,0.08541359026180881,0.07455940768012556,0.22825454804484963,0.032530020055195674,0.11523499993040141,0.021609197422353343,0.0869541135408951,0.10007544652002193,0.04296165037117912,0.10791723366470948,0.06345433152893334,0.1609144840367674,0.1401252728049119,0.043166893465883795,0.10426430848694766,0.15018685176764957,0.08674672014718847,0.11913447677801041,0.08778995284373824,0.0970098042495544,0.08410563354749337,0.06926934175312374,0.11605167332958419,0.17274213533442764,0.17317335438280937,0.06656369573842168,0.08633378693176759,0.2193394224701154,0.05348281848796834,0.19776407734396437,0.4415920536761639,0.07691710176361007,0.029183030290439855,0.17252936939854926,0.030730096546887447,0.30107438778317286,0.02765849060196477,0.07367019246104231,0.05807204885286725,0.3047513660359451,0.09631915267297529,0.12735080004727278,0.11428457520239017,0.11140936908584087,0.027819933030627946,0.28573603473163545,1
C14-2012-0158,0.978486066293312,0.0,0.0,0.0,0.0,0.0,0.0,0.0,0.0,0.0,0.0,0.0,0.0,0.0,0.0,0.0,0.0,0.0,0.0,0.0,0.0,0.0,0.0,0.0,0.0,0.022969783434756336,0.01282761722168584,0.04220739593846543,0.05742445858689084,0.02648710619213488,0.021471277971639637,0.026448426626912623,0.017734956433213333,0.021859589022587143,0.12633380889115983,0.01912934126293575,0.006451414808496274,0.061024973352569456,0.013586841253703252,0.06655771331737309,0.006114388878547167,0.024429109958312118,0.0,0.052157863052912305,0.0,0.032484348811965276,0.006890341845046402,0.030786215755028937,0.006150078526422372,0.06316690444557992,1
C14-2012-0165,0.1264703613281168,0.0,0.052733809745636614,0.372683853640254,0.05186144416545931,0.051738284559169484,0.10559363891707324,0.21068357715255548,0.0,0.10496542127730787,0.05279681945853662,0.0,0.0,0.10484033879925815,0.15411286478216382,0.0,0.05235772102068146,0.0,0.0,0.0,0.05267089428813887,0.052608072804473716,0.05330432456636344,0.05235772102068146,0.05106727869480777,0.04205897549437199,0.0,0.08832472509556984,0.21029487747185996,0.0,0.15726050819888723,0.0,0.25978968417772974,0.0,0.21029487747185996,0.0,0.37801299865840277,0.05587009268221361,0.09951310598266239,0.04431670758519678,0.3134821935355749,0.08946217015971336,0.0,0.38201601512043515,0.0,0.09516909444192662,0.10093285193804502,0.04509704491322111,0.09008913915657242,0.29441282846060396,1
C14-2013-0003,0.0187124645267019,0.1419636577114,0.0936294828790396,0.1181615086561911,0.09208058780494091,0.09186191651409117,0.0,0.14027666364603186,0.0903488883530276,0.2795509606203277,0.09374135734560367,0.0,0.04631504198714567,0.2792178325628202,0.04560485927390982,0.09251986079197068,0.18592346608513544,0.0,0.08992216609207797,0.18503972158394136,0.04675888788201062,0.18681247100123685,0.1892848769485333,0.09296173304256772,0.09067053792050893,0.14935238492933237,0.08340676047125647,0.019602695064184623,0.07467619246466618,0.08611122718915168,0.023268152713568347,0.17197095504090723,0.07687659303774116,0.09475584197740394,0.4667262029041636,0.04146045097118767,0.0,0.24799497283962657,0.08834332942932019,0.2360544649126314,0.0,0.03971027681147053,0.0,0.25435267800510053,0.0,0.12673036247966185,0.06720278777066578,0.08007031949644211,0.0,0.205359529277832,1
C14-2013-0006,0.15259487021210547,0.0,0.09544025298996633,0.09635737746745657,0.1877228053672342,0.0,0.0,0.0,0.0,0.0,0.04777714553996597,0.0,0.0,0.0,0.0,0.0,0.09475958904344835,0.1423089168052605,0.18332247530024434,0.0,0.04766319274404115,0.0,0.0,0.0,0.04621204139859109,0.03806020540753553,0.0850198257608052,0.03996361228712439,0.03806020540753553,0.0,0.0,0.0,0.4309985161302408,0.0,0.19030102703767768,0.0422622854264859,0.34207329604551245,0.0,0.04502593334624611,0.08020656584485654,0.24315238041671125,0.0,0.0,0.3456957244809146,0.37633983059382264,0.0,0.0,0.4080942943795022,0.0,0.07612041081507107,1
C14-2013-0020,0.24836162922138139,0.07389082407174855,0.1461999449480587,0.11070363007023734,0.0,0.14343993712465386,0.07318731697466005,0.10951913794633558,0.05290401897389942,0.07275189715200682,0.1463746339493201,0.0,0.0361598525409755,0.03633260102655401,0.0,0.14446729959902682,0.10886795351623761,0.03633260102655401,0.03510276711998978,0.018058412449878353,0.07301275863089039,0.10938851258239399,0.11083623610762283,0.018144658919372933,0.10618472337539345,0.1311804973497566,0.032559359013408166,0.1683499756808359,0.2040585514329547,0.044820129612122755,0.018166300513277004,0.13426403407635487,0.07502547090610504,0.09247420293416386,0.5247219893990264,0.06473939044756048,0.032750264879924794,0.23234252883820233,0.03448643926555912,0.307160635676009,0.04655905595023134,0.031003270044807893,0.293267605661729,0.26477662361814125,0.05404643951733896,0.04947152181143216,0.05246768202874961,0.09377075421966741,0.07805136809193074,0.1311804973497566,1
C14-2013-0021,0.1402078330754375,0.08864152552244765,0.10413519708452415,0.1328032103251428,0.16170395990456526,0.048395984492034444,0.06584818386139644,0.060216869176950016,0.0846202128979087,0.14182225936009824,0.12072167041256014,0.06736412660390667,0.10302366043269336,0.05993022381019003,0.10678307645187804,0.11373276117764537,0.13060108073521798,0.08172303246844095,0.14212217382863315,0.26537644274783917,0.08211391251402275,0.13669328972486852,0.0775613348321417,0.15236792752442097,0.20699607801512743,0.052455946774414605,0.11717738796007147,0.09179881789040856,0.14862518252750806,0.22179092519908747,0.1253086497849428,0.1812003056122487,0.04500134000197103,0.26624321563707953,0.2753937205656767,0.048539504082172245,0.02946610905369563,0.19162321662192958,0.0879131824224508,0.19805724691778387,0.055853562308441546,0.1069281526360711,0.0,0.2878553933777149,0.04322375981102211,0.13847735732008293,0.1153931487770166,0.009374171069097404,0.04681631598846989,0.31036435174861976,1
C14-2013-0023,0.08941693612241057,0.03230328435224419,0.08788324359952239,0.10486006780232393,0.0864294074901959,0.07054703715166023,0.0879882520935917,0.039899269175582126,0.18502687875084117,0.11131880549939174,0.11198504811911672,0.11456314383885846,0.11856160897922871,0.06353494399130144,0.10896070858939512,0.047368211653893065,0.14278332269783972,0.16677922797716627,0.0537112880693146,0.11842052913473267,0.10373809985651353,0.11955504188811567,0.08883403196867151,0.14278332269783972,0.12379039323309594,0.12106999790457017,0.07117082843166345,0.16726942028783037,0.21665157519765188,0.09797139291334606,0.07147681199021412,0.12473111264840542,0.039359189465598,0.15362445795664015,0.4906520967711528,0.0919831201674039,0.0,0.24547181516732422,0.06030655458978388,0.24170978555554382,0.013569663463417902,0.0881002275245086,0.0427365056306757,0.28938486848714706,0.12601492546244225,0.07209251651513966,0.0764586795527814,0.09565338966304868,0.12966426025249064,0.21027947004477976,1
C14-2013-0025,0.951623109451618,0.0,0.0,0.0,0.0,0.0,0.0,0.0,0.0,0.009183833945393084,0.0,0.0,0.0,0.0183457799834371,0.0,0.0,0.0,0.0,0.0,0.0,0.018433527575511935,0.018411541589378088,0.0,0.018323924574848827,0.0,0.03679903744998109,0.02466077929949871,0.0540951219054363,0.05151865242997352,0.06789441549413282,0.027518669975155646,0.08474408517619174,0.04546002466681235,0.05603269790458348,0.19135499473990164,0.032689501435494164,0.0,0.06843609128117085,0.017413579245694887,0.08530371361690983,0.023509525125250733,0.03130957624495061,0.02961650318295289,0.05849212348356761,0.0,0.04163357558385929,0.026493026195313702,0.007891432566478791,0.015764500046383106,0.09567749736995082,1
C14-2013-0027,0.033266501701337436,0.0420631771409673,0.11443568409144368,0.14704498256732915,0.11254259591088266,0.1020684834713867,0.1249880935982529,0.12468998573597133,0.10038734621985143,0.1863667362030879,0.0833253957321686,0.06393277131876761,0.1440908003599724,0.18614465151170428,0.18241887831155618,0.11307948347266256,0.051645249046547485,0.07238958669899612,0.08992189064404495,0.07195967130078526,0.12468998573597133,0.1660550211204336,0.14722111999338555,0.07230334866516648,0.14104262694678518,0.0663786344158555,0.09267389442344658,0.1742456446004103,0.265514537663422,0.15308615718172655,0.041365478113712065,0.1719704282624347,0.05125090503378881,0.17898270880999412,0.3733798185891871,0.0644938372870511,0.055930362546244006,0.1983953705485519,0.04907947712086249,0.24479647301371452,0.04417377129373886,0.07059583141623715,0.06677834441082171,0.30145410237197123,0.09229961857167608,0.11264886602790627,0.07964750449332361,0.10676009896855491,0.062204258630827416,0.2074332325495484,1
C14-2013-0028,0.24836162922138139,0.07389082407174855,0.1461999449480587,0.11070363007023734,0.0,0.14343993712465386,0.07318731697466005,0.10951913794633558,0.05290401897389942,0.07275189715200682,0.1463746339493201,0.0,0.0361598525409755,0.03633260102655401,0.0,0.14446729959902682,0.10886795351623761,0.03633260102655401,0.03510276711998978,0.018058412449878353,0.07301275863089039,0.10938851258239399,0.11083623610762283,0.018144658919372933,0.10618472337539345,0.1311804973497566,0.032559359013408166,0.1683499756808359,0.2040585514329547,0.044820129612122755,0.018166300513277004,0.13426403407635487,0.07502547090610504,0.09247420293416386,0.5247219893990264,0.06473939044756048,0.032750264879924794,0.23234252883820233,0.03448643926555912,0.307160635676009,0.04655905595023134,0.031003270044807893,0.293267605661729,0.26477662361814125,0.05404643951733896,0.04947152181143216,0.05246768202874961,0.09377075421966741,0.07805136809193074,0.1311804973497566,1
C14-2013-0030,0.94009959836846,0.0,0.0,0.0,0.0,0.0,0.0,0.0,0.0,0.0,0.0,0.0,0.0,0.0,0.0,0.0,0.0,0.0,0.0,0.0,0.0,0.0,0.0,0.0,0.0,0.028057387789577632,0.0447680607161137,0.05471244917015573,0.07214756860177106,0.04930097752731072,0.05994737505961163,0.08768912504839366,0.016505213559745463,0.10171921947053153,0.12826234418092633,0.026704367500788855,0.0,0.09051463788162546,0.018967093379047582,0.09291389661614033,0.017071250432635268,0.05115418673417222,0.0,0.1228699983204159,0.024770699415034642,0.06348695271232599,0.048094238663800214,0.01719089869704584,0.02146361901213323,0.14429513720354212,1
C14-2013-0031,0.031009257643480517,0.06861583585527892,0.02909204670914992,0.06853374290071643,0.08583234721764169,0.0570856760892832,0.058253615477095094,0.06780045458274617,0.08421815434402444,0.057907042054698314,0.11650723095419019,0.10925698244601066,0.07675071702600307,0.0771173825182996,0.01889346041246166,0.07665938915590909,0.5199222076231297,0.0771173825182996,0.05588025856168229,0.03832969457795454,0.09685779226106594,0.09674226830240511,0.1078248849154383,0.08665370127052163,0.1032997508740015,0.09281193113285394,0.06046996123491044,0.17054361597552034,0.19335818986011238,0.095132497596076,0.06747770970351215,0.11577341833073654,0.02388667935273783,0.08832606875548324,0.5104656212306966,0.06011771345258327,0.0,0.20548175244630199,0.06404897727438902,0.24448522367018277,0.04941171875887368,0.04935425006352117,0.12449441816462449,0.21953080262007577,0.028678926310317078,0.08750438457246486,0.04640197084869703,0.04975803354198649,0.05798349041094016,0.1314835691048764,1
C14-2013-0032,0.9671996016188866,0.0036155406084015626,0.007153687139725393,0.24646541860276186,0.0035176725137399233,0.0,0.0,0.007145152245293102,0.0034515179451248966,0.005339717924297136,0.0,0.0027476708444537077,0.0017693322127354046,0.0026666774136827496,0.0,0.003534453667611099,0.003551334118828486,0.005333354827365499,0.005152824383160905,0.0,0.0017862880613232755,0.001784157524756879,0.0036155406084015626,0.003551334118828486,0.003463805636478282,0.0007131969830062629,0.0015931570147626984,0.0022465927922369574,0.008558363796075155,0.0,0.009777817183503413,0.0,0.018355299195342543,0.0009049682153047464,0.008558363796075155,0.0031677532097765942,0.021633725706902824,0.0037895722444848397,0.031217837649645423,0.008266296540161491,0.009872087523230218,0.011377621976248259,0.0,0.019433616694759487,0.002644538063680494,0.0016137889768737372,0.0017115254150226276,0.008411851120054542,0.008402063012966888,0.02424869742221294,0
C14-2013-0034,0.951623109451618,0.0,0.0,0.0,0.0,0.0,0.0,0.0,0.0,0.009183833945393084,0.0,0.0,0.0,0.0183457799834371,0.0,0.0,0.0,0.0,0.0,0.0,0.018433527575511935,0.018411541589378088,0.0,0.018323924574848827,0.0,0.03679903744998109,0.02466077929949871,0.0540951219054363,0.05151865242997352,0.06789441549413282,0.027518669975155646,0.08474408517619174,0.04546002466681235,0.05603269790458348,0.19135499473990164,0.032689501435494164,0.0,0.06843609128117085,0.017413579245694887,0.08530371361690983,0.023509525125250733,0.03130957624495061,0.02961650318295289,0.05849212348356761,0.0,0.04163357558385929,0.026493026195313702,0.007891432566478791,0.015764500046383106,0.09567749736995082,1
C14-2013-0037,0.11391850405942959,0.19205603117537473,0.059375143872562236,0.07193484473576776,0.17517873582144086,0.13981017965838613,0.09511374251881936,0.2134954972686893,0.11458950919589019,0.22455120041748733,0.059446089074262104,0.08514050183234763,0.046993099983315724,0.12984840755614308,0.17352195039939913,0.12907724926684844,0.1768550707850005,0.1652616096169094,0.09123863782859475,0.07040577232737188,0.0830260267156014,0.1658540002843333,0.07202101169076552,0.14148405662800043,0.05749872869625795,0.09471182655516515,0.031735442196063876,0.1392277667684167,0.21783720107687984,0.08737190630441245,0.05902200343461049,0.11996093401169267,0.03900103797813579,0.10816096424880002,0.46408795012030923,0.0525842964361106,0.053202528627515115,0.22646308517915295,0.03361375755000337,0.21955113743336233,0.0806771126041392,0.07051037038674987,0.012704286610970278,0.2580764329617838,0.05853198961247798,0.08572380720402493,0.06818664497251105,0.010155319871124852,0.04057401219125358,0.17048128779929728,1
C14-2013-0038,0.94009959836846,0.0,0.0,0.0,0.0,0.0,0.0,0.0,0.0,0.0,0.0,0.0,0.0,0.0,0.0,0.0,0.0,0.0,0.0,0.0,0.0,0.0,0.0,0.0,0.0,0.028057387789577632,0.0447680607161137,0.05471244917015573,0.07214756860177106,0.04930097752731072,0.05994737505961163,0.08768912504839366,0.016505213559745463,0.10171921947053153,0.12826234418092633,0.026704367500788855,0.0,0.09051463788162546,0.018967093379047582,0.09291389661614033,0.017071250432635268,0.05115418673417222,0.0,0.1228699983204159,0.024770699415034642,0.06348695271232599,0.048094238663800214,0.01719089869704584,0.02146361901213323,0.14429513720354212,1
C14-2013-0040,0.15238736151849483,0.1284554783095687,0.088956435830448,0.1796225093069523,0.12497835157455325,0.16208602186108761,0.1526789599592809,0.088850304017013,0.14715355844870726,0.12647551118817066,0.08906272664291386,0.11714542663126627,0.23887591735515126,0.1642222349593607,0.0618981728039848,0.16324693352779987,0.10093944386875756,0.2652820718574288,0.061024393719161615,0.2888214977799536,0.21577930975560297,0.1774886614552603,0.2826020522810511,0.2144963182211098,0.11075807802964155,0.06081351775817354,0.05660280674984952,0.021284942452628148,0.06081351775817354,0.04675052356946206,0.02526495922451703,0.15171732223743042,0.03130272113231163,0.06430469882252073,0.38515227913509914,0.022509234319369017,0.07970856178519754,0.09424701796626316,0.0,0.1708746572822428,0.05396038346088881,0.0,0.0543819702017304,0.1265827289290297,0.050110407808418696,0.09173733385632668,0.06080828280972148,0.05433857873448645,0.06513041983927893,0.10135586293028924,1
C14-2013-0041,0.08941693612241057,0.03230328435224419,0.08788324359952239,0.10486006780232393,0.0864294074901959,0.07054703715166023,0.0879882520935917,0.039899269175582126,0.18502687875084117,0.11131880549939174,0.11198504811911672,0.11456314383885846,0.11856160897922871,0.06353494399130144,0.10896070858939512,0.047368211653893065,0.14278332269783972,0.16677922797716627,0.0537112880693146,0.11842052913473267,0.10373809985651353,0.11955504188811567,0.08883403196867151,0.14278332269783972,0.12379039323309594,0.12106999790457017,0.07117082843166345,0.16726942028783037,0.21665157519765188,0.09797139291334606,0.07147681199021412,0.12473111264840542,0.039359189465598,0.15362445795664015,0.4906520967711528,0.0919831201674039,0.0,0.24547181516732422,0.06030655458978388,0.24170978555554382,0.013569663463417902,0.0881002275245086,0.0427365056306757,0.28938486848714706,0.12601492546244225,0.07209251651513966,0.0764586795527814,0.09565338966304868,0.12966426025249064,0.21027947004477976,1
C14-2013-0043,0.08941693612241057,0.03230328435224419,0.08788324359952239,0.10486006780232393,0.0864294074901959,0.07054703715166023,0.0879882520935917,0.039899269175582126,0.18502687875084117,0.11131880549939174,0.11198504811911672,0.11456314383885846,0.11856160897922871,0.06353494399130144,0.10896070858939512,0.047368211653893065,0.14278332269783972,0.16677922797716627,0.0537112880693146,0.11842052913473267,0.10373809985651353,0.11955504188811567,0.08883403196867151,0.14278332269783972,0.12379039323309594,0.12106999790457017,0.07117082843166345,0.16726942028783037,0.21665157519765188,0.09797139291334606,0.07147681199021412,0.12473111264840542,0.039359189465598,0.15362445795664015,0.4906520967711528,0.0919831201674039,0.0,0.24547181516732422,0.06030655458978388,0.24170978555554382,0.013569663463417902,0.0881002275245086,0.0427365056306757,0.28938486848714706,0.12601492546244225,0.07209251651513966,0.0764586795527814,0.09565338966304868,0.12966426025249064,0.21027947004477976,1
C14-2013-0044,0.08941693612241057,0.03230328435224419,0.08788324359952239,0.10486006780232393,0.0864294074901959,0.07054703715166023,0.0879882520935917,0.039899269175582126,0.18502687875084117,0.11131880549939174,0.11198504811911672,0.11456314383885846,0.11856160897922871,0.06353494399130144,0.10896070858939512,0.047368211653893065,0.14278332269783972,0.16677922797716627,0.0537112880693146,0.11842052913473267,0.10373809985651353,0.11955504188811567,0.08883403196867151,0.14278332269783972,0.12379039323309594,0.12106999790457017,0.07117082843166345,0.16726942028783037,0.21665157519765188,0.09797139291334606,0.07147681199021412,0.12473111264840542,0.039359189465598,0.15362445795664015,0.4906520967711528,0.0919831201674039,0.0,0.24547181516732422,0.06030655458978388,0.24170978555554382,0.013569663463417902,0.0881002275245086,0.0427365056306757,0.28938486848714706,0.12601492546244225,0.07209251651513966,0.0764586795527814,0.09565338966304868,0.12966426025249064,0.21027947004477976,1
C14-2013-0045,0.033266501701337436,0.0420631771409673,0.11443568409144368,0.14704498256732915,0.11254259591088266,0.1020684834713867,0.1249880935982529,0.12468998573597133,0.10038734621985143,0.1863667362030879,0.0833253957321686,0.06393277131876761,0.1440908003599724,0.18614465151170428,0.18241887831155618,0.11307948347266256,0.051645249046547485,0.07238958669899612,0.08992189064404495,0.07195967130078526,0.12468998573597133,0.1660550211204336,0.14722111999338555,0.07230334866516648,0.14104262694678518,0.0663786344158555,0.09267389442344658,0.1742456446004103,0.265514537663422,0.15308615718172655,0.041365478113712065,0.1719704282624347,0.05125090503378881,0.17898270880999412,0.3733798185891871,0.0644938372870511,0.055930362546244006,0.1983953705485519,0.04907947712086249,0.24479647301371452,0.04417377129373886,0.07059583141623715,0.06677834441082171,0.30145410237197123,0.09229961857167608,0.11264886602790627,0.07964750449332361,0.10676009896855491,0.062204258630827416,0.2074332325495484,1
C14-2013-0047,0.031009257643480517,0.06861583585527892,0.02909204670914992,0.06853374290071643,0.08583234721764169,0.0570856760892832,0.058253615477095094,0.06780045458274617,0.08421815434402444,0.057907042054698314,0.11650723095419019,0.10925698244601066,0.07675071702600307,0.0771173825182996,0.01889346041246166,0.07665938915590909,0.5199222076231297,0.0771173825182996,0.05588025856168229,0.03832969457795454,0.09685779226106594,0.09674226830240511,0.1078248849154383,0.08665370127052163,0.1032997508740015,0.09281193113285394,0.06046996123491044,0.17054361597552034,0.19335818986011238,0.095132497596076,0.06747770970351215,0.11577341833073654,0.02388667935273783,0.08832606875548324,0.5104656212306966,0.06011771345258327,0.0,0.20548175244630199,0.06404897727438902,0.24448522367018277,0.04941171875887368,0.04935425006352117,0.12449441816462449,0.21953080262007577,0.028678926310317078,0.08750438457246486,0.04640197084869703,0.04975803354198649,0.05798349041094016,0.1314835691048764,1
C14-2013-0048,0.11399237820151445,0.1441354320949735,0.071296377128262,0.09597532428631647,0.07011693445764816,0.16321765144505307,0.02379385552611911,0.04747421007463107,0.2751931643351513,0.1182614831122498,0.04758771105223822,0.04868326511268371,0.07053536127061216,0.16536877885803325,0.09260505404049764,0.07045142922983431,0.09438387103005799,0.04724822253086664,0.20542006007360633,0.09393523897311241,0.11868552518657768,0.1659615536803642,0.2642482921741181,0.235959677575145,0.16110084370354924,0.0379092982021614,0.04234136276132707,0.03980515814894175,0.1326825437075649,0.0,0.09449644506173328,0.0,0.09756582365969196,0.12025678303088169,0.0568639473032421,0.021047358570223423,0.0851792472474287,0.025178882499834607,0.0,0.019972137497857256,0.0807294302897402,0.08063553727909746,0.0,0.15064221140499914,0.18742382904359536,0.04288969879106333,0.0,0.10161905417075187,0.2639021041998142,0.5496848239313403,1
C14-2013-0053,0.042157112406780835,0.9879144383520809,0.017578072219758562,0.0,0.034574562898401294,0.01379698234425784,0.02463870586724494,0.021068520286519572,0.01356973667361742,0.02099324624588766,0.017599075619460672,0.0036008475515027943,0.027824710862512377,0.013978819704827436,0.03424756754982244,0.02431765126386578,0.03141487501936825,0.010484114778620577,0.02363488074020471,0.04168740216662705,0.021068520286519572,0.04208678299830393,0.024875543411743042,0.04886758336346172,0.03404511516591667,0.0028039533358019905,0.003131770066644394,0.005888360442794346,0.008411860007405972,0.004311090407048991,0.003494704926206859,0.0032285961370898983,0.014432871600628283,0.0035579071512648764,0.008411860007405972,0.0,0.015750663147788953,0.0,0.029854162158811596,0.014772349849784339,0.03881238059282074,0.00298209534943356,0.0,0.03501840493229167,0.02772552885854311,0.0,0.010093363077337443,0.009019478579749933,0.006005988954519415,0.022431626686415924,1
C14-2013-0055,0.06363112779652957,0.048274280672151566,0.03183840152160443,0.0,0.0,0.0,0.06375288814112794,0.015900207939997205,0.0,0.031686798703063665,0.03187644407056397,0.016305148358926075,0.03149855917033635,0.03164903899843893,0.015507784260379118,0.03146107813522001,0.06322267071745323,0.03164903899843893,0.030577740490467912,0.0,0.0,0.06352497395146856,0.016091426890717186,0.0,0.0308322218998315,0.1777537767677702,0.15599208885004395,0.07998999338685467,0.1523603800866602,0.07808491492103342,0.06329807799687787,0.2485321997966052,0.0914957251199112,0.27388203833166863,0.5205646319627556,0.15508340846996976,0.04279274182584941,0.28672160888410725,0.04506129331761594,0.26756518010341107,0.0,0.09452345448748435,0.01703087149707651,0.3027213068461932,0.09415884487658258,0.17237699244023996,0.16758199106262323,0.09529678219888493,0.02719596971125324,0.3174174585138754,1
C14-2013-0061,0.08941693612241057,0.03230328435224419,0.08788324359952239,0.10486006780232393,0.0864294074901959,0.07054703715166023,0.0879882520935917,0.039899269175582126,0.18502687875084117,0.11131880549939174,0.11198504811911672,0.11456314383885846,0.11856160897922871,0.06353494399130144,0.10896070858939512,0.047368211653893065,0.14278332269783972,0.16677922797716627,0.0537112880693146,0.11842052913473267,0.10373809985651353,0.11955504188811567,0.08883403196867151,0.14278332269783972,0.12379039323309594,0.12106999790457017,0.07117082843166345,0.16726942028783037,0.21665157519765188,0.09797139291334606,0.07147681199021412,0.12473111264840542,0.039359189465598,0.15362445795664015,0.4906520967711528,0.0919831201674039,0.0,0.24547181516732422,0.06030655458978388,0.24170978555554382,0.013569663463417902,0.0881002275245086,0.0427365056306757,0.28938486848714706,0.12601492546244225,0.07209251651513966,0.0764586795527814,0.09565338966304868,0.12966426025249064,0.21027947004477976,1
C14-2013-0062,0.08941693612241057,0.03230328435224419,0.08788324359952239,0.10486006780232393,0.0864294074901959,0.07054703715166023,0.0879882520935917,0.039899269175582126,0.18502687875084117,0.11131880549939174,0.11198504811911672,0.11456314383885846,0.11856160897922871,0.06353494399130144,0.10896070858939512,0.047368211653893065,0.14278332269783972,0.16677922797716627,0.0537112880693146,0.11842052913473267,0.10373809985651353,0.11955504188811567,0.08883403196867151,0.14278332269783972,0.12379039323309594,0.12106999790457017,0.07117082843166345,0.16726942028783037,0.21665157519765188,0.09797139291334606,0.07147681199021412,0.12473111264840542,0.039359189465598,0.15362445795664015,0.4906520967711528,0.0919831201674039,0.0,0.24547181516732422,0.06030655458978388,0.24170978555554382,0.013569663463417902,0.0881002275245086,0.0427365056306757,0.28938486848714706,0.12601492546244225,0.07209251651513966,0.0764586795527814,0.09565338966304868,0.12966426025249064,0.21027947004477976,1
C14-2013-0064,0.05929400807174735,0.0,0.14834142519445553,0.09984459913383602,0.09725829377465602,0.09702732656264604,0.02475311216210687,0.17285851631870985,0.07157191544215616,0.0984233850700224,0.14851867297264124,0.05064594598504717,0.19567737640048538,0.09830609843645499,0.0,0.09772226715100232,0.0981889859479161,0.09830609843645499,0.0474892518342908,0.17101396751425404,0.14816444255889413,0.09865848284926333,0.32488364256081437,0.1963779718958322,0.14365343484437051,0.07887524654041729,0.0880967357624812,0.1449347038874589,0.3549386094318778,0.15158879178385065,0.024576524609113748,0.18164090895583146,0.04059968799231593,0.20016795582203545,0.2760633628914605,0.10947944666490066,0.0,0.2357457923352007,0.11663861096419656,0.06233196117276531,0.02099601555274783,0.06291478790596415,0.026450068988394873,0.13432748459530985,0.09748993930544292,0.17847524098963558,0.07098161112221482,0.10571585773203637,0.06335570747443184,0.2563445512563562,1
C14-2013-0065,0.07234898269665199,0.18296051099450003,0.12066819288725796,0.15228467871380946,0.11867200147600213,0.08879263603780711,0.12081237492581469,0.07532764158044983,0.16010529518675803,0.12009361510459148,0.0,0.1235936914669013,0.1790702751388625,0.11995050505184805,0.08816222923985115,0.16395242811241345,0.1647354602936202,0.16493194444629106,0.11589026179773997,0.07452383096018794,0.12052422652871972,0.07523779700368617,0.13722038324587502,0.07487975467891828,0.07303421971473321,0.07218111955227084,0.08061998275945835,0.1642136766803646,0.22857354524885765,0.07398585611217558,0.059975252525924026,0.11081671998921018,0.11146200086702439,0.21370969660771555,0.40902634412953476,0.06679196473624821,0.013515447222102493,0.2077477926116797,0.01423193526772409,0.22816743851486532,0.02561878367349208,0.07676696262570586,0.08068418908581292,0.16390284911944666,0.178431973852378,0.09527471429491685,0.08660988726968112,0.1031933581222846,0.03865248051924056,0.28872447820908337,1
C14-2013-0066,0.9065068370923763,0.0,0.0,0.0,0.0,0.0,0.0,0.0,0.0,0.0,0.0,0.0,0.0,0.0,0.0,0.0,0.0,0.0,0.0,0.0,0.0,0.0,0.0,0.0,0.0,0.03478475277013316,0.11655455828401312,0.07304870577150628,0.06956950554026632,0.0,0.04335394791008624,0.0,0.03580971651565204,0.17655204037186908,0.06956950554026632,0.0,0.0,0.046207196878946345,0.20575505871857047,0.0,0.0,0.03699471319387733,0.0,0.0,0.0,0.07870932143753354,0.0,0.03729737920458613,0.037253979632181314,0.24349326939093213,1
C14-2013-0067,0.07234898269665199,0.18296051099450003,0.12066819288725796,0.15228467871380946,0.11867200147600213,0.08879263603780711,0.12081237492581469,0.07532764158044983,0.16010529518675803,0.12009361510459148,0.0,0.1235936914669013,0.1790702751388625,0.11995050505184805,0.08816222923985115,0.16395242811241345,0.1647354602936202,0.16493194444629106,0.11589026179773997,0.07452383096018794,0.12052422652871972,0.07523779700368617,0.13722038324587502,0.07487975467891828,0.07303421971473321,0.07218111955227084,0.08061998275945835,0.1642136766803646,0.22857354524885765,0.07398585611217558,0.059975252525924026,0.11081671998921018,0.11146200086702439,0.21370969660771555,0.40902634412953476,0.06679196473624821,0.013515447222102493,0.2077477926116797,0.01423193526772409,0.22816743851486532,0.02561878367349208,0.07676696262570586,0.08068418908581292,0.16390284911944666,0.178431973852378,0.09527471429491685,0.08660988726968112,0.1031933581222846,0.03865248051924056,0.28872447820908337,1
C14-2013-0069,0.10045824740727924,0.15242695828615924,0.10966948105834826,0.10610986751511481,0.08089142946427799,0.11432405080699559,0.1029379885648478,0.14148740612757085,0.15212613463829347,0.16599481424049792,0.11895056456382412,0.13807023299033377,0.12206123053779756,0.10447482559409729,0.1379954386802439,0.1399776140075403,0.7644798426138095,0.14989866280892222,0.12946449982853567,0.14900842781447837,0.1460515160026538,0.13220131929393655,0.10161797219077283,0.10888733663342096,0.09735332636673258,0.016400481630864053,0.01628257798073059,0.0019134085127611748,0.027334136051440087,0.016810541061680062,0.013627151164447474,0.03357198469348613,0.08254271148724304,0.03699626690713078,0.052845996366117504,0.006070398450680146,0.07574847157756642,0.01936532463927527,0.006467358621694087,0.040322011184196586,0.01552244847954263,0.011628296228613125,0.00488866366241302,0.033102970637118014,0.03828971063847763,0.012370082460596631,0.010932713229877086,0.041032009110092915,0.02341957936462226,0.036445514735253454,1
C14-2013-0074,0.3892175810430972,0.0,0.0,0.19661990116134254,0.19152679538990885,0.09553598053473308,0.0,0.0,0.0,0.0,0.0,0.1994699959775397,0.0,0.19359019442026756,0.0,0.0,0.0,0.19359019442026756,0.37407459523647135,0.0,0.0,0.0,0.0,0.19335956956803682,0.0,0.07766290472089124,0.0,0.16309371849806575,0.15532580944178248,0.0,0.0,0.08942451037807042,0.0,0.19709130003437023,0.31065161888356496,0.0,0.0,0.10316546310802874,0.09187666577191861,0.08183186105408786,0.16538639199621102,0.08259701901402344,0.0,0.08817521419453889,0.09599148274794131,0.08786600514087495,0.09318746321247331,0.1665455452074863,0.0,0.38831452360445623,1
C14-2013-0076,0.15541753571604386,0.21437963120306877,0.1413900876669981,0.07137438146207556,0.0695255489074365,0.06936044090922484,0.053084636079219844,0.0,0.34109013667611926,0.17589604975427967,0.19464366562380608,0.16292021750015087,0.08742555824167117,0.10541186549980465,0.08608499764851743,0.0698572224585236,0.07019085858642064,0.0,0.06789583022364164,0.2445002786048326,0.14122139850734658,0.15868458147452175,0.0178649692669224,0.15792943181944646,0.18826744528420097,0.08457651164903889,0.11020864059989241,0.1332093278510176,0.14096085274839815,0.1300367532427392,0.10541186549980465,0.19477028758791648,0.0,0.21463650752168054,0.2678256202219565,0.0782618975518477,0.01583640412496428,0.14979910119152964,0.1000555918022886,0.16338041763169722,0.015009100504642586,0.11993315240047114,0.03781591252913631,0.2080533744835432,0.05226835635376301,0.11163588253279426,0.11839692358879407,0.0,0.015096708526077677,0.2819217054967963,1
C14-2013-0077.SH,0.15541753571604386,0.21437963120306877,0.1413900876669981,0.07137438146207556,0.0695255489074365,0.06936044090922484,0.053084636079219844,0.0,0.34109013667611926,0.17589604975427967,0.19464366562380608,0.16292021750015087,0.08742555824167117,0.10541186549980465,0.08608499764851743,0.0698572224585236,0.07019085858642064,0.0,0.06789583022364164,0.2445002786048326,0.14122139850734658,0.15868458147452175,0.0178649692669224,0.15792943181944646,0.18826744528420097,0.08457651164903889,0.11020864059989241,0.1332093278510176,0.14096085274839815,0.1300367532427392,0.10541186549980465,0.19477028758791648,0.0,0.21463650752168054,0.2678256202219565,0.0782618975518477,0.01583640412496428,0.14979910119152964,0.1000555918022886,0.16338041763169722,0.015009100504642586,0.11993315240047114,0.03781591252913631,0.2080533744835432,0.05226835635376301,0.11163588253279426,0.11839692358879407,0.0,0.015096708526077677,0.2819217054967963,1
C14-2013-0081,0.16867184491513296,0.08530952554080866,0.154726843101775,0.170414920040534,0.19366737828033706,0.15180586185514489,0.11266306951546896,0.26693660012145326,0.19681181680662177,0.25898333400367146,0.17603604611792026,0.22331000059013917,0.13220138889667077,0.21672746429043324,0.10962041890810419,0.13204407868851584,0.12569183762317815,0.21672746429043324,0.2296550691668959,0.13204407868851584,0.2599119527498361,0.14032537907183892,0.1635099239532166,0.20948639603863023,0.19070170798139288,0.005609349825032026,0.012530304018306834,0.011779751537864562,0.022437399300128103,0.0,0.02796483410199139,0.0,0.10394341771466628,0.014235291009733971,0.016828049475096078,0.0062286564358787185,0.15124527806209254,0.00745132022184977,0.23889475925833797,0.017731381686100493,0.09556275365601372,0.0178971766180868,0.015048339889611491,0.08916069695417271,0.03466582977367616,0.0,0.006730640353263198,0.036087198704203544,0.0961205528237988,0.19071789405108888,1
C14-2013-0083,0.09606340356977441,0.17545015358479166,0.2803860474437025,0.20220027985901562,0.18383178223377014,0.13099658706387005,0.17377971033581235,0.1333578692864732,0.03865169528913245,0.10630512444859751,0.22725039043913922,0.15042959418688323,0.11888280572057808,0.1592676682615908,0.1430731963717143,0.18470875682763233,0.07953896599305744,0.0663615284423295,0.08976132998871224,0.05277393052218067,0.17336523007241517,0.11987892995101364,0.08097699396221153,0.1988474149826436,0.10343812944951934,0.12778735805663793,0.023787879405090154,0.022363009596195874,0.0745426255330388,0.06549120562813461,0.0265446113769318,0.08583168263592791,0.054813636026728174,0.040537011553093145,0.47920259271239224,0.05912327743043967,0.11963677649913015,0.14145794594217923,0.03779370739557203,0.21319108734974312,0.03401606302209006,0.05662750061246797,0.0,0.2055362649692867,0.026324232099358764,0.024095941085163088,0.0,0.02283631558577077,0.12545358671768775,0.13843630456135775,1
C14-2013-0084,0.012777459772989629,0.016156208989694838,0.0,0.0,0.0,0.0,0.03200477470083431,0.015964220215075705,0.0,0.0,0.0,0.016370790874161475,0.0,0.0,0.015570216686148613,0.0,0.0,0.0,0.0,0.0,0.0,0.01594517941440158,0.0,0.0,0.0,0.17846939153819585,0.1566200937503082,0.08031202322945354,0.15297376417559644,0.1175989127292238,0.06355290824790144,0.2495327597640774,0.09186407561865842,0.29116022148096277,0.5226603609332878,0.1557077551351551,0.04296502012380984,0.28787591469998725,0.04524270452394264,0.2552102462758797,0.0,0.09490399425104319,0.017099435684111767,0.3039400254717035,0.0945379167668408,0.1730709609404589,0.16825665547899973,0.09568043528438112,0.0273054573293242,0.3314431557137923,1
C14-2013-0085,0.09213166657662292,0.10193232265629451,0.0432177186931538,0.043633015451419364,0.05667036804344115,0.1272055236591101,0.05769247729956435,0.11510975108842021,0.11120921091702914,0.08602386345974988,0.04326935797467327,0.13279648751487227,0.11401710340594234,0.12888202915102823,0.042100798136137645,0.09964625229861167,0.08581899428093824,0.08592135276735216,0.04150648662096233,0.028470357799603337,0.043166156658157574,0.0862293432778513,0.05824704151788258,0.07151582856744854,0.08370384372768383,0.16085633184782297,0.1411633309062124,0.07238606770955566,0.13787685586956255,0.07066208783432273,0.057280901844901436,0.22490648993400658,0.08279805352194458,0.24784654844546233,0.4710792575543387,0.14034103055671387,0.03872482264503502,0.2594655770766508,0.04077772345090771,0.24213017683369198,0.012233937925920008,0.08553796402484228,0.04623570143497661,0.27394432836763816,0.08520801455410475,0.15599066980794782,0.15165148587141536,0.0862377784604854,0.02461069468308417,0.32171266369564594,1
C14-2013-0086,0.033266501701337436,0.0420631771409673,0.11443568409144368,0.14704498256732915,0.11254259591088266,0.1020684834713867,0.1249880935982529,0.12468998573597133,0.10038734621985143,0.1863667362030879,0.0833253957321686,0.06393277131876761,0.1440908003599724,0.18614465151170428,0.18241887831155618,0.11307948347266256,0.051645249046547485,0.07238958669899612,0.08992189064404495,0.07195967130078526,0.12468998573597133,0.1660550211204336,0.14722111999338555,0.07230334866516648,0.14104262694678518,0.0663786344158555,0.09267389442344658,0.1742456446004103,0.265514537663422,0.15308615718172655,0.041365478113712065,0.1719704282624347,0.05125090503378881,0.17898270880999412,0.3733798185891871,0.0644938372870511,0.055930362546244006,0.1983953705485519,0.04907947712086249,0.24479647301371452,0.04417377129373886,0.07059583141623715,0.06677834441082171,0.30145410237197123,0.09229961857167608,0.11264886602790627,0.07964750449332361,0.10676009896855491,0.062204258630827416,0.2074332325495484,1
C14-2013-0092,0.07508514372951626,0.1602111500594976,0.08805356345742661,0.130386235774756,0.12123567368983577,0.06911300882047398,0.10579053055260558,0.18176025160184542,0.1019620059315599,0.09347657024702093,0.13517678903944047,0.07816323480312852,0.08711368178583581,0.05251791290950168,0.12008906479430483,0.0696080181824166,0.08742558014713293,0.08752985484916948,0.1465828496063431,0.07540868636428466,0.11140144453016332,0.12883729633408314,0.10680743337299842,0.08742558014713293,0.13074861004397473,0.05618319913560914,0.12550341623349137,0.13273412524562453,0.1591857308842259,0.24474875119766656,0.13421244410205985,0.19946646172601823,0.04337901538248208,0.29110195856406984,0.24814246284894037,0.04678962657881694,0.031559820659319934,0.2052389862444911,0.09415984532557904,0.21706344609602832,0.06480741791511185,0.09958775865925659,0.06280168402238027,0.3083089312628223,0.0462950199964148,0.14301982245061026,0.12359239810320717,0.010040251912167359,0.050142844914939755,0.3417811280749556,1
C14-2013-0094,0.033266501701337436,0.0420631771409673,0.11443568409144368,0.14704498256732915,0.11254259591088266,0.1020684834713867,0.1249880935982529,0.12468998573597133,0.10038734621985143,0.1863667362030879,0.0833253957321686,0.06393277131876761,0.1440908003599724,0.18614465151170428,0.18241887831155618,0.11307948347266256,0.051645249046547485,0.07238958669899612,0.08992189064404495,0.07195967130078526,0.12468998573597133,0.1660550211204336,0.14722111999338555,0.07230334866516648,0.14104262694678518,0.0663786344158555,0.09267389442344658,0.1742456446004103,0.265514537663422,0.15308615718172655,0.041365478113712065,0.1719704282624347,0.05125090503378881,0.17898270880999412,0.3733798185891871,0.0644938372870511,0.055930362546244006,0.1983953705485519,0.04907947712086249,0.24479647301371452,0.04417377129373886,0.07059583141623715,0.06677834441082171,0.30145410237197123,0.09229961857167608,0.11264886602790627,0.07964750449332361,0.10676009896855491,0.062204258630827416,0.2074332325495484,1
C14-2013-0095,0.033266501701337436,0.0420631771409673,0.11443568409144368,0.14704498256732915,0.11254259591088266,0.1020684834713867,0.1249880935982529,0.12468998573597133,0.10038734621985143,0.1863667362030879,0.0833253957321686,0.06393277131876761,0.1440908003599724,0.18614465151170428,0.18241887831155618,0.11307948347266256,0.051645249046547485,0.07238958669899612,0.08992189064404495,0.07195967130078526,0.12468998573597133,0.1660550211204336,0.14722111999338555,0.07230334866516648,0.14104262694678518,0.0663786344158555,0.09267389442344658,0.1742456446004103,0.265514537663422,0.15308615718172655,0.041365478113712065,0.1719704282624347,0.05125090503378881,0.17898270880999412,0.3733798185891871,0.0644938372870511,0.055930362546244006,0.1983953705485519,0.04907947712086249,0.24479647301371452,0.04417377129373886,0.07059583141623715,0.06677834441082171,0.30145410237197123,0.09229961857167608,0.11264886602790627,0.07964750449332361,0.10676009896855491,0.062204258630827416,0.2074332325495484,1
C14-2013-0097,0.08941693612241057,0.03230328435224419,0.08788324359952239,0.10486006780232393,0.0864294074901959,0.07054703715166023,0.0879882520935917,0.039899269175582126,0.18502687875084117,0.11131880549939174,0.11198504811911672,0.11456314383885846,0.11856160897922871,0.06353494399130144,0.10896070858939512,0.047368211653893065,0.14278332269783972,0.16677922797716627,0.0537112880693146,0.11842052913473267,0.10373809985651353,0.11955504188811567,0.08883403196867151,0.14278332269783972,0.12379039323309594,0.12106999790457017,0.07117082843166345,0.16726942028783037,0.21665157519765188,0.09797139291334606,0.07147681199021412,0.12473111264840542,0.039359189465598,0.15362445795664015,0.4906520967711528,0.0919831201674039,0.0,0.24547181516732422,0.06030655458978388,0.24170978555554382,0.013569663463417902,0.0881002275245086,0.0427365056306757,0.28938486848714706,0.12601492546244225,0.07209251651513966,0.0764586795527814,0.09565338966304868,0.12966426025249064,0.21027947004477976,1
C14-2013-0098,0.033266501701337436,0.0420631771409673,0.11443568409144368,0.14704498256732915,0.11254259591088266,0.1020684834713867,0.1249880935982529,0.12468998573597133,0.10038734621985143,0.1863667362030879,0.0833253957321686,0.06393277131876761,0.1440908003599724,0.18614465151170428,0.18241887831155618,0.11307948347266256,0.051645249046547485,0.07238958669899612,0.08992189064404495,0.07195967130078526,0.12468998573597133,0.1660550211204336,0.14722111999338555,0.07230334866516648,0.14104262694678518,0.0663786344158555,0.09267389442344658,0.1742456446004103,0.265514537663422,0.15308615718172655,0.041365478113712065,0.1719704282624347,0.05125090503378881,0.17898270880999412,0.3733798185891871,0.0644938372870511,0.055930362546244006,0.1983953705485519,0.04907947712086249,0.24479647301371452,0.04417377129373886,0.07059583141623715,0.06677834441082171,0.30145410237197123,0.09229961857167608,0.11264886602790627,0.07964750449332361,0.10676009896855491,0.062204258630827416,0.2074332325495484,1
C14-2013-0099,0.037999754193367874,0.048048045637590645,0.0,0.0,0.031164964023272654,0.06218190807676208,0.0,0.01582569239998821,0.06115772981444185,0.0,0.0,0.016228735085623162,0.0,0.06300143467741512,0.04630532338374848,0.03131363734480029,0.0,0.03150071733870756,0.0,0.03131363734480029,0.0,0.015806816823827365,0.06406406085012085,0.03146319039524249,0.0,0.1769207424631578,0.15526103962215607,0.07961512422948072,0.15164635068270668,0.07771897381989472,0.06300143467741512,0.2473674659046112,0.09106693491845264,0.2886337097704779,0.5181250314992478,0.15435661772784962,0.04259219575263754,0.2853779022106554,0.04485011578976618,0.2529956866338652,0.0,0.09408047498173007,0.016951057158093176,0.3013026183776526,0.09371757409578027,0.17156915617009286,0.16679662632985134,0.09485017853096646,0.027068517141025872,0.32856709314586446,1
C14-2013-0101,0.033266501701337436,0.0420631771409673,0.11443568409144368,0.14704498256732915,0.11254259591088266,0.1020684834713867,0.1249880935982529,0.12468998573597133,0.10038734621985143,0.1863667362030879,0.0833253957321686,0.06393277131876761,0.1440908003599724,0.18614465151170428,0.18241887831155618,0.11307948347266256,0.051645249046547485,0.07238958669899612,0.08992189064404495,0.07195967130078526,0.12468998573597133,0.1660550211204336,0.14722111999338555,0.07230334866516648,0.14104262694678518,0.0663786344158555,0.09267389442344658,0.1742456446004103,0.265514537663422,0.15308615718172655,0.041365478113712065,0.1719704282624347,0.05125090503378881,0.17898270880999412,0.3733798185891871,0.0644938372870511,0.055930362546244006,0.1983953705485519,0.04907947712086249,0.24479647301371452,0.04417377129373886,0.07059583141623715,0.06677834441082171,0.30145410237197123,0.09229961857167608,0.11264886602790627,0.07964750449332361,0.10676009896855491,0.062204258630827416,0.2074332325495484,1
C14-2013-0104,0.033266501701337436,0.0420631771409673,0.11443568409144368,0.14704498256732915,0.11254259591088266,0.1020684834713867,0.1249880935982529,0.12468998573597133,0.10038734621985143,0.1863667362030879,0.0833253957321686,0.06393277131876761,0.1440908003599724,0.18614465151170428,0.18241887831155618,0.11307948347266256,0.051645249046547485,0.07238958669899612,0.08992189064404495,0.07195967130078526,0.12468998573597133,0.1660550211204336,0.14722111999338555,0.07230334866516648,0.14104262694678518,0.0663786344158555,0.09267389442344658,0.1742456446004103,0.265514537663422,0.15308615718172655,0.041365478113712065,0.1719704282624347,0.05125090503378881,0.17898270880999412,0.3733798185891871,0.0644938372870511,0.055930362546244006,0.1983953705485519,0.04907947712086249,0.24479647301371452,0.04417377129373886,0.07059583141623715,0.06677834441082171,0.30145410237197123,0.09229961857167608,0.11264886602790627,0.07964750449332361,0.10676009896855491,0.062204258630827416,0.2074332325495484,1
C14-2013-0107,0.17688797800989262,0.19384087023273341,0.19668327832085752,0.19360895627943064,0.12089348970468437,0.16884895168810088,0.23137898842653634,0.1473364651252937,0.14708870679205643,0.15659739561190372,0.1673805448191965,0.10072584927247073,0.24809445416557024,0.19062564504538143,0.1628601592257146,0.23322281363697928,0.175752509422055,0.19062564504538143,0.23139696705737967,0.1992111533149198,0.17680375815035243,0.24036253282598147,0.17395975533706845,0.14157841036776653,0.1523740437046767,0.03529551297666653,0.04818243687002636,0.004117850713892005,0.1254951572503699,0.0,0.024439185262228387,0.06773469645996466,0.17764035288723026,0.014928702797797698,0.1529472228988883,0.013064118000431515,0.10574169993973997,0.02604759887876575,0.032476306022831816,0.05785139327123219,0.10856916160937329,0.01668352144249046,0.11046949132339265,0.14248195339456673,0.0581670856831951,0.004436946993767655,0.004705663289169768,0.04205003715310557,0.025200664406602163,0.06274757862518494,1
C14-2013-0109,0.033266501701337436,0.0420631771409673,0.11443568409144368,0.14704498256732915,0.11254259591088266,0.1020684834713867,0.1249880935982529,0.12468998573597133,0.10038734621985143,0.1863667362030879,0.0833253957321686,0.06393277131876761,0.1440908003599724,0.18614465151170428,0.18241887831155618,0.11307948347266256,0.051645249046547485,0.07238958669899612,0.08992189064404495,0.07195967130078526,0.12468998573597133,0.1660550211204336,0.14722111999338555,0.07230334866516648,0.14104262694678518,0.0663786344158555,0.09267389442344658,0.1742456446004103,0.265514537663422,0.15308615718172655,0.041365478113712065,0.1719704282624347,0.05125090503378881,0.17898270880999412,0.3733798185891871,0.0644938372870511,0.055930362546244006,0.1983953705485519,0.04907947712086249,0.24479647301371452,0.04417377129373886,0.07059583141623715,0.06677834441082171,0.30145410237197123,0.09229961857167608,0.11264886602790627,0.07964750449332361,0.10676009896855491,0.062204258630827416,0.2074332325495484,1
C14-2013-0110,0.15238736151849483,0.1284554783095687,0.088956435830448,0.1796225093069523,0.12497835157455325,0.16208602186108761,0.1526789599592809,0.088850304017013,0.14715355844870726,0.12647551118817066,0.08906272664291386,0.11714542663126627,0.23887591735515126,0.1642222349593607,0.0618981728039848,0.16324693352779987,0.10093944386875756,0.2652820718574288,0.061024393719161615,0.2888214977799536,0.21577930975560297,0.1774886614552603,0.2826020522810511,0.2144963182211098,0.11075807802964155,0.06081351775817354,0.05660280674984952,0.021284942452628148,0.06081351775817354,0.04675052356946206,0.02526495922451703,0.15171732223743042,0.03130272113231163,0.06430469882252073,0.38515227913509914,0.022509234319369017,0.07970856178519754,0.09424701796626316,0.0,0.1708746572822428,0.05396038346088881,0.0,0.0543819702017304,0.1265827289290297,0.050110407808418696,0.09173733385632668,0.06080828280972148,0.05433857873448645,0.06513041983927893,0.10135586293028924,1
C14-2013-0113,0.07667657658186006,0.14542829535917468,0.07193589001915912,0.07262715144690861,0.17686467001513834,0.0,0.16805096839992453,0.16765015170209513,0.10412309503481709,0.11932226271975829,0.07202184359996766,0.09823988668089992,0.13047475469583072,0.0953440574818176,0.05839731318580252,0.10662504468465431,0.05951904605358049,0.059590035926135994,0.10363131651556491,0.02369445437436762,0.035925032507591804,0.16745019247586668,0.13330927074591012,0.1428457105285932,0.20898756385061315,0.10518567484134145,0.07476202214898135,0.1506082563798907,0.17212201337674055,0.11761704071111075,0.08342605029659039,0.1321259428965817,0.019688193546738113,0.19413673606679135,0.4972413719772505,0.06370844630341907,0.06445746483249636,0.19053548671782136,0.04524967872896794,0.2418153983743785,0.02036338890047922,0.10169852548941083,0.10261242946825679,0.20627681014580776,0.01181906123434117,0.10818602499389034,0.034421439354360574,0.05126527741744441,0.0716878745388595,0.2868700222945676,1
C14-2013-0114,0.08670796577632685,0.14425814563941797,0.19409124998542113,0.09797817614723768,0.14035326075986665,0.08401197144646058,0.16574622689511362,0.09122808673842016,0.11567953209769528,0.11930906552556785,0.14288467835785656,0.11693931098136148,0.07906686304353162,0.10214304890106216,0.07785447249147541,0.08461369191979837,0.11902492634260212,0.079444593589715,0.1589934279386305,0.07897277912514514,0.1254386192653277,0.10250918710491654,0.10963619068595766,0.13036063361332614,0.1326758409904421,0.0546358655437769,0.12713223362948436,0.12907851335568413,0.1548016190407012,0.2030069602013527,0.13051611804024607,0.19397298393512877,0.042184320015991636,0.28308476043252273,0.24130840615168128,0.04550100004866972,0.03069063607371993,0.1995865281670653,0.09156660225797926,0.2110853322315514,0.058174676239251474,0.09684502619333184,0.03053603583419662,0.29981783831431663,0.04502001535664525,0.14423207930902954,0.12018855723578693,0.00976373474523537,0.0487618678698333,0.33236818205797614,1
C14-2013-0118,0.09606340356977441,0.17545015358479166,0.2803860474437025,0.20220027985901562,0.18383178223377014,0.13099658706387005,0.17377971033581235,0.1333578692864732,0.03865169528913245,0.10630512444859751,0.22725039043913922,0.15042959418688323,0.11888280572057808,0.1592676682615908,0.1430731963717143,0.18470875682763233,0.07953896599305744,0.0663615284423295,0.08976132998871224,0.05277393052218067,0.17336523007241517,0.11987892995101364,0.08097699396221153,0.1988474149826436,0.10343812944951934,0.12778735805663793,0.023787879405090154,0.022363009596195874,0.0745426255330388,0.06549120562813461,0.0265446113769318,0.08583168263592791,0.054813636026728174,0.040537011553093145,0.47920259271239224,0.05912327743043967,0.11963677649913015,0.14145794594217923,0.03779370739557203,0.21319108734974312,0.03401606302209006,0.05662750061246797,0.0,0.2055362649692867,0.026324232099358764,0.024095941085163088,0.0,0.02283631558577077,0.12545358671768775,0.13843630456135775,1
C14-2013-0122,0.05269869604671072,0.07364792294512673,0.06939016296375729,0.0630512653118911,0.07506647988243002,0.034040096992262896,0.06599942101042894,0.04158442512380631,0.05021915021022493,0.024170913339027947,0.05905211353564694,0.049750728264700464,0.8237939278968102,0.041386474234727556,0.04055810438740657,0.08228136719754787,0.062005755518222905,0.06207971135209133,0.06664261691207306,0.030855512699080455,0.06584200644602665,0.05537976888405932,0.056112703196287035,0.03444764195456828,0.08063669530817152,0.03320616330646923,0.07417674676926193,0.029055681249247206,0.08578258854171217,0.14465475669528208,0.07587520276366717,0.11470514420830623,0.025638459379782402,0.1685398175292591,0.17433235735896346,0.030726939431656625,0.021761736675784727,0.11762730148932003,0.05565164050637612,0.12829180875820465,0.0353569542694211,0.06474569214759136,0.011135373248512838,0.18222096423604228,0.02736191633670917,0.08766025635175054,0.07304727067868416,0.005934127101391956,0.02963611048344759,0.19646979956327626,1
C14-2013-0125,0.05662620125246076,0.07159989215236783,0.28333424136124685,0.07151422903073011,0.20898532188452765,0.06949634245853799,0.0,0.0,0.1367033809874207,0.14099255368720315,0.0,0.07255086027833495,0.14015496915640788,0.2816490786558598,0.13800586959828573,0.06999409737797878,0.21098516164991385,0.0,0.06802886208443056,0.06999409737797878,0.0,0.28265866754992325,0.07159989215236783,0.07032838721663795,0.13719005640943618,0.05649481789581492,0.12619951790747885,0.05932014749907353,0.05649481789581492,0.08686102738188603,0.49288588764775465,0.13010127415109446,0.058159488061377225,0.07168568536231919,0.11298963579162984,0.0,0.0,0.07504630521317193,0.0,0.0,0.06015403448950847,0.06008407185778599,0.0,0.06414185365262222,0.0,0.19175077126613696,0.2033638369546635,0.06057563956479951,0.0,0.3389689073748895,1
C14-2013-0126,0.022994712504109553,0.0,0.05752804601552476,0.0,0.014144092569705606,0.0,0.014399196046779859,0.043094558001343874,0.02775618772421973,0.014313529627402732,0.04319758814033958,0.014730691244749851,0.014228498250330226,0.01429647285066953,0.014010322187886075,0.0,0.042838324198570706,0.01429647285066953,0.013812546939524932,0.014211567353913995,0.0,0.05739087783875238,0.029075214281611392,0.014279441399523567,0.013927501032132488,0.09176544191580106,0.08968220972705265,0.15657633917287364,0.2523549652684529,0.26454330878825194,0.10007530995468672,0.4358590364030502,0.09446939245633712,0.2183253982839284,0.29823768622635344,0.10189690930478662,0.11598177216359887,0.2133231123213106,0.054280115240413526,0.2296421333144123,0.19541833263815173,0.08539608427911329,0.07693168566451747,0.2865132742017521,0.22684448556682163,0.2076425758244781,0.09634541969242312,0.17218947589905978,0.08599455732308911,0.2523549652684529,1
C14-2013-0127,0.12004403526761312,0.1770852200339514,0.11887884813290965,0.0568521491069123,0.11691225751822615,0.03683198413693835,0.10649237718545063,0.07499179995735941,0.09056334085132736,0.04358892283614527,0.13781366459293612,0.10894402181496317,0.0618999674186894,0.08707395983222024,0.0670458904985913,0.07419157305560646,0.09318238739992246,0.05597611703499873,0.10816272686476679,0.061826310879672046,0.09373974994669926,0.08114421894008034,0.07589366572883634,0.10560670571991214,0.10300385440590572,0.05988275534929931,0.13376757616936935,0.14147441354134646,0.1696678068230147,0.22250249009420517,0.13683050830777466,0.21260094675454297,0.04623544058380722,0.31027046580808876,0.2694723990718469,0.04432945244860998,0.03363797449212888,0.21875358097270467,0.1003600910612044,0.23135665889139215,0.06907486244176408,0.10083815100175916,0.026774821923250904,0.3286104847510185,0.0555113908403543,0.15243740423606375,0.13173072114999484,0.010701383298776687,0.05344465535527107,0.3642867617082374,1
C14-2013-0133,0.06581027519734196,0.15453752738270574,0.058801352378763855,0.1068595175793975,0.034697167543413704,0.1153825644879834,0.1883891583291506,0.18793983321625593,0.05674106763933953,0.12874699607845777,0.16484051353800677,0.1686354364275369,0.06980844974675561,0.09352259940982945,0.0801943628234906,0.06972538267875969,0.04670559276238668,0.15197422404097286,0.19200846103537966,0.11620897113126614,0.08222367703211197,0.08212560743497727,0.09510001685089584,0.16346957466835338,0.07972029879235029,0.04689827362490146,0.12571502468924398,0.09848735202621667,0.16883378504964527,0.15863385773572947,0.1285935741885155,0.18360255238056414,0.028968103835825078,0.20232968335708076,0.3658065342742314,0.04166090444803747,0.031613032955159936,0.1993551854849855,0.08877045279932166,0.21742943183575722,0.0,0.11970680557701623,0.0,0.2875302284957409,0.13911923093019116,0.12734307992933788,0.10129155090116164,0.07040026386797779,0.090409301325609,0.2813896417494088,1
C14-2013-0134,0.07667657658186006,0.14542829535917468,0.07193589001915912,0.07262715144690861,0.17686467001513834,0.0,0.16805096839992453,0.16765015170209513,0.10412309503481709,0.11932226271975829,0.07202184359996766,0.09823988668089992,0.13047475469583072,0.0953440574818176,0.05839731318580252,0.10662504468465431,0.05951904605358049,0.059590035926135994,0.10363131651556491,0.02369445437436762,0.035925032507591804,0.16745019247586668,0.13330927074591012,0.1428457105285932,0.20898756385061315,0.10518567484134145,0.07476202214898135,0.1506082563798907,0.17212201337674055,0.11761704071111075,0.08342605029659039,0.1321259428965817,0.019688193546738113,0.19413673606679135,0.4972413719772505,0.06370844630341907,0.06445746483249636,0.19053548671782136,0.04524967872896794,0.2418153983743785,0.02036338890047922,0.10169852548941083,0.10261242946825679,0.20627681014580776,0.01181906123434117,0.10818602499389034,0.034421439354360574,0.05126527741744441,0.0716878745388595,0.2868700222945676,1
C14-2013-0136,0.14266829759486252,0.22048172332005025,0.19829264825620294,0.14514363955336135,0.15600986396490796,0.20914040962105143,0.17867662284202218,0.15349345425101527,0.1243741593135375,0.1381439158536171,0.12904422760812714,0.1574025668803471,0.21088928296683213,0.18725761611588734,0.19316796463476943,0.1665512454124193,0.24609807275278095,0.192185448118937,0.2475734680354749,0.19104407562012804,0.19310466825127726,0.21265633349553678,0.28562405066461055,0.206722381112336,0.18242476091622495,0.00395381334761796,0.0,0.008303090432012088,0.05139957351903348,0.00607900515908648,0.03942265602439733,0.0,0.08547663562429927,0.020067810123142314,0.00790762669523592,0.0,0.16879431571927422,0.031512881459865486,0.12161330957164343,0.04999265566883236,0.05893867201816964,0.033640070242003446,0.005303495856999612,0.10773586387921742,0.0,0.0,0.009488335189219958,0.004239411350851371,0.02964134833054027,0.12256821377615676,1
C14-2013-0138,0.022994712504109553,0.0,0.05752804601552476,0.0,0.014144092569705606,0.0,0.014399196046779859,0.043094558001343874,0.02775618772421973,0.014313529627402732,0.04319758814033958,0.014730691244749851,0.014228498250330226,0.01429647285066953,0.014010322187886075,0.0,0.042838324198570706,0.01429647285066953,0.013812546939524932,0.014211567353913995,0.0,0.05739087783875238,0.029075214281611392,0.014279441399523567,0.013927501032132488,0.09176544191580106,0.08968220972705265,0.15657633917287364,0.2523549652684529,0.26454330878825194,0.10007530995468672,0.4358590364030502,0.09446939245633712,0.2183253982839284,0.29823768622635344,0.10189690930478662,0.11598177216359887,0.2133231123213106,0.054280115240413526,0.2296421333144123,0.19541833263815173,0.08539608427911329,0.07693168566451747,0.2865132742017521,0.22684448556682163,0.2076425758244781,0.09634541969242312,0.17218947589905978,0.08599455732308911,0.2523549652684529,1
C14-2013-0141,0.06581027519734196,0.15453752738270574,0.058801352378763855,0.1068595175793975,0.034697167543413704,0.1153825644879834,0.1883891583291506,0.18793983321625593,0.05674106763933953,0.12874699607845777,0.16484051353800677,0.1686354364275369,0.06980844974675561,0.09352259940982945,0.0801943628234906,0.06972538267875969,0.04670559276238668,0.15197422404097286,0.19200846103537966,0.11620897113126614,0.08222367703211197,0.08212560743497727,0.09510001685089584,0.16346957466835338,0.07972029879235029,0.04689827362490146,0.12571502468924398,0.09848735202621667,0.16883378504964527,0.15863385773572947,0.1285935741885155,0.18360255238056414,0.028968103835825078,0.20232968335708076,0.3658065342742314,0.04166090444803747,0.031613032955159936,0.1993551854849855,0.08877045279932166,0.21742943183575722,0.0,0.11970680557701623,0.0,0.2875302284957409,0.13911923093019116,0.12734307992933788,0.10129155090116164,0.07040026386797779,0.090409301325609,0.2813896417494088,1
C14-2013-0142,0.022994712504109553,0.0,0.05752804601552476,0.0,0.014144092569705606,0.0,0.014399196046779859,0.043094558001343874,0.02775618772421973,0.014313529627402732,0.04319758814033958,0.014730691244749851,0.014228498250330226,0.01429647285066953,0.014010322187886075,0.0,0.042838324198570706,0.01429647285066953,0.013812546939524932,0.014211567353913995,0.0,0.05739087783875238,0.029075214281611392,0.014279441399523567,0.013927501032132488,0.09176544191580106,0.08968220972705265,0.15657633917287364,0.2523549652684529,0.26454330878825194,0.10007530995468672,0.4358590364030502,0.09446939245633712,0.2183253982839284,0.29823768622635344,0.10189690930478662,0.11598177216359887,0.2133231123213106,0.054280115240413526,0.2296421333144123,0.19541833263815173,0.08539608427911329,0.07693168566451747,0.2865132742017521,0.22684448556682163,0.2076425758244781,0.09634541969242312,0.17218947589905978,0.08599455732308911,0.2523549652684529,1
C14-2013-0145,0.022994712504109553,0.0,0.05752804601552476,0.0,0.014144092569705606,0.0,0.014399196046779859,0.043094558001343874,0.02775618772421973,0.014313529627402732,0.04319758814033958,0.014730691244749851,0.014228498250330226,0.01429647285066953,0.014010322187886075,0.0,0.042838324198570706,0.01429647285066953,0.013812546939524932,0.014211567353913995,0.0,0.05739087783875238,0.029075214281611392,0.014279441399523567,0.013927501032132488,0.09176544191580106,0.08968220972705265,0.15657633917287364,0.2523549652684529,0.26454330878825194,0.10007530995468672,0.4358590364030502,0.09446939245633712,0.2183253982839284,0.29823768622635344,0.10189690930478662,0.11598177216359887,0.2133231123213106,0.054280115240413526,0.2296421333144123,0.19541833263815173,0.08539608427911329,0.07693168566451747,0.2865132742017521,0.22684448556682163,0.2076425758244781,0.09634541969242312,0.17218947589905978,0.08599455732308911,0.2523549652684529,1
C14-2013-0146,0.15238736151849483,0.1284554783095687,0.088956435830448,0.1796225093069523,0.12497835157455325,0.16208602186108761,0.1526789599592809,0.088850304017013,0.14715355844870726,0.12647551118817066,0.08906272664291386,0.11714542663126627,0.23887591735515126,0.1642222349593607,0.0618981728039848,0.16324693352779987,0.10093944386875756,0.2652820718574288,0.061024393719161615,0.2888214977799536,0.21577930975560297,0.1774886614552603,0.2826020522810511,0.2144963182211098,0.11075807802964155,0.06081351775817354,0.05660280674984952,0.021284942452628148,0.06081351775817354,0.04675052356946206,0.02526495922451703,0.15171732223743042,0.03130272113231163,0.06430469882252073,0.38515227913509914,0.022509234319369017,0.07970856178519754,0.09424701796626316,0.0,0.1708746572822428,0.05396038346088881,0.0,0.0543819702017304,0.1265827289290297,0.050110407808418696,0.09173733385632668,0.06080828280972148,0.05433857873448645,0.06513041983927893,0.10135586293028924,1
C14-2013-0147,0.26806936054447933,0.04236938219369085,0.2934113264679682,0.04231869086677029,0.16488998720750603,0.08224920474526287,0.2517959254279669,0.04186589491063299,0.12134175671452213,0.16686526233657273,0.041965987571327815,0.0,0.0,0.24999962498567221,0.08166525476797187,0.08283829972254853,0.1248508996650384,0.0416666041642787,0.040256217868643855,0.12425744958382277,0.12559768473189897,0.0,0.12710814658107258,0.0416169665550128,0.24354748694938572,0.06686184739767347,0.14935764415686142,0.03510281825321498,0.1002927710965102,0.15420057026264958,0.12499981249283611,0.19246923573095004,0.06883199132808751,0.16968060200254523,0.2005855421930204,0.07424380527129663,0.0,0.1332264124519119,0.039549406684737345,0.1409020027187892,0.035596272580337394,0.14221948820136773,0.04484297809335601,0.26569250891684537,0.0,0.1891148498850841,0.12034096523457716,0.035845758243413434,0.03580404779046827,0.33430923698836734,1
C14-2013-0149,0.062402660831289335,0.0789038234371574,0.02601977261187052,0.0,0.0767679970981118,0.0,0.026050862692596825,0.0,0.1255404525579907,0.0,0.1042034507703873,0.05330120011385431,0.025742038169144856,0.0,0.025347316503638046,0.0,0.0,0.0,0.0,0.0,0.025988729038387788,0.05191546366643457,0.0,0.0,0.0,0.14526837502379428,0.11589431421716642,0.021790472507847408,0.16602100002719344,0.22335075623986786,0.10346006819027073,0.31064139793065293,0.3418259135493116,0.1316639474065883,0.3942998750645844,0.06913152610591296,0.1398886072834441,0.1102690751460919,0.049101485404894264,0.1749330321227535,0.0662903696320147,0.11035545014424164,0.055673574370273426,0.2120549630759935,0.12825139956762535,0.11739518768893127,0.099604025165765,0.06675498279581922,0.11112884347632093,0.49806300008158033,1
C14-2013-0152,0.062402660831289335,0.0789038234371574,0.02601977261187052,0.0,0.0767679970981118,0.0,0.026050862692596825,0.0,0.1255404525579907,0.0,0.1042034507703873,0.05330120011385431,0.025742038169144856,0.0,0.025347316503638046,0.0,0.0,0.0,0.0,0.0,0.025988729038387788,0.05191546366643457,0.0,0.0,0.0,0.14526837502379428,0.11589431421716642,0.021790472507847408,0.16602100002719344,0.22335075623986786,0.10346006819027073,0.31064139793065293,0.3418259135493116,0.1316639474065883,0.3942998750645844,0.06913152610591296,0.1398886072834441,0.1102690751460919,0.049101485404894264,0.1749330321227535,0.0662903696320147,0.11035545014424164,0.055673574370273426,0.2120549630759935,0.12825139956762535,0.11739518768893127,0.099604025165765,0.06675498279581922,0.11112884347632093,0.49806300008158033,1
C14-2013-0158,0.976405671567165,0.0,0.0,0.004117261958155482,0.0,0.0,0.0,0.0,0.0,0.0,0.0,0.0,0.0,0.0,0.0496585019338447,0.0,0.0,0.0040538192637195845,0.0,0.0,0.0,0.0,0.004122193809015319,0.0,0.003949195900923841,0.019515330113290506,0.023613322328944333,0.0017076083316591266,0.004878832528322627,0.060009809270051465,0.0263498252141773,0.03745135996220286,0.00669678890331069,0.06397056381571516,0.10570803811365691,0.016252456652730337,0.0054811787861730535,0.060488580026523575,0.02308699975478942,0.05140728987650975,0.001731612863551956,0.022484785665401873,0.008725708854058654,0.09047396622947453,0.016080654212137977,0.025759056003118553,0.019513650194895153,0.012206245234409302,0.010450321659035268,0.06830365539651677,1
C14-2014-0003,0.11210958660509145,0.31186050082441263,0.26645139325200107,0.1557436932595833,0.08275059080353979,0.08255407621842527,0.12636462616051322,0.21010539190678545,0.23005067110959068,0.15352679691134824,0.11232411214267841,0.08618251029114642,0.2219850924870778,0.13940349642667035,0.1229519425882454,0.18014826869480194,0.2506273639680431,0.1533438460693374,0.22896413043047037,0.2771511826073876,0.14007026127119032,0.19586447587805966,0.15593025041220632,0.1670849093120287,0.1629668263476109,0.044739788575201285,0.0,0.011744311054567134,0.19014410144460547,0.0,0.09758244749866926,0.012878843838426326,0.12665973739118774,0.0,0.022369894287600642,0.0,0.07539512125472711,0.0,0.22494402082579384,0.0,0.0952752441814789,0.08326887935227674,0.030006131105628723,0.012698921237926517,0.0,0.0,0.013420781185589292,0.07195725398924137,0.10781028580313523,0.033554841431400965,1
C14-2014-0006,0.12254079213604303,0.05164810227506432,0.2299289128159767,0.0,0.1758751879820548,0.10026144160673191,0.17904728062526942,0.15310306005619198,0.0,0.10170403353908329,0.07673454883940119,0.052334076758458165,0.25274961888016095,0.0,0.14932441348661446,0.07573465946713248,0.07609636606872572,0.12697854688401247,0.0981443273438428,0.05048977297808832,0.204137413408256,0.12743370949746827,0.07747215341259649,0.07609636606872572,0.14844169142345728,0.08150431641670255,0.0910331763360586,0.17116076311870426,0.22413687014593203,0.12531323975712028,0.050791418753604996,0.16423344358608735,0.04195295687411249,0.10341997726399375,0.509401977604391,0.09050289264101859,0.02289173319289759,0.1624024477062323,0.024105281875877745,0.2146987007597041,0.04339170957074041,0.065011863742953,0.0,0.20820733287291385,0.025184868539600478,0.06915906678044062,0.048898380217912187,0.0655437473487186,0.08728997339115124,0.18338471193758074,1
C14-2014-0009,0.9945667827123035,0.0,0.0,0.0,0.0,0.0,0.0,0.0,0.0,0.010066478995024176,0.0,0.0,0.0,0.0,0.0,0.0,0.0,0.0,0.0,0.0,0.0,0.0,0.0,0.020085010567035894,0.0,0.008067147984816645,0.018020594179976424,0.008470589448375358,0.008067147984816645,0.0,0.010054483233728592,0.00928887171143381,0.041524268453926955,0.0,0.024201443954449935,0.02687343174279241,0.04531563662270034,0.0,0.00954358662990142,0.01700038738877355,0.04294831952600893,0.008579673627782832,0.0,0.009159102457687312,0.03988403469546303,0.0,0.0,0.017299733563008873,0.0,0.01613429596963329,0
C14-2014-0011,0.06511218170940045,0.02469894722805119,0.08959351510413927,0.049338794117900264,0.024030378079708415,0.02397331117864314,0.01630919402535956,0.03254059025692185,0.03929742409992374,0.016212164284911526,0.048927582076078675,0.03336932157292456,0.0322317076453751,0.02428926748851349,0.05554058140620757,0.07243504698588864,0.02426033157705317,0.008096422496171162,0.06257891268074699,0.008048338553987625,0.016270295128460927,0.016250889266960868,0.008232982409350397,0.02426033157705317,0.039437326202708685,0.10393777487058777,0.09432262351922677,0.15688263588909923,0.3118133246117633,0.24969496775614958,0.10525349245022511,0.28423658076987235,0.026750098512840187,0.19782833817713233,0.40925498855293935,0.04327992841676421,0.03649064116488562,0.3106537749820996,0.0845352251897104,0.253258455996289,0.0345843473304172,0.09672354643893324,0.12199092906118539,0.38352145961997136,0.16861328804861958,0.08084503795058656,0.08574128285282226,0.06965348130844239,0.06957243187897144,0.24685221531764595,1
C14-2014-0012,0.15423036805068266,0.06500452367044483,0.19292634575503628,0.15149575312842986,0.12648986746431432,0.23134738302007216,0.12877124428971215,0.18199082713567555,0.07239811551695806,0.22400898460184399,0.1073093702414268,0.1646697352643357,0.1484521534722689,0.149161362246396,0.0939701745416534,0.1482755060152439,0.11705859444544478,0.11719821319359686,0.08234991501998698,0.08472886058013938,0.16058014159030193,0.09623316893221262,0.15167722189770458,0.18090873687023284,0.1245529008652555,0.2222603136122126,0.06683526924978404,0.12566380904700833,0.13677557760751544,0.06571657606305299,0.05327191508799858,0.19686182713591724,0.04400180997364955,0.1084706901757727,0.35903589121972806,0.12339960744142271,0.0672271456680129,0.18168926151369846,0.030339011449792674,0.18014713882057545,0.08191948845100377,0.04545789518537929,0.1146659954271124,0.1941115886578516,0.04226371182431373,0.08704389891447233,0.0615437116623028,0.11915748336211612,0.045776473316144733,0.15387252480845487,1
C14-2014-0017,0.025575922392608735,0.03233897461784153,0.047989277101046585,0.08075070953032173,0.047195399439590356,0.03138888044714965,0.08007769624051257,0.0319546814886007,0.04630782639851141,0.01592025657417256,0.032031078496205026,0.08192122776004945,0.0,0.04770385540389964,0.04674904018592699,0.0,0.015882341863537094,0.031802570269266424,0.07681518707972969,0.11064794159059566,0.0319546814886007,0.03191656858908964,0.048508461926762295,0.06352936745414837,0.0464726861173591,0.1530994888722261,0.09974924607415005,0.2009450733756148,0.22964923330833917,0.19615927310370646,0.031802570269266424,0.20566645935006225,0.09193957603600492,0.2104552071670498,0.4720567573560305,0.09916818979429019,0.05733377576902219,0.23726912716584414,0.07546648031599483,0.2823063115559603,0.0815079353909046,0.08141313693366715,0.10268093528388099,0.3476455142361315,0.14192342210492595,0.1154754686265184,0.07654315488199886,0.1367986746528071,0.08198369667644251,0.2934406870051,1
C14-2014-0018,0.10419868333962286,0.12296852051206146,0.17378913083743708,0.1666861846806335,0.10254850179378755,0.11935580007494972,0.034799357030863405,0.12150725100354638,0.15931490361131265,0.07783272476321673,0.13919742812345362,0.062300875616675765,0.15474069875702834,0.12092885011681877,0.08464885858032112,0.08586476021132002,0.043137423944446474,0.14684217514185136,0.10014470618203322,0.10303771225358402,0.1388654297183387,0.07801863892102674,0.07026772600689227,0.10352981746667156,0.13463753931547726,0.10395692294474485,0.10062933357802521,0.14554113651047895,0.18712246130054072,0.21311229281459498,0.10365330010013037,0.15960081102046664,0.07848141131643292,0.1934677881787168,0.40196676871968007,0.04617376183345713,0.04671662553799241,0.2393625524506709,0.008198865338518258,0.1898647332507418,0.029517413271537618,0.1105615605283521,0.13014762986834139,0.29900513530265205,0.042830311378997406,0.1176144461595882,0.05821086551069632,0.022293220260235565,0.03711213277457428,0.24949661506738763,1
C14-2014-0019,0.09606340356977441,0.17545015358479166,0.2803860474437025,0.20220027985901562,0.18383178223377014,0.13099658706387005,0.17377971033581235,0.1333578692864732,0.03865169528913245,0.10630512444859751,0.22725039043913922,0.15042959418688323,0.11888280572057808,0.1592676682615908,0.1430731963717143,0.18470875682763233,0.07953896599305744,0.0663615284423295,0.08976132998871224,0.05277393052218067,0.17336523007241517,0.11987892995101364,0.08097699396221153,0.1988474149826436,0.10343812944951934,0.12778735805663793,0.023787879405090154,0.022363009596195874,0.0745426255330388,0.06549120562813461,0.0265446113769318,0.08583168263592791,0.054813636026728174,0.040537011553093145,0.47920259271239224,0.05912327743043967,0.11963677649913015,0.14145794594217923,0.03779370739557203,0.21319108734974312,0.03401606302209006,0.05662750061246797,0.0,0.2055362649692867,0.026324232099358764,0.024095941085163088,0.0,0.02283631558577077,0.12545358671768775,0.13843630456135775,1
C14-2014-0025,0.976405671567165,0.0,0.0,0.004117261958155482,0.0,0.0,0.0,0.0,0.0,0.0,0.0,0.0,0.0,0.0,0.0496585019338447,0.0,0.0,0.0040538192637195845,0.0,0.0,0.0,0.0,0.004122193809015319,0.0,0.003949195900923841,0.019515330113290506,0.023613322328944333,0.0017076083316591266,0.004878832528322627,0.060009809270051465,0.0263498252141773,0.03745135996220286,0.00669678890331069,0.06397056381571516,0.10570803811365691,0.016252456652730337,0.0054811787861730535,0.060488580026523575,0.02308699975478942,0.05140728987650975,0.001731612863551956,0.022484785665401873,0.008725708854058654,0.09047396622947453,0.016080654212137977,0.025759056003118553,0.019513650194895153,0.012206245234409302,0.010450321659035268,0.06830365539651677,1
C14-2014-0027,0.23712902308578654,0.10708326902444323,0.06356229572306604,0.1925192755617318,0.18753238955637727,0.10393724504313173,0.021212748000116508,0.06348646105581342,0.26578585284985895,0.06325963532794542,0.2969784720016311,0.17360882661905655,0.14672894429428676,0.16849133792553966,0.08255945207122352,0.12561801199977887,0.06310898004439582,0.08424566896276983,0.10174251274724741,0.16749068266637182,0.148135075796898,0.10568456609867297,0.1284999228293319,0.1472542867702569,0.14362496218144177,0.016898488535012173,0.018874130282324306,0.017743589053724227,0.016898488535012173,0.02598149936617309,0.06318425172207738,0.0,0.0,0.021442315903267627,0.05069546560503652,0.0,0.01898479530477794,0.02244753015362414,0.059973681982214234,0.0,0.07197207106891042,0.07188836337506692,0.0,0.5180176042903238,0.0626596819873475,0.0,0.04055288131089562,0.018119126475892658,0.18098042894199448,0.3210712821652313,1
C14-2014-0028,0.025575922392608735,0.03233897461784153,0.047989277101046585,0.08075070953032173,0.047195399439590356,0.03138888044714965,0.08007769624051257,0.0319546814886007,0.04630782639851141,0.01592025657417256,0.032031078496205026,0.08192122776004945,0.0,0.04770385540389964,0.04674904018592699,0.0,0.015882341863537094,0.031802570269266424,0.07681518707972969,0.11064794159059566,0.0319546814886007,0.03191656858908964,0.048508461926762295,0.06352936745414837,0.0464726861173591,0.1530994888722261,0.09974924607415005,0.2009450733756148,0.22964923330833917,0.19615927310370646,0.031802570269266424,0.20566645935006225,0.09193957603600492,0.2104552071670498,0.4720567573560305,0.09916818979429019,0.05733377576902219,0.23726912716584414,0.07546648031599483,0.2823063115559603,0.0815079353909046,0.08141313693366715,0.10268093528388099,0.3476455142361315,0.14192342210492595,0.1154754686265184,0.07654315488199886,0.1367986746528071,0.08198369667644251,0.2934406870051,1
C14-2014-0034,0.1075531867827951,0.05726043052762113,0.07789041370839518,0.0428939425052097,0.13927615840067756,0.0764199743639769,0.08507288959982237,0.04950749013856199,0.08882697374776126,0.11980290699874592,0.19141400159960034,0.15230498392855574,0.16812875620126144,0.12669897533243105,0.1172650890304791,0.1539346370766508,0.11248714514173355,0.1337378072953439,0.08160686729043838,0.09795840541241414,0.08486998309467769,0.10596094650334972,0.16462373776691075,0.07733491228494183,0.09600037480114436,0.12989388401142227,0.08200178505591808,0.1601099199167202,0.2484926476740252,0.1476135201910611,0.08446598355495405,0.11705131934429937,0.017441911706586117,0.18631938568819867,0.3783865316854475,0.04389759809463083,0.03806888657305808,0.24006649266280344,0.0668116909141897,0.2320781598983946,0.018040072107472698,0.10811454274250665,0.12878220568710066,0.30777617490034354,0.03490197005881346,0.11501132948640169,0.081317865905388,0.036333021217250315,0.06048457296773553,0.2654353281972542,1
C14-2014-0035,0.09606340356977441,0.17545015358479166,0.2803860474437025,0.20220027985901562,0.18383178223377014,0.13099658706387005,0.17377971033581235,0.1333578692864732,0.03865169528913245,0.10630512444859751,0.22725039043913922,0.15042959418688323,0.11888280572057808,0.1592676682615908,0.1430731963717143,0.18470875682763233,0.07953896599305744,0.0663615284423295,0.08976132998871224,0.05277393052218067,0.17336523007241517,0.11987892995101364,0.08097699396221153,0.1988474149826436,0.10343812944951934,0.12778735805663793,0.023787879405090154,0.022363009596195874,0.0745426255330388,0.06549120562813461,0.0265446113769318,0.08583168263592791,0.054813636026728174,0.040537011553093145,0.47920259271239224,0.05912327743043967,0.11963677649913015,0.14145794594217923,0.03779370739557203,0.21319108734974312,0.03401606302209006,0.05662750061246797,0.0,0.2055362649692867,0.026324232099358764,0.024095941085163088,0.0,0.02283631558577077,0.12545358671768775,0.13843630456135775,1
C14-2014-0036,0.19331860023721326,0.11639901016610242,0.23030638908247322,0.05812987437365608,0.09059858937529182,0.13557515626069191,0.1614071016721613,0.1610221311949636,0.11111845112443465,0.10314438944650627,0.11529078690868665,0.2240954746096557,0.1253164572472033,0.08012781545110487,0.04487086819675169,0.15930388678380036,0.13719832942498603,0.08012781545110487,0.17694981310872593,0.09103079244788592,0.14952055039532336,0.045951450663731803,0.06983940609966145,0.1257651353062372,0.13381685047827577,0.009184288809532232,0.030774136370086844,0.01928719791115219,0.10102717690485456,0.0,0.08012781545110487,0.0,0.07563929652525526,0.0,0.07347431047625785,0.030594871805201714,0.185727449454314,0.061000899448614226,0.3694162925725858,0.07741842244436009,0.22492074613052448,0.07814231313211804,0.03695837413280083,0.364961010112089,0.07946257647540955,0.0,0.03306059354772457,0.05908621597236367,0.14754365677431036,0.3398186859526926,1
C14-2014-0037,0.07873141071914137,0.07657722440266629,0.10606066846340441,0.08413416696351358,0.05960350091685877,0.059461955616211225,0.12135702457356526,0.07566723571124864,0.09503418732991707,0.0753968902623052,0.09101776843017394,0.0620754399609169,0.04496939116081093,0.045184225947861416,0.036899868587174735,0.08234578146299808,0.060173863707005476,0.03765352162321784,0.11641272144067488,0.05240186093099877,0.04540034142674918,0.030230794437884227,0.0536040570818664,0.03760866481687842,0.08803616949413869,0.09667537126205053,0.08773205563122231,0.15860960505949562,0.3021105351939079,0.23224812865339134,0.0978991562203664,0.2643762290119905,0.02488099931180128,0.19167245401596975,0.41087032786371475,0.0402558468573649,0.03394094482586293,0.2889475849155453,0.07148048033469845,0.23556262666946268,0.03216784871704923,0.08353913267152427,0.11346710445049067,0.35672381424259536,0.15683183753078533,0.07519618414285688,0.07975031563453946,0.07126527185067565,0.06471122447904727,0.22960400674737,1
C14-2014-0038,0.07667657658186006,0.14542829535917468,0.07193589001915912,0.07262715144690861,0.17686467001513834,0.0,0.16805096839992453,0.16765015170209513,0.10412309503481709,0.11932226271975829,0.07202184359996766,0.09823988668089992,0.13047475469583072,0.0953440574818176,0.05839731318580252,0.10662504468465431,0.05951904605358049,0.059590035926135994,0.10363131651556491,0.02369445437436762,0.035925032507591804,0.16745019247586668,0.13330927074591012,0.1428457105285932,0.20898756385061315,0.10518567484134145,0.07476202214898135,0.1506082563798907,0.17212201337674055,0.11761704071111075,0.08342605029659039,0.1321259428965817,0.019688193546738113,0.19413673606679135,0.4972413719772505,0.06370844630341907,0.06445746483249636,0.19053548671782136,0.04524967872896794,0.2418153983743785,0.02036338890047922,0.10169852548941083,0.10261242946825679,0.20627681014580776,0.01181906123434117,0.10818602499389034,0.034421439354360574,0.05126527741744441,0.0716878745388595,0.2868700222945676,1
C14-2014-0041,0.10469727920325525,0.044127475348841025,0.1833517564631471,0.017629872245781327,0.1287990018211798,0.08566208820950946,0.09615615261679329,0.02616185769026235,0.10952652806131327,0.12165246832421421,0.09615615261679329,0.044713563138566274,0.06910272918630293,0.08679107189827817,0.13608625210181585,0.08627562734419549,0.06935014184930292,0.095470179088106,0.09223857826705552,0.06039293914093684,0.09592681153096196,0.06097152598031603,0.07060396055814565,0.13870028369860585,0.13528178661343535,0.09052711370985242,0.17888842679243588,0.19010882547978467,0.2228359722088675,0.10706602284853928,0.12150750065758946,0.288656115859182,0.028675254094161533,0.1855574710814811,0.32729033418177417,0.061859607429463954,0.01564672230212085,0.23125760973693926,0.0576666812083627,0.3228470306915032,0.059317311113717026,0.13330872368959493,0.05604445402589361,0.300435889693097,0.025821153924911862,0.08666330721632404,0.10026755552051059,0.044799788847965254,0.044747659402913295,0.2855085893926115,1
C14-2014-0045,0.025575922392608735,0.03233897461784153,0.047989277101046585,0.08075070953032173,0.047195399439590356,0.03138888044714965,0.08007769624051257,0.0319546814886007,0.04630782639851141,0.01592025657417256,0.032031078496205026,0.08192122776004945,0.0,0.04770385540389964,0.04674904018592699,0.0,0.015882341863537094,0.031802570269266424,0.07681518707972969,0.11064794159059566,0.0319546814886007,0.03191656858908964,0.048508461926762295,0.06352936745414837,0.0464726861173591,0.1530994888722261,0.09974924607415005,0.2009450733756148,0.22964923330833917,0.19615927310370646,0.031802570269266424,0.20566645935006225,0.09193957603600492,0.2104552071670498,0.4720567573560305,0.09916818979429019,0.05733377576902219,0.23726912716584414,0.07546648031599483,0.2823063115559603,0.0815079353909046,0.08141313693366715,0.10268093528388099,0.3476455142361315,0.14192342210492595,0.1154754686265184,0.07654315488199886,0.1367986746528071,0.08198369667644251,0.2934406870051,1
C14-2014-0047,0.976405671567165,0.0,0.0,0.004117261958155482,0.0,0.0,0.0,0.0,0.0,0.0,0.0,0.0,0.0,0.0,0.0496585019338447,0.0,0.0,0.0040538192637195845,0.0,0.0,0.0,0.0,0.004122193809015319,0.0,0.003949195900923841,0.019515330113290506,0.023613322328944333,0.0017076083316591266,0.004878832528322627,0.060009809270051465,0.0263498252141773,0.03745135996220286,0.00669678890331069,0.06397056381571516,0.10570803811365691,0.016252456652730337,0.0054811787861730535,0.060488580026523575,0.02308699975478942,0.05140728987650975,0.001731612863551956,0.022484785665401873,0.008725708854058654,0.09047396622947453,0.016080654212137977,0.025759056003118553,0.019513650194895153,0.012206245234409302,0.010450321659035268,0.06830365539651677,1
C14-2014-0048,0.07667657658186006,0.14542829535917468,0.07193589001915912,0.07262715144690861,0.17686467001513834,0.0,0.16805096839992453,0.16765015170209513,0.10412309503481709,0.11932226271975829,0.07202184359996766,0.09823988668089992,0.13047475469583072,0.0953440574818176,0.05839731318580252,0.10662504468465431,0.05951904605358049,0.059590035926135994,0.10363131651556491,0.02369445437436762,0.035925032507591804,0.16745019247586668,0.13330927074591012,0.1428457105285932,0.20898756385061315,0.10518567484134145,0.07476202214898135,0.1506082563798907,0.17212201337674055,0.11761704071111075,0.08342605029659039,0.1321259428965817,0.019688193546738113,0.19413673606679135,0.4972413719772505,0.06370844630341907,0.06445746483249636,0.19053548671782136,0.04524967872896794,0.2418153983743785,0.02036338890047922,0.10169852548941083,0.10261242946825679,0.20627681014580776,0.01181906123434117,0.10818602499389034,0.034421439354360574,0.05126527741744441,0.0716878745388595,0.2868700222945676,1
C14-2014-0050,0.10419868333962286,0.12296852051206146,0.17378913083743708,0.1666861846806335,0.10254850179378755,0.11935580007494972,0.034799357030863405,0.12150725100354638,0.15931490361131265,0.07783272476321673,0.13919742812345362,0.062300875616675765,0.15474069875702834,0.12092885011681877,0.08464885858032112,0.08586476021132002,0.043137423944446474,0.14684217514185136,0.10014470618203322,0.10303771225358402,0.1388654297183387,0.07801863892102674,0.07026772600689227,0.10352981746667156,0.13463753931547726,0.10395692294474485,0.10062933357802521,0.14554113651047895,0.18712246130054072,0.21311229281459498,0.10365330010013037,0.15960081102046664,0.07848141131643292,0.1934677881787168,0.40196676871968007,0.04617376183345713,0.04671662553799241,0.2393625524506709,0.008198865338518258,0.1898647332507418,0.029517413271537618,0.1105615605283521,0.13014762986834139,0.29900513530265205,0.042830311378997406,0.1176144461595882,0.05821086551069632,0.022293220260235565,0.03711213277457428,0.24949661506738763,1
C14-2014-0051,0.15423036805068266,0.06500452367044483,0.19292634575503628,0.15149575312842986,0.12648986746431432,0.23134738302007216,0.12877124428971215,0.18199082713567555,0.07239811551695806,0.22400898460184399,0.1073093702414268,0.1646697352643357,0.1484521534722689,0.149161362246396,0.0939701745416534,0.1482755060152439,0.11705859444544478,0.11719821319359686,0.08234991501998698,0.08472886058013938,0.16058014159030193,0.09623316893221262,0.15167722189770458,0.18090873687023284,0.1245529008652555,0.2222603136122126,0.06683526924978404,0.12566380904700833,0.13677557760751544,0.06571657606305299,0.05327191508799858,0.19686182713591724,0.04400180997364955,0.1084706901757727,0.35903589121972806,0.12339960744142271,0.0672271456680129,0.18168926151369846,0.030339011449792674,0.18014713882057545,0.08191948845100377,0.04545789518537929,0.1146659954271124,0.1941115886578516,0.04226371182431373,0.08704389891447233,0.0615437116623028,0.11915748336211612,0.045776473316144733,0.15387252480845487,1
C14-2014-0052,0.025575922392608735,0.03233897461784153,0.047989277101046585,0.08075070953032173,0.047195399439590356,0.03138888044714965,0.08007769624051257,0.0319546814886007,0.04630782639851141,0.01592025657417256,0.032031078496205026,0.08192122776004945,0.0,0.04770385540389964,0.04674904018592699,0.0,0.015882341863537094,0.031802570269266424,0.07681518707972969,0.11064794159059566,0.0319546814886007,0.03191656858908964,0.048508461926762295,0.06352936745414837,0.0464726861173591,0.1530994888722261,0.09974924607415005,0.2009450733756148,0.22964923330833917,0.19615927310370646,0.031802570269266424,0.20566645935006225,0.09193957603600492,0.2104552071670498,0.4720567573560305,0.09916818979429019,0.05733377576902219,0.23726912716584414,0.07546648031599483,0.2823063115559603,0.0815079353909046,0.08141313693366715,0.10268093528388099,0.3476455142361315,0.14192342210492595,0.1154754686265184,0.07654315488199886,0.1367986746528071,0.08198369667644251,0.2934406870051,1
C14-2014-0053,0.1572773618441773,0.1252121039172528,0.1748780639656503,0.16184532732654988,0.1289888165751475,0.17872568930505003,0.08754350970457647,0.1164462807305681,0.11250045171518111,0.3625944971083702,0.0802482172291951,0.06716918818333632,0.1297585647086763,0.18832445313625706,0.17745677901547047,0.20160647311277927,0.1302231471125793,0.21005419772890208,0.09097489905291894,0.09360300537379039,0.25472623909811776,0.15992266571050498,0.16940461118216554,0.12298852782854712,0.14112620336647858,0.06392729404013435,0.11683829984170535,0.10983980438391522,0.1394777324512022,0.125094443941812,0.04345948918529009,0.2007510531880916,0.04187970738011125,0.11798789359153243,0.26152074834600414,0.0387192323082199,0.032645377754179104,0.09263936826274347,0.05500158689273198,0.19595322396804013,0.061879925753107495,0.06180795580972433,0.015590846759038915,0.15835718453297903,0.021549339411827993,0.07890093218016245,0.041839717779250364,0.049850901746190404,0.0560170066273411,0.1743471655640028,1
C14-2014-0058,0.025575922392608735,0.03233897461784153,0.047989277101046585,0.08075070953032173,0.047195399439590356,0.03138888044714965,0.08007769624051257,0.0319546814886007,0.04630782639851141,0.01592025657417256,0.032031078496205026,0.08192122776004945,0.0,0.04770385540389964,0.04674904018592699,0.0,0.015882341863537094,0.031802570269266424,0.07681518707972969,0.11064794159059566,0.0319546814886007,0.03191656858908964,0.048508461926762295,0.06352936745414837,0.0464726861173591,0.1530994888722261,0.09974924607415005,0.2009450733756148,0.22964923330833917,0.19615927310370646,0.031802570269266424,0.20566645935006225,0.09193957603600492,0.2104552071670498,0.4720567573560305,0.09916818979429019,0.05733377576902219,0.23726912716584414,0.07546648031599483,0.2823063115559603,0.0815079353909046,0.08141313693366715,0.10268093528388099,0.3476455142361315,0.14192342210492595,0.1154754686265184,0.07654315488199886,0.1367986746528071,0.08198369667644251,0.2934406870051,1
C14-2014-0059,0.14332955146992687,0.10660602752072824,0.11601152853215274,0.10647848256460753,0.04148813507305155,0.0103474024527282,0.26397760566294626,0.07373743868234219,0.08141578964788775,0.0839702720591244,0.15838656339776777,0.12962632386695136,0.06260357683469243,0.23064307347786647,0.11301332166268757,0.1042151384178946,0.15706930047779538,0.17822419314198773,0.07090235149656936,0.1563227076268419,0.08427135849410536,0.12625626988798327,0.08528482201658259,0.08377029358815753,0.09191884121995746,0.0420579412226154,0.10334507331078888,0.09715480841365813,0.1261738236678462,0.19399280076804928,0.11532153673893324,0.18402403433740339,0.043297215948792496,0.2881811686510667,0.26917082382473856,0.03736111662810142,0.04725046286816682,0.20112738761318996,0.029853197657123805,0.16839934761559527,0.03582565539414324,0.11629796125554272,0.022565973395021956,0.26740463467846637,0.02079347484513343,0.12371678038184233,0.1009303698995064,0.02705756155940176,0.027026077132693012,0.3616982945144924,1
C14-2014-0062,0.14332955146992687,0.10660602752072824,0.11601152853215274,0.10647848256460753,0.04148813507305155,0.0103474024527282,0.26397760566294626,0.07373743868234219,0.08141578964788775,0.0839702720591244,0.15838656339776777,0.12962632386695136,0.06260357683469243,0.23064307347786647,0.11301332166268757,0.1042151384178946,0.15706930047779538,0.17822419314198773,0.07090235149656936,0.1563227076268419,0.08427135849410536,0.12625626988798327,0.08528482201658259,0.08377029358815753,0.09191884121995746,0.0420579412226154,0.10334507331078888,0.09715480841365813,0.1261738236678462,0.19399280076804928,0.11532153673893324,0.18402403433740339,0.043297215948792496,0.2881811686510667,0.26917082382473856,0.03736111662810142,0.04725046286816682,0.20112738761318996,0.029853197657123805,0.16839934761559527,0.03582565539414324,0.11629796125554272,0.022565973395021956,0.26740463467846637,0.02079347484513343,0.12371678038184233,0.1009303698995064,0.02705756155940176,0.027026077132693012,0.3616982945144924,1
C14-2014-0070,0.025575922392608735,0.03233897461784153,0.047989277101046585,0.08075070953032173,0.047195399439590356,0.03138888044714965,0.08007769624051257,0.0319546814886007,0.04630782639851141,0.01592025657417256,0.032031078496205026,0.08192122776004945,0.0,0.04770385540389964,0.04674904018592699,0.0,0.015882341863537094,0.031802570269266424,0.07681518707972969,0.11064794159059566,0.0319546814886007,0.03191656858908964,0.048508461926762295,0.06352936745414837,0.0464726861173591,0.1530994888722261,0.09974924607415005,0.2009450733756148,0.22964923330833917,0.19615927310370646,0.031802570269266424,0.20566645935006225,0.09193957603600492,0.2104552071670498,0.4720567573560305,0.09916818979429019,0.05733377576902219,0.23726912716584414,0.07546648031599483,0.2823063115559603,0.0815079353909046,0.08141313693366715,0.10268093528388099,0.3476455142361315,0.14192342210492595,0.1154754686265184,0.07654315488199886,0.1367986746528071,0.08198369667644251,0.2934406870051,1
C14-2014-0071,0.14332955146992687,0.10660602752072824,0.11601152853215274,0.10647848256460753,0.04148813507305155,0.0103474024527282,0.26397760566294626,0.07373743868234219,0.08141578964788775,0.0839702720591244,0.15838656339776777,0.12962632386695136,0.06260357683469243,0.23064307347786647,0.11301332166268757,0.1042151384178946,0.15706930047779538,0.17822419314198773,0.07090235149656936,0.1563227076268419,0.08427135849410536,0.12625626988798327,0.08528482201658259,0.08377029358815753,0.09191884121995746,0.0420579412226154,0.10334507331078888,0.09715480841365813,0.1261738236678462,0.19399280076804928,0.11532153673893324,0.18402403433740339,0.043297215948792496,0.2881811686510667,0.26917082382473856,0.03736111662810142,0.04725046286816682,0.20112738761318996,0.029853197657123805,0.16839934761559527,0.03582565539414324,0.11629796125554272,0.022565973395021956,0.26740463467846637,0.02079347484513343,0.12371678038184233,0.1009303698995064,0.02705756155940176,0.027026077132693012,0.3616982945144924,1
C14-2014-0072,0.08698729714372012,0.1099893857677002,0.03627072406287401,0.1830963215233585,0.12484746483618292,0.33806694399564,0.16341328184834683,0.10868235096714017,0.19249927735802197,0.07219603229231086,0.03631406263296596,0.03715007718145194,0.0897089280118331,0.036054999796034645,0.12366669675523105,0.07168174463713338,0.018006023657898242,0.14421999918413858,0.08708640625718525,0.10752261695570008,0.12679607612833022,0.3618424121781829,0.0366631285892334,0.07202409463159297,0.1580601197603656,0.05785698025164103,0.09693176233621216,0.1670636884598151,0.18803518581783335,0.08895535790802711,0.036054999796034645,0.11658340956617134,0.02978089387258584,0.2569494164037485,0.3616061265727565,0.06424474558472279,0.0,0.192139419171345,0.06844588747042575,0.0,0.030802212620052047,0.03076638785989984,0.0,0.0,0.0,0.14728059580846525,0.1041335996540625,0.09305429362993195,0.07745501233391044,0.30374914632111544,1
C14-2014-0073,0.14332955146992687,0.10660602752072824,0.11601152853215274,0.10647848256460753,0.04148813507305155,0.0103474024527282,0.26397760566294626,0.07373743868234219,0.08141578964788775,0.0839702720591244,0.15838656339776777,0.12962632386695136,0.06260357683469243,0.23064307347786647,0.11301332166268757,0.1042151384178946,0.15706930047779538,0.17822419314198773,0.07090235149656936,0.1563227076268419,0.08427135849410536,0.12625626988798327,0.08528482201658259,0.08377029358815753,0.09191884121995746,0.0420579412226154,0.10334507331078888,0.09715480841365813,0.1261738236678462,0.19399280076804928,0.11532153673893324,0.18402403433740339,0.043297215948792496,0.2881811686510667,0.26917082382473856,0.03736111662810142,0.04725046286816682,0.20112738761318996,0.029853197657123805,0.16839934761559527,0.03582565539414324,0.11629796125554272,0.022565973395021956,0.26740463467846637,0.02079347484513343,0.12371678038184233,0.1009303698995064,0.02705756155940176,0.027026077132693012,0.3616982945144924,1
C14-2014-0076,0.976405671567165,0.0,0.0,0.004117261958155482,0.0,0.0,0.0,0.0,0.0,0.0,0.0,0.0,0.0,0.0,0.0496585019338447,0.0,0.0,0.0040538192637195845,0.0,0.0,0.0,0.0,0.004122193809015319,0.0,0.003949195900923841,0.019515330113290506,0.023613322328944333,0.0017076083316591266,0.004878832528322627,0.060009809270051465,0.0263498252141773,0.03745135996220286,0.00669678890331069,0.06397056381571516,0.10570803811365691,0.016252456652730337,0.0054811787861730535,0.060488580026523575,0.02308699975478942,0.05140728987650975,0.001731612863551956,0.022484785665401873,0.008725708854058654,0.09047396622947453,0.016080654212137977,0.025759056003118553,0.019513650194895153,0.012206245234409302,0.010450321659035268,0.06830365539651677,1
C14-2014-0077,0.1075531867827951,0.05726043052762113,0.07789041370839518,0.0428939425052097,0.13927615840067756,0.0764199743639769,0.08507288959982237,0.04950749013856199,0.08882697374776126,0.11980290699874592,0.19141400159960034,0.15230498392855574,0.16812875620126144,0.12669897533243105,0.1172650890304791,0.1539346370766508,0.11248714514173355,0.1337378072953439,0.08160686729043838,0.09795840541241414,0.08486998309467769,0.10596094650334972,0.16462373776691075,0.07733491228494183,0.09600037480114436,0.12989388401142227,0.08200178505591808,0.1601099199167202,0.2484926476740252,0.1476135201910611,0.08446598355495405,0.11705131934429937,0.017441911706586117,0.18631938568819867,0.3783865316854475,0.04389759809463083,0.03806888657305808,0.24006649266280344,0.0668116909141897,0.2320781598983946,0.018040072107472698,0.10811454274250665,0.12878220568710066,0.30777617490034354,0.03490197005881346,0.11501132948640169,0.081317865905388,0.036333021217250315,0.06048457296773553,0.2654353281972542,1
C14-2014-0082,0.976405671567165,0.0,0.0,0.004117261958155482,0.0,0.0,0.0,0.0,0.0,0.0,0.0,0.0,0.0,0.0,0.0496585019338447,0.0,0.0,0.0040538192637195845,0.0,0.0,0.0,0.0,0.004122193809015319,0.0,0.003949195900923841,0.019515330113290506,0.023613322328944333,0.0017076083316591266,0.004878832528322627,0.060009809270051465,0.0263498252141773,0.03745135996220286,0.00669678890331069,0.06397056381571516,0.10570803811365691,0.016252456652730337,0.0054811787861730535,0.060488580026523575,0.02308699975478942,0.05140728987650975,0.001731612863551956,0.022484785665401873,0.008725708854058654,0.09047396622947453,0.016080654212137977,0.025759056003118553,0.019513650194895153,0.012206245234409302,0.010450321659035268,0.06830365539651677,1
C14-2014-0085,0.10419868333962286,0.12296852051206146,0.17378913083743708,0.1666861846806335,0.10254850179378755,0.11935580007494972,0.034799357030863405,0.12150725100354638,0.15931490361131265,0.07783272476321673,0.13919742812345362,0.062300875616675765,0.15474069875702834,0.12092885011681877,0.08464885858032112,0.08586476021132002,0.043137423944446474,0.14684217514185136,0.10014470618203322,0.10303771225358402,0.1388654297183387,0.07801863892102674,0.07026772600689227,0.10352981746667156,0.13463753931547726,0.10395692294474485,0.10062933357802521,0.14554113651047895,0.18712246130054072,0.21311229281459498,0.10365330010013037,0.15960081102046664,0.07848141131643292,0.1934677881787168,0.40196676871968007,0.04617376183345713,0.04671662553799241,0.2393625524506709,0.008198865338518258,0.1898647332507418,0.029517413271537618,0.1105615605283521,0.13014762986834139,0.29900513530265205,0.042830311378997406,0.1176144461595882,0.05821086551069632,0.022293220260235565,0.03711213277457428,0.24949661506738763,1
C14-2014-0088,0.9675524508784161,0.0,0.0,0.0,0.0,0.0,0.0,0.0,0.0,0.0,0.0,0.0,0.0,0.0,0.0,0.0,0.0,0.0,0.0,0.0,0.0,0.0,0.0,0.0,0.0,0.021293548865974832,0.02378302737767064,0.05216971246734178,0.05678279697593289,0.0654778473493224,0.04423199509551546,0.05720945033222827,0.014613988175444752,0.09006387376794062,0.12066344357385737,0.0,0.0,0.04714303089457687,0.016793777151722748,0.052352042753993126,0.015115166553860407,0.037743966845771124,0.019041574679552167,0.05641021142491057,0.03509181697416535,0.01606068414815055,0.05110011809994173,0.0,0.007601696841065374,0.09936989470788254,1
C14-2014-0093,0.025575922392608735,0.03233897461784153,0.047989277101046585,0.08075070953032173,0.047195399439590356,0.03138888044714965,0.08007769624051257,0.0319546814886007,0.04630782639851141,0.01592025657417256,0.032031078496205026,0.08192122776004945,0.0,0.04770385540389964,0.04674904018592699,0.0,0.015882341863537094,0.031802570269266424,0.07681518707972969,0.11064794159059566,0.0319546814886007,0.03191656858908964,0.048508461926762295,0.06352936745414837,0.0464726861173591,0.1530994888722261,0.09974924607415005,0.2009450733756148,0.22964923330833917,0.19615927310370646,0.031802570269266424,0.20566645935006225,0.09193957603600492,0.2104552071670498,0.4720567573560305,0.09916818979429019,0.05733377576902219,0.23726912716584414,0.07546648031599483,0.2823063115559603,0.0815079353909046,0.08141313693366715,0.10268093528388099,0.3476455142361315,0.14192342210492595,0.1154754686265184,0.07654315488199886,0.1367986746528071,0.08198369667644251,0.2934406870051,1
C14-2014-0095,0.08698729714372012,0.1099893857677002,0.03627072406287401,0.1830963215233585,0.12484746483618292,0.33806694399564,0.16341328184834683,0.10868235096714017,0.19249927735802197,0.07219603229231086,0.03631406263296596,0.03715007718145194,0.0897089280118331,0.036054999796034645,0.12366669675523105,0.07168174463713338,0.018006023657898242,0.14421999918413858,0.08708640625718525,0.10752261695570008,0.12679607612833022,0.3618424121781829,0.0366631285892334,0.07202409463159297,0.1580601197603656,0.05785698025164103,0.09693176233621216,0.1670636884598151,0.18803518581783335,0.08895535790802711,0.036054999796034645,0.11658340956617134,0.02978089387258584,0.2569494164037485,0.3616061265727565,0.06424474558472279,0.0,0.192139419171345,0.06844588747042575,0.0,0.030802212620052047,0.03076638785989984,0.0,0.0,0.0,0.14728059580846525,0.1041335996540625,0.09305429362993195,0.07745501233391044,0.30374914632111544,1
C14-2014-0096,0.10527626977170622,0.081916627287092,0.12662480581733948,0.17386456979056614,0.12453007526924323,0.11926496978956476,0.12170506098837214,0.1517684793182549,0.151513268190162,0.11594011563752207,0.11663401678052329,0.14007029485073932,0.11024042973613983,0.09566248466400377,0.12335230895905508,0.15515394529611348,0.1206928692937374,0.15104602841684805,0.17511986734032714,0.11010925150046762,0.14165058069703793,0.12126996994918336,0.14335409775241098,0.1206928692937374,0.12262311939040293,0.06463508256933262,0.12633551170661633,0.14846017863360012,0.1858258623868313,0.16148716934999438,0.08055788182231897,0.16745332181119568,0.0041587258055792685,0.19478510803099436,0.31105633486491324,0.031399896479837264,0.022692188741166693,0.2200153006287695,0.023895159067997333,0.19154447848757267,0.03010942852420806,0.08163054010440335,0.048768220107498185,0.33481436194311054,0.03994453616989729,0.14625325997599858,0.10179149187845567,0.07796689257772375,0.06922326185482494,0.2181434036714976,1
C14-2014-0099,0.1075531867827951,0.05726043052762113,0.07789041370839518,0.0428939425052097,0.13927615840067756,0.0764199743639769,0.08507288959982237,0.04950749013856199,0.08882697374776126,0.11980290699874592,0.19141400159960034,0.15230498392855574,0.16812875620126144,0.12669897533243105,0.1172650890304791,0.1539346370766508,0.11248714514173355,0.1337378072953439,0.08160686729043838,0.09795840541241414,0.08486998309467769,0.10596094650334972,0.16462373776691075,0.07733491228494183,0.09600037480114436,0.12989388401142227,0.08200178505591808,0.1601099199167202,0.2484926476740252,0.1476135201910611,0.08446598355495405,0.11705131934429937,0.017441911706586117,0.18631938568819867,0.3783865316854475,0.04389759809463083,0.03806888657305808,0.24006649266280344,0.0668116909141897,0.2320781598983946,0.018040072107472698,0.10811454274250665,0.12878220568710066,0.30777617490034354,0.03490197005881346,0.11501132948640169,0.081317865905388,0.036333021217250315,0.06048457296773553,0.2654353281972542,1
C14-2014-0100,0.1075531867827951,0.05726043052762113,0.07789041370839518,0.0428939425052097,0.13927615840067756,0.0764199743639769,0.08507288959982237,0.04950749013856199,0.08882697374776126,0.11980290699874592,0.19141400159960034,0.15230498392855574,0.16812875620126144,0.12669897533243105,0.1172650890304791,0.1539346370766508,0.11248714514173355,0.1337378072953439,0.08160686729043838,0.09795840541241414,0.08486998309467769,0.10596094650334972,0.16462373776691075,0.07733491228494183,0.09600037480114436,0.12989388401142227,0.08200178505591808,0.1601099199167202,0.2484926476740252,0.1476135201910611,0.08446598355495405,0.11705131934429937,0.017441911706586117,0.18631938568819867,0.3783865316854475,0.04389759809463083,0.03806888657305808,0.24006649266280344,0.0668116909141897,0.2320781598983946,0.018040072107472698,0.10811454274250665,0.12878220568710066,0.30777617490034354,0.03490197005881346,0.11501132948640169,0.081317865905388,0.036333021217250315,0.06048457296773553,0.2654353281972542,1
C14-2014-0101,0.10419868333962286,0.12296852051206146,0.17378913083743708,0.1666861846806335,0.10254850179378755,0.11935580007494972,0.034799357030863405,0.12150725100354638,0.15931490361131265,0.07783272476321673,0.13919742812345362,0.062300875616675765,0.15474069875702834,0.12092885011681877,0.08464885858032112,0.08586476021132002,0.043137423944446474,0.14684217514185136,0.10014470618203322,0.10303771225358402,0.1388654297183387,0.07801863892102674,0.07026772600689227,0.10352981746667156,0.13463753931547726,0.10395692294474485,0.10062933357802521,0.14554113651047895,0.18712246130054072,0.21311229281459498,0.10365330010013037,0.15960081102046664,0.07848141131643292,0.1934677881787168,0.40196676871968007,0.04617376183345713,0.04671662553799241,0.2393625524506709,0.008198865338518258,0.1898647332507418,0.029517413271537618,0.1105615605283521,0.13014762986834139,0.29900513530265205,0.042830311378997406,0.1176144461595882,0.05821086551069632,0.022293220260235565,0.03711213277457428,0.24949661506738763,1
C14-2014-0102,0.976405671567165,0.0,0.0,0.004117261958155482,0.0,0.0,0.0,0.0,0.0,0.0,0.0,0.0,0.0,0.0,0.0496585019338447,0.0,0.0,0.0040538192637195845,0.0,0.0,0.0,0.0,0.004122193809015319,0.0,0.003949195900923841,0.019515330113290506,0.023613322328944333,0.0017076083316591266,0.004878832528322627,0.060009809270051465,0.0263498252141773,0.03745135996220286,0.00669678890331069,0.06397056381571516,0.10570803811365691,0.016252456652730337,0.0054811787861730535,0.060488580026523575,0.02308699975478942,0.05140728987650975,0.001731612863551956,0.022484785665401873,0.008725708854058654,0.09047396622947453,0.016080654212137977,0.025759056003118553,0.019513650194895153,0.012206245234409302,0.010450321659035268,0.06830365539651677,1
C14-2014-0107,0.10419868333962286,0.12296852051206146,0.17378913083743708,0.1666861846806335,0.10254850179378755,0.11935580007494972,0.034799357030863405,0.12150725100354638,0.15931490361131265,0.07783272476321673,0.13919742812345362,0.062300875616675765,0.15474069875702834,0.12092885011681877,0.08464885858032112,0.08586476021132002,0.043137423944446474,0.14684217514185136,0.10014470618203322,0.10303771225358402,0.1388654297183387,0.07801863892102674,0.07026772600689227,0.10352981746667156,0.13463753931547726,0.10395692294474485,0.10062933357802521,0.14554113651047895,0.18712246130054072,0.21311229281459498,0.10365330010013037,0.15960081102046664,0.07848141131643292,0.1934677881787168,0.40196676871968007,0.04617376183345713,0.04671662553799241,0.2393625524506709,0.008198865338518258,0.1898647332507418,0.029517413271537618,0.1105615605283521,0.13014762986834139,0.29900513530265205,0.042830311378997406,0.1176144461595882,0.05821086551069632,0.022293220260235565,0.03711213277457428,0.24949661506738763,1
C14-2014-0111,0.15289581286360313,0.07435619954563856,0.10298451386459662,0.08912068648671473,0.07234347161253162,0.2020806806568764,0.07364826165551445,0.07347260391715861,0.18455568354381022,0.24891433827831305,0.10310756631772022,0.07534377611328866,0.13099533374375116,0.14624571675201742,0.0573274158373444,0.029075435256681364,0.13146434422631453,0.07312285837600871,0.09890677888938003,0.11630174102672546,0.19102877018461237,0.19080092687707184,0.13384115918214942,0.10225004550935574,0.08548279253004518,0.15254106603851494,0.09174038364870768,0.14784896206708453,0.21121070682255913,0.07216386159914742,0.10237200172641218,0.14862061397337956,0.0724780728534257,0.16377964998678318,0.29334820392022104,0.013029425764442961,0.0,0.2338058568741421,0.05552582403809215,0.21018472195905,0.03748183348482207,0.0873558931889255,0.14165503149791556,0.29308864908340115,0.0,0.07965296138130266,0.09855651184643412,0.012581511529374437,0.0754012294032289,0.3050821320770299,1
C14-2014-0112,0.9979435731089064,0.0,0.0,0.0,0.0,0.0,0.0,0.0,0.0,0.0,0.0,0.0,0.0,0.0,0.0,0.0,0.0,0.0,0.0,0.0,0.0008493430112961628,0.0,0.0,0.0,0.0,0.001356441631805211,0.0,0.0007121389241483848,0.004069324895415633,0.0020855348881634456,0.0016905999084417345,0.0023428005149281235,0.012567693541870302,0.0,0.00610398734312345,0.003012402208232438,0.04800314833391068,0.0045046579711095856,0.028884523802742406,0.0028585112426783932,0.015165144650212837,0.002885239372806767,0.0,0.01078032972107578,0.005867974599725191,0.0007673232659905445,0.0008137949199684839,0.0036360555905521307,0.012348203785960835,0.0122079746862469,0
C14-2014-0114,0.06475301395764956,0.01637513629154843,0.08909930494950138,0.04906663454203909,0.02389782320837677,0.023841071096188427,0.016219230267470127,0.016180545942238084,0.04689678492296002,0.03224547151283745,0.04865769080241038,0.03318525180453176,0.032053913111907494,0.02415528454758762,0.03156240681056465,0.07203548530187069,0.024126508250595608,0.00805176151586254,0.08557136333550527,0.008003942811318965,0.024270818913357126,0.01616124712613971,0.01637513629154843,0.016084338833730404,0.04706374138320771,0.10336443980574739,0.0938023269519908,0.16280060836934562,0.31009331941724216,0.2483176159636272,0.10467289970621302,0.28266869268809836,0.039903811934173736,0.1967370898486274,0.41345775922298955,0.04304119037762485,0.029031483014580473,0.30894016602285423,0.08406891725810628,0.2518614475124072,0.04127229037535488,0.09619000605057873,0.12131801031426862,0.38140590248790196,0.16768319395571957,0.08039908559945018,0.08526832214123181,0.06926926312335947,0.0691886607736914,0.24549054453865005,1
C14-2014-0117,0.09843358451272692,0.08053450696733946,0.13037326069374225,0.10968839229057377,0.11397024013838516,0.07816846517060916,0.07251613275840856,0.11574908039912894,0.11881605606570708,0.07929317667896472,0.08701935931009026,0.08160414194672516,0.0788221252904548,0.0935984478440639,0.10583657384038772,0.10019969602683104,0.05033912347715659,0.08639856724067438,0.08347403432893782,0.06441409030296283,0.11574908039912894,0.08670826835656463,0.06589186933691411,0.10786955030819269,0.10521092745988979,0.09242842373951039,0.08387798782215838,0.1455762121256645,0.2772852712185312,0.22204547205406483,0.0935984478440639,0.2527621854747021,0.02378797740760657,0.17592219471203452,0.3812672479254804,0.03848740814493192,0.032449919659275815,0.2762541221040635,0.09567648155804723,0.22521436422498597,0.043056601888065614,0.08601304912460436,0.11623124609565771,0.3410529427543226,0.1499422174014625,0.07189281696897422,0.07624688553663143,0.06194053599208414,0.06186846141649972,0.2137407298976178,1
C14-2014-0123,0.0774868738426323,0.040823650592574305,0.08885077543267819,0.040774808600760055,0.023831163715819895,0.023774569905371714,0.01617398909006809,0.016135412669119522,0.04676597318089233,0.016077763736382412,0.05660896181523832,0.04136585798049246,0.04794675509408578,0.03211720920556459,0.03934296009982519,0.08779778678164964,0.032078947832620164,0.016058604602782293,0.06981764277051468,0.015963233960299934,0.016135412669119522,0.04029041921063524,0.016329460237029723,0.016039473916310082,0.039110386617036044,0.1030761197756845,0.09354067904118518,0.1691109373076104,0.3221128742990141,0.23771997138123924,0.10438092991808491,0.2818802295945351,0.026528337380263972,0.19618832042883236,0.4058622216167577,0.042921133254237534,0.036188129908365466,0.30807842248588213,0.08383441927411137,0.25115891673630153,0.048016695230636675,0.1027732479183741,0.12097961141763924,0.3803420263475375,0.16721546614126798,0.0801748240756551,0.08503047859223785,0.06907604661617679,0.06899566909500798,0.2383635269812704,1
C14-2014-0124,0.07483479031324317,0.03440850410819272,0.09361063461726264,0.051551005932277856,0.01673855479026245,0.02504820656608237,0.01704045210231339,0.033999618178057564,0.049271291180505765,0.025408607734597737,0.051121356306940174,0.03486550745953112,0.04209610768109937,0.0253783294621861,0.03316049360048014,0.07568282937664315,0.02534809614639443,0.008459443154062033,0.06538477391911532,0.01681840652814292,0.016999809089028782,0.01697953312365111,0.00860212602704818,0.01689873076426295,0.03296446738719821,0.10859805037264776,0.0985517828621508,0.049887724488600314,0.20362134444871455,0.260890583042993,0.10997276100280642,0.29698094417192145,0.041924245771872384,0.20669840066565515,0.4276048233423006,0.04522047785014094,0.03812677818327874,0.3245826105664105,0.08832554530675396,0.26461384800500354,0.03613501153137159,0.10106035636682481,0.12746065687559388,0.40071747584224104,0.1761734304183513,0.08446990052142118,0.08958567918025678,0.07277654617084771,0.07269186271446894,0.25113299148674795,1
C14-2014-0128,0.08698729714372012,0.1099893857677002,0.03627072406287401,0.1830963215233585,0.12484746483618292,0.33806694399564,0.16341328184834683,0.10868235096714017,0.19249927735802197,0.07219603229231086,0.03631406263296596,0.03715007718145194,0.0897089280118331,0.036054999796034645,0.12366669675523105,0.07168174463713338,0.018006023657898242,0.14421999918413858,0.08708640625718525,0.10752261695570008,0.12679607612833022,0.3618424121781829,0.0366631285892334,0.07202409463159297,0.1580601197603656,0.05785698025164103,0.09693176233621216,0.1670636884598151,0.18803518581783335,0.08895535790802711,0.036054999796034645,0.11658340956617134,0.02978089387258584,0.2569494164037485,0.3616061265727565,0.06424474558472279,0.0,0.192139419171345,0.06844588747042575,0.0,0.030802212620052047,0.03076638785989984,0.0,0.0,0.0,0.14728059580846525,0.1041335996540625,0.09305429362993195,0.07745501233391044,0.30374914632111544,1
C14-2014-0130,0.1075531867827951,0.05726043052762113,0.07789041370839518,0.0428939425052097,0.13927615840067756,0.0764199743639769,0.08507288959982237,0.04950749013856199,0.08882697374776126,0.11980290699874592,0.19141400159960034,0.15230498392855574,0.16812875620126144,0.12669897533243105,0.1172650890304791,0.1539346370766508,0.11248714514173355,0.1337378072953439,0.08160686729043838,0.09795840541241414,0.08486998309467769,0.10596094650334972,0.16462373776691075,0.07733491228494183,0.09600037480114436,0.12989388401142227,0.08200178505591808,0.1601099199167202,0.2484926476740252,0.1476135201910611,0.08446598355495405,0.11705131934429937,0.017441911706586117,0.18631938568819867,0.3783865316854475,0.04389759809463083,0.03806888657305808,0.24006649266280344,0.0668116909141897,0.2320781598983946,0.018040072107472698,0.10811454274250665,0.12878220568710066,0.30777617490034354,0.03490197005881346,0.11501132948640169,0.081317865905388,0.036333021217250315,0.06048457296773553,0.2654353281972542,1
C14-2014-0131,0.1075531867827951,0.05726043052762113,0.07789041370839518,0.0428939425052097,0.13927615840067756,0.0764199743639769,0.08507288959982237,0.04950749013856199,0.08882697374776126,0.11980290699874592,0.19141400159960034,0.15230498392855574,0.16812875620126144,0.12669897533243105,0.1172650890304791,0.1539346370766508,0.11248714514173355,0.1337378072953439,0.08160686729043838,0.09795840541241414,0.08486998309467769,0.10596094650334972,0.16462373776691075,0.07733491228494183,0.09600037480114436,0.12989388401142227,0.08200178505591808,0.1601099199167202,0.2484926476740252,0.1476135201910611,0.08446598355495405,0.11705131934429937,0.017441911706586117,0.18631938568819867,0.3783865316854475,0.04389759809463083,0.03806888657305808,0.24006649266280344,0.0668116909141897,0.2320781598983946,0.018040072107472698,0.10811454274250665,0.12878220568710066,0.30777617490034354,0.03490197005881346,0.11501132948640169,0.081317865905388,0.036333021217250315,0.06048457296773553,0.2654353281972542,1
C14-2014-0133,0.10527626977170622,0.081916627287092,0.12662480581733948,0.17386456979056614,0.12453007526924323,0.11926496978956476,0.12170506098837214,0.1517684793182549,0.151513268190162,0.11594011563752207,0.11663401678052329,0.14007029485073932,0.11024042973613983,0.09566248466400377,0.12335230895905508,0.15515394529611348,0.1206928692937374,0.15104602841684805,0.17511986734032714,0.11010925150046762,0.14165058069703793,0.12126996994918336,0.14335409775241098,0.1206928692937374,0.12262311939040293,0.06463508256933262,0.12633551170661633,0.14846017863360012,0.1858258623868313,0.16148716934999438,0.08055788182231897,0.16745332181119568,0.0041587258055792685,0.19478510803099436,0.31105633486491324,0.031399896479837264,0.022692188741166693,0.2200153006287695,0.023895159067997333,0.19154447848757267,0.03010942852420806,0.08163054010440335,0.048768220107498185,0.33481436194311054,0.03994453616989729,0.14625325997599858,0.10179149187845567,0.07796689257772375,0.06922326185482494,0.2181434036714976,1
C14-2014-0134,0.10527626977170622,0.081916627287092,0.12662480581733948,0.17386456979056614,0.12453007526924323,0.11926496978956476,0.12170506098837214,0.1517684793182549,0.151513268190162,0.11594011563752207,0.11663401678052329,0.14007029485073932,0.11024042973613983,0.09566248466400377,0.12335230895905508,0.15515394529611348,0.1206928692937374,0.15104602841684805,0.17511986734032714,0.11010925150046762,0.14165058069703793,0.12126996994918336,0.14335409775241098,0.1206928692937374,0.12262311939040293,0.06463508256933262,0.12633551170661633,0.14846017863360012,0.1858258623868313,0.16148716934999438,0.08055788182231897,0.16745332181119568,0.0041587258055792685,0.19478510803099436,0.31105633486491324,0.031399896479837264,0.022692188741166693,0.2200153006287695,0.023895159067997333,0.19154447848757267,0.03010942852420806,0.08163054010440335,0.048768220107498185,0.33481436194311054,0.03994453616989729,0.14625325997599858,0.10179149187845567,0.07796689257772375,0.06922326185482494,0.2181434036714976,1
C14-2014-0135,0.8540538623496565,0.03471080447341133,0.025754471716548884,0.035632311420784775,0.03283313741808383,0.03556275153295252,0.03820036266500221,0.32488136783479427,0.03773835166435207,0.03607443915315336,0.03247030826525188,0.028332857325500352,0.027366944577459543,0.022756705830728672,0.3456689038815686,0.030162074337700438,0.03693559295843456,0.03034227444097156,0.029315209027116075,0.0414728522143381,0.027629207235217106,0.04187017757760178,0.01831959124985598,0.028411994583411194,0.02863545862248447,0.003043115349903282,0.004248616337728433,0.0015976514142045767,0.01369401907456477,0.0,0.011378352915364336,0.0,0.02036309246496094,0.011584132011720535,0.004564673024854924,0.005913414397555302,0.04871821150692478,0.01212719529969392,0.09630166532439027,0.009619410710163416,0.03483237011314182,0.03236451911258664,0.004081919967291141,0.06219046631970955,0.018806478824095422,0.0017214549851040442,0.006389992124222581,0.007341593393433836,0.023628718754826403,0.050211403273404155,1
C14-2014-0136,0.057524567788488454,0.12122635690041572,0.08395021201495557,0.0,0.08256143931365281,0.0823653739220268,0.1440866075528781,0.15572152701560213,0.04629072015306527,0.1193578168889789,0.0480288691842927,0.07370186923871871,0.1186487563149184,0.09537246692257592,0.058414713693534355,0.22516438826550572,0.19051769856439016,0.1430587003838639,0.11518021699008399,0.04740302910852752,0.10780721101080146,0.09571433554811515,0.1333489925904573,0.04762942464109754,0.04645551897225444,0.07652146673838883,0.11751818384412996,0.010043542184120702,0.019130366684597208,0.1617716193216861,0.16690181711450786,0.18723419220932663,0.009847029995338928,0.25488038956496745,0.36347696700734694,0.03186371467839124,0.04298444737941289,0.177886109446327,0.04526316166750797,0.32251660204032506,0.0,0.11190171119138262,0.15396450697264646,0.2823576380416889,0.0,0.10821826092499207,0.11477231942771257,0.0307683316857223,0.07170923520336855,0.3252162336381525,1
C14-2014-0145,0.1075531867827951,0.05726043052762113,0.07789041370839518,0.0428939425052097,0.13927615840067756,0.0764199743639769,0.08507288959982237,0.04950749013856199,0.08882697374776126,0.11980290699874592,0.19141400159960034,0.15230498392855574,0.16812875620126144,0.12669897533243105,0.1172650890304791,0.1539346370766508,0.11248714514173355,0.1337378072953439,0.08160686729043838,0.09795840541241414,0.08486998309467769,0.10596094650334972,0.16462373776691075,0.07733491228494183,0.09600037480114436,0.12989388401142227,0.08200178505591808,0.1601099199167202,0.2484926476740252,0.1476135201910611,0.08446598355495405,0.11705131934429937,0.017441911706586117,0.18631938568819867,0.3783865316854475,0.04389759809463083,0.03806888657305808,0.24006649266280344,0.0668116909141897,0.2320781598983946,0.018040072107472698,0.10811454274250665,0.12878220568710066,0.30777617490034354,0.03490197005881346,0.11501132948640169,0.081317865905388,0.036333021217250315,0.06048457296773553,0.2654353281972542,1
C14-2014-0146,0.1075531867827951,0.05726043052762113,0.07789041370839518,0.0428939425052097,0.13927615840067756,0.0764199743639769,0.08507288959982237,0.04950749013856199,0.08882697374776126,0.11980290699874592,0.19141400159960034,0.15230498392855574,0.16812875620126144,0.12669897533243105,0.1172650890304791,0.1539346370766508,0.11248714514173355,0.1337378072953439,0.08160686729043838,0.09795840541241414,0.08486998309467769,0.10596094650334972,0.16462373776691075,0.07733491228494183,0.09600037480114436,0.12989388401142227,0.08200178505591808,0.1601099199167202,0.2484926476740252,0.1476135201910611,0.08446598355495405,0.11705131934429937,0.017441911706586117,0.18631938568819867,0.3783865316854475,0.04389759809463083,0.03806888657305808,0.24006649266280344,0.0668116909141897,0.2320781598983946,0.018040072107472698,0.10811454274250665,0.12878220568710066,0.30777617490034354,0.03490197005881346,0.11501132948640169,0.081317865905388,0.036333021217250315,0.06048457296773553,0.2654353281972542,1
C14-2014-0147,0.1075531867827951,0.05726043052762113,0.07789041370839518,0.0428939425052097,0.13927615840067756,0.0764199743639769,0.08507288959982237,0.04950749013856199,0.08882697374776126,0.11980290699874592,0.19141400159960034,0.15230498392855574,0.16812875620126144,0.12669897533243105,0.1172650890304791,0.1539346370766508,0.11248714514173355,0.1337378072953439,0.08160686729043838,0.09795840541241414,0.08486998309467769,0.10596094650334972,0.16462373776691075,0.07733491228494183,0.09600037480114436,0.12989388401142227,0.08200178505591808,0.1601099199167202,0.2484926476740252,0.1476135201910611,0.08446598355495405,0.11705131934429937,0.017441911706586117,0.18631938568819867,0.3783865316854475,0.04389759809463083,0.03806888657305808,0.24006649266280344,0.0668116909141897,0.2320781598983946,0.018040072107472698,0.10811454274250665,0.12878220568710066,0.30777617490034354,0.03490197005881346,0.11501132948640169,0.081317865905388,0.036333021217250315,0.06048457296773553,0.2654353281972542,1
C14-2014-0148,0.1075531867827951,0.05726043052762113,0.07789041370839518,0.0428939425052097,0.13927615840067756,0.0764199743639769,0.08507288959982237,0.04950749013856199,0.08882697374776126,0.11980290699874592,0.19141400159960034,0.15230498392855574,0.16812875620126144,0.12669897533243105,0.1172650890304791,0.1539346370766508,0.11248714514173355,0.1337378072953439,0.08160686729043838,0.09795840541241414,0.08486998309467769,0.10596094650334972,0.16462373776691075,0.07733491228494183,0.09600037480114436,0.12989388401142227,0.08200178505591808,0.1601099199167202,0.2484926476740252,0.1476135201910611,0.08446598355495405,0.11705131934429937,0.017441911706586117,0.18631938568819867,0.3783865316854475,0.04389759809463083,0.03806888657305808,0.24006649266280344,0.0668116909141897,0.2320781598983946,0.018040072107472698,0.10811454274250665,0.12878220568710066,0.30777617490034354,0.03490197005881346,0.11501132948640169,0.081317865905388,0.036333021217250315,0.06048457296773553,0.2654353281972542,1
C14-2014-0150,0.057524567788488454,0.12122635690041572,0.08395021201495557,0.0,0.08256143931365281,0.0823653739220268,0.1440866075528781,0.15572152701560213,0.04629072015306527,0.1193578168889789,0.0480288691842927,0.07370186923871871,0.1186487563149184,0.09537246692257592,0.058414713693534355,0.22516438826550572,0.19051769856439016,0.1430587003838639,0.11518021699008399,0.04740302910852752,0.10780721101080146,0.09571433554811515,0.1333489925904573,0.04762942464109754,0.04645551897225444,0.07652146673838883,0.11751818384412996,0.010043542184120702,0.019130366684597208,0.1617716193216861,0.16690181711450786,0.18723419220932663,0.009847029995338928,0.25488038956496745,0.36347696700734694,0.03186371467839124,0.04298444737941289,0.177886109446327,0.04526316166750797,0.32251660204032506,0.0,0.11190171119138262,0.15396450697264646,0.2823576380416889,0.0,0.10821826092499207,0.11477231942771257,0.0307683316857223,0.07170923520336855,0.3252162336381525,1
C14-2014-0153,0.9842127585724336,0.0,0.0,0.0,0.0,0.0,0.0,0.0,0.0,0.004667759115153223,0.0,0.0,0.0,0.004662196760713468,0.0,0.009269016767163822,0.0,0.0,0.0,0.0,0.0,0.0,0.0,0.0,0.004541872032009676,0.0018703413357357042,0.0,0.001963877892554021,0.020573754693092746,0.0,0.006993295141070203,0.0,0.03273269437525077,0.02135930957151728,0.007481365342942817,0.0,0.04622762807334105,0.0024845147212135934,0.01548854095533175,0.009853707690929954,0.03385524343518006,0.0,0.0,0.14652200617112993,0.020805705740280678,0.0,0.0,0.008021770975568691,0.02403731030794087,0.054239898736335425,0
C14-2014-0157,0.015947034700073366,0.01848358965406602,0.013298734739896331,0.01174821176231768,0.006539368125602335,0.0032619192770658926,0.006657312457378185,0.021584661044277892,0.011228676378339292,0.014889837409877982,0.008321640571722732,0.020431727023689485,0.0,0.009914729249062745,0.012955041674587726,0.0032852821809186672,0.011553404086455308,0.0033049097496875815,0.9946322078964582,0.016426410904593337,0.008301792709337652,0.006633512814440068,0.006721305328751279,0.004951458894195133,0.009658844058390854,0.002651672433820953,0.004442528473326735,0.0013921418437312875,0.017235870819836196,0.0,0.0016524548748437908,0.0015266265788644834,0.03139277274478211,0.0033646795025585076,0.006629181084552383,0.0,0.022342882146135473,0.0017612077196254073,0.042349202724177415,0.02095510954797775,0.011293693898304306,0.0056402793385695975,0.0,0.007526494974215844,0.03769092400534716,0.0015000202769865861,0.0031817330071064066,0.021324091250007175,0.0056798075578447915,0.03447174163967239,1
C14-2014-0163,0.10527626977170622,0.081916627287092,0.12662480581733948,0.17386456979056614,0.12453007526924323,0.11926496978956476,0.12170506098837214,0.1517684793182549,0.151513268190162,0.11594011563752207,0.11663401678052329,0.14007029485073932,0.11024042973613983,0.09566248466400377,0.12335230895905508,0.15515394529611348,0.1206928692937374,0.15104602841684805,0.17511986734032714,0.11010925150046762,0.14165058069703793,0.12126996994918336,0.14335409775241098,0.1206928692937374,0.12262311939040293,0.06463508256933262,0.12633551170661633,0.14846017863360012,0.1858258623868313,0.16148716934999438,0.08055788182231897,0.16745332181119568,0.0041587258055792685,0.19478510803099436,0.31105633486491324,0.031399896479837264,0.022692188741166693,0.2200153006287695,0.023895159067997333,0.19154447848757267,0.03010942852420806,0.08163054010440335,0.048768220107498185,0.33481436194311054,0.03994453616989729,0.14625325997599858,0.10179149187845567,0.07796689257772375,0.06922326185482494,0.2181434036714976,1
C14-2014-0174,0.10527626977170622,0.081916627287092,0.12662480581733948,0.17386456979056614,0.12453007526924323,0.11926496978956476,0.12170506098837214,0.1517684793182549,0.151513268190162,0.11594011563752207,0.11663401678052329,0.14007029485073932,0.11024042973613983,0.09566248466400377,0.12335230895905508,0.15515394529611348,0.1206928692937374,0.15104602841684805,0.17511986734032714,0.11010925150046762,0.14165058069703793,0.12126996994918336,0.14335409775241098,0.1206928692937374,0.12262311939040293,0.06463508256933262,0.12633551170661633,0.14846017863360012,0.1858258623868313,0.16148716934999438,0.08055788182231897,0.16745332181119568,0.0041587258055792685,0.19478510803099436,0.31105633486491324,0.031399896479837264,0.022692188741166693,0.2200153006287695,0.023895159067997333,0.19154447848757267,0.03010942852420806,0.08163054010440335,0.048768220107498185,0.33481436194311054,0.03994453616989729,0.14625325997599858,0.10179149187845567,0.07796689257772375,0.06922326185482494,0.2181434036714976,1
C14-2014-0175,0.15289581286360313,0.07435619954563856,0.10298451386459662,0.08912068648671473,0.07234347161253162,0.2020806806568764,0.07364826165551445,0.07347260391715861,0.18455568354381022,0.24891433827831305,0.10310756631772022,0.07534377611328866,0.13099533374375116,0.14624571675201742,0.0573274158373444,0.029075435256681364,0.13146434422631453,0.07312285837600871,0.09890677888938003,0.11630174102672546,0.19102877018461237,0.19080092687707184,0.13384115918214942,0.10225004550935574,0.08548279253004518,0.15254106603851494,0.09174038364870768,0.14784896206708453,0.21121070682255913,0.07216386159914742,0.10237200172641218,0.14862061397337956,0.0724780728534257,0.16377964998678318,0.29334820392022104,0.013029425764442961,0.0,0.2338058568741421,0.05552582403809215,0.21018472195905,0.03748183348482207,0.0873558931889255,0.14165503149791556,0.29308864908340115,0.0,0.07965296138130266,0.09855651184643412,0.012581511529374437,0.0754012294032289,0.3050821320770299,1
C14-2014-0176,0.11701677157725443,0.20714339396764353,0.2927519193241213,0.2660085831692222,0.12476055753143452,0.15318680424361783,0.06839040085589011,0.11696105758144218,0.18832964190934187,0.20395055926049055,0.16609097350716168,0.1299347585192356,0.16412201891443726,0.1649060882129895,0.171111615774168,0.14464122832677423,0.2325312492183013,0.17460644634316536,0.28116022756686054,0.10607023410630109,0.23392211516288436,0.15576207481553717,0.23673530739159263,0.29066406152287655,0.1984501166760716,0.007783018055004325,0.01738589773345408,0.01634450012255055,0.03891509027502163,0.011966423993722166,0.10670393943193437,0.0,0.08813586781267309,0.009875790457262817,0.0311320722200173,0.0,0.017487836775638775,0.010338766814199271,0.036829822479925105,0.0,0.016574261284516136,0.1076073989714653,0.0,0.15905723791601312,0.0,0.008805525712568079,0.0,0.025035639408328512,0.041677512847954706,0.07783018055004326,1
C14-2014-0178,0.24303270639578664,0.16761706369673826,0.13818588546384356,0.08370826213786835,0.16307988255744776,0.10846173562919133,0.276701997513322,0.24843783449129947,0.2666882429301979,0.13752789483875974,0.24903179776198975,0.14153608572771043,0.27342178512540194,0.13736400915452143,0.18846044500117584,0.13654821636734804,0.21952058688755505,0.13736400915452143,0.15925719671416466,0.2730964327346961,0.11041681532946644,0.11028511929023399,0.19555324097952795,0.10976029344377752,0.10705507011474417,0.022042620468447353,0.02461967469003606,0.02314498118864205,0.044085240936894705,0.0,0.0,0.0,0.22692125928086257,0.0,0.17634096374757882,0.0,0.07429208299440611,0.0,0.0,0.046451743259527084,0.0938813577091893,0.0,0.0,0.025026269468021105,0.0,0.0748155252636831,0.026448867595051457,0.0709045120752174,0.07082200693487611,0.13225572281068412,1
C14-2014-0186,0.1665966092554057,0.17796278127089768,0.17605805018052603,0.19588760532075927,0.14841047544843822,0.11985650288346607,0.1402952695167419,0.20455787696609062,0.14215228763725712,0.1501883367122477,0.10791943808980146,0.1913668227620492,0.21683484595013483,0.182154227908729,0.19250897785864707,0.22012726777726516,0.12129148451588621,0.16786762179824047,0.1863406914544101,0.15621935132580106,0.11483950987569999,0.200729442921761,0.19612224874751988,0.18550462337723775,0.23312463972175027,0.014328454657355489,0.006401451097522294,0.00902701602057288,0.03725398210912427,0.004406012227981233,0.021429909165732827,0.006599367081688485,0.3156640243916166,0.04727118945481165,0.028656909314710977,0.003182080779468024,0.20926700727233838,0.0,0.05085248785039906,0.021136651542923122,0.08238521149035084,0.030477552855599208,0.011531788665482693,0.039043027701204214,0.15230595187892126,0.0,0.030946797868693605,0.0737445595618499,0.19949244714807982,0.057313818629421955,1
C14-2014-0189,0.10469727920325525,0.044127475348841025,0.1833517564631471,0.017629872245781327,0.1287990018211798,0.08566208820950946,0.09615615261679329,0.02616185769026235,0.10952652806131327,0.12165246832421421,0.09615615261679329,0.044713563138566274,0.06910272918630293,0.08679107189827817,0.13608625210181585,0.08627562734419549,0.06935014184930292,0.095470179088106,0.09223857826705552,0.06039293914093684,0.09592681153096196,0.06097152598031603,0.07060396055814565,0.13870028369860585,0.13528178661343535,0.09052711370985242,0.17888842679243588,0.19010882547978467,0.2228359722088675,0.10706602284853928,0.12150750065758946,0.288656115859182,0.028675254094161533,0.1855574710814811,0.32729033418177417,0.061859607429463954,0.01564672230212085,0.23125760973693926,0.0576666812083627,0.3228470306915032,0.059317311113717026,0.13330872368959493,0.05604445402589361,0.300435889693097,0.025821153924911862,0.08666330721632404,0.10026755552051059,0.044799788847965254,0.044747659402913295,0.2855085893926115,1
C14-2014-0190,0.10469727920325525,0.044127475348841025,0.1833517564631471,0.017629872245781327,0.1287990018211798,0.08566208820950946,0.09615615261679329,0.02616185769026235,0.10952652806131327,0.12165246832421421,0.09615615261679329,0.044713563138566274,0.06910272918630293,0.08679107189827817,0.13608625210181585,0.08627562734419549,0.06935014184930292,0.095470179088106,0.09223857826705552,0.06039293914093684,0.09592681153096196,0.06097152598031603,0.07060396055814565,0.13870028369860585,0.13528178661343535,0.09052711370985242,0.17888842679243588,0.19010882547978467,0.2228359722088675,0.10706602284853928,0.12150750065758946,0.288656115859182,0.028675254094161533,0.1855574710814811,0.32729033418177417,0.061859607429463954,0.01564672230212085,0.23125760973693926,0.0576666812083627,0.3228470306915032,0.059317311113717026,0.13330872368959493,0.05604445402589361,0.300435889693097,0.025821153924911862,0.08666330721632404,0.10026755552051059,0.044799788847965254,0.044747659402913295,0.2855085893926115,1
C14-2014-0193,0.04781767517241388,0.0,0.0,0.0,0.0,0.0,0.0,0.0,0.0,0.0,0.0,0.0,0.0,0.0,0.0,0.0,0.0,0.0,0.0,0.0,0.0,0.0,0.0,0.0,0.0,0.09541345848091329,0.1065684686724913,0.05009256283401338,0.14312018772136992,0.0,0.0,0.0,0.19644980216234903,0.12106914260007093,0.14312018772136992,0.10594768926418212,0.32157994038839566,0.0,0.11287590216330892,0.0,0.30478040390228356,0.0,0.0,0.0,0.7075871848940726,0.053974284528256936,0.057243147060485854,0.2046110240139007,0.0,0.3339471046831965,1
C14-2014-0194,0.1573708045972958,0.2162874288618115,0.11126570522587334,0.13825834209850946,0.21043280272020978,0.19313842509953047,0.102829525452566,0.12823033471422174,0.24777039658857702,0.2214717972982583,0.17138254242094333,0.25422570801626276,0.2201561153946878,0.1616519119538129,0.15007866869831918,0.1691493425735351,0.16145933531831333,0.1786679026857932,0.16440010984736847,0.27063894811765615,0.28210673637128786,0.14515437780775534,0.13842395447155936,0.13596575605752703,0.12432623991832041,0.013652667387486252,0.007624416303232119,0.014335443025500404,0.11604767279363314,0.010495517641699266,0.04253997682995076,0.023580429437997666,0.04919234390443954,0.0,0.040958002162458755,0.022740008354575805,0.13037505153305629,0.036271724802253484,0.14536224297390246,0.028771089226847315,0.10902721552468361,0.02904010947952601,0.0,0.13950600843353608,0.1012483211154012,0.00772315526419417,0.008190895283248872,0.06587481654147898,0.08041997822341472,0.17748467603732127,1
C14-2014-0198,0.9947508518059777,0.0,0.0,0.0,0.0,0.0,0.0,0.0,0.0,0.0,0.0,0.0,0.0,0.0,0.014430625889471554,0.0,0.0,0.0,0.0,0.0,0.0,0.0,0.0,0.0,0.0,0.014768494704634915,0.0,0.0031014146672136735,0.047259183054831726,0.0,0.033132062138235975,0.0034010198632909113,0.04561098469470537,0.0,0.017722193645561896,0.0,0.013273463995138964,0.0,0.02795424779556755,0.0,0.028305112419802606,0.03141354659115913,0.0,0.010060518765750998,0.0,0.0,0.003544133616783371,0.003167055122798747,0.031633699084206,0.02067589258648888,0
C14-2014-0199,0.1572773618441773,0.1252121039172528,0.1748780639656503,0.16184532732654988,0.1289888165751475,0.17872568930505003,0.08754350970457647,0.1164462807305681,0.11250045171518111,0.3625944971083702,0.0802482172291951,0.06716918818333632,0.1297585647086763,0.18832445313625706,0.17745677901547047,0.20160647311277927,0.1302231471125793,0.21005419772890208,0.09097489905291894,0.09360300537379039,0.25472623909811776,0.15992266571050498,0.16940461118216554,0.12298852782854712,0.14112620336647858,0.06392729404013435,0.11683829984170535,0.10983980438391522,0.1394777324512022,0.125094443941812,0.04345948918529009,0.2007510531880916,0.04187970738011125,0.11798789359153243,0.26152074834600414,0.0387192323082199,0.032645377754179104,0.09263936826274347,0.05500158689273198,0.19595322396804013,0.061879925753107495,0.06180795580972433,0.015590846759038915,0.15835718453297903,0.021549339411827993,0.07890093218016245,0.041839717779250364,0.049850901746190404,0.0560170066273411,0.1743471655640028,1
C14-2015-0001,0.9886611944610444,0.0,0.0,0.0,0.0,0.0,0.0,0.0,0.0,0.0,0.0,0.0,0.0,0.0,0.0,0.0,0.0,0.0,0.0025217519162903214,0.002594600935303985,0.0,0.0,0.0,0.0,0.0,0.02408327841487252,0.012864696431914445,0.012094114185625504,0.031412971845485894,0.025758709528830793,0.006525255256183841,0.036170287950188465,0.03018267752327018,0.022587102379774817,0.08586212304432812,0.01046434695776951,0.031762128029918825,0.022255043895568788,0.01362611505915615,0.05406206728643871,0.03567745738466014,0.00779536678200604,0.03370893896930161,0.033287309587367815,0.007765297359928367,0.013031298924257492,0.006282053550889652,0.008981878013097367,0.014578568253422314,0.031412971845485894,1
C14-2015-0004,0.15289581286360313,0.07435619954563856,0.10298451386459662,0.08912068648671473,0.07234347161253162,0.2020806806568764,0.07364826165551445,0.07347260391715861,0.18455568354381022,0.24891433827831305,0.10310756631772022,0.07534377611328866,0.13099533374375116,0.14624571675201742,0.0573274158373444,0.029075435256681364,0.13146434422631453,0.07312285837600871,0.09890677888938003,0.11630174102672546,0.19102877018461237,0.19080092687707184,0.13384115918214942,0.10225004550935574,0.08548279253004518,0.15254106603851494,0.09174038364870768,0.14784896206708453,0.21121070682255913,0.07216386159914742,0.10237200172641218,0.14862061397337956,0.0724780728534257,0.16377964998678318,0.29334820392022104,0.013029425764442961,0.0,0.2338058568741421,0.05552582403809215,0.21018472195905,0.03748183348482207,0.0873558931889255,0.14165503149791556,0.29308864908340115,0.0,0.07965296138130266,0.09855651184643412,0.012581511529374437,0.0754012294032289,0.3050821320770299,1
C14-2015-0006,0.1572773618441773,0.1252121039172528,0.1748780639656503,0.16184532732654988,0.1289888165751475,0.17872568930505003,0.08754350970457647,0.1164462807305681,0.11250045171518111,0.3625944971083702,0.0802482172291951,0.06716918818333632,0.1297585647086763,0.18832445313625706,0.17745677901547047,0.20160647311277927,0.1302231471125793,0.21005419772890208,0.09097489905291894,0.09360300537379039,0.25472623909811776,0.15992266571050498,0.16940461118216554,0.12298852782854712,0.14112620336647858,0.06392729404013435,0.11683829984170535,0.10983980438391522,0.1394777324512022,0.125094443941812,0.04345948918529009,0.2007510531880916,0.04187970738011125,0.11798789359153243,0.26152074834600414,0.0387192323082199,0.032645377754179104,0.09263936826274347,0.05500158689273198,0.19595322396804013,0.061879925753107495,0.06180795580972433,0.015590846759038915,0.15835718453297903,0.021549339411827993,0.07890093218016245,0.041839717779250364,0.049850901746190404,0.0560170066273411,0.1743471655640028,1
C14-2015-0007,0.057524567788488454,0.12122635690041572,0.08395021201495557,0.0,0.08256143931365281,0.0823653739220268,0.1440866075528781,0.15572152701560213,0.04629072015306527,0.1193578168889789,0.0480288691842927,0.07370186923871871,0.1186487563149184,0.09537246692257592,0.058414713693534355,0.22516438826550572,0.19051769856439016,0.1430587003838639,0.11518021699008399,0.04740302910852752,0.10780721101080146,0.09571433554811515,0.1333489925904573,0.04762942464109754,0.04645551897225444,0.07652146673838883,0.11751818384412996,0.010043542184120702,0.019130366684597208,0.1617716193216861,0.16690181711450786,0.18723419220932663,0.009847029995338928,0.25488038956496745,0.36347696700734694,0.03186371467839124,0.04298444737941289,0.177886109446327,0.04526316166750797,0.32251660204032506,0.0,0.11190171119138262,0.15396450697264646,0.2823576380416889,0.0,0.10821826092499207,0.11477231942771257,0.0307683316857223,0.07170923520336855,0.3252162336381525,1
C14-2015-0013,0.1572773618441773,0.1252121039172528,0.1748780639656503,0.16184532732654988,0.1289888165751475,0.17872568930505003,0.08754350970457647,0.1164462807305681,0.11250045171518111,0.3625944971083702,0.0802482172291951,0.06716918818333632,0.1297585647086763,0.18832445313625706,0.17745677901547047,0.20160647311277927,0.1302231471125793,0.21005419772890208,0.09097489905291894,0.09360300537379039,0.25472623909811776,0.15992266571050498,0.16940461118216554,0.12298852782854712,0.14112620336647858,0.06392729404013435,0.11683829984170535,0.10983980438391522,0.1394777324512022,0.125094443941812,0.04345948918529009,0.2007510531880916,0.04187970738011125,0.11798789359153243,0.26152074834600414,0.0387192323082199,0.032645377754179104,0.09263936826274347,0.05500158689273198,0.19595322396804013,0.061879925753107495,0.06180795580972433,0.015590846759038915,0.15835718453297903,0.021549339411827993,0.07890093218016245,0.041839717779250364,0.049850901746190404,0.0560170066273411,0.1743471655640028,1
C14-2015-0021,0.1572773618441773,0.1252121039172528,0.1748780639656503,0.16184532732654988,0.1289888165751475,0.17872568930505003,0.08754350970457647,0.1164462807305681,0.11250045171518111,0.3625944971083702,0.0802482172291951,0.06716918818333632,0.1297585647086763,0.18832445313625706,0.17745677901547047,0.20160647311277927,0.1302231471125793,0.21005419772890208,0.09097489905291894,0.09360300537379039,0.25472623909811776,0.15992266571050498,0.16940461118216554,0.12298852782854712,0.14112620336647858,0.06392729404013435,0.11683829984170535,0.10983980438391522,0.1394777324512022,0.125094443941812,0.04345948918529009,0.2007510531880916,0.04187970738011125,0.11798789359153243,0.26152074834600414,0.0387192323082199,0.032645377754179104,0.09263936826274347,0.05500158689273198,0.19595322396804013,0.061879925753107495,0.06180795580972433,0.015590846759038915,0.15835718453297903,0.021549339411827993,0.07890093218016245,0.041839717779250364,0.049850901746190404,0.0560170066273411,0.1743471655640028,1
C14-2015-0023,0.2478801959086698,0.021370040684523986,0.03523552947726256,0.9409355298183477,0.0121284221394952,0.02938479090660977,0.0211665786785781,0.008798372700718158,0.02890080344112024,0.012273712772435925,0.008819407782740875,0.027067338882052355,0.013943770504741798,0.00525389432223762,0.006864980191456305,0.01740897301750189,0.010495270669529965,0.01225908675188778,0.0270722856653181,0.0313361514315034,0.017596745401436315,0.021090908951793167,0.03561673447420664,0.006996847113019977,0.030709792279535273,0.03231827587762586,0.017263630026041903,0.01622955612659359,0.04215427288385982,0.0324061886346897,0.0070051924296501596,0.04853829800121691,0.04050329370108003,0.03387644097189423,0.11803196407480748,0.014042508915710678,0.04262281897208318,0.03173145390087724,0.019947716632683753,0.07254796356956647,0.0493731044247878,0.010460901953970342,0.052774539196141,0.044669518656735074,0.010420550642099659,0.01748720030649498,0.008430128832056918,0.012053126925908987,0.019563540419976266,0.0449645577427838,1
C14-2015-0025,0.9930264827719255,0.0,0.0,0.0,0.0,0.0,0.0,0.0,0.0,0.0,0.0,0.0,0.0,0.0,0.0,0.0,0.0,0.0,0.0,0.0,0.0,0.0,0.0,0.0,0.0,0.03563749913580722,0.011941188708655607,0.003741974545581807,0.010691249740742165,0.010958561877182731,0.0,0.04103459589583448,0.014675035925232085,0.027132030638923235,0.057019998617291553,0.023743258517445083,0.02001867281993021,0.01893598554198056,0.012647947982945428,0.022530315249556274,0.026562038827383977,0.011370490986570196,0.0,0.03641519355805124,0.008809601947722139,0.016127775253981406,0.017104527066751588,0.022927033484266862,0.003816725896316206,0.0320737492222265,0
C14-2015-0032,0.057524567788488454,0.12122635690041572,0.08395021201495557,0.0,0.08256143931365281,0.0823653739220268,0.1440866075528781,0.15572152701560213,0.04629072015306527,0.1193578168889789,0.0480288691842927,0.07370186923871871,0.1186487563149184,0.09537246692257592,0.058414713693534355,0.22516438826550572,0.19051769856439016,0.1430587003838639,0.11518021699008399,0.04740302910852752,0.10780721101080146,0.09571433554811515,0.1333489925904573,0.04762942464109754,0.04645551897225444,0.07652146673838883,0.11751818384412996,0.010043542184120702,0.019130366684597208,0.1617716193216861,0.16690181711450786,0.18723419220932663,0.009847029995338928,0.25488038956496745,0.36347696700734694,0.03186371467839124,0.04298444737941289,0.177886109446327,0.04526316166750797,0.32251660204032506,0.0,0.11190171119138262,0.15396450697264646,0.2823576380416889,0.0,0.10821826092499207,0.11477231942771257,0.0307683316857223,0.07170923520336855,0.3252162336381525,1
C14-2015-0043,0.17975765415769718,0.014286865901285166,0.015418858845191832,0.007783512487229969,0.007581893769406449,0.00378194421358022,0.9712623434059104,0.00770023148522881,0.018598265117717405,0.011509079910788316,0.0012864401899416033,0.010528450716999576,0.016525468166385296,0.01532715342419961,0.006258488834367202,0.015236126806031407,0.008930188235932664,0.017881678994899543,0.008638198143502225,0.01650580403986736,0.010266975313638415,0.014100253358370982,0.016884477883337017,0.005102964706247237,0.009954387461622322,0.0235704766027257,0.01259077028575776,0.005380270880602876,0.02459527993327899,0.02521023300095115,0.006386313926749837,0.03540011916804813,0.027430001927623075,0.02470688295177425,0.08403387310536987,0.01024153111058969,0.02878316811870255,0.02178117042026955,0.014548337601573022,0.051831116472394155,0.03600896307262676,0.007629381149016255,0.028867281922442665,0.03257852765229069,0.007599951990853901,0.01275382533499485,0.0061482906806771724,0.008790628165703099,0.014268148879029982,0.03279370657770532,1
C14-2015-0047,0.9767510401193099,0.0,0.0,0.0,0.0,0.0,0.0,0.0,0.0,0.0,0.0,0.0,0.0,0.0,0.0,0.0,0.0,0.0,0.0,0.0,0.0,0.0,0.0,0.0,0.0,0.03081954925172014,0.024587667649102876,0.040065811650701146,0.054301110586364054,0.02933368939215293,0.023778807481040557,0.03717685177515872,0.012086733234747606,0.03910660469322398,0.10419942842248238,0.02118518160545888,0.01648788863761248,0.05458655940071774,0.0104171719930156,0.07422616517018056,0.03594106743883238,0.02341256471244424,0.049214498884188794,0.07664745041108378,0.010883718703204447,0.018264463710156952,0.024653516994942858,0.017309681154010794,0.020433092077645654,0.05723630575319455,1
C14-2015-0056,0.013232505917894315,0.0055771943945332175,0.0275875091287936,0.011141043520869679,0.010852453644052615,0.005413340718104713,0.011048188976364753,0.005510919025212227,0.010648358639064905,0.027456147504448036,0.027620472440911883,0.0169538070141986,0.00545860814064958,0.010969371709123163,0.010749814548579421,0.010904225573863962,0.0164344557723565,0.005484685854561582,0.015897098873125,0.010904225573863962,0.02479913561345502,0.011008692114164916,0.011154388789066435,0.027390759620594163,0.9270337214739217,0.04620631411973554,0.04423577329779528,0.06699982039714211,0.10341413160131287,0.06427646459123178,0.04936217269105423,0.09120685347342465,0.004530268985804719,0.10609366607262075,0.14301954370394335,0.026875500919771794,0.022247570845520967,0.10814450515764588,0.028632964375898396,0.1066470045009962,0.00937126394686475,0.05850227889534838,0.029514001987699816,0.12740459776210544,0.03263490462392386,0.03982990456194623,0.05280267038674156,0.018873889737549943,0.030634382847908762,0.12761743899736483,1
C14-2015-0060,0.013232505917894315,0.0055771943945332175,0.0275875091287936,0.011141043520869679,0.010852453644052615,0.005413340718104713,0.011048188976364753,0.005510919025212227,0.010648358639064905,0.027456147504448036,0.027620472440911883,0.0169538070141986,0.00545860814064958,0.010969371709123163,0.010749814548579421,0.010904225573863962,0.0164344557723565,0.005484685854561582,0.015897098873125,0.010904225573863962,0.02479913561345502,0.011008692114164916,0.011154388789066435,0.027390759620594163,0.9270337214739217,0.04620631411973554,0.04423577329779528,0.06699982039714211,0.10341413160131287,0.06427646459123178,0.04936217269105423,0.09120685347342465,0.004530268985804719,0.10609366607262075,0.14301954370394335,0.026875500919771794,0.022247570845520967,0.10814450515764588,0.028632964375898396,0.1066470045009962,0.00937126394686475,0.05850227889534838,0.029514001987699816,0.12740459776210544,0.03263490462392386,0.03982990456194623,0.05280267038674156,0.018873889737549943,0.030634382847908762,0.12761743899736483,1
C14-2015-0061,0.9970592582089672,0.0,0.0,0.0,0.0,0.0,0.0,0.0,0.0,0.0,0.0,0.0,0.0,0.0,0.0,0.0,0.0,0.0,0.0,0.0,0.0,0.0,0.0,0.0,0.0,0.01842122027075404,0.0,0.01934247324399293,0.01842122027075404,0.0,0.0,0.0,0.0,0.0,0.03684244054150808,0.0,0.020695525246527003,0.0,0.0,0.019410074128190454,0.03922875622147492,0.0,0.0,0.0,0.0,0.0,0.0,0.01975185054181117,0.019728867107425167,0.01842122027075404,0
C14-2015-0062,0.07317005829371528,0.1850368969394646,0.11441028235641135,0.18481551618408218,0.09001409151361259,0.08980032770024897,0.16036578186312517,0.11427378216248225,0.06624094148044365,0.1252520526993515,0.17182048056763413,0.12890246948963616,0.23769704633918717,0.13647577698886942,0.17832553305776658,0.248719642113294,0.2044697891909481,0.09098385132591294,0.1538321919002828,0.090443506223016,0.12570116037873047,0.10272373726717246,0.13877767270459845,0.10223489459547405,0.09971514712374732,0.06387525383810246,0.08153492444919848,0.18204628011290358,0.2281259065646516,0.0,0.022745962831478235,0.18912548084747427,0.05636348153760376,0.03473599010333062,0.39237655929120074,0.07092747347234885,0.010251623702021677,0.0,0.0,0.3172906959097482,0.11659286989540614,0.0097047721353349,0.11015981024616978,0.04144073827153795,0.0902284831217492,0.1032385391765265,0.10949100913598504,0.01956834018573184,0.1270462068569115,0.06387525383810246,1
C14-2015-0064,0.013232505917894315,0.0055771943945332175,0.0275875091287936,0.011141043520869679,0.010852453644052615,0.005413340718104713,0.011048188976364753,0.005510919025212227,0.010648358639064905,0.027456147504448036,0.027620472440911883,0.0169538070141986,0.00545860814064958,0.010969371709123163,0.010749814548579421,0.010904225573863962,0.0164344557723565,0.005484685854561582,0.015897098873125,0.010904225573863962,0.02479913561345502,0.011008692114164916,0.011154388789066435,0.027390759620594163,0.9270337214739217,0.04620631411973554,0.04423577329779528,0.06699982039714211,0.10341413160131287,0.06427646459123178,0.04936217269105423,0.09120685347342465,0.004530268985804719,0.10609366607262075,0.14301954370394335,0.026875500919771794,0.022247570845520967,0.10814450515764588,0.028632964375898396,0.1066470045009962,0.00937126394686475,0.05850227889534838,0.029514001987699816,0.12740459776210544,0.03263490462392386,0.03982990456194623,0.05280267038674156,0.018873889737549943,0.030634382847908762,0.12761743899736483,1
C14-2015-0071,0.013232505917894315,0.0055771943945332175,0.0275875091287936,0.011141043520869679,0.010852453644052615,0.005413340718104713,0.011048188976364753,0.005510919025212227,0.010648358639064905,0.027456147504448036,0.027620472440911883,0.0169538070141986,0.00545860814064958,0.010969371709123163,0.010749814548579421,0.010904225573863962,0.0164344557723565,0.005484685854561582,0.015897098873125,0.010904225573863962,0.02479913561345502,0.011008692114164916,0.011154388789066435,0.027390759620594163,0.9270337214739217,0.04620631411973554,0.04423577329779528,0.06699982039714211,0.10341413160131287,0.06427646459123178,0.04936217269105423,0.09120685347342465,0.004530268985804719,0.10609366607262075,0.14301954370394335,0.026875500919771794,0.022247570845520967,0.10814450515764588,0.028632964375898396,0.1066470045009962,0.00937126394686475,0.05850227889534838,0.029514001987699816,0.12740459776210544,0.03263490462392386,0.03982990456194623,0.05280267038674156,0.018873889737549943,0.030634382847908762,0.12761743899736483,1
C14-2015-0073,0.034556735850709244,0.0,0.014408975467806995,0.029094874428230284,0.014170610473804756,0.014136958367988492,0.028852384457932558,0.03597946115243673,0.006952056530656348,0.014340365198798298,0.014426192228966279,0.0,0.0356379360038434,0.007161638221672769,0.014036589293983237,0.007119105881203486,0.021459319591442153,0.014323276443345538,0.006919221624382574,0.0,0.03597946115243673,0.03593654782883329,0.0,0.014306213060961434,0.013953612861851558,0.0746992085086874,0.12193976000920538,0.13876952222187902,0.2987968340347496,0.1590235710271993,0.19336423198516475,0.25141963154735836,0.13605435440079516,0.15311430636224674,0.39073432143005715,0.038282981122506804,0.08392165843874601,0.29005272283150135,0.06117961696543716,0.2785090281974934,0.05506444987208278,0.14666775126006285,0.1849822085548339,0.404480166326526,0.14914579481764562,0.09101394414751299,0.144789077843081,0.08009499807119932,0.09846375236564898,0.2758124621859227,1
C14-2015-0083,0.1062890701575408,0.38398609991895455,0.037987630652528505,0.03835266935288646,0.0747184167260819,0.11181146520094394,0.28524765518933587,0.09485577127877384,0.20161139977462444,0.11342024236451148,0.09508255172977863,0.09727152180885493,0.24428398522910996,0.18880847443995405,0.14802350685165683,0.18768715749126147,0.13200848225027428,0.11328508466397244,0.10945046136998014,0.2064558732403876,0.07588461702301907,0.07579410813204279,0.05759791498784319,0.22630025528618453,0.07357423750892991,0.10604245967505754,0.06768007497807735,0.0795326340586991,0.1666381509179476,0.0,0.0,0.1744314109770393,0.15595299324227194,0.0,0.3938719930787852,0.1009287405901071,0.13615380952139855,0.0,0.0,0.1596211925141499,0.11291091845643889,0.0,0.040640385522031405,0.017199453438581924,0.09362047221008685,0.017139139134047916,0.018177142513613173,0.04872955018651057,0.08112141339189152,0.04544676843216752,1
C14-2015-0086,0.058517500660051514,0.22197392604207544,0.10979907239816471,0.2956111377382545,0.05399134341007682,0.125680626768971,0.1282519785395761,0.2010581351706644,0.1765865449700953,0.12748895762203155,0.10993026731963665,0.2624091360735763,0.1629406195110711,0.3638200996537569,0.2495766478539123,0.18082970201614892,0.1090160037494426,0.12733703487881493,0.21090302159842786,0.16274673181453403,0.1827801228824222,0.21907454145447108,0.14798261736138363,0.19986267354064477,0.15949368699989688,0.014595432283938418,0.016301818348021704,0.030650711981854338,0.05838172913575367,0.022440540397946015,0.0,0.0,0.045076499117164465,0.0,0.0875725937036305,0.01620685749070143,0.03279480217668104,0.019388207745329625,0.06906667519415396,0.07689458635213216,0.15540790637053395,0.031045431592003386,0.0,0.1491393909706253,0.018039979206514827,0.0,0.0,0.17214683506905618,0.015631502130312305,0.13135889055544575,1
C14-2015-0091,0.034556735850709244,0.0,0.014408975467806995,0.029094874428230284,0.014170610473804756,0.014136958367988492,0.028852384457932558,0.03597946115243673,0.006952056530656348,0.014340365198798298,0.014426192228966279,0.0,0.0356379360038434,0.007161638221672769,0.014036589293983237,0.007119105881203486,0.021459319591442153,0.014323276443345538,0.006919221624382574,0.0,0.03597946115243673,0.03593654782883329,0.0,0.014306213060961434,0.013953612861851558,0.0746992085086874,0.12193976000920538,0.13876952222187902,0.2987968340347496,0.1590235710271993,0.19336423198516475,0.25141963154735836,0.13605435440079516,0.15311430636224674,0.39073432143005715,0.038282981122506804,0.08392165843874601,0.29005272283150135,0.06117961696543716,0.2785090281974934,0.05506444987208278,0.14666775126006285,0.1849822085548339,0.404480166326526,0.14914579481764562,0.09101394414751299,0.144789077843081,0.08009499807119932,0.09846375236564898,0.2758124621859227,1
C14-2015-0104,0.9817510209300405,0.0,0.0,0.0,0.0,0.0,0.007919723310526625,0.0,0.0038165555600587742,0.0,0.0,0.0,0.001956459390177688,0.0,0.0,0.0,0.003926928439119219,0.0,0.0,0.0,0.003950417028507298,0.0,0.0,0.0,0.0,0.03469953278069738,0.017616516441200745,0.03643487100880431,0.05678105364114117,0.04365055804048237,0.02948709139539405,0.049035166198633004,0.011366086277403228,0.0380258014273679,0.08043982599161666,0.01926528696890832,0.03012367304603826,0.03771326681446153,0.014927343602065575,0.05982906908729967,0.05038234163616479,0.02516187202504947,0.006346996689564908,0.057303852220109835,0.011696913197258928,0.021413588074714118,0.015140310884056872,0.006764727904028232,0.01858135511269525,0.050472047681014376,1
C14-2015-0105,0.9877006937372608,0.0,0.0,0.0,0.0,0.0,0.0,0.0,0.0,0.0,0.0,0.0,0.0,0.0,0.0,0.0,0.0,0.0,0.0026605184719430343,0.0027373762149655516,0.0,0.0,0.0,0.0,0.0,0.025408529155386855,0.014806486758213592,0.005799830518398108,0.025408529155386855,0.023779136168447394,0.005507460755698483,0.039432682715074545,0.031843565009158206,0.021026489812916778,0.09279636735010852,0.011040177345804177,0.03226882077105044,0.02641465219874272,0.014375930709725076,0.05703698596116715,0.03646443851582347,0.005874520686851878,0.032600213248538484,0.03762754099627756,0.008192604884231368,0.012498530117254405,0.006627741375314999,0.010660647757910773,0.015380795343964752,0.029827403791106308,1
C14-2015-0106,0.9877006937372608,0.0,0.0,0.0,0.0,0.0,0.0,0.0,0.0,0.0,0.0,0.0,0.0,0.0,0.0,0.0,0.0,0.0,0.0026605184719430343,0.0027373762149655516,0.0,0.0,0.0,0.0,0.0,0.025408529155386855,0.014806486758213592,0.005799830518398108,0.025408529155386855,0.023779136168447394,0.005507460755698483,0.039432682715074545,0.031843565009158206,0.021026489812916778,0.09279636735010852,0.011040177345804177,0.03226882077105044,0.02641465219874272,0.014375930709725076,0.05703698596116715,0.03646443851582347,0.005874520686851878,0.032600213248538484,0.03762754099627756,0.008192604884231368,0.012498530117254405,0.006627741375314999,0.010660647757910773,0.015380795343964752,0.029827403791106308,1
C14-2015-0108,0.20928359232971586,0.35283272427806484,0.0,0.17620529511316818,0.0,0.0,0.0,0.17431995689870394,0.0,0.08684857149385394,0.0,0.17875947093780373,0.0,0.26023523410415744,0.0,0.0,0.0,0.1734901560694383,0.1676176319351663,0.0,0.5229598706961118,0.1741120424808299,0.17641636213903242,0.0,0.1690126196132894,0.06959933844367651,0.0,0.07308003063096298,0.06959933844367651,0.0,0.0,0.0,0.0,0.0,0.06959933844367651,0.07728353211196481,0.0,0.0,0.08233731636895862,0.0,0.37053672895350953,0.0,0.0,0.0,0.2580747032123485,0.0,0.0,0.0,0.0,0.06959933844367651,1
C14-2015-0109,0.1357026707247937,0.09437262266544329,0.2206751297681466,0.09425971392757178,0.12520646668302982,0.04996365146506442,0.1444599888400777,0.18650233250465498,0.08190119364706552,0.10981217777203506,0.17845057444950777,0.08693277392259789,0.10076291474195856,0.1771775163360114,0.0992178426203602,0.11741684975071792,0.13483157636537343,0.09280727046172026,0.13042299242454952,0.23483369950143584,0.16107019625402022,0.1185417468819635,0.09437262266544329,0.13483157636537343,0.08219276871780519,0.10831025215896568,0.07560816038088947,0.09240310090536133,0.16246537823844853,0.16652748214656746,0.09280727046172026,0.28839933155090897,0.09756399649536562,0.22332984313998272,0.21662050431793137,0.05261741101434333,0.09886691756123733,0.0899228962936383,0.05605820928224356,0.1925848620280717,0.08649419831682156,0.07919413383433008,0.0635614352153235,0.09222819811372862,0.1004037423552526,0.061269850820099024,0.08934826609271881,0.04355020761408687,0.04349953219321547,0.3926246640762506,1
C14-2015-0111,0.029895265087451644,0.029400375643725465,0.03324080477273718,0.016780114639602852,0.061295453134749295,0.024459955926804333,0.020800326876486044,0.033201145957074935,0.886102588053839,0.0620297329182123,0.049920784503566504,0.0851167501329798,0.06577198640410248,0.028912713634295664,0.028334012002379894,0.020529288262223232,0.024752802678047334,0.028912713634295664,0.015962307362468425,0.024635145914667877,0.020750716223171834,0.03730673967514115,0.029400375643725465,0.06188200669511833,0.016095152707125665,0.056337815818703604,0.044417224515700446,0.03827695473544721,0.07953573997934626,0.07133381788880026,0.033043101296337904,0.10302859788232316,0.023881471673343986,0.05466612187225435,0.24192120910384488,0.0367987388732929,0.022338828407543792,0.08804440891158367,0.027443577244109316,0.1711023453778224,0.03528639015093185,0.049343490045049836,0.07112415793358787,0.09406411773532627,0.016384385053821844,0.029994962472856688,0.04771733603088131,0.014213481569210738,0.028393885263479975,0.15244350162708034,1
C14-2015-0114,0.030440172491899984,0.07697896095139524,0.10471320351764168,0.17299544003081607,0.1310666668436951,0.0933967229482005,0.05718453901047847,0.12360432225634843,0.10104425703093563,0.1136886518798246,0.0857768085157177,0.10725188683452021,0.16010213209616864,0.13247870338264028,0.08346026539603707,0.08465909399834305,0.11341789793069837,0.0378510581093258,0.054854738190328926,0.09406565999815894,0.11409629746739854,0.04748342201932742,0.10584607130816846,0.09451491494224863,0.10140398300170218,0.13666295524416064,0.101760360271333,0.23119046034855667,0.35684216091530835,0.0,0.0189255290546629,0.20981304443779109,0.09379323402266823,0.009633899941037626,0.3264726153054949,0.05901442686423016,0.14500576925883607,0.19162519326651647,0.035927739268388395,0.37599750144816463,0.10509397103625222,0.04037374640434756,0.14257796412209223,0.24136218431848708,0.037536810191996804,0.08589849492070624,0.1093209528203266,0.06512649184919597,0.14636409764887276,0.15944011445152076,1
C14-2015-0118,0.9898206337421747,0.0,0.0,0.0,0.0,0.0,0.0,0.0,0.0,0.0,0.0,0.0,0.0,0.0,0.0,0.0,0.0,0.0,0.0,0.0,0.0,0.0,0.0,0.0,0.0,0.015310450621919946,0.017100431149240775,0.028133232219242063,0.038276126554799866,0.0,0.0,0.0749238083571089,0.003940396674089563,0.0,0.053586577176719816,0.02975143191453404,0.02150087051268125,0.02542252531114271,0.018112548837349998,0.00806615894983002,0.03260424262130827,0.004070790249465822,0.0,0.02172855670049953,0.04730935773066364,0.0,0.004592739800372037,0.04104094733779057,0.012297957514554874,0.03062090124383989,1
C14-2015-0119,0.1357026707247937,0.09437262266544329,0.2206751297681466,0.09425971392757178,0.12520646668302982,0.04996365146506442,0.1444599888400777,0.18650233250465498,0.08190119364706552,0.10981217777203506,0.17845057444950777,0.08693277392259789,0.10076291474195856,0.1771775163360114,0.0992178426203602,0.11741684975071792,0.13483157636537343,0.09280727046172026,0.13042299242454952,0.23483369950143584,0.16107019625402022,0.1185417468819635,0.09437262266544329,0.13483157636537343,0.08219276871780519,0.10831025215896568,0.07560816038088947,0.09240310090536133,0.16246537823844853,0.16652748214656746,0.09280727046172026,0.28839933155090897,0.09756399649536562,0.22332984313998272,0.21662050431793137,0.05261741101434333,0.09886691756123733,0.0899228962936383,0.05605820928224356,0.1925848620280717,0.08649419831682156,0.07919413383433008,0.0635614352153235,0.09222819811372862,0.1004037423552526,0.061269850820099024,0.08934826609271881,0.04355020761408687,0.04349953219321547,0.3926246640762506,1
C14-2015-0120,0.029895265087451644,0.029400375643725465,0.03324080477273718,0.016780114639602852,0.061295453134749295,0.024459955926804333,0.020800326876486044,0.033201145957074935,0.886102588053839,0.0620297329182123,0.049920784503566504,0.0851167501329798,0.06577198640410248,0.028912713634295664,0.028334012002379894,0.020529288262223232,0.024752802678047334,0.028912713634295664,0.015962307362468425,0.024635145914667877,0.020750716223171834,0.03730673967514115,0.029400375643725465,0.06188200669511833,0.016095152707125665,0.056337815818703604,0.044417224515700446,0.03827695473544721,0.07953573997934626,0.07133381788880026,0.033043101296337904,0.10302859788232316,0.023881471673343986,0.05466612187225435,0.24192120910384488,0.0367987388732929,0.022338828407543792,0.08804440891158367,0.027443577244109316,0.1711023453778224,0.03528639015093185,0.049343490045049836,0.07112415793358787,0.09406411773532627,0.016384385053821844,0.029994962472856688,0.04771733603088131,0.014213481569210738,0.028393885263479975,0.15244350162708034,1
C14-2015-0121,0.029895265087451644,0.029400375643725465,0.03324080477273718,0.016780114639602852,0.061295453134749295,0.024459955926804333,0.020800326876486044,0.033201145957074935,0.886102588053839,0.0620297329182123,0.049920784503566504,0.0851167501329798,0.06577198640410248,0.028912713634295664,0.028334012002379894,0.020529288262223232,0.024752802678047334,0.028912713634295664,0.015962307362468425,0.024635145914667877,0.020750716223171834,0.03730673967514115,0.029400375643725465,0.06188200669511833,0.016095152707125665,0.056337815818703604,0.044417224515700446,0.03827695473544721,0.07953573997934626,0.07133381788880026,0.033043101296337904,0.10302859788232316,0.023881471673343986,0.05466612187225435,0.24192120910384488,0.0367987388732929,0.022338828407543792,0.08804440891158367,0.027443577244109316,0.1711023453778224,0.03528639015093185,0.049343490045049836,0.07112415793358787,0.09406411773532627,0.016384385053821844,0.029994962472856688,0.04771733603088131,0.014213481569210738,0.028393885263479975,0.15244350162708034,1
C14-2015-0123,0.029895265087451644,0.029400375643725465,0.03324080477273718,0.016780114639602852,0.061295453134749295,0.024459955926804333,0.020800326876486044,0.033201145957074935,0.886102588053839,0.0620297329182123,0.049920784503566504,0.0851167501329798,0.06577198640410248,0.028912713634295664,0.028334012002379894,0.020529288262223232,0.024752802678047334,0.028912713634295664,0.015962307362468425,0.024635145914667877,0.020750716223171834,0.03730673967514115,0.029400375643725465,0.06188200669511833,0.016095152707125665,0.056337815818703604,0.044417224515700446,0.03827695473544721,0.07953573997934626,0.07133381788880026,0.033043101296337904,0.10302859788232316,0.023881471673343986,0.05466612187225435,0.24192120910384488,0.0367987388732929,0.022338828407543792,0.08804440891158367,0.027443577244109316,0.1711023453778224,0.03528639015093185,0.049343490045049836,0.07112415793358787,0.09406411773532627,0.016384385053821844,0.029994962472856688,0.04771733603088131,0.014213481569210738,0.028393885263479975,0.15244350162708034,1
C14-2015-0127,0.10416052246846993,0.0,0.07445377874210167,0.01879230889844091,0.07322210376542089,0.05478616294240487,0.16772116692744968,0.13013866198343185,0.0,0.018524814272495308,0.0745427408566443,0.03812942391121174,0.05524429564024733,0.14802191280808838,0.054397194092126455,0.0,0.055442090119001745,0.07401095640404419,0.05362930178904854,0.018392852958385608,0.037182474852409095,0.11141438002087717,0.03762963842745672,0.055442090119001745,0.12617646634440938,0.04453665026311544,0.08290589004086812,0.015587982291253483,0.13360995078934632,0.0,0.05550821730303314,0.017093824299479775,0.44320663615199196,0.15069890970606947,0.08907330052623089,0.016484589833442347,0.6337791514716011,0.03944091597901703,0.10537537697130138,0.031284922870565744,0.2371066317016206,0.06315489678242608,0.0,0.11798511715039217,0.09174562619367951,0.0,0.01781312658390454,0.09550738188898092,0.06359749908250135,0.2820654516663978,1
C14-2015-0132,0.034556735850709244,0.0,0.014408975467806995,0.029094874428230284,0.014170610473804756,0.014136958367988492,0.028852384457932558,0.03597946115243673,0.006952056530656348,0.014340365198798298,0.014426192228966279,0.0,0.0356379360038434,0.007161638221672769,0.014036589293983237,0.007119105881203486,0.021459319591442153,0.014323276443345538,0.006919221624382574,0.0,0.03597946115243673,0.03593654782883329,0.0,0.014306213060961434,0.013953612861851558,0.0746992085086874,0.12193976000920538,0.13876952222187902,0.2987968340347496,0.1590235710271993,0.19336423198516475,0.25141963154735836,0.13605435440079516,0.15311430636224674,0.39073432143005715,0.038282981122506804,0.08392165843874601,0.29005272283150135,0.06117961696543716,0.2785090281974934,0.05506444987208278,0.14666775126006285,0.1849822085548339,0.404480166326526,0.14914579481764562,0.09101394414751299,0.144789077843081,0.08009499807119932,0.09846375236564898,0.2758124621859227,1
C14-2015-0133,0.9776574354464737,0.0,0.0,0.0,0.0,0.0,0.0,0.0,0.0,0.0,0.0,0.0,0.0,0.0,0.0,0.0,0.0,0.0,0.0,0.0,0.0,0.0,0.0,0.0,0.0,0.030390461189731995,0.02424534354260176,0.0349493772148397,0.05354509828667066,0.02892528835327211,0.023447744806012645,0.03665925357316253,0.011918454558862165,0.0385621393254245,0.10274870211766532,0.02089022892968456,0.01625833446327962,0.053826572913162354,0.010272137939941941,0.0731927444312349,0.03544067456004123,0.02308660108667596,0.04852930541249142,0.07558031910151769,0.010732189109846703,0.018010175002926534,0.02431027609475476,0.017068685496373373,0.02014861043878674,0.054992263105229325,1
C14-2015-0136,0.034556735850709244,0.0,0.014408975467806995,0.029094874428230284,0.014170610473804756,0.014136958367988492,0.028852384457932558,0.03597946115243673,0.006952056530656348,0.014340365198798298,0.014426192228966279,0.0,0.0356379360038434,0.007161638221672769,0.014036589293983237,0.007119105881203486,0.021459319591442153,0.014323276443345538,0.006919221624382574,0.0,0.03597946115243673,0.03593654782883329,0.0,0.014306213060961434,0.013953612861851558,0.0746992085086874,0.12193976000920538,0.13876952222187902,0.2987968340347496,0.1590235710271993,0.19336423198516475,0.25141963154735836,0.13605435440079516,0.15311430636224674,0.39073432143005715,0.038282981122506804,0.08392165843874601,0.29005272283150135,0.06117961696543716,0.2785090281974934,0.05506444987208278,0.14666775126006285,0.1849822085548339,0.404480166326526,0.14914579481764562,0.09101394414751299,0.144789077843081,0.08009499807119932,0.09846375236564898,0.2758124621859227,1
C14-2015-0140,0.034556735850709244,0.0,0.014408975467806995,0.029094874428230284,0.014170610473804756,0.014136958367988492,0.028852384457932558,0.03597946115243673,0.006952056530656348,0.014340365198798298,0.014426192228966279,0.0,0.0356379360038434,0.007161638221672769,0.014036589293983237,0.007119105881203486,0.021459319591442153,0.014323276443345538,0.006919221624382574,0.0,0.03597946115243673,0.03593654782883329,0.0,0.014306213060961434,0.013953612861851558,0.0746992085086874,0.12193976000920538,0.13876952222187902,0.2987968340347496,0.1590235710271993,0.19336423198516475,0.25141963154735836,0.13605435440079516,0.15311430636224674,0.39073432143005715,0.038282981122506804,0.08392165843874601,0.29005272283150135,0.06117961696543716,0.2785090281974934,0.05506444987208278,0.14666775126006285,0.1849822085548339,0.404480166326526,0.14914579481764562,0.09101394414751299,0.144789077843081,0.08009499807119932,0.09846375236564898,0.2758124621859227,1
C14-2015-0141,0.9769540627895004,0.0,0.0,0.0,0.0,0.0,0.0,0.0,0.0,0.0,0.0,0.0,0.0,0.0,0.0,0.0,0.0,0.0,0.0,0.0,0.0,0.0,0.0,0.0,0.0,0.030825955251740762,0.024592778320845044,0.03545020035644802,0.054312397348305154,0.029339786548646565,0.02378375002708397,0.037184579172833916,0.012089245523708053,0.03911473319985544,0.10275318417246922,0.0211895850531762,0.016491315729102035,0.05459790549464632,0.010419337255182709,0.07424159345603015,0.03594853797244966,0.02341743113306596,0.0531627066374655,0.07666338197338224,0.010885980939477525,0.018268260071808717,0.02465864135380639,0.017313279059253468,0.02043733919973046,0.05578029997934043,1
C14-2015-0142,0.9817510209300405,0.0,0.0,0.0,0.0,0.0,0.007919723310526625,0.0,0.0038165555600587742,0.0,0.0,0.0,0.001956459390177688,0.0,0.0,0.0,0.003926928439119219,0.0,0.0,0.0,0.003950417028507298,0.0,0.0,0.0,0.0,0.03469953278069738,0.017616516441200745,0.03643487100880431,0.05678105364114117,0.04365055804048237,0.02948709139539405,0.049035166198633004,0.011366086277403228,0.0380258014273679,0.08043982599161666,0.01926528696890832,0.03012367304603826,0.03771326681446153,0.014927343602065575,0.05982906908729967,0.05038234163616479,0.02516187202504947,0.006346996689564908,0.057303852220109835,0.011696913197258928,0.021413588074714118,0.015140310884056872,0.006764727904028232,0.01858135511269525,0.050472047681014376,1
C14-2015-0143,0.034556735850709244,0.0,0.014408975467806995,0.029094874428230284,0.014170610473804756,0.014136958367988492,0.028852384457932558,0.03597946115243673,0.006952056530656348,0.014340365198798298,0.014426192228966279,0.0,0.0356379360038434,0.007161638221672769,0.014036589293983237,0.007119105881203486,0.021459319591442153,0.014323276443345538,0.006919221624382574,0.0,0.03597946115243673,0.03593654782883329,0.0,0.014306213060961434,0.013953612861851558,0.0746992085086874,0.12193976000920538,0.13876952222187902,0.2987968340347496,0.1590235710271993,0.19336423198516475,0.25141963154735836,0.13605435440079516,0.15311430636224674,0.39073432143005715,0.038282981122506804,0.08392165843874601,0.29005272283150135,0.06117961696543716,0.2785090281974934,0.05506444987208278,0.14666775126006285,0.1849822085548339,0.404480166326526,0.14914579481764562,0.09101394414751299,0.144789077843081,0.08009499807119932,0.09846375236564898,0.2758124621859227,1
C14-2015-0146,0.10099985717735012,0.09365201495055757,0.12634044522673685,0.10204360184501222,0.0994003350422879,0.11569166110829582,0.16865520644464319,0.1598403011554144,0.11378614086770486,0.1508866299046528,0.07589484290008942,0.15528415533727402,0.17498864638769265,0.10884381822063123,0.09025521809012903,0.09987452708565626,0.11707677918466745,0.10047121681904421,0.06471355617476626,0.08322877257138023,0.10936441658002038,0.22687056502944875,0.09365201495055757,0.21742830420009673,0.1386607780789227,0.10076551865625545,0.08253391717876711,0.16928775139788588,0.19481333606876053,0.2168983903587212,0.08372601401587017,0.15470117857359408,0.04840951009071551,0.23014856871212272,0.24855494601876343,0.03729688323187909,0.06037661073273543,0.16954890477181395,0.04768299569626794,0.22650587041813935,0.10729218555549369,0.07858942558099458,0.09010870666480866,0.2745718941995452,0.07472781179463694,0.09120301242497093,0.08866602321295564,0.04321766821118356,0.05755650631494704,0.2888611534812656,1
C14-2015-0148,0.9769540627895004,0.0,0.0,0.0,0.0,0.0,0.0,0.0,0.0,0.0,0.0,0.0,0.0,0.0,0.0,0.0,0.0,0.0,0.0,0.0,0.0,0.0,0.0,0.0,0.0,0.030825955251740762,0.024592778320845044,0.03545020035644802,0.054312397348305154,0.029339786548646565,0.02378375002708397,0.037184579172833916,0.012089245523708053,0.03911473319985544,0.10275318417246922,0.0211895850531762,0.016491315729102035,0.05459790549464632,0.010419337255182709,0.07424159345603015,0.03594853797244966,0.02341743113306596,0.0531627066374655,0.07666338197338224,0.010885980939477525,0.018268260071808717,0.02465864135380639,0.017313279059253468,0.02043733919973046,0.05578029997934043,1
C14-2015-0153,0.9769540627895004,0.0,0.0,0.0,0.0,0.0,0.0,0.0,0.0,0.0,0.0,0.0,0.0,0.0,0.0,0.0,0.0,0.0,0.0,0.0,0.0,0.0,0.0,0.0,0.0,0.030825955251740762,0.024592778320845044,0.03545020035644802,0.054312397348305154,0.029339786548646565,0.02378375002708397,0.037184579172833916,0.012089245523708053,0.03911473319985544,0.10275318417246922,0.0211895850531762,0.016491315729102035,0.05459790549464632,0.010419337255182709,0.07424159345603015,0.03594853797244966,0.02341743113306596,0.0531627066374655,0.07666338197338224,0.010885980939477525,0.018268260071808717,0.02465864135380639,0.017313279059253468,0.02043733919973046,0.05578029997934043,1
C14-2015-0155,0.9784896799765628,0.0,0.0,0.0,0.0,0.0,0.0,0.0,0.0,0.0,0.0,0.0,0.0,0.0,0.0,0.0,0.0,0.0,0.0,0.0,0.0,0.0,0.0,0.0,0.0,0.02997164828478872,0.023911216900132263,0.03446773759423891,0.052807189835103935,0.02852666708964848,0.023124609923153655,0.03615405003623115,0.011754205568198017,0.03803071199726125,0.10133271562952376,0.020602339338001516,0.016034277307858558,0.053084785441621145,0.01013057694474195,0.0721840705014568,0.03495226433905205,0.022768443148696256,0.045946099128858546,0.07291833441973075,0.010584288119814536,0.017761975620086603,0.023975254612597807,0.016833460841121528,0.019870941139339262,0.054234411181998635,1
C14-2015-0157,0.9817510209300405,0.0,0.0,0.0,0.0,0.0,0.007919723310526625,0.0,0.0038165555600587742,0.0,0.0,0.0,0.001956459390177688,0.0,0.0,0.0,0.003926928439119219,0.0,0.0,0.0,0.003950417028507298,0.0,0.0,0.0,0.0,0.03469953278069738,0.017616516441200745,0.03643487100880431,0.05678105364114117,0.04365055804048237,0.02948709139539405,0.049035166198633004,0.011366086277403228,0.0380258014273679,0.08043982599161666,0.01926528696890832,0.03012367304603826,0.03771326681446153,0.014927343602065575,0.05982906908729967,0.05038234163616479,0.02516187202504947,0.006346996689564908,0.057303852220109835,0.011696913197258928,0.021413588074714118,0.015140310884056872,0.006764727904028232,0.01858135511269525,0.050472047681014376,1
C14-2015-0159,0.9817510209300405,0.0,0.0,0.0,0.0,0.0,0.007919723310526625,0.0,0.0038165555600587742,0.0,0.0,0.0,0.001956459390177688,0.0,0.0,0.0,0.003926928439119219,0.0,0.0,0.0,0.003950417028507298,0.0,0.0,0.0,0.0,0.03469953278069738,0.017616516441200745,0.03643487100880431,0.05678105364114117,0.04365055804048237,0.02948709139539405,0.049035166198633004,0.011366086277403228,0.0380258014273679,0.08043982599161666,0.01926528696890832,0.03012367304603826,0.03771326681446153,0.014927343602065575,0.05982906908729967,0.05038234163616479,0.02516187202504947,0.006346996689564908,0.057303852220109835,0.011696913197258928,0.021413588074714118,0.015140310884056872,0.006764727904028232,0.01858135511269525,0.050472047681014376,1
C14-2015-0160,0.18635222102648832,0.2356294194689768,0.0,0.35302126365825376,0.0,0.1143534042891779,0.0,0.11641468440871669,0.11246992604739231,0.11599875564081265,0.11669300774400643,0.0,0.11530965000526402,0.23172105048854366,0.0,0.23034487951924595,0.11572250008967218,0.23172105048854366,0.22387745006623389,0.11517243975962298,0.11641468440871669,0.23255166921525997,0.0,0.34716750026901655,0.11287032835147433,0.09295992454477604,0.0,0.09760888946784908,0.2788797736343281,0.0,0.0,0.0,0.09569907158066861,0.0,0.18591984908955209,0.0,0.10443686341376711,0.0,0.0,0.0979500271884668,0.197962033173411,0.09886589592240193,0.0,0.0,0.0,0.0,0.0,0.09967475058650396,0.19911753626569995,0.09295992454477604,1
C14-2015-0161,0.1357026707247937,0.09437262266544329,0.2206751297681466,0.09425971392757178,0.12520646668302982,0.04996365146506442,0.1444599888400777,0.18650233250465498,0.08190119364706552,0.10981217777203506,0.17845057444950777,0.08693277392259789,0.10076291474195856,0.1771775163360114,0.0992178426203602,0.11741684975071792,0.13483157636537343,0.09280727046172026,0.13042299242454952,0.23483369950143584,0.16107019625402022,0.1185417468819635,0.09437262266544329,0.13483157636537343,0.08219276871780519,0.10831025215896568,0.07560816038088947,0.09240310090536133,0.16246537823844853,0.16652748214656746,0.09280727046172026,0.28839933155090897,0.09756399649536562,0.22332984313998272,0.21662050431793137,0.05261741101434333,0.09886691756123733,0.0899228962936383,0.05605820928224356,0.1925848620280717,0.08649419831682156,0.07919413383433008,0.0635614352153235,0.09222819811372862,0.1004037423552526,0.061269850820099024,0.08934826609271881,0.04355020761408687,0.04349953219321547,0.3926246640762506,1
C14-2015-0163,0.10099985717735012,0.09365201495055757,0.12634044522673685,0.10204360184501222,0.0994003350422879,0.11569166110829582,0.16865520644464319,0.1598403011554144,0.11378614086770486,0.1508866299046528,0.07589484290008942,0.15528415533727402,0.17498864638769265,0.10884381822063123,0.09025521809012903,0.09987452708565626,0.11707677918466745,0.10047121681904421,0.06471355617476626,0.08322877257138023,0.10936441658002038,0.22687056502944875,0.09365201495055757,0.21742830420009673,0.1386607780789227,0.10076551865625545,0.08253391717876711,0.16928775139788588,0.19481333606876053,0.2168983903587212,0.08372601401587017,0.15470117857359408,0.04840951009071551,0.23014856871212272,0.24855494601876343,0.03729688323187909,0.06037661073273543,0.16954890477181395,0.04768299569626794,0.22650587041813935,0.10729218555549369,0.07858942558099458,0.09010870666480866,0.2745718941995452,0.07472781179463694,0.09120301242497093,0.08866602321295564,0.04321766821118356,0.05755650631494704,0.2888611534812656,1
C14-2015-0166,0.9817510209300405,0.0,0.0,0.0,0.0,0.0,0.007919723310526625,0.0,0.0038165555600587742,0.0,0.0,0.0,0.001956459390177688,0.0,0.0,0.0,0.003926928439119219,0.0,0.0,0.0,0.003950417028507298,0.0,0.0,0.0,0.0,0.03469953278069738,0.017616516441200745,0.03643487100880431,0.05678105364114117,0.04365055804048237,0.02948709139539405,0.049035166198633004,0.011366086277403228,0.0380258014273679,0.08043982599161666,0.01926528696890832,0.03012367304603826,0.03771326681446153,0.014927343602065575,0.05982906908729967,0.05038234163616479,0.02516187202504947,0.006346996689564908,0.057303852220109835,0.011696913197258928,0.021413588074714118,0.015140310884056872,0.006764727904028232,0.01858135511269525,0.050472047681014376,1
C14-2015-0167,0.1357026707247937,0.09437262266544329,0.2206751297681466,0.09425971392757178,0.12520646668302982,0.04996365146506442,0.1444599888400777,0.18650233250465498,0.08190119364706552,0.10981217777203506,0.17845057444950777,0.08693277392259789,0.10076291474195856,0.1771775163360114,0.0992178426203602,0.11741684975071792,0.13483157636537343,0.09280727046172026,0.13042299242454952,0.23483369950143584,0.16107019625402022,0.1185417468819635,0.09437262266544329,0.13483157636537343,0.08219276871780519,0.10831025215896568,0.07560816038088947,0.09240310090536133,0.16246537823844853,0.16652748214656746,0.09280727046172026,0.28839933155090897,0.09756399649536562,0.22332984313998272,0.21662050431793137,0.05261741101434333,0.09886691756123733,0.0899228962936383,0.05605820928224356,0.1925848620280717,0.08649419831682156,0.07919413383433008,0.0635614352153235,0.09222819811372862,0.1004037423552526,0.061269850820099024,0.08934826609271881,0.04355020761408687,0.04349953219321547,0.3926246640762506,1
C14-2016-0003,0.9448033848553683,0.008553495127005739,0.01410324547952285,0.05125956962819475,0.005547975247880214,0.005534800018030179,0.05083234896610608,0.0056345676927549125,0.03266182861373047,0.011228872787882682,0.048008329579100194,0.023112266837133397,0.013952707767979147,0.050469713348490354,0.01648651272539785,0.027872210085068197,0.0,0.011215491855220078,0.016253782592204058,0.044595536136109115,0.0056345676927549125,0.025325312610274462,0.028511650423352457,0.011202130790319292,0.005463017907320261,0.017997351114983913,0.04020292690404175,0.009448703106737056,0.08323774890680061,0.07263638903249,0.0420580944570753,0.08030142227755321,0.006947872165275141,0.07707369770977339,0.13273046447300638,0.01249023063587338,0.037911233847734094,0.06873329131658817,0.03992100425342554,0.09718768951552603,0.028744581892989916,0.035888937845923785,0.024140966880186514,0.10727555903048186,0.022244756686236846,0.033087900147708856,0.04318992448136912,0.02170953428519796,0.016865545567157043,0.08998675557491957,1
C14-2016-0008,0.9947508518059777,0.0,0.0,0.0,0.0,0.0,0.0,0.0,0.0,0.0,0.0,0.0,0.0,0.0,0.014430625889471554,0.0,0.0,0.0,0.0,0.0,0.0,0.0,0.0,0.0,0.0,0.014768494704634915,0.0,0.0031014146672136735,0.047259183054831726,0.0,0.033132062138235975,0.0034010198632909113,0.04561098469470537,0.0,0.017722193645561896,0.0,0.013273463995138964,0.0,0.02795424779556755,0.0,0.028305112419802606,0.03141354659115913,0.0,0.010060518765750998,0.0,0.0,0.003544133616783371,0.003167055122798747,0.031633699084206,0.02067589258648888,0
C14-2016-0011,0.06009114889566145,0.06648344272515512,0.13154374428057564,0.1328078019916665,0.1201270948900525,0.07374881185762759,0.15992254707461465,0.13138680255965127,0.09066764854169929,0.1496198641159791,0.10347929516592713,0.1154853526565399,0.1115482709474338,0.08406088255495114,0.04576575791706409,0.1207001645136668,0.15859250974815356,0.11208117673993487,0.13535913114095818,0.0928462803951283,0.10323248772544028,0.09373578232509014,0.15196215480035458,0.11194765393987312,0.07279234633760086,0.16486724708773765,0.11718143936431324,0.22032478039546802,0.27727673373846784,0.06913202917803289,0.0,0.12943326471907984,0.015429564316040843,0.10459916538786479,0.43465001504949013,0.016642691085905454,0.04209589691917663,0.19909593972798934,0.017731002759886753,0.3000572332280189,0.06383484964968801,0.007970075752050691,0.17088608394861932,0.2637583958132687,0.0277876634599682,0.08478498683880482,0.1079038178099988,0.07231753425147194,0.12038897484261836,0.1273974182041609,1
C14-2016-0016,0.11413498355636426,0.144315746645513,0.14277113890504686,0.2882861704982814,0.2574170547297177,0.1867678148582146,0.14294173095057147,0.19013440272789792,0.1377687165658197,0.14209131498079638,0.3573543273764287,0.3655812619298737,0.047082401038730584,0.09461466085205789,0.11590112960736529,0.09405275269023991,0.16537840548143307,0.14192199127808683,0.18282403748629208,0.0,0.16636760238691067,0.3085998924902431,0.0721578733227565,0.25988035147082345,0.11521598722601963,0.037956723030097436,0.021197166068309622,0.019927477356234274,0.07591344606019487,0.0,0.11826832606507236,0.0,0.03907515170663974,0.024081445041013446,0.05693508454514616,0.0,0.06396435536292461,0.025210381478365112,0.0,0.039994245595502444,0.0,0.10092051620700061,0.0,0.06464171399453203,0.0938291488582935,0.0,0.022772073383972784,0.02034923608013288,0.10162778761228668,0.11387016909029232,1
C14-2016-0018,0.1357026707247937,0.09437262266544329,0.2206751297681466,0.09425971392757178,0.12520646668302982,0.04996365146506442,0.1444599888400777,0.18650233250465498,0.08190119364706552,0.10981217777203506,0.17845057444950777,0.08693277392259789,0.10076291474195856,0.1771775163360114,0.0992178426203602,0.11741684975071792,0.13483157636537343,0.09280727046172026,0.13042299242454952,0.23483369950143584,0.16107019625402022,0.1185417468819635,0.09437262266544329,0.13483157636537343,0.08219276871780519,0.10831025215896568,0.07560816038088947,0.09240310090536133,0.16246537823844853,0.16652748214656746,0.09280727046172026,0.28839933155090897,0.09756399649536562,0.22332984313998272,0.21662050431793137,0.05261741101434333,0.09886691756123733,0.0899228962936383,0.05605820928224356,0.1925848620280717,0.08649419831682156,0.07919413383433008,0.0635614352153235,0.09222819811372862,0.1004037423552526,0.061269850820099024,0.08934826609271881,0.04355020761408687,0.04349953219321547,0.3926246640762506,1
C14-2016-0020,0.03662727211478066,0.011578159382269002,0.14890510230587667,0.1734646066342922,0.12391228635759964,0.11238001975720734,0.11467924892412197,0.10296515572651713,0.055264522249530226,0.15959576843785794,0.14908302360135856,0.23463873991198794,0.09065581091416335,0.18217781197811045,0.23432251099235485,0.1697773818295119,0.11372548921712805,0.14801947223221473,0.11000701036417494,0.06791095273180477,0.14872744716052475,0.1256962023901955,0.10420343444042102,0.09098039137370245,0.0443690148412716,0.10049129751841594,0.10203633611548535,0.04796223162336607,0.10049129751841594,0.02809196463578332,0.022772226497263806,0.15778654576239795,0.0658333220185541,0.02318406538339099,0.4202363350770121,0.06086517428889145,0.030790382271804303,0.2184383945337542,0.021615105548470823,0.3080310847679942,0.038909164685550605,0.04857988883731468,0.024508223658629893,0.321536556166864,0.15808216479592732,0.04134309749457578,0.09865568980914984,0.009795467401984555,0.03913627722522204,0.13703358752511263,1
C14-2016-0021,0.06005017728559452,0.17716830051557358,0.11267490389938699,0.2780742389228913,0.11081094397717138,0.23337867238013071,0.22561907009482207,0.12504497127147746,0.08456544052026674,0.12459820803797554,0.0877407494813197,0.17952139633258316,0.12385801624140062,0.03733491902053416,0.19513409581975244,0.09896850724051562,0.21131250334565424,0.12444973006844717,0.09618975287886518,0.19793701448103124,0.1375494683986252,0.13738541077630947,0.11389390747429733,0.07458088353376031,0.1091140721122806,0.14977712416359723,0.11152527828819264,0.15726754113548203,0.24962854027266204,0.0,0.0,0.24144402606650295,0.09251426437792391,0.0,0.25961368188356854,0.03326268738689941,0.04487167457125328,0.013264012750881743,0.023625217773338106,0.294592074139871,0.15947831373298135,0.010619522080171492,0.14733060911080031,0.0566835610558643,0.07404991240982373,0.06778174269448353,0.059905692420449956,0.04282561564079737,0.14971524176626338,0.04992570805453241,1
C14-2016-0022,0.9448033848553683,0.008553495127005739,0.01410324547952285,0.05125956962819475,0.005547975247880214,0.005534800018030179,0.05083234896610608,0.0056345676927549125,0.03266182861373047,0.011228872787882682,0.048008329579100194,0.023112266837133397,0.013952707767979147,0.050469713348490354,0.01648651272539785,0.027872210085068197,0.0,0.011215491855220078,0.016253782592204058,0.044595536136109115,0.0056345676927549125,0.025325312610274462,0.028511650423352457,0.011202130790319292,0.005463017907320261,0.017997351114983913,0.04020292690404175,0.009448703106737056,0.08323774890680061,0.07263638903249,0.0420580944570753,0.08030142227755321,0.006947872165275141,0.07707369770977339,0.13273046447300638,0.01249023063587338,0.037911233847734094,0.06873329131658817,0.03992100425342554,0.09718768951552603,0.028744581892989916,0.035888937845923785,0.024140966880186514,0.10727555903048186,0.022244756686236846,0.033087900147708856,0.04318992448136912,0.02170953428519796,0.016865545567157043,0.08998675557491957,1
C14-2016-0023.SH,0.06833305969873484,0.10211192756022099,0.09324833189039836,0.11768049162545695,0.07642145177168588,0.09911195776280034,0.09335975093349726,0.08537565622445126,0.10497794084385913,0.10827170369518385,0.06223983395566484,0.07163179429706672,0.05381425080637976,0.16993849914175702,0.8705348395645023,0.18428645380277955,0.046291650179564055,0.07724477233716229,0.04477805350527437,0.038393011208912406,0.10089850281071512,0.015504332219526117,0.09425716390174244,0.07715275029927342,0.09782655169543927,0.006197683113210315,0.0,0.0065076318522904394,0.04958146490568252,0.0,0.0,0.0,0.10208485392644316,0.0,0.01239536622642063,0.0,0.0835542741170433,0.008232847469058894,0.03665987397710055,0.006530375669055622,0.019797336692081734,0.006591437080346816,0.0,0.014073180445186028,0.007660346902771729,0.007011914610249748,0.0,0.0132907276237272,0.0,0.08056988047173409,1
C14-2016-0024,0.9448033848553683,0.008553495127005739,0.01410324547952285,0.05125956962819475,0.005547975247880214,0.005534800018030179,0.05083234896610608,0.0056345676927549125,0.03266182861373047,0.011228872787882682,0.048008329579100194,0.023112266837133397,0.013952707767979147,0.050469713348490354,0.01648651272539785,0.027872210085068197,0.0,0.011215491855220078,0.016253782592204058,0.044595536136109115,0.0056345676927549125,0.025325312610274462,0.028511650423352457,0.011202130790319292,0.005463017907320261,0.017997351114983913,0.04020292690404175,0.009448703106737056,0.08323774890680061,0.07263638903249,0.0420580944570753,0.08030142227755321,0.006947872165275141,0.07707369770977339,0.13273046447300638,0.01249023063587338,0.037911233847734094,0.06873329131658817,0.03992100425342554,0.09718768951552603,0.028744581892989916,0.035888937845923785,0.024140966880186514,0.10727555903048186,0.022244756686236846,0.033087900147708856,0.04318992448136912,0.02170953428519796,0.016865545567157043,0.08998675557491957,1
C14-2016-0027,0.04742477814575047,0.0,0.23729410132500678,0.11978717876291868,0.17502644194521658,0.0,0.2969720442791619,0.11850549568080956,0.28622472334839416,0.059041048409792886,0.23757763542332955,0.24304709670658717,0.17607092223880103,0.0,0.057790365623595956,0.2931023507001052,0.23560175942069206,0.05897069190045978,0.05697457396935617,0.058620470140021044,0.0,0.05918207606653649,0.2398613310080124,0.2945021992758651,0.05744874144049852,0.14194423142469753,0.0,0.09936194809092914,0.18925897523293003,0.0,0.0,0.0,0.0974178298164183,0.0,0.23657371904116253,0.0,0.1594688289848267,0.0628517240548304,0.055974224999384585,0.099709212655383,0.20151743730913185,0.0,0.0,0.05371918143989242,0.05848110407811557,0.0,0.0,0.10146491213809689,0.15202026995407245,0.04731474380823251,1
C14-2016-0031,0.10099985717735012,0.09365201495055757,0.12634044522673685,0.10204360184501222,0.0994003350422879,0.11569166110829582,0.16865520644464319,0.1598403011554144,0.11378614086770486,0.1508866299046528,0.07589484290008942,0.15528415533727402,0.17498864638769265,0.10884381822063123,0.09025521809012903,0.09987452708565626,0.11707677918466745,0.10047121681904421,0.06471355617476626,0.08322877257138023,0.10936441658002038,0.22687056502944875,0.09365201495055757,0.21742830420009673,0.1386607780789227,0.10076551865625545,0.08253391717876711,0.16928775139788588,0.19481333606876053,0.2168983903587212,0.08372601401587017,0.15470117857359408,0.04840951009071551,0.23014856871212272,0.24855494601876343,0.03729688323187909,0.06037661073273543,0.16954890477181395,0.04768299569626794,0.22650587041813935,0.10729218555549369,0.07858942558099458,0.09010870666480866,0.2745718941995452,0.07472781179463694,0.09120301242497093,0.08866602321295564,0.04321766821118356,0.05755650631494704,0.2888611534812656,1
C14-2016-0034,0.3187173196884346,0.1343319594819308,0.07973652477587692,0.13417124282944695,0.15683491663350074,0.026077077991727062,0.15966359810335692,0.10618852402615156,0.02564757080466895,0.026452282873357623,0.1330529984194641,0.16333933915792156,0.2103611172803949,0.07926228270346124,0.2330274319313932,0.21011080257929182,0.31667142878630794,0.10568304360461499,0.0,0.0,0.18582991704576524,0.3977320167856966,0.10746556758554464,0.15833571439315397,0.12869439146429446,0.021198522401038828,0.09470756458744761,0.04451733884375233,0.06359556720311649,0.19555692043767736,0.13210380450576872,0.1464535090412236,0.021823155758740612,0.16139150423913667,0.1483896568072718,0.023538969239379866,0.02381571628217707,0.028159587753879146,0.0,0.08934584900773829,0.06771470526679076,0.11272658189391713,0.0,0.024067915822063256,0.0,0.07195054646601128,0.05087207421625596,0.02272976708482819,0.0,0.25438226881246595,1
C14-2016-0038,0.03662727211478066,0.011578159382269002,0.14890510230587667,0.1734646066342922,0.12391228635759964,0.11238001975720734,0.11467924892412197,0.10296515572651713,0.055264522249530226,0.15959576843785794,0.14908302360135856,0.23463873991198794,0.09065581091416335,0.18217781197811045,0.23432251099235485,0.1697773818295119,0.11372548921712805,0.14801947223221473,0.11000701036417494,0.06791095273180477,0.14872744716052475,0.1256962023901955,0.10420343444042102,0.09098039137370245,0.0443690148412716,0.10049129751841594,0.10203633611548535,0.04796223162336607,0.10049129751841594,0.02809196463578332,0.022772226497263806,0.15778654576239795,0.0658333220185541,0.02318406538339099,0.4202363350770121,0.06086517428889145,0.030790382271804303,0.2184383945337542,0.021615105548470823,0.3080310847679942,0.038909164685550605,0.04857988883731468,0.024508223658629893,0.321536556166864,0.15808216479592732,0.04134309749457578,0.09865568980914984,0.009795467401984555,0.03913627722522204,0.13703358752511263,1
C14-2016-0039,0.999034238665362,0.0,0.0,0.0,0.0,0.0,0.0,0.0,0.0,0.0,0.0,0.0,0.0,0.0,0.0,0.0,0.0,0.0,0.0,0.0,0.0,0.0,0.0,0.0,0.0,0.0005121872007984625,0.0,0.0005378018981233521,0.009219369614372324,0.0,0.006383640950495799,0.0,0.005800071785249283,0.0,0.0005121872007984625,0.0,0.024743164054216227,0.0006803766863765575,0.015754102465879886,0.0037777704040347533,0.01908766979222224,0.00653673247712714,0.0,0.012793350423977343,0.0050645140328815395,0.0,0.0,0.010434501782575408,0.012067995905995062,0.006658433610380011,0
C14-2016-0041,0.10099985717735012,0.09365201495055757,0.12634044522673685,0.10204360184501222,0.0994003350422879,0.11569166110829582,0.16865520644464319,0.1598403011554144,0.11378614086770486,0.1508866299046528,0.07589484290008942,0.15528415533727402,0.17498864638769265,0.10884381822063123,0.09025521809012903,0.09987452708565626,0.11707677918466745,0.10047121681904421,0.06471355617476626,0.08322877257138023,0.10936441658002038,0.22687056502944875,0.09365201495055757,0.21742830420009673,0.1386607780789227,0.10076551865625545,0.08253391717876711,0.16928775139788588,0.19481333606876053,0.2168983903587212,0.08372601401587017,0.15470117857359408,0.04840951009071551,0.23014856871212272,0.24855494601876343,0.03729688323187909,0.06037661073273543,0.16954890477181395,0.04768299569626794,0.22650587041813935,0.10729218555549369,0.07858942558099458,0.09010870666480866,0.2745718941995452,0.07472781179463694,0.09120301242497093,0.08866602321295564,0.04321766821118356,0.05755650631494704,0.2888611534812656,1
C14-2016-0043,0.03159485458455214,0.013316498551250727,0.0632350675597825,0.013300566504415284,0.002591207567916191,0.002585054015715415,0.0,0.01052660388344821,0.015254858521262696,0.007866745663180545,0.029017369720178245,0.0,0.9488281519601471,0.018333866187467983,0.015400204447170189,0.01301784497588985,0.00261600356740534,0.0052382474821337085,0.012652340892675442,0.049467810908381434,0.02368485873775847,0.03942768233069052,0.013316498551250727,0.02877603924145874,0.010206111392092909,0.05463735094909848,0.023471204311414685,0.06398937875481923,0.09246320929847436,0.009692903526973677,0.028810361151735398,0.06291186731345147,0.021633572767475222,0.015998945751057307,0.18912929174687937,0.014000688338785124,0.03541323515919552,0.04745542971729985,0.04226265771359502,0.12399755224627629,0.03132567730681726,0.024584405785395894,0.011275150533639153,0.040560014504419505,0.041558067075987595,0.011887582466990624,0.0226935613345949,0.013519384886040991,0.027007307211669256,0.03782585834937587,1
C14-2016-0045,0.10099985717735012,0.09365201495055757,0.12634044522673685,0.10204360184501222,0.0994003350422879,0.11569166110829582,0.16865520644464319,0.1598403011554144,0.11378614086770486,0.1508866299046528,0.07589484290008942,0.15528415533727402,0.17498864638769265,0.10884381822063123,0.09025521809012903,0.09987452708565626,0.11707677918466745,0.10047121681904421,0.06471355617476626,0.08322877257138023,0.10936441658002038,0.22687056502944875,0.09365201495055757,0.21742830420009673,0.1386607780789227,0.10076551865625545,0.08253391717876711,0.16928775139788588,0.19481333606876053,0.2168983903587212,0.08372601401587017,0.15470117857359408,0.04840951009071551,0.23014856871212272,0.24855494601876343,0.03729688323187909,0.06037661073273543,0.16954890477181395,0.04768299569626794,0.22650587041813935,0.10729218555549369,0.07858942558099458,0.09010870666480866,0.2745718941995452,0.07472781179463694,0.09120301242497093,0.08866602321295564,0.04321766821118356,0.05755650631494704,0.2888611534812656,1
C14-2016-0046,0.03662727211478066,0.011578159382269002,0.14890510230587667,0.1734646066342922,0.12391228635759964,0.11238001975720734,0.11467924892412197,0.10296515572651713,0.055264522249530226,0.15959576843785794,0.14908302360135856,0.23463873991198794,0.09065581091416335,0.18217781197811045,0.23432251099235485,0.1697773818295119,0.11372548921712805,0.14801947223221473,0.11000701036417494,0.06791095273180477,0.14872744716052475,0.1256962023901955,0.10420343444042102,0.09098039137370245,0.0443690148412716,0.10049129751841594,0.10203633611548535,0.04796223162336607,0.10049129751841594,0.02809196463578332,0.022772226497263806,0.15778654576239795,0.0658333220185541,0.02318406538339099,0.4202363350770121,0.06086517428889145,0.030790382271804303,0.2184383945337542,0.021615105548470823,0.3080310847679942,0.038909164685550605,0.04857988883731468,0.024508223658629893,0.321536556166864,0.15808216479592732,0.04134309749457578,0.09865568980914984,0.009795467401984555,0.03913627722522204,0.13703358752511263,1
C14-2016-0047,0.10099985717735012,0.09365201495055757,0.12634044522673685,0.10204360184501222,0.0994003350422879,0.11569166110829582,0.16865520644464319,0.1598403011554144,0.11378614086770486,0.1508866299046528,0.07589484290008942,0.15528415533727402,0.17498864638769265,0.10884381822063123,0.09025521809012903,0.09987452708565626,0.11707677918466745,0.10047121681904421,0.06471355617476626,0.08322877257138023,0.10936441658002038,0.22687056502944875,0.09365201495055757,0.21742830420009673,0.1386607780789227,0.10076551865625545,0.08253391717876711,0.16928775139788588,0.19481333606876053,0.2168983903587212,0.08372601401587017,0.15470117857359408,0.04840951009071551,0.23014856871212272,0.24855494601876343,0.03729688323187909,0.06037661073273543,0.16954890477181395,0.04768299569626794,0.22650587041813935,0.10729218555549369,0.07858942558099458,0.09010870666480866,0.2745718941995452,0.07472781179463694,0.09120301242497093,0.08866602321295564,0.04321766821118356,0.05755650631494704,0.2888611534812656,1
C14-2016-0049,0.17660351701633858,0.06090078039247153,0.133886579776846,0.0946212055275922,0.1316717190564019,0.1510628815942852,0.16085586718264358,0.14041318501818922,0.10981613680678273,0.2731605747883178,0.15415353938336676,0.13027591964985202,0.3178979461531026,0.2595260344526671,0.1565116911888033,0.1521448420226821,0.19939758457189832,0.246217007044838,0.21859493954025977,0.09922489697131441,0.09360879001212616,0.12021061010716354,0.1015013006541192,0.1129919645907424,0.11020709140014037,0.1121233042951513,0.1013782060353942,0.01681866255702465,0.17619376389238062,0.05746335544432382,0.0332725685195727,0.1659905250065627,0.016489588199504805,0.054198892084535835,0.26696024832178883,0.05928685928671946,0.06598228266677364,0.12766439768729823,0.03158189562648631,0.20815512862088595,0.045480237892236826,0.022713670868601182,0.08594169404448068,0.145485840861385,0.059393398037162,0.054365871511441274,0.05765844985627664,0.057248747346322564,0.12008247757594868,0.0694096645636651,1
C14-2016-0050,0.022899771148474957,0.02359309947884941,0.9898529122274276,0.023564872361605066,0.019824310012760814,0.0270635800910354,0.03292830138962495,0.03496910406489369,0.023546537096909313,0.020061792392269007,0.014870845788862882,0.0206464846365369,0.031488335866662796,0.013710132303575524,0.03513956890901581,0.027257418063674467,0.0284409679067489,0.018983260112643032,0.029548888849825622,0.01572543349827373,0.027551415323855633,0.026460148342126632,0.025737926704199356,0.01580053772597161,0.022602957567930845,0.00253851548944248,0.0009450997539842223,0.003553956955606388,0.01015406195776992,0.0,0.006327753370881012,0.0,0.01655099570317093,0.0053684930595208884,0.0042308591490708,0.001879188775180784,0.05038398222808994,0.004496134107034678,0.01501555601213602,0.0115907279814364,0.03694014255733972,0.008999311958195469,0.0,0.005764248654416714,0.011504568079811388,0.0009573391391387727,0.001015318787593931,0.007258350649751404,0.009062380957983632,0.00592320280869912,1
C14-2016-0051,0.9522643043600973,0.06543869382696992,0.05664601701745366,0.05392233169123099,0.05093388116294846,0.04446130877672956,0.05833409274992755,0.051728853941268305,0.06403175120273484,0.057987040536924515,0.05509330981937602,0.064650135009571,0.06404729001153447,0.0675709300471671,0.06779509607940394,0.03358481611382049,0.04981436684542574,0.06917976171495681,0.054403083239055815,0.04797830873402927,0.05981148736959147,0.03875036703402425,0.057258857098598674,0.06749043250025422,0.06112508959104146,0.006454177129253528,0.002883500018367559,0.0013553906483901716,0.012908354258507056,0.0,0.0,0.0,0.05315484169002222,0.01146549328717222,0.01161751883265635,0.004300054712404752,0.07396037582526943,0.0,0.03817706001779729,0.02584242562442293,0.04673109313465484,0.004118536073153802,0.0,0.007327802801951303,0.012763798310793599,0.0014604211955686946,0.0015488691698066523,0.019377078848755617,0.008294799215206185,0.010326683406805644,1
C14-2016-0052,0.06009114889566145,0.06648344272515512,0.13154374428057564,0.1328078019916665,0.1201270948900525,0.07374881185762759,0.15992254707461465,0.13138680255965127,0.09066764854169929,0.1496198641159791,0.10347929516592713,0.1154853526565399,0.1115482709474338,0.08406088255495114,0.04576575791706409,0.1207001645136668,0.15859250974815356,0.11208117673993487,0.13535913114095818,0.0928462803951283,0.10323248772544028,0.09373578232509014,0.15196215480035458,0.11194765393987312,0.07279234633760086,0.16486724708773765,0.11718143936431324,0.22032478039546802,0.27727673373846784,0.06913202917803289,0.0,0.12943326471907984,0.015429564316040843,0.10459916538786479,0.43465001504949013,0.016642691085905454,0.04209589691917663,0.19909593972798934,0.017731002759886753,0.3000572332280189,0.06383484964968801,0.007970075752050691,0.17088608394861932,0.2637583958132687,0.0277876634599682,0.08478498683880482,0.1079038178099988,0.07231753425147194,0.12038897484261836,0.1273974182041609,1
C14-2016-0055,0.10099985717735012,0.09365201495055757,0.12634044522673685,0.10204360184501222,0.0994003350422879,0.11569166110829582,0.16865520644464319,0.1598403011554144,0.11378614086770486,0.1508866299046528,0.07589484290008942,0.15528415533727402,0.17498864638769265,0.10884381822063123,0.09025521809012903,0.09987452708565626,0.11707677918466745,0.10047121681904421,0.06471355617476626,0.08322877257138023,0.10936441658002038,0.22687056502944875,0.09365201495055757,0.21742830420009673,0.1386607780789227,0.10076551865625545,0.08253391717876711,0.16928775139788588,0.19481333606876053,0.2168983903587212,0.08372601401587017,0.15470117857359408,0.04840951009071551,0.23014856871212272,0.24855494601876343,0.03729688323187909,0.06037661073273543,0.16954890477181395,0.04768299569626794,0.22650587041813935,0.10729218555549369,0.07858942558099458,0.09010870666480866,0.2745718941995452,0.07472781179463694,0.09120301242497093,0.08866602321295564,0.04321766821118356,0.05755650631494704,0.2888611534812656,1
C14-2016-0057,0.03662727211478066,0.011578159382269002,0.14890510230587667,0.1734646066342922,0.12391228635759964,0.11238001975720734,0.11467924892412197,0.10296515572651713,0.055264522249530226,0.15959576843785794,0.14908302360135856,0.23463873991198794,0.09065581091416335,0.18217781197811045,0.23432251099235485,0.1697773818295119,0.11372548921712805,0.14801947223221473,0.11000701036417494,0.06791095273180477,0.14872744716052475,0.1256962023901955,0.10420343444042102,0.09098039137370245,0.0443690148412716,0.10049129751841594,0.10203633611548535,0.04796223162336607,0.10049129751841594,0.02809196463578332,0.022772226497263806,0.15778654576239795,0.0658333220185541,0.02318406538339099,0.4202363350770121,0.06086517428889145,0.030790382271804303,0.2184383945337542,0.021615105548470823,0.3080310847679942,0.038909164685550605,0.04857988883731468,0.024508223658629893,0.321536556166864,0.15808216479592732,0.04134309749457578,0.09865568980914984,0.009795467401984555,0.03913627722522204,0.13703358752511263,1
C14-2016-0059,0.03662727211478066,0.011578159382269002,0.14890510230587667,0.1734646066342922,0.12391228635759964,0.11238001975720734,0.11467924892412197,0.10296515572651713,0.055264522249530226,0.15959576843785794,0.14908302360135856,0.23463873991198794,0.09065581091416335,0.18217781197811045,0.23432251099235485,0.1697773818295119,0.11372548921712805,0.14801947223221473,0.11000701036417494,0.06791095273180477,0.14872744716052475,0.1256962023901955,0.10420343444042102,0.09098039137370245,0.0443690148412716,0.10049129751841594,0.10203633611548535,0.04796223162336607,0.10049129751841594,0.02809196463578332,0.022772226497263806,0.15778654576239795,0.0658333220185541,0.02318406538339099,0.4202363350770121,0.06086517428889145,0.030790382271804303,0.2184383945337542,0.021615105548470823,0.3080310847679942,0.038909164685550605,0.04857988883731468,0.024508223658629893,0.321536556166864,0.15808216479592732,0.04134309749457578,0.09865568980914984,0.009795467401984555,0.03913627722522204,0.13703358752511263,1
C14-2016-0065,0.030440172491899984,0.07697896095139524,0.10471320351764168,0.17299544003081607,0.1310666668436951,0.0933967229482005,0.05718453901047847,0.12360432225634843,0.10104425703093563,0.1136886518798246,0.0857768085157177,0.10725188683452021,0.16010213209616864,0.13247870338264028,0.08346026539603707,0.08465909399834305,0.11341789793069837,0.0378510581093258,0.054854738190328926,0.09406565999815894,0.11409629746739854,0.04748342201932742,0.10584607130816846,0.09451491494224863,0.10140398300170218,0.13666295524416064,0.101760360271333,0.23119046034855667,0.35684216091530835,0.0,0.0189255290546629,0.20981304443779109,0.09379323402266823,0.009633899941037626,0.3264726153054949,0.05901442686423016,0.14500576925883607,0.19162519326651647,0.035927739268388395,0.37599750144816463,0.10509397103625222,0.04037374640434756,0.14257796412209223,0.24136218431848708,0.037536810191996804,0.08589849492070624,0.1093209528203266,0.06512649184919597,0.14636409764887276,0.15944011445152076,1
C14-2016-0068,0.030440172491899984,0.07697896095139524,0.10471320351764168,0.17299544003081607,0.1310666668436951,0.0933967229482005,0.05718453901047847,0.12360432225634843,0.10104425703093563,0.1136886518798246,0.0857768085157177,0.10725188683452021,0.16010213209616864,0.13247870338264028,0.08346026539603707,0.08465909399834305,0.11341789793069837,0.0378510581093258,0.054854738190328926,0.09406565999815894,0.11409629746739854,0.04748342201932742,0.10584607130816846,0.09451491494224863,0.10140398300170218,0.13666295524416064,0.101760360271333,0.23119046034855667,0.35684216091530835,0.0,0.0189255290546629,0.20981304443779109,0.09379323402266823,0.009633899941037626,0.3264726153054949,0.05901442686423016,0.14500576925883607,0.19162519326651647,0.035927739268388395,0.37599750144816463,0.10509397103625222,0.04037374640434756,0.14257796412209223,0.24136218431848708,0.037536810191996804,0.08589849492070624,0.1093209528203266,0.06512649184919597,0.14636409764887276,0.15944011445152076,1
C14-2016-0070,0.03159485458455214,0.013316498551250727,0.0632350675597825,0.013300566504415284,0.002591207567916191,0.002585054015715415,0.0,0.01052660388344821,0.015254858521262696,0.007866745663180545,0.029017369720178245,0.0,0.9488281519601471,0.018333866187467983,0.015400204447170189,0.01301784497588985,0.00261600356740534,0.0052382474821337085,0.012652340892675442,0.049467810908381434,0.02368485873775847,0.03942768233069052,0.013316498551250727,0.02877603924145874,0.010206111392092909,0.05463735094909848,0.023471204311414685,0.06398937875481923,0.09246320929847436,0.009692903526973677,0.028810361151735398,0.06291186731345147,0.021633572767475222,0.015998945751057307,0.18912929174687937,0.014000688338785124,0.03541323515919552,0.04745542971729985,0.04226265771359502,0.12399755224627629,0.03132567730681726,0.024584405785395894,0.011275150533639153,0.040560014504419505,0.041558067075987595,0.011887582466990624,0.0226935613345949,0.013519384886040991,0.027007307211669256,0.03782585834937587,1
C14-2016-0071,0.02327147042972631,0.05885031085050978,0.0,0.0,0.057257307641030986,0.057121334037137754,0.0,0.08722646408657368,0.0,0.17382963917965957,0.3497400177936555,0.17889582867384451,0.11519798779229648,0.3472449887435106,0.05671578602221012,0.17259136562506736,0.11561043808575872,0.46299331832468077,0.1397879088964102,0.08629568281253368,0.11630195211543158,0.1742448551581419,0.05885031085050978,0.11561043808575872,0.16914154245050686,0.06965242882356144,0.0,0.12189296013845737,0.2321747627452048,0.0,0.0,0.02673363113992518,0.02390159990768486,0.0,0.1393048576471229,0.23202745198583688,0.026083932515742723,0.03084151565884269,0.13733353879872037,0.19571035096883904,0.04944258325258927,0.09877015732008017,0.2180013189400129,0.026360151618328175,0.0,0.0,0.0,0.07468367153620771,0.0,0.1160873813726024,1
C14-2016-0077,0.06009114889566145,0.06648344272515512,0.13154374428057564,0.1328078019916665,0.1201270948900525,0.07374881185762759,0.15992254707461465,0.13138680255965127,0.09066764854169929,0.1496198641159791,0.10347929516592713,0.1154853526565399,0.1115482709474338,0.08406088255495114,0.04576575791706409,0.1207001645136668,0.15859250974815356,0.11208117673993487,0.13535913114095818,0.0928462803951283,0.10323248772544028,0.09373578232509014,0.15196215480035458,0.11194765393987312,0.07279234633760086,0.16486724708773765,0.11718143936431324,0.22032478039546802,0.27727673373846784,0.06913202917803289,0.0,0.12943326471907984,0.015429564316040843,0.10459916538786479,0.43465001504949013,0.016642691085905454,0.04209589691917663,0.19909593972798934,0.017731002759886753,0.3000572332280189,0.06383484964968801,0.007970075752050691,0.17088608394861932,0.2637583958132687,0.0277876634599682,0.08478498683880482,0.1079038178099988,0.07231753425147194,0.12038897484261836,0.1273974182041609,1
C14-2016-0079,0.06303185581770454,0.15939879345217856,0.31538550449602554,0.199010108107128,0.11631305284203293,0.07735788982514566,0.07894058679353214,0.039376153191492146,0.038041876417665335,0.0392354692651909,0.03947029339676607,0.0,0.1950119293852867,0.0,0.07680866703148363,0.1168679274727282,0.0,0.0783774283121897,0.34075982481217515,0.03895597582424273,0.23625691914895283,0.117987565724204,0.11954909508913393,0.1565681138724869,0.0,0.12577122029359983,0.035118856823643775,0.03301527297916779,0.03144280507339996,0.0,0.0,0.28963711400771647,0.06473859070242562,0.03989744750672888,0.37731366088079943,0.13965713410031044,0.0,0.0,0.0,0.36443725504225216,0.10043814554745065,0.0,0.16870476350603492,0.0,0.038863360720246785,0.0711473175553196,0.0,0.06742806147441785,0.20204880469160885,0.12577122029359983,1
C14-2016-0082,0.030440172491899984,0.07697896095139524,0.10471320351764168,0.17299544003081607,0.1310666668436951,0.0933967229482005,0.05718453901047847,0.12360432225634843,0.10104425703093563,0.1136886518798246,0.0857768085157177,0.10725188683452021,0.16010213209616864,0.13247870338264028,0.08346026539603707,0.08465909399834305,0.11341789793069837,0.0378510581093258,0.054854738190328926,0.09406565999815894,0.11409629746739854,0.04748342201932742,0.10584607130816846,0.09451491494224863,0.10140398300170218,0.13666295524416064,0.101760360271333,0.23119046034855667,0.35684216091530835,0.0,0.0189255290546629,0.20981304443779109,0.09379323402266823,0.009633899941037626,0.3264726153054949,0.05901442686423016,0.14500576925883607,0.19162519326651647,0.035927739268388395,0.37599750144816463,0.10509397103625222,0.04037374640434756,0.14257796412209223,0.24136218431848708,0.037536810191996804,0.08589849492070624,0.1093209528203266,0.06512649184919597,0.14636409764887276,0.15944011445152076,1
C14-2016-0085,0.0041057041777708405,0.0025956886550388496,0.007703721197516213,0.010370332545970312,0.005050853316286467,0.9876162939262141,0.0,0.007694530070497045,0.002477932609028147,0.0,0.005141950729346138,0.0,0.0,0.0,0.0025015419665907605,0.005074948551516658,0.0050991863629327935,0.0,0.0024662292109600523,0.002537474275758329,0.007694530070497045,0.005123568447885366,0.0,0.0,0.01492052553298449,0.043009870866011685,0.013725215795299854,0.04731132748244866,0.06349076175458868,0.0,0.002552634145779866,0.03301564762430288,0.006325313578232472,0.0025987988896363575,0.10445254353174266,0.01364526408494445,0.025310433676412246,0.0,0.01938342093841094,0.017264246538099184,0.01962670978501778,0.013069255188645126,0.005494458661821721,0.004650629402764198,0.0025314416083956452,0.018537283101349892,0.0073724860270049115,0.006588089548604415,0.030708643406945103,0.008192356355430797,1
C14-2016-0086,0.030440172491899984,0.07697896095139524,0.10471320351764168,0.17299544003081607,0.1310666668436951,0.0933967229482005,0.05718453901047847,0.12360432225634843,0.10104425703093563,0.1136886518798246,0.0857768085157177,0.10725188683452021,0.16010213209616864,0.13247870338264028,0.08346026539603707,0.08465909399834305,0.11341789793069837,0.0378510581093258,0.054854738190328926,0.09406565999815894,0.11409629746739854,0.04748342201932742,0.10584607130816846,0.09451491494224863,0.10140398300170218,0.13666295524416064,0.101760360271333,0.23119046034855667,0.35684216091530835,0.0,0.0189255290546629,0.20981304443779109,0.09379323402266823,0.009633899941037626,0.3264726153054949,0.05901442686423016,0.14500576925883607,0.19162519326651647,0.035927739268388395,0.37599750144816463,0.10509397103625222,0.04037374640434756,0.14257796412209223,0.24136218431848708,0.037536810191996804,0.08589849492070624,0.1093209528203266,0.06512649184919597,0.14636409764887276,0.15944011445152076,1
C14-2016-0090,0.9704112964694942,0.0,0.0,0.0,0.0,0.0,0.0,0.0,0.0,0.0,0.0,0.0,0.0,0.0,0.0,0.0,0.0,0.0,0.0,0.0,0.0,0.0,0.0,0.0,0.0,0.029789531111585815,0.04990844211461474,0.08601812475079501,0.081921210556861,0.0,0.0,0.11147820560875982,0.015333653099239796,0.0,0.11915812444634326,0.01653923899094036,0.008366845194571766,0.0,0.0,0.09416591278232106,0.023789267962823615,0.007920533221379167,0.0,0.0,0.009204977820633321,0.05055477457098161,0.02680827009259726,0.0,0.01595208384283999,0.022342148333689364,1
C14-2016-0094,0.0904525308884533,0.17155639915649126,0.19800694131146213,0.2570267199884101,0.19473134940809886,0.08325810213066691,0.08496151397571163,0.16951774622292654,0.1364779743942223,0.11260805983236823,0.22656403726856436,0.0,0.25186296839520383,0.1687108049587501,0.16533397843923442,0.22361179507219392,0.08425490951644411,0.056236934986250035,0.08150002930927952,0.16770884630414545,0.028252957703821094,0.1410962995704298,0.08577819957824563,0.11233987935525881,0.054785538939996964,0.11280333016636616,0.10079314468528021,0.023688934430041705,0.11280333016636616,0.0,0.0,0.311728208633833,0.09290174466894413,0.0,0.2707279923992788,0.07515450563919256,0.02534603172903477,0.0,0.053379377971510274,0.30903243745319714,0.07206581770957443,0.02399400032764983,0.2420962009462623,0.025614436737906456,0.11154008684573243,0.025524613131395122,0.0,0.12095151598626651,0.14497293083197987,0.04512133206654646,1
C14-2016-0095,0.030440172491899984,0.07697896095139524,0.10471320351764168,0.17299544003081607,0.1310666668436951,0.0933967229482005,0.05718453901047847,0.12360432225634843,0.10104425703093563,0.1136886518798246,0.0857768085157177,0.10725188683452021,0.16010213209616864,0.13247870338264028,0.08346026539603707,0.08465909399834305,0.11341789793069837,0.0378510581093258,0.054854738190328926,0.09406565999815894,0.11409629746739854,0.04748342201932742,0.10584607130816846,0.09451491494224863,0.10140398300170218,0.13666295524416064,0.101760360271333,0.23119046034855667,0.35684216091530835,0.0,0.0189255290546629,0.20981304443779109,0.09379323402266823,0.009633899941037626,0.3264726153054949,0.05901442686423016,0.14500576925883607,0.19162519326651647,0.035927739268388395,0.37599750144816463,0.10509397103625222,0.04037374640434756,0.14257796412209223,0.24136218431848708,0.037536810191996804,0.08589849492070624,0.1093209528203266,0.06512649184919597,0.14636409764887276,0.15944011445152076,1
C14-2016-0096,0.026341306683166834,0.06661349961508256,0.06590053703465307,0.0,0.0,0.09698466944111948,0.03298963959575363,0.0658219126671575,0.09538726605978086,0.0,0.0,0.0,0.0,0.06550858607686472,0.032098700378630815,0.06511953633706485,0.0,0.0,0.0632911648614244,0.0,0.0,0.0,0.09992024942262386,0.13086109081883474,0.0,0.13140094967421584,0.029352668296147143,0.027594473286266658,0.0788405698045295,0.0,0.0,0.3933822799720796,0.18938191409156196,0.06669331797494699,0.3942028490226475,0.029181684023930784,0.3838220401102404,0.0,0.0,0.1938364012093458,0.13991189905654142,0.027949834680294692,0.14100501585344036,0.29837428627036916,0.38978831520287266,0.05946559202792591,0.0,0.19724951079341788,0.08443713833750117,0.18396132954390215,1
C14-2016-0097,0.036580133545186404,0.03700242726970129,0.03889429069064507,0.0646767748259656,0.024750562742679522,0.04489415556415862,0.025196964983338316,0.05484407553182357,0.030908302829749906,0.03415507968493623,0.9803910011698908,0.07733113229415388,0.022634784672846502,0.029565794824001734,0.053490501163068846,0.03617256143382891,0.040888485640052714,0.01819433527630876,0.021973086706636502,0.02712942107537168,0.027422037765911785,0.029671775281104325,0.03237712386098862,0.02725899042670181,0.015509169481051514,0.001824763040369135,0.004076200695338987,0.0038320404149341865,0.005474289121107405,0.0,0.002274291909538595,0.0,0.016906781788590848,0.0,0.020072393444060484,0.00810491226960261,0.022550554152988955,0.00242396965190328,0.004317457467640828,0.007690866372447387,0.009714772341418302,0.0019406946995238145,0.0,0.008287038581267222,0.029320333008356222,0.002064494487582862,0.0021895271533687276,0.0332617268239193,0.001954295480801509,0.00729905216147654,1
C14-2016-0100,0.03159485458455214,0.013316498551250727,0.0632350675597825,0.013300566504415284,0.002591207567916191,0.002585054015715415,0.0,0.01052660388344821,0.015254858521262696,0.007866745663180545,0.029017369720178245,0.0,0.9488281519601471,0.018333866187467983,0.015400204447170189,0.01301784497588985,0.00261600356740534,0.0052382474821337085,0.012652340892675442,0.049467810908381434,0.02368485873775847,0.03942768233069052,0.013316498551250727,0.02877603924145874,0.010206111392092909,0.05463735094909848,0.023471204311414685,0.06398937875481923,0.09246320929847436,0.009692903526973677,0.028810361151735398,0.06291186731345147,0.021633572767475222,0.015998945751057307,0.18912929174687937,0.014000688338785124,0.03541323515919552,0.04745542971729985,0.04226265771359502,0.12399755224627629,0.03132567730681726,0.024584405785395894,0.011275150533639153,0.040560014504419505,0.041558067075987595,0.011887582466990624,0.0226935613345949,0.013519384886040991,0.027007307211669256,0.03782585834937587,1
C14-2016-0101,0.030440172491899984,0.07697896095139524,0.10471320351764168,0.17299544003081607,0.1310666668436951,0.0933967229482005,0.05718453901047847,0.12360432225634843,0.10104425703093563,0.1136886518798246,0.0857768085157177,0.10725188683452021,0.16010213209616864,0.13247870338264028,0.08346026539603707,0.08465909399834305,0.11341789793069837,0.0378510581093258,0.054854738190328926,0.09406565999815894,0.11409629746739854,0.04748342201932742,0.10584607130816846,0.09451491494224863,0.10140398300170218,0.13666295524416064,0.101760360271333,0.23119046034855667,0.35684216091530835,0.0,0.0189255290546629,0.20981304443779109,0.09379323402266823,0.009633899941037626,0.3264726153054949,0.05901442686423016,0.14500576925883607,0.19162519326651647,0.035927739268388395,0.37599750144816463,0.10509397103625222,0.04037374640434756,0.14257796412209223,0.24136218431848708,0.037536810191996804,0.08589849492070624,0.1093209528203266,0.06512649184919597,0.14636409764887276,0.15944011445152076,1
C14-2016-0105,0.06920034657093958,0.1749980483167388,0.17312504868724962,0.0,0.0,0.0,0.0,0.345836994596793,0.0,0.0861503452754768,0.1733319095165013,0.0,0.3425542319542864,0.0,0.0,0.0,0.17189034975059686,0.0,0.1662700562264777,0.0,0.0,0.0,0.0,0.0,0.0,0.20711936655026572,0.07711139175085957,0.21747749318060197,0.20711936655026572,0.0,0.08604768386050066,0.31798189041279973,0.0,0.0,0.20711936655026572,0.0,0.0,0.1834214626711987,0.0,0.14549171006899672,0.0,0.07342605550061235,0.0,0.3135395561976574,0.0,0.07811001228743623,0.08284061492144924,0.14805355679614068,0.0,0.3451989442504429,1
C14-2016-0106,0.07760845811016802,0.21027963486469126,0.24270052020425129,0.16802244267307345,0.13639175472015366,0.16328142489951644,0.21522016975190494,0.20778082283206764,0.13382672410376883,0.22774230517961394,0.1596794807836714,0.2130725054163784,0.1852276684186052,0.19300562495070098,0.17563234568623404,0.15759877765555194,0.15146661867751618,0.19989868298465457,0.14651411926548613,0.1027818115144904,0.26318904225395234,0.1314375660729348,0.27336352532409863,0.20654538910570389,0.16116379006522633,0.011061198857300532,0.024708778880292513,0.005807187032107048,0.12167318743030585,0.017006641185963397,0.06893058033953606,0.0,0.08540345205715041,0.007017719948020489,0.04424479542920213,0.02456484605171364,0.21746947513581294,0.014693420323956076,0.05888522111625314,0.07575727682384739,0.1001099566276608,0.11763943875364515,0.0,0.08162974695543758,0.054686642643511335,0.012514383271559088,0.0,0.017790282899134147,0.07107832785136746,0.09402019028705452,1
C14-2016-0111,0.10453777134713384,0.08411501601935525,0.05943909654075655,0.08401437962686614,0.05845580665161133,0.16328756324790647,0.10711821268291605,0.0949890898634257,0.09177034638294014,0.17746820793445497,0.11902023631435116,0.09740823570026778,0.05880464501805828,0.11817115147403807,0.11580590001170997,0.04698773735325118,0.08262126156215568,0.1299882666214419,0.06850268287914472,0.15271014639806635,0.04749454493171285,0.13045421776520516,0.08411501601935525,0.059015186830111206,0.04604852822969891,0.1706649123351025,0.08471899808238903,0.19911104042035413,0.3223670566329714,0.0,0.011817115147403807,0.2838494296868997,0.03904304579956361,0.0,0.5499202730797748,0.03158456083005557,0.031955899681764634,0.0,0.0,0.3396717684151778,0.14133701665209905,0.010083759535899614,0.06358985167022525,0.0,0.05859503412346854,0.03218105245675777,0.03413004423206358,0.04066503245988717,0.1624708570211121,0.02844415205585042,1
C14-2016-0113,0.03159485458455214,0.013316498551250727,0.0632350675597825,0.013300566504415284,0.002591207567916191,0.002585054015715415,0.0,0.01052660388344821,0.015254858521262696,0.007866745663180545,0.029017369720178245,0.0,0.9488281519601471,0.018333866187467983,0.015400204447170189,0.01301784497588985,0.00261600356740534,0.0052382474821337085,0.012652340892675442,0.049467810908381434,0.02368485873775847,0.03942768233069052,0.013316498551250727,0.02877603924145874,0.010206111392092909,0.05463735094909848,0.023471204311414685,0.06398937875481923,0.09246320929847436,0.009692903526973677,0.028810361151735398,0.06291186731345147,0.021633572767475222,0.015998945751057307,0.18912929174687937,0.014000688338785124,0.03541323515919552,0.04745542971729985,0.04226265771359502,0.12399755224627629,0.03132567730681726,0.024584405785395894,0.011275150533639153,0.040560014504419505,0.041558067075987595,0.011887582466990624,0.0226935613345949,0.013519384886040991,0.027007307211669256,0.03782585834937587,1
C14-2016-0116,0.06920034657093958,0.1749980483167388,0.17312504868724962,0.0,0.0,0.0,0.0,0.345836994596793,0.0,0.0861503452754768,0.1733319095165013,0.0,0.3425542319542864,0.0,0.0,0.0,0.17189034975059686,0.0,0.1662700562264777,0.0,0.0,0.0,0.0,0.0,0.0,0.20711936655026572,0.07711139175085957,0.21747749318060197,0.20711936655026572,0.0,0.08604768386050066,0.31798189041279973,0.0,0.0,0.20711936655026572,0.0,0.0,0.1834214626711987,0.0,0.14549171006899672,0.0,0.07342605550061235,0.0,0.3135395561976574,0.0,0.07811001228743623,0.08284061492144924,0.14805355679614068,0.0,0.3451989442504429,1
C14-2016-0119,0.17660351701633858,0.06090078039247153,0.133886579776846,0.0946212055275922,0.1316717190564019,0.1510628815942852,0.16085586718264358,0.14041318501818922,0.10981613680678273,0.2731605747883178,0.15415353938336676,0.13027591964985202,0.3178979461531026,0.2595260344526671,0.1565116911888033,0.1521448420226821,0.19939758457189832,0.246217007044838,0.21859493954025977,0.09922489697131441,0.09360879001212616,0.12021061010716354,0.1015013006541192,0.1129919645907424,0.11020709140014037,0.1121233042951513,0.1013782060353942,0.01681866255702465,0.17619376389238062,0.05746335544432382,0.0332725685195727,0.1659905250065627,0.016489588199504805,0.054198892084535835,0.26696024832178883,0.05928685928671946,0.06598228266677364,0.12766439768729823,0.03158189562648631,0.20815512862088595,0.045480237892236826,0.022713670868601182,0.08594169404448068,0.145485840861385,0.059393398037162,0.054365871511441274,0.05765844985627664,0.057248747346322564,0.12008247757594868,0.0694096645636651,1
C14-2016-0121,0.0958012954091587,0.12113407340837316,0.3081537733445712,0.1037049830512133,0.13469157464018242,0.05038939183478475,0.17140109727218053,0.10259537412912473,0.23127740684949336,0.10222881927592113,0.17140109727218053,0.12274293955770735,0.15243227359686964,0.08508916490079646,0.11674049105500135,0.11841735895207642,0.050992678682074466,0.13614266384127435,0.1973014904887711,0.3552520768562293,0.2564884353228118,0.1707883447627563,0.15574380866790838,0.23796583384968079,0.16578626691458861,0.09557901852171999,0.030500967064057034,0.10035896543610455,0.15019560053413142,0.0,0.0,0.09433192955896122,0.014056477070879196,0.0,0.3686619285837771,0.07580823439180003,0.04601970588688662,0.0,0.0,0.043161306223522454,0.11630828739487076,0.02904325352736013,0.14652123960318625,0.0,0.03375309427864874,0.04634394850211529,0.0,0.0,0.10236378084392536,0.08192487301861713,1
C14-2016-0123,0.17660351701633858,0.06090078039247153,0.133886579776846,0.0946212055275922,0.1316717190564019,0.1510628815942852,0.16085586718264358,0.14041318501818922,0.10981613680678273,0.2731605747883178,0.15415353938336676,0.13027591964985202,0.3178979461531026,0.2595260344526671,0.1565116911888033,0.1521448420226821,0.19939758457189832,0.246217007044838,0.21859493954025977,0.09922489697131441,0.09360879001212616,0.12021061010716354,0.1015013006541192,0.1129919645907424,0.11020709140014037,0.1121233042951513,0.1013782060353942,0.01681866255702465,0.17619376389238062,0.05746335544432382,0.0332725685195727,0.1659905250065627,0.016489588199504805,0.054198892084535835,0.26696024832178883,0.05928685928671946,0.06598228266677364,0.12766439768729823,0.03158189562648631,0.20815512862088595,0.045480237892236826,0.022713670868601182,0.08594169404448068,0.145485840861385,0.059393398037162,0.054365871511441274,0.05765844985627664,0.057248747346322564,0.12008247757594868,0.0694096645636651,1
C14-2016-0124,0.06303185581770454,0.15939879345217856,0.31538550449602554,0.199010108107128,0.11631305284203293,0.07735788982514566,0.07894058679353214,0.039376153191492146,0.038041876417665335,0.0392354692651909,0.03947029339676607,0.0,0.1950119293852867,0.0,0.07680866703148363,0.1168679274727282,0.0,0.0783774283121897,0.34075982481217515,0.03895597582424273,0.23625691914895283,0.117987565724204,0.11954909508913393,0.1565681138724869,0.0,0.12577122029359983,0.035118856823643775,0.03301527297916779,0.03144280507339996,0.0,0.0,0.28963711400771647,0.06473859070242562,0.03989744750672888,0.37731366088079943,0.13965713410031044,0.0,0.0,0.0,0.36443725504225216,0.10043814554745065,0.0,0.16870476350603492,0.0,0.038863360720246785,0.0711473175553196,0.0,0.06742806147441785,0.20204880469160885,0.12577122029359983,1
C14-2016-0125,0.2068660615440176,0.08462485825947308,0.14460575370963819,0.20746704735294025,0.22454773846399947,0.08213864509167543,0.26669730660211993,0.16723847454381235,0.161571531630703,0.17421555065695668,0.1904980761443714,0.25724646014514524,0.1280030526237597,0.21183576031866427,0.14828269102159833,0.120330106480786,0.19647029948308906,0.2496635746612829,0.1461894739170115,0.22561894965147375,0.20524721875831517,0.4024121516180673,0.08462485825947308,0.2342530493836831,0.12529520798107743,0.006070179225529583,0.006779858050755619,0.01274750288312378,0.030350896127647915,0.0,0.0,0.0,0.056241382203195765,0.007702387126137373,0.030350896127647915,0.006740364227473773,0.06137649461317367,0.008063474488896353,0.021543405949749486,0.01918808206088099,0.07109684790554203,0.006455832558819123,0.0,0.027567310562687842,0.015005503760087741,0.0,0.007283588030927648,0.00650864986479854,0.032505381700705355,0.030350896127647915,1
C14-2016-0126,0.17660351701633858,0.06090078039247153,0.133886579776846,0.0946212055275922,0.1316717190564019,0.1510628815942852,0.16085586718264358,0.14041318501818922,0.10981613680678273,0.2731605747883178,0.15415353938336676,0.13027591964985202,0.3178979461531026,0.2595260344526671,0.1565116911888033,0.1521448420226821,0.19939758457189832,0.246217007044838,0.21859493954025977,0.09922489697131441,0.09360879001212616,0.12021061010716354,0.1015013006541192,0.1129919645907424,0.11020709140014037,0.1121233042951513,0.1013782060353942,0.01681866255702465,0.17619376389238062,0.05746335544432382,0.0332725685195727,0.1659905250065627,0.016489588199504805,0.054198892084535835,0.26696024832178883,0.05928685928671946,0.06598228266677364,0.12766439768729823,0.03158189562648631,0.20815512862088595,0.045480237892236826,0.022713670868601182,0.08594169404448068,0.145485840861385,0.059393398037162,0.054365871511441274,0.05765844985627664,0.057248747346322564,0.12008247757594868,0.0694096645636651,1
C14-2016-0131,0.018450248955199488,0.0,0.0,0.023301145057806373,0.022697568330964545,0.0,0.0,0.0,0.0,0.0,0.0,0.0,0.0,0.045884197635254184,0.0,0.0,0.0,0.0,0.0,0.0,0.0,0.0,0.0,0.0,0.04469999115156895,0.2208892912048162,0.06167849348673968,0.3285760815410779,0.3681488186746937,0.0,0.0,0.2755368625918247,0.03789966517638268,0.0,0.6074455508132446,0.10219867633171667,0.1034002234838016,0.0,0.043552692355843345,0.44609776762890896,0.11759823764722598,0.019576910679136767,0.0,0.0,0.04550325680386332,0.04165150158950488,0.04417405532313939,0.05921122762278255,0.05914232889544042,0.05522232280120405,1
C14-2016-0132,0.17660351701633858,0.06090078039247153,0.133886579776846,0.0946212055275922,0.1316717190564019,0.1510628815942852,0.16085586718264358,0.14041318501818922,0.10981613680678273,0.2731605747883178,0.15415353938336676,0.13027591964985202,0.3178979461531026,0.2595260344526671,0.1565116911888033,0.1521448420226821,0.19939758457189832,0.246217007044838,0.21859493954025977,0.09922489697131441,0.09360879001212616,0.12021061010716354,0.1015013006541192,0.1129919645907424,0.11020709140014037,0.1121233042951513,0.1013782060353942,0.01681866255702465,0.17619376389238062,0.05746335544432382,0.0332725685195727,0.1659905250065627,0.016489588199504805,0.054198892084535835,0.26696024832178883,0.05928685928671946,0.06598228266677364,0.12766439768729823,0.03158189562648631,0.20815512862088595,0.045480237892236826,0.022713670868601182,0.08594169404448068,0.145485840861385,0.059393398037162,0.054365871511441274,0.05765844985627664,0.057248747346322564,0.12008247757594868,0.0694096645636651,1
C14-2016-0134,0.037877486052075596,0.0957868921575796,0.07580935000311133,0.09567229136772462,0.046597031289914465,0.07437819762360695,0.06641244036043033,0.08518376662415114,0.054864853641202936,0.12260360712704395,0.10436240628067624,0.07764728376553205,0.01875004069470483,0.0470990407815131,0.046156331214134476,0.056183188457413276,0.028225758891930762,0.0470990407815131,0.07280763230444291,0.056183188457413276,0.056789177749434094,0.07562859242411378,0.08620820294182166,0.09408586297310254,0.9268463143437733,0.007557920642858906,0.0,0.01587179086575639,0.03778960321429453,0.0,0.03767923262521048,0.0,0.02334186453390187,0.0,0.02267376192857672,0.0,0.025473090573244338,0.010039753033400595,0.008941161180233836,0.04778178571561068,0.03218981393004415,0.032152375309071925,0.0,0.01716189405854516,0.03736641124133192,0.0,0.0,0.032415424548529734,0.04856655849498461,0.04534752385715344,1
C14-2016-0135,0.09601837008491426,0.0,0.3603273499240387,0.08084219622168355,0.0787481159494421,0.0,0.2805894715400321,0.15995442307122004,0.038633575792321594,0.11953720097519971,0.08016842044000917,0.0,0.15843609966231437,0.11939475397565304,0.07800334102053022,0.1582475720225888,0.19875419746463638,0.11939475397565304,0.03845110750620111,0.197809465028236,0.39988605767805013,0.0,0.04046951641152305,0.3577575554363455,0.1550844581593645,0.0638637263624727,0.07133018371333,0.06705757817732505,0.1915911790874181,0.0,0.07959650265043536,0.0,0.03287276399211513,0.0,0.1277274527249454,0.0,0.10762262286474558,0.0424174895960118,0.07555198022841651,0.1682298518472855,0.0,0.03396057255149633,0.0,0.14501640832286983,0.23680702425595002,0.03612696775279758,0.038314937307601715,0.10271524575578936,0.068397150236053,0.15965931590618174,1
C14-2016-0136,0.1061006685391743,0.10434426662473306,0.14746781801610337,0.11910791733859905,0.029005657080852475,0.21702581233859047,0.13287961975753693,0.2062086287247608,0.1138406665585393,0.029353126044883285,0.20670163073394635,0.12083444072595555,0.1167149999876388,0.029318147270925906,0.086193992079311,0.13114813216040855,0.10249127151482249,0.043977220906388864,0.11330299146914519,0.18943619089836788,0.48606319627979333,0.25009754016786073,0.08943794282119978,0.029283220432806425,0.08568446160975506,0.0470464423038277,0.039410063784219004,0.012349813667495917,0.02352322115191385,0.0,0.014659073635462953,0.24377111407644803,0.07264906149124258,0.0,0.3410867067027509,0.0,0.07928227501876732,0.0,0.02782840965607027,0.2602524873817519,0.16280445905781027,0.025017708927297638,0.1577658009546931,0.013353640783007974,0.10176159518153957,0.0266136256182034,0.0,0.11350074193320511,0.10077215238156088,0.02352322115191385,1
C14-2016-0137,0.9941843851194044,0.0,0.0,0.0,0.0,0.0,0.0,0.0,0.0,0.0,0.0,0.0,0.0,0.0,0.0,0.0,0.0,0.0,0.0,0.0,0.0,0.0,0.0,0.0,0.0,0.007402072326666727,0.020668664709751,0.0038861265384236964,0.0037010361633333633,0.0,0.0,0.05113844474198599,0.04191099542056643,0.0,0.037010361633333634,0.02465791947789737,0.02494782198924538,0.0,0.0,0.02729795836425963,0.015763021481130617,0.0039361720431788415,0.004964430091438106,0.004202001684285042,0.04574487012801039,0.016749065141084596,0.0,0.023810251027959674,0.0,0.011103108490000091,0
C14-2017-0003,0.16079174654067888,0.16845683862810867,0.1666538493983986,0.20886864143403155,0.1469420714494341,0.12404032901917512,0.1610994270603448,0.3386498655169251,0.23844926925166218,0.1601409838920505,0.23014203865763544,0.11772015961478151,0.2046724015254943,0.18280017283061717,0.1567486733333307,0.1817145386575383,0.1996995023829354,0.19422518363253075,0.13797852417372666,0.24985749065411517,0.2640320985386196,0.103193680266302,0.22073654716786656,0.18828810224676765,0.15582206321586084,0.02291695423937425,0.005119245772683566,0.004812608151835125,0.041250517630873645,0.0,0.05712505400956787,0.052775193500106565,0.028310667267485788,0.040710717994249995,0.0275003450872491,0.00508942529762802,0.09268670766804832,0.0,0.005422236916654895,0.01931771181455591,0.04880260905529629,0.0731187731847964,0.0,0.05203790293462207,0.05665078908418683,0.07778312797776639,0.005499595560579529,0.0540591202094376,0.08344869826052921,0.12833494374049578,1
C14-2017-0004,0.06254890701017743,0.0,0.0,0.0,0.0,0.0,0.0,0.0,0.0,0.0,0.0,0.0,0.0,0.0,0.0,0.1546299836938557,0.15536849214295745,0.0,0.0,0.0,0.0,0.0,0.0,0.0,0.0,0.3120189093532629,0.0,0.06552462124745334,0.12480756374130515,0.0,0.07777690203782636,0.6466903206389725,0.0,0.0,0.18721134561195774,0.0692935419782974,0.0,0.0,0.0,0.13150725241712918,0.5315658160145806,0.06636844676671928,0.0,0.07085064423960331,0.0,0.0,0.0,0.13382285805569613,0.06683357027555142,0.18721134561195774,1
C14-2017-0009,0.06254890701017743,0.0,0.0,0.0,0.0,0.0,0.0,0.0,0.0,0.0,0.0,0.0,0.0,0.0,0.0,0.1546299836938557,0.15536849214295745,0.0,0.0,0.0,0.0,0.0,0.0,0.0,0.0,0.3120189093532629,0.0,0.06552462124745334,0.12480756374130515,0.0,0.07777690203782636,0.6466903206389725,0.0,0.0,0.18721134561195774,0.0692935419782974,0.0,0.0,0.0,0.13150725241712918,0.5315658160145806,0.06636844676671928,0.0,0.07085064423960331,0.0,0.0,0.0,0.13382285805569613,0.06683357027555142,0.18721134561195774,1
C14-2017-0012,0.9941843851194044,0.0,0.0,0.0,0.0,0.0,0.0,0.0,0.0,0.0,0.0,0.0,0.0,0.0,0.0,0.0,0.0,0.0,0.0,0.0,0.0,0.0,0.0,0.0,0.0,0.007402072326666727,0.020668664709751,0.0038861265384236964,0.0037010361633333633,0.0,0.0,0.05113844474198599,0.04191099542056643,0.0,0.037010361633333634,0.02465791947789737,0.02494782198924538,0.0,0.0,0.02729795836425963,0.015763021481130617,0.0039361720431788415,0.004964430091438106,0.004202001684285042,0.04574487012801039,0.016749065141084596,0.0,0.023810251027959674,0.0,0.011103108490000091,0
C14-2017-0013,0.1716780419884811,0.0,0.34360254941577434,0.17345218351588446,0.16895919825999414,0.08427897852762474,0.08600327690385866,0.1715963026823673,0.0,0.2564748298483783,0.0,0.08798322586841827,0.21245933991274435,0.08538973351915687,0.08368061763465637,0.21220652847660845,0.0,0.0,0.0,0.08488261139064338,0.08579815134118365,0.0,0.21707494091828652,0.08528800835309744,0.08318594482315823,0.1027678301315806,0.0,0.17984548756334384,0.3425594337719353,0.0,0.0,0.07888762273452297,0.3526532528259888,0.0,0.3425594337719353,0.07607601908915897,0.0,0.0,0.0,0.03609480753769872,0.07294945894621598,0.03643230724678584,0.18379851328896246,0.0,0.0,0.0,0.0,0.0,0.14675052892149548,0.13702377350877412,1
C14-2017-0019,0.28519958850595567,0.36061503910327597,0.0,0.2401223961201597,0.0,0.0,0.0,0.35632974918713106,0.11475179081606682,0.3550566469638186,0.0,0.0,0.11764912898495436,0.0,0.2316902561610986,0.0,0.11807035524684803,0.11821118074771392,0.0,0.0,0.0,0.1186349161840469,0.0,0.11807035524684803,0.23032063349755286,0.09484595740860118,0.0,0.09958924362841175,0.09484595740860118,0.0,0.0,0.0,0.09764067808392861,0.24069809281337934,0.3793838296344047,0.0,0.0,0.0,0.0,0.1998746051566308,0.0,0.0,0.0,0.0,0.0,0.0,0.0,0.0,0.0,0.09484595740860118,1
C14-2017-0021,0.9704112964694942,0.0,0.0,0.0,0.0,0.0,0.0,0.0,0.0,0.0,0.0,0.0,0.0,0.0,0.0,0.0,0.0,0.0,0.0,0.0,0.0,0.0,0.0,0.0,0.0,0.029789531111585815,0.04990844211461474,0.08601812475079501,0.081921210556861,0.0,0.0,0.11147820560875982,0.015333653099239796,0.0,0.11915812444634326,0.01653923899094036,0.008366845194571766,0.0,0.0,0.09416591278232106,0.023789267962823615,0.007920533221379167,0.0,0.0,0.009204977820633321,0.05055477457098161,0.02680827009259726,0.0,0.01595208384283999,0.022342148333689364,1
C14-2017-0022,0.054319155163909914,0.0,0.02717907307808584,0.05488049584436936,0.0,0.026665978122030556,0.0680288709120246,0.04071996955607531,0.07868031404946954,0.027049656276769127,0.9387984185859396,0.05567601357066511,0.05377792857873609,0.0,0.10590662383751318,0.10742787337137938,0.026985236467594296,0.05403484488416069,0.026102901013709292,0.08057090502853453,0.027146646370716877,0.10845707239032631,0.054946234294671804,0.0,0.05264028168038822,0.05419312458481838,0.0,0.011380669107512035,0.05419312458481838,0.0,0.08105226732624103,0.0,0.06694796796644867,0.0,0.08670899933570941,0.04814110223174452,0.07306064385846789,0.0,0.0,0.022840887844972887,0.023081303431271967,0.01152722926820298,0.0,0.012305721464606212,0.0,0.0,0.01300523028791188,0.011621537351599886,0.05804007212092541,0.05419312458481838,1
C14-2017-0025,0.06303185581770454,0.15939879345217856,0.31538550449602554,0.199010108107128,0.11631305284203293,0.07735788982514566,0.07894058679353214,0.039376153191492146,0.038041876417665335,0.0392354692651909,0.03947029339676607,0.0,0.1950119293852867,0.0,0.07680866703148363,0.1168679274727282,0.0,0.0783774283121897,0.34075982481217515,0.03895597582424273,0.23625691914895283,0.117987565724204,0.11954909508913393,0.1565681138724869,0.0,0.12577122029359983,0.035118856823643775,0.03301527297916779,0.03144280507339996,0.0,0.0,0.28963711400771647,0.06473859070242562,0.03989744750672888,0.37731366088079943,0.13965713410031044,0.0,0.0,0.0,0.36443725504225216,0.10043814554745065,0.0,0.16870476350603492,0.0,0.038863360720246785,0.0711473175553196,0.0,0.06742806147441785,0.20204880469160885,0.12577122029359983,1
C14-2017-0026,0.10898273951717344,0.12861435298657103,0.16359145310613707,0.1376362253134339,0.160885190205934,0.13375260250617627,0.14558837563420718,0.27232712670670556,0.08769973752872669,0.11758679866823167,0.10919128172565538,0.1117050599556794,0.1978108999432032,0.09034359682588801,0.15051005594310785,0.1885948136903042,0.21656632824150648,0.1264810355562432,0.06982842187034426,0.17063340286265616,0.11800842157290575,0.208535110043279,0.1561745714836934,0.1443775521610043,0.11441554266822163,0.07973524476058576,0.10524951081555932,0.03805583540258465,0.19571378259416505,0.0,0.0,0.2587392300735184,0.10447145522406856,0.0,0.34068695488613915,0.10463641456051498,0.0488615179093374,0.0,0.051451790572732095,0.24440856615811676,0.15436320588177146,0.04625510175555818,0.19446153650368722,0.0,0.02687806324716808,0.07380867476504574,0.07827877406514143,0.03886127506207412,0.13197458946877702,0.02899463445839482,1
C14-2017-0027,0.011235701098692154,0.0,0.0,0.0,0.027644406756038943,0.013789378662983312,0.02814300249488649,0.014037939449393497,0.013562258230138189,0.013987784411919028,0.0,0.014395452326142486,0.0,0.02794223162163609,0.034228693307500516,0.9652259093759971,0.013954471958948288,0.006985557905409023,0.006749101507419214,0.013888142580949598,0.0,0.014021196156997736,0.021310143603027923,0.013954471958948288,0.06805270499502895,0.02241926434981674,0.025040352886921968,0.005885115297231397,0.005604816087454185,0.0,0.0,0.09035087094068706,0.02307986795713909,0.0,0.151330034361263,0.04356535502113588,0.006296793107903093,0.0,0.0,0.12992503596038668,0.02387137884779672,0.0,0.0,0.0,0.027710248989413187,0.03170579319198664,0.0,0.042067703242572245,0.04201875287737994,0.016814448262362554,1
C14-2017-0028,0.12091579540676897,0.1834675338091737,0.30250647582226636,0.12216535377466177,0.08925065028235203,0.17807739895044064,0.060573585963407096,0.15107278126089124,0.2627165148492671,0.12042642026797722,0.15143396490851774,0.15492024511566554,0.059855505758552995,0.2706365556598173,0.05893769712321783,0.11956856396570462,0.24027924012241172,0.36084874087975644,0.17431712785145756,0.08967642297427846,0.15107278126089124,0.21124963181025533,0.1834675338091737,0.15017452507650733,0.14647322640175872,0.0723811489149063,0.0,0.05066730707587864,0.0723811489149063,0.0,0.2104950988465246,0.0,0.12418987330686092,0.06122912343153179,0.0482540992766042,0.05358164767608077,0.10842321139961102,0.0,0.057085500050437284,0.050844386538004854,0.05137955763479047,0.0769797003430027,0.0,0.0,0.14910537259951342,0.05459356626363561,0.02894996728071122,0.10347932904905119,0.02583972988825394,0.1930163971064168,1
C14-2017-0029,0.10898273951717344,0.12861435298657103,0.16359145310613707,0.1376362253134339,0.160885190205934,0.13375260250617627,0.14558837563420718,0.27232712670670556,0.08769973752872669,0.11758679866823167,0.10919128172565538,0.1117050599556794,0.1978108999432032,0.09034359682588801,0.15051005594310785,0.1885948136903042,0.21656632824150648,0.1264810355562432,0.06982842187034426,0.17063340286265616,0.11800842157290575,0.208535110043279,0.1561745714836934,0.1443775521610043,0.11441554266822163,0.07973524476058576,0.10524951081555932,0.03805583540258465,0.19571378259416505,0.0,0.0,0.2587392300735184,0.10447145522406856,0.0,0.34068695488613915,0.10463641456051498,0.0488615179093374,0.0,0.051451790572732095,0.24440856615811676,0.15436320588177146,0.04625510175555818,0.19446153650368722,0.0,0.02687806324716808,0.07380867476504574,0.07827877406514143,0.03886127506207412,0.13197458946877702,0.02899463445839482,1
C14-2017-0030,0.14895961839229815,0.159372294010835,0.24366646539106288,0.4341316874963577,0.11276966423341006,0.239066454419652,0.05740179143426688,0.18611086972038157,0.16597331825817366,0.028530142922254108,0.11480358286853376,0.10276574550354263,0.12762295160462167,0.15672879672744747,0.27925781048580417,0.14163454378861667,0.45539515642421846,0.12823265186791158,0.15142363324054067,0.08498072627317,0.20042709046810325,0.07149572772211903,0.05795356145848546,0.17077318365908195,0.18044454685258804,0.01143184648254662,0.012768370344606107,0.01200355793308374,0.02286369296509324,0.017576513516287633,0.04274421728930386,0.013163134679200375,0.08238087220196069,0.014505750803010909,0.02286369296509324,0.012693992421320407,0.0385297060699465,0.0,0.013524087750870386,0.012045509710374925,0.07303378042829137,0.024316279301623944,0.0,0.07787544253156024,0.04238934527430695,0.0258674507582494,0.0,0.04903043768466872,0.07346007812676227,0.08002292537782633,1
C14-2017-0033,0.15336793582952504,0.0969615427323766,0.15073734629433314,0.06917538326713799,0.18867383370936158,0.22855986909641018,0.1783569944845856,0.109496367376103,0.17190231332216915,0.19093402389764003,0.15091745687157243,0.16842746851817078,0.3389281349877343,0.19070649657900027,0.13349243992372262,0.12186894049939714,0.1768736422966716,0.1634627113534288,0.11844720706717067,0.05416397355528762,0.1505575051421416,0.1640486537565196,0.16621978754121705,0.16326797750461994,0.23886595367298263,0.05464717628251083,0.01220722104915177,0.03442806273097011,0.043717741026008665,0.0,0.054487570451142935,0.02516927225511353,0.0675088848492656,0.013868246436873503,0.14208265833452818,0.03640833574711664,0.1841819379688392,0.014518388847268492,0.1551567107225164,0.08061290282236942,0.151285470918376,0.046495236042903856,0.0,0.3350382406147767,0.13508800625468412,0.0,0.013114193314796694,0.08203235071505777,0.0585263550854637,0.06557661153901301,1
C14-2017-0034,0.06254890701017743,0.0,0.0,0.0,0.0,0.0,0.0,0.0,0.0,0.0,0.0,0.0,0.0,0.0,0.0,0.1546299836938557,0.15536849214295745,0.0,0.0,0.0,0.0,0.0,0.0,0.0,0.0,0.3120189093532629,0.0,0.06552462124745334,0.12480756374130515,0.0,0.07777690203782636,0.6466903206389725,0.0,0.0,0.18721134561195774,0.0692935419782974,0.0,0.0,0.0,0.13150725241712918,0.5315658160145806,0.06636844676671928,0.0,0.07085064423960331,0.0,0.0,0.0,0.13382285805569613,0.06683357027555142,0.18721134561195774,1
C14-2017-0035,0.9704112964694942,0.0,0.0,0.0,0.0,0.0,0.0,0.0,0.0,0.0,0.0,0.0,0.0,0.0,0.0,0.0,0.0,0.0,0.0,0.0,0.0,0.0,0.0,0.0,0.0,0.029789531111585815,0.04990844211461474,0.08601812475079501,0.081921210556861,0.0,0.0,0.11147820560875982,0.015333653099239796,0.0,0.11915812444634326,0.01653923899094036,0.008366845194571766,0.0,0.0,0.09416591278232106,0.023789267962823615,0.007920533221379167,0.0,0.0,0.009204977820633321,0.05055477457098161,0.02680827009259726,0.0,0.01595208384283999,0.022342148333689364,1
C14-2017-0036,0.011235701098692154,0.0,0.0,0.0,0.027644406756038943,0.013789378662983312,0.02814300249488649,0.014037939449393497,0.013562258230138189,0.013987784411919028,0.0,0.014395452326142486,0.0,0.02794223162163609,0.034228693307500516,0.9652259093759971,0.013954471958948288,0.006985557905409023,0.006749101507419214,0.013888142580949598,0.0,0.014021196156997736,0.021310143603027923,0.013954471958948288,0.06805270499502895,0.02241926434981674,0.025040352886921968,0.005885115297231397,0.005604816087454185,0.0,0.0,0.09035087094068706,0.02307986795713909,0.0,0.151330034361263,0.04356535502113588,0.006296793107903093,0.0,0.0,0.12992503596038668,0.02387137884779672,0.0,0.0,0.0,0.027710248989413187,0.03170579319198664,0.0,0.042067703242572245,0.04201875287737994,0.016814448262362554,1
C14-2017-0040,0.06254890701017743,0.0,0.0,0.0,0.0,0.0,0.0,0.0,0.0,0.0,0.0,0.0,0.0,0.0,0.0,0.1546299836938557,0.15536849214295745,0.0,0.0,0.0,0.0,0.0,0.0,0.0,0.0,0.3120189093532629,0.0,0.06552462124745334,0.12480756374130515,0.0,0.07777690203782636,0.6466903206389725,0.0,0.0,0.18721134561195774,0.0692935419782974,0.0,0.0,0.0,0.13150725241712918,0.5315658160145806,0.06636844676671928,0.0,0.07085064423960331,0.0,0.0,0.0,0.13382285805569613,0.06683357027555142,0.18721134561195774,1
C14-2017-0042,0.08287861033113683,0.1531608081034249,0.25519415898390563,0.20128626888246332,0.2274438549532243,0.2347279918536941,0.14371823318097976,0.13541014934586612,0.1308217220219993,0.23016848485681438,0.10379650174181872,0.31039008732531936,0.126235111257459,0.15062034030972346,0.19421789867427663,0.23640918842523082,0.29296386886653414,0.22989420363063054,0.1378628942496974,0.13396520677429746,0.11947954354047009,0.23071827390951347,0.27407723555349717,0.10293325122337688,0.15445583323320994,0.006360485883477169,0.0,0.006678576457569059,0.019081457650431507,0.0,0.0,0.0,0.08512274250231153,0.008070754217409274,0.03180242941738585,0.007062722520289526,0.07145758763368404,0.0,0.007524573511168719,0.02010575314909048,0.06772459872519754,0.0067645831088091,0.0,0.057771437436959595,0.03930785702302511,0.014392211760416732,0.02289577809676789,0.06137933764837311,0.13623981352961512,0.09540728825215754,1
C14-2017-0044,0.9704112964694942,0.0,0.0,0.0,0.0,0.0,0.0,0.0,0.0,0.0,0.0,0.0,0.0,0.0,0.0,0.0,0.0,0.0,0.0,0.0,0.0,0.0,0.0,0.0,0.0,0.029789531111585815,0.04990844211461474,0.08601812475079501,0.081921210556861,0.0,0.0,0.11147820560875982,0.015333653099239796,0.0,0.11915812444634326,0.01653923899094036,0.008366845194571766,0.0,0.0,0.09416591278232106,0.023789267962823615,0.007920533221379167,0.0,0.0,0.009204977820633321,0.05055477457098161,0.02680827009259726,0.0,0.01595208384283999,0.022342148333689364,1
C14-2017-0050,0.9856751512899911,0.0,0.0,0.0,0.0,0.0,0.0,0.0,0.0,0.0,0.0,0.0,0.0,0.0,0.0,0.0,0.0,0.0,0.0,0.0,0.0,0.0,0.0,0.0,0.0,0.030103720437389694,0.00840580416912347,0.03160922015732558,0.06773337098412681,0.0,0.0031266455937532384,0.0462170104736028,0.025825627827348957,0.0,0.09532844805173403,0.008356838933876372,0.02536527020887013,0.0,0.011871087709365244,0.06608269302058317,0.04006695447697441,0.008004070856916656,0.03364999444484769,0.008544626315352466,0.009302062456328697,0.0028382207956050708,0.0,0.00806955481358359,0.040300825028082514,0.010034573479129897,1
C14-2017-0051,0.023556208382788685,0.016547325976919155,0.003274044074151999,0.013222022818037579,0.016099410868085102,0.01284894262597858,0.009833868331308896,0.01962082733898849,0.02527462362688506,0.02606763419381235,0.0,0.0067068410235968335,0.003239097004477031,0.022781999266072436,0.01594714770038596,0.016176213552234166,0.035757635524115476,0.042309427208420236,0.022010844040046645,0.0097057281313405,0.029431241008482736,0.009798712619978833,0.02647572156307065,0.006501388277111905,0.9733666551703105,0.0182789861196313,0.02041602506259121,0.04661187719337026,0.07572722820990109,0.0,0.006509142647449267,0.05412146068400306,0.07258214341990193,0.006626861398309687,0.1227303353746673,0.028995854647462696,0.03227043396346911,0.0,0.0030891973907683995,0.07704081930630645,0.008341256286306989,0.01388592486893208,0.0,0.0029647423459664593,0.009682653442509804,0.032497802863405104,0.012533082945040236,0.016799436267407007,0.005593296096446672,0.0339466885078867,1
C14-2017-0053,0.10898273951717344,0.12861435298657103,0.16359145310613707,0.1376362253134339,0.160885190205934,0.13375260250617627,0.14558837563420718,0.27232712670670556,0.08769973752872669,0.11758679866823167,0.10919128172565538,0.1117050599556794,0.1978108999432032,0.09034359682588801,0.15051005594310785,0.1885948136903042,0.21656632824150648,0.1264810355562432,0.06982842187034426,0.17063340286265616,0.11800842157290575,0.208535110043279,0.1561745714836934,0.1443775521610043,0.11441554266822163,0.07973524476058576,0.10524951081555932,0.03805583540258465,0.19571378259416505,0.0,0.0,0.2587392300735184,0.10447145522406856,0.0,0.34068695488613915,0.10463641456051498,0.0488615179093374,0.0,0.051451790572732095,0.24440856615811676,0.15436320588177146,0.04625510175555818,0.19446153650368722,0.0,0.02687806324716808,0.07380867476504574,0.07827877406514143,0.03886127506207412,0.13197458946877702,0.02899463445839482,1
C14-2017-0056,0.9704112964694942,0.0,0.0,0.0,0.0,0.0,0.0,0.0,0.0,0.0,0.0,0.0,0.0,0.0,0.0,0.0,0.0,0.0,0.0,0.0,0.0,0.0,0.0,0.0,0.0,0.029789531111585815,0.04990844211461474,0.08601812475079501,0.081921210556861,0.0,0.0,0.11147820560875982,0.015333653099239796,0.0,0.11915812444634326,0.01653923899094036,0.008366845194571766,0.0,0.0,0.09416591278232106,0.023789267962823615,0.007920533221379167,0.0,0.0,0.009204977820633321,0.05055477457098161,0.02680827009259726,0.0,0.01595208384283999,0.022342148333689364,1
C14-2017-0060,0.10898273951717344,0.12861435298657103,0.16359145310613707,0.1376362253134339,0.160885190205934,0.13375260250617627,0.14558837563420718,0.27232712670670556,0.08769973752872669,0.11758679866823167,0.10919128172565538,0.1117050599556794,0.1978108999432032,0.09034359682588801,0.15051005594310785,0.1885948136903042,0.21656632824150648,0.1264810355562432,0.06982842187034426,0.17063340286265616,0.11800842157290575,0.208535110043279,0.1561745714836934,0.1443775521610043,0.11441554266822163,0.07973524476058576,0.10524951081555932,0.03805583540258465,0.19571378259416505,0.0,0.0,0.2587392300735184,0.10447145522406856,0.0,0.34068695488613915,0.10463641456051498,0.0488615179093374,0.0,0.051451790572732095,0.24440856615811676,0.15436320588177146,0.04625510175555818,0.19446153650368722,0.0,0.02687806324716808,0.07380867476504574,0.07827877406514143,0.03886127506207412,0.13197458946877702,0.02899463445839482,1
C14-2017-0061,0.1716780419884811,0.0,0.34360254941577434,0.17345218351588446,0.16895919825999414,0.08427897852762474,0.08600327690385866,0.1715963026823673,0.0,0.2564748298483783,0.0,0.08798322586841827,0.21245933991274435,0.08538973351915687,0.08368061763465637,0.21220652847660845,0.0,0.0,0.0,0.08488261139064338,0.08579815134118365,0.0,0.21707494091828652,0.08528800835309744,0.08318594482315823,0.1027678301315806,0.0,0.17984548756334384,0.3425594337719353,0.0,0.0,0.07888762273452297,0.3526532528259888,0.0,0.3425594337719353,0.07607601908915897,0.0,0.0,0.0,0.03609480753769872,0.07294945894621598,0.03643230724678584,0.18379851328896246,0.0,0.0,0.0,0.0,0.0,0.14675052892149548,0.13702377350877412,1
C14-2017-0063,0.10898273951717344,0.12861435298657103,0.16359145310613707,0.1376362253134339,0.160885190205934,0.13375260250617627,0.14558837563420718,0.27232712670670556,0.08769973752872669,0.11758679866823167,0.10919128172565538,0.1117050599556794,0.1978108999432032,0.09034359682588801,0.15051005594310785,0.1885948136903042,0.21656632824150648,0.1264810355562432,0.06982842187034426,0.17063340286265616,0.11800842157290575,0.208535110043279,0.1561745714836934,0.1443775521610043,0.11441554266822163,0.07973524476058576,0.10524951081555932,0.03805583540258465,0.19571378259416505,0.0,0.0,0.2587392300735184,0.10447145522406856,0.0,0.34068695488613915,0.10463641456051498,0.0488615179093374,0.0,0.051451790572732095,0.24440856615811676,0.15436320588177146,0.04625510175555818,0.19446153650368722,0.0,0.02687806324716808,0.07380867476504574,0.07827877406514143,0.03886127506207412,0.13197458946877702,0.02899463445839482,1
C14-2017-0064,0.0041057041777708405,0.0025956886550388496,0.007703721197516213,0.010370332545970312,0.005050853316286467,0.9876162939262141,0.0,0.007694530070497045,0.002477932609028147,0.0,0.005141950729346138,0.0,0.0,0.0,0.0025015419665907605,0.005074948551516658,0.0050991863629327935,0.0,0.0024662292109600523,0.002537474275758329,0.007694530070497045,0.005123568447885366,0.0,0.0,0.01492052553298449,0.043009870866011685,0.013725215795299854,0.04731132748244866,0.06349076175458868,0.0,0.002552634145779866,0.03301564762430288,0.006325313578232472,0.0025987988896363575,0.10445254353174266,0.01364526408494445,0.025310433676412246,0.0,0.01938342093841094,0.017264246538099184,0.01962670978501778,0.013069255188645126,0.005494458661821721,0.004650629402764198,0.0025314416083956452,0.018537283101349892,0.0073724860270049115,0.006588089548604415,0.030708643406945103,0.008192356355430797,1
C14-2017-0066,0.012419818343366158,0.0,0.0,0.031370415598519524,0.0,0.030485249929277144,0.0622179204578656,0.0,0.05996627431242207,0.0,0.0311089602289328,0.9706668928570384,0.030740173600591447,0.0,0.030268811836543646,0.04605539248518463,0.0,0.06177406070180655,0.029841525318911294,0.07675898747530772,0.0,0.030997746860119964,0.0,0.0,0.0300898796217115,0.012391002046549636,0.013839663024924877,0.013010681270239072,0.012391002046549636,0.0,0.015443515175451637,0.014267548903669873,0.0637805698324226,0.0,0.06195501023274817,0.0,0.08352485619791317,0.01645989767056649,0.01465878668460053,0.0,0.07916146565962465,0.013178232713801058,0.0,0.04220467661360525,0.04594589901532948,0.0,0.0,0.0398581446108575,0.0,0.04956400818619854,1
C14-2017-0067,0.4413542169169303,0.0039649144118978396,0.003922478034487506,0.011880512196986362,0.0038575892118745798,0.015393713119101817,0.8924482146501361,0.001958899109495242,0.0,0.004879750786626923,0.007854329721893387,0.0070307566117105745,0.0019403047979624699,0.0019495743245743083,0.0038211053456079923,0.009689979869353446,0.0019472517880849772,0.00974787162287154,0.005650747667250136,0.0019379959738706895,0.007835596437980968,0.003913125393511743,0.00594737161784676,0.0,0.0,0.0007821140190965109,0.0,0.0008212278701288662,0.010949596267351152,0.0,0.00487393581143577,0.0,0.026570270291435265,0.0019848326476175696,0.0015642280381930219,0.0,0.0342683137929422,0.0010389407307562167,0.017579854154822962,0.0032963920661568287,0.01582267176359819,0.0058226254499530675,0.0,0.01953555009224863,0.011600331145095115,0.0,0.000938456031801116,0.006708871175651898,0.02010319401492415,0.06491546358501041,1
C14-2017-0074,0.09402305808059701,0.14117666901610126,0.09556071387686607,0.11874337958443318,0.1518136374599329,0.0937566891352425,0.17663057704830987,0.15418313505962017,0.14186531197247318,0.08778986651312438,0.11039411065519367,0.18822596692404409,0.13817487077668544,0.13883498131349223,0.20050377572558176,0.05084595620331179,0.14596798588218274,0.1607562941524647,0.12707574758908627,0.13074674452280177,0.10278875670641346,0.058666376448119235,0.18575877502118587,0.2335487774114924,0.10677777322404033,0.10553052041514335,0.05238592886116738,0.18468024354094595,0.35176840138381116,0.0,0.0,0.22952364536010575,0.06639115466076456,0.014878508555427421,0.4045336615913829,0.019530289477047675,0.01975990657721806,0.0,0.0,0.3026986284264506,0.07491054697506537,0.006235285138606529,0.03145658963198793,0.006656385535745671,0.02898575628785942,0.03316521604433475,0.014069524818432634,0.018858894219119154,0.11930068230034982,0.03517684013838112,1
C14-2017-0075,0.011235701098692154,0.0,0.0,0.0,0.027644406756038943,0.013789378662983312,0.02814300249488649,0.014037939449393497,0.013562258230138189,0.013987784411919028,0.0,0.014395452326142486,0.0,0.02794223162163609,0.034228693307500516,0.9652259093759971,0.013954471958948288,0.006985557905409023,0.006749101507419214,0.013888142580949598,0.0,0.014021196156997736,0.021310143603027923,0.013954471958948288,0.06805270499502895,0.02241926434981674,0.025040352886921968,0.005885115297231397,0.005604816087454185,0.0,0.0,0.09035087094068706,0.02307986795713909,0.0,0.151330034361263,0.04356535502113588,0.006296793107903093,0.0,0.0,0.12992503596038668,0.02387137884779672,0.0,0.0,0.0,0.027710248989413187,0.03170579319198664,0.0,0.042067703242572245,0.04201875287737994,0.016814448262362554,1
C14-2017-0076,0.1021551338289353,0.17222408009448026,0.17038077017583345,0.19352028237078395,0.1326534026883551,0.15323391347690438,0.09950753864707827,0.1559960351771935,0.16441096018875215,0.19783105917130686,0.09950753864707827,0.12361231835811805,0.08428106491510388,0.1481964847290602,0.07607299439515548,0.14731635882074878,0.14097136914604183,0.11291160741261728,0.20454304888184563,0.07716571176324935,0.6381655984521551,0.1912213342022665,0.19375209010629027,0.0916313899449272,0.24749441535063435,0.0056621174916870656,0.0,0.017835847106368447,0.06794540990024478,0.0,0.02822790185315432,0.0,0.023315827321874327,0.02155380554064753,0.022648469966748262,0.025148999905775533,0.0763340281104289,0.015042830944870246,0.053587125355627235,0.0,0.01205771515209448,0.03010922832472344,0.0,0.05785678271712479,0.006998386880756093,0.006405988115185507,0.0,0.01821333714089503,0.05457643180442475,0.11890446732542838,1
C14-2017-0079,0.0041057041777708405,0.0025956886550388496,0.007703721197516213,0.010370332545970312,0.005050853316286467,0.9876162939262141,0.0,0.007694530070497045,0.002477932609028147,0.0,0.005141950729346138,0.0,0.0,0.0,0.0025015419665907605,0.005074948551516658,0.0050991863629327935,0.0,0.0024662292109600523,0.002537474275758329,0.007694530070497045,0.005123568447885366,0.0,0.0,0.01492052553298449,0.043009870866011685,0.013725215795299854,0.04731132748244866,0.06349076175458868,0.0,0.002552634145779866,0.03301564762430288,0.006325313578232472,0.0025987988896363575,0.10445254353174266,0.01364526408494445,0.025310433676412246,0.0,0.01938342093841094,0.017264246538099184,0.01962670978501778,0.013069255188645126,0.005494458661821721,0.004650629402764198,0.0025314416083956452,0.018537283101349892,0.0073724860270049115,0.006588089548604415,0.030708643406945103,0.008192356355430797,1
C14-2017-0081,0.0041057041777708405,0.0025956886550388496,0.007703721197516213,0.010370332545970312,0.005050853316286467,0.9876162939262141,0.0,0.007694530070497045,0.002477932609028147,0.0,0.005141950729346138,0.0,0.0,0.0,0.0025015419665907605,0.005074948551516658,0.0050991863629327935,0.0,0.0024662292109600523,0.002537474275758329,0.007694530070497045,0.005123568447885366,0.0,0.0,0.01492052553298449,0.043009870866011685,0.013725215795299854,0.04731132748244866,0.06349076175458868,0.0,0.002552634145779866,0.03301564762430288,0.006325313578232472,0.0025987988896363575,0.10445254353174266,0.01364526408494445,0.025310433676412246,0.0,0.01938342093841094,0.017264246538099184,0.01962670978501778,0.013069255188645126,0.005494458661821721,0.004650629402764198,0.0025314416083956452,0.018537283101349892,0.0073724860270049115,0.006588089548604415,0.030708643406945103,0.008192356355430797,1
C14-2017-0084,0.06005017728559452,0.17716830051557358,0.11267490389938699,0.2780742389228913,0.11081094397717138,0.23337867238013071,0.22561907009482207,0.12504497127147746,0.08456544052026674,0.12459820803797554,0.0877407494813197,0.17952139633258316,0.12385801624140062,0.03733491902053416,0.19513409581975244,0.09896850724051562,0.21131250334565424,0.12444973006844717,0.09618975287886518,0.19793701448103124,0.1375494683986252,0.13738541077630947,0.11389390747429733,0.07458088353376031,0.1091140721122806,0.14977712416359723,0.11152527828819264,0.15726754113548203,0.24962854027266204,0.0,0.0,0.24144402606650295,0.09251426437792391,0.0,0.25961368188356854,0.03326268738689941,0.04487167457125328,0.013264012750881743,0.023625217773338106,0.294592074139871,0.15947831373298135,0.010619522080171492,0.14733060911080031,0.0566835610558643,0.07404991240982373,0.06778174269448353,0.059905692420449956,0.04282561564079737,0.14971524176626338,0.04992570805453241,1
C14-2017-0085,0.0041057041777708405,0.0025956886550388496,0.007703721197516213,0.010370332545970312,0.005050853316286467,0.9876162939262141,0.0,0.007694530070497045,0.002477932609028147,0.0,0.005141950729346138,0.0,0.0,0.0,0.0025015419665907605,0.005074948551516658,0.0050991863629327935,0.0,0.0024662292109600523,0.002537474275758329,0.007694530070497045,0.005123568447885366,0.0,0.0,0.01492052553298449,0.043009870866011685,0.013725215795299854,0.04731132748244866,0.06349076175458868,0.0,0.002552634145779866,0.03301564762430288,0.006325313578232472,0.0025987988896363575,0.10445254353174266,0.01364526408494445,0.025310433676412246,0.0,0.01938342093841094,0.017264246538099184,0.01962670978501778,0.013069255188645126,0.005494458661821721,0.004650629402764198,0.0025314416083956452,0.018537283101349892,0.0073724860270049115,0.006588089548604415,0.030708643406945103,0.008192356355430797,1
C14-2017-0086,0.9856751512899911,0.0,0.0,0.0,0.0,0.0,0.0,0.0,0.0,0.0,0.0,0.0,0.0,0.0,0.0,0.0,0.0,0.0,0.0,0.0,0.0,0.0,0.0,0.0,0.0,0.030103720437389694,0.00840580416912347,0.03160922015732558,0.06773337098412681,0.0,0.0031266455937532384,0.0462170104736028,0.025825627827348957,0.0,0.09532844805173403,0.008356838933876372,0.02536527020887013,0.0,0.011871087709365244,0.06608269302058317,0.04006695447697441,0.008004070856916656,0.03364999444484769,0.008544626315352466,0.009302062456328697,0.0028382207956050708,0.0,0.00806955481358359,0.040300825028082514,0.010034573479129897,1
C14-2017-0087,0.0041057041777708405,0.0025956886550388496,0.007703721197516213,0.010370332545970312,0.005050853316286467,0.9876162939262141,0.0,0.007694530070497045,0.002477932609028147,0.0,0.005141950729346138,0.0,0.0,0.0,0.0025015419665907605,0.005074948551516658,0.0050991863629327935,0.0,0.0024662292109600523,0.002537474275758329,0.007694530070497045,0.005123568447885366,0.0,0.0,0.01492052553298449,0.043009870866011685,0.013725215795299854,0.04731132748244866,0.06349076175458868,0.0,0.002552634145779866,0.03301564762430288,0.006325313578232472,0.0025987988896363575,0.10445254353174266,0.01364526408494445,0.025310433676412246,0.0,0.01938342093841094,0.017264246538099184,0.01962670978501778,0.013069255188645126,0.005494458661821721,0.004650629402764198,0.0025314416083956452,0.018537283101349892,0.0073724860270049115,0.006588089548604415,0.030708643406945103,0.008192356355430797,1
C14-2017-0089,0.5671298708062628,0.0,0.20269177284430367,0.20463952109975878,0.0,0.0,0.0,0.0,0.0,0.201726628785882,0.0,0.0,0.3007923684207753,0.0,0.1974533980602197,0.2002896313275577,0.201246208968384,0.20148624041502514,0.0,0.4005792626551154,0.20244994609821723,0.0,0.0,0.201246208968384,0.0,0.08083057480665687,0.0,0.08487294584802942,0.08083057480665687,0.0,0.0,0.0,0.0,0.0,0.16166114961331374,0.0,0.0,0.0,0.09562407860422933,0.0,0.0,0.0,0.0,0.0,0.0,0.0,0.0,0.0,0.0,0.08083057480665687,1
C14-2017-0092,0.24604195198414266,0.414803909082803,0.0,0.20715381591541068,0.20178784691033258,0.20130864483296157,0.0,0.0,0.39598590943228523,0.0,0.20542730141223592,0.0,0.0,0.3059426888714863,0.0,0.0,0.0,0.0,0.0,0.0,0.409874677586551,0.0,0.2074019545414015,0.0,0.0,0.08182369624327063,0.0,0.08591573370536992,0.08182369624327063,0.0,0.0,0.0942154301358517,0.08423470438605986,0.0,0.24547108872981185,0.09085753395851418,0.0,0.0,0.0,0.0,0.08712348546646762,0.0,0.0,0.0,0.0,0.0,0.0,0.0,0.0,0.16364739248654125,1
C14-2017-0094,0.09402305808059701,0.14117666901610126,0.09556071387686607,0.11874337958443318,0.1518136374599329,0.0937566891352425,0.17663057704830987,0.15418313505962017,0.14186531197247318,0.08778986651312438,0.11039411065519367,0.18822596692404409,0.13817487077668544,0.13883498131349223,0.20050377572558176,0.05084595620331179,0.14596798588218274,0.1607562941524647,0.12707574758908627,0.13074674452280177,0.10278875670641346,0.058666376448119235,0.18575877502118587,0.2335487774114924,0.10677777322404033,0.10553052041514335,0.05238592886116738,0.18468024354094595,0.35176840138381116,0.0,0.0,0.22952364536010575,0.06639115466076456,0.014878508555427421,0.4045336615913829,0.019530289477047675,0.01975990657721806,0.0,0.0,0.3026986284264506,0.07491054697506537,0.006235285138606529,0.03145658963198793,0.006656385535745671,0.02898575628785942,0.03316521604433475,0.014069524818432634,0.018858894219119154,0.11930068230034982,0.03517684013838112,1
C14-2017-0096,0.09402305808059701,0.14117666901610126,0.09556071387686607,0.11874337958443318,0.1518136374599329,0.0937566891352425,0.17663057704830987,0.15418313505962017,0.14186531197247318,0.08778986651312438,0.11039411065519367,0.18822596692404409,0.13817487077668544,0.13883498131349223,0.20050377572558176,0.05084595620331179,0.14596798588218274,0.1607562941524647,0.12707574758908627,0.13074674452280177,0.10278875670641346,0.058666376448119235,0.18575877502118587,0.2335487774114924,0.10677777322404033,0.10553052041514335,0.05238592886116738,0.18468024354094595,0.35176840138381116,0.0,0.0,0.22952364536010575,0.06639115466076456,0.014878508555427421,0.4045336615913829,0.019530289477047675,0.01975990657721806,0.0,0.0,0.3026986284264506,0.07491054697506537,0.006235285138606529,0.03145658963198793,0.006656385535745671,0.02898575628785942,0.03316521604433475,0.014069524818432634,0.018858894219119154,0.11930068230034982,0.03517684013838112,1
C14-2017-0098,0.12227152870330506,0.16369818559033036,0.17094313521900578,0.1725857978132128,0.2654451391778542,0.13240738246524816,0.18916290358642426,0.05391763800611178,0.42540670693720317,0.07163333328686096,0.15313187433186726,0.1290118475429353,0.14241557238071248,0.21464391338764405,0.15776078549098765,0.05334229050897208,0.23225389107610417,0.14309594225842936,0.15553377185677536,0.17780763502990693,0.17073918701935398,0.13463332377430076,0.13641515465860862,0.08932841964465545,0.1306901602790862,0.007175755054925882,0.0,0.015069235166326956,0.09328481571403646,0.0,0.08943496391151834,0.0,0.10342073103149929,0.0,0.04305453032955529,0.023904007219712756,0.22572709604155547,0.0,0.22071535608294188,0.07560950658788658,0.17573229832762782,0.061053186598337805,0.0,0.17108809625702925,0.05321547294944899,0.0,0.025830494466018136,0.007694085369282671,0.0307405298440139,0.1650423662632953,1
C14-2017-0100,0.038333572830571254,0.09694027216295269,0.05993920182037652,0.08472125502135641,0.1178952775657126,0.058807651011573855,0.19203462718214453,0.07184122773661802,0.10411028829907176,0.011930758654549865,0.036006492596652104,0.2332910334476418,0.15417847168269125,0.14299849580032326,0.07006815665207158,0.09476616019451764,0.13092579597325968,0.13108195448362964,0.23026348948147757,0.05922885012157353,0.14368245547323605,0.15547033984246222,0.12117534020369085,0.07141407053086891,0.13930790612868715,0.11473389535899534,0.19222155439974817,0.2108256250101188,0.2772735804509054,0.0,0.035749623950080814,0.2752285248321978,0.08858597388975449,0.0,0.4206909496496496,0.05308384201024296,0.07519112628416988,0.012700803439597631,0.011311028298616075,0.32238087469442667,0.03054132642425923,0.020337203393258046,0.08977483247118839,0.01085533888949414,0.10635846782197252,0.10817271853356114,0.1606136263722108,0.0,0.11263851847142985,0.04780578973291472,1
C14-2017-0104,0.20313077538710822,0.0,0.0,0.0,0.0,0.0,0.0,0.0,0.0,0.0,0.0,0.0,0.0,0.0,0.0,0.0,0.0,0.0,0.4880693106113141,0.0,0.0,0.0,0.0,0.0,0.0,0.20265947407220197,0.0,0.2127945596039925,0.20265947407220197,0.0,0.0,0.0,0.0,0.0,0.6079784222166059,0.0,0.0,0.0,0.0,0.42707652986123434,0.0,0.0,0.0,0.0,0.0,0.0,0.0,0.0,0.0,0.20265947407220197,1
C14-2017-0105,0.001988331306645978,0.0,0.002487198195724251,0.0,0.0,0.0,0.0,0.0,0.0,0.0,0.0,0.0025474982185785017,0.0049212998010099976,0.0,0.0,0.0,0.0,0.0,0.9984833122637986,0.0,0.0,0.0,0.0,0.0,0.0,0.005951154020629141,0.0,0.0020829245787017973,0.015869744055011042,0.0,0.0,0.0,0.006126510078366631,0.0,0.007934872027505521,0.004405465273483287,0.02228630106469048,0.0,0.018774203407253262,0.004180408571958373,0.0168976406470641,0.0021097484638422726,0.0,0.0022522304668683955,0.01961503072986471,0.01795465953447496,0.0071407700801585025,0.019143081137798133,0.0063736020243573875,0.015869744055011042,0
C14-2017-0106,0.9559510092819309,0.0,0.0,0.0,0.0,0.0,0.0,0.0,0.0,0.0,0.0,0.0,0.0,0.0,0.0,0.0,0.0,0.0,0.0,0.0,0.0,0.0,0.0,0.0,0.0,0.030765581435625185,0.040089533620816686,0.107680603674816,0.164083100990001,0.0,0.006390776172335121,0.07084970788215615,0.026393430596093698,0.013012708498032662,0.15382790717812594,0.028468575204771848,0.011521311798146167,0.0,0.0,0.01620854122271242,0.027298578225075806,0.016360097036985113,0.07565761256718415,0.017464977280047898,0.031688592623699344,0.017403731847911934,0.03691551968788856,0.016493944413474917,0.06040742366461027,0.025637984529687657,1
C14-2017-0109,0.14076169523751084,0.0,0.05030811992974217,0.30474930754371743,0.04947588208381696,0.049358387666599335,0.12592057818507896,0.1256202462630587,0.19418168598261176,0.10013714214023105,0.05036823127403158,0.15458339362102916,0.14931339671183724,0.05000890665048429,0.2205357963394279,0.19884763258251392,0.49949330819481974,0.1500267199514529,0.048316139072847306,0.19884763258251392,0.10049619701044696,0.20075266692743068,0.2542619588830677,0.049949330819481975,0.2923094834364627,0.10031078702160483,0.0,0.021065474333746115,0.10031078702160483,0.0,0.1500267199514529,0.0,0.12391984052702061,0.0,0.16049725923456773,0.08910857032049857,0.15777338052032827,0.0,0.0,0.04227819402469533,0.042723200229055736,0.02133675533438139,0.0,0.0227777345270309,0.0,0.0,0.02407251649673495,0.021511318401938723,0.10743143817309467,0.10031078702160483,1
C14-2017-0110,0.026341306683166834,0.06661349961508256,0.06590053703465307,0.0,0.0,0.09698466944111948,0.03298963959575363,0.0658219126671575,0.09538726605978086,0.0,0.0,0.0,0.0,0.06550858607686472,0.032098700378630815,0.06511953633706485,0.0,0.0,0.0632911648614244,0.0,0.0,0.0,0.09992024942262386,0.13086109081883474,0.0,0.13140094967421584,0.029352668296147143,0.027594473286266658,0.0788405698045295,0.0,0.0,0.3933822799720796,0.18938191409156196,0.06669331797494699,0.3942028490226475,0.029181684023930784,0.3838220401102404,0.0,0.0,0.1938364012093458,0.13991189905654142,0.027949834680294692,0.14100501585344036,0.29837428627036916,0.38978831520287266,0.05946559202792591,0.0,0.19724951079341788,0.08443713833750117,0.18396132954390215,1
C14-2017-0111,0.18052339829347633,0.03511681209515155,0.12159335214119674,0.07014959569094073,0.11958185599293798,0.0340851071985319,0.12173863961892538,0.0693990182840563,0.10057110699324724,0.19016543713934475,0.08695617115637527,0.07116644595816274,0.06874026717237969,0.1726716597366289,0.06768622193449376,0.17164617791333747,0.1379727641816041,0.10360299584197735,0.0333653682296353,0.06865847116533498,0.1387980365681126,0.13863248975701575,0.1404672483806062,0.06898638209080205,0.06728609900698139,0.08312517706766666,0.12379138078657258,0.232752805688437,0.3463549044486111,0.0,0.0,0.28714203850916153,0.07131211208584383,0.0,0.38791749298244443,0.030767568748375333,0.07782325561412191,0.0,0.0,0.35034939598739684,0.029503088097367704,0.029468774294399227,0.2415854397852931,0.0,0.08561905057383276,0.04702294655223605,0.033247208594898166,0.044564802156695935,0.20772708200679127,0.027708392355888886,1
C14-2017-0114,0.11719319040004403,0.09878842429878895,0.09773109432345944,0.2960106973005365,0.1922286941123086,0.2876582894034827,0.09784786965648445,0.048807246836560965,0.0,0.09726573461158898,0.04892393482824223,0.200201004581577,0.24171978728582866,0.09714982749697453,0.19041065554381464,0.0,0.33961932367686504,0.0,0.18772274343260373,0.3380050212108103,0.19522898734624386,0.09749806718364139,0.1975768485975779,0.0,0.094642527347033,0.07794752021550375,0.0,0.0409228542421165,0.11692128032325562,0.0,0.04857491374848726,0.044876114636111034,0.08024431337663235,0.0,0.19486880053875935,0.0,0.0875710104332898,0.0,0.04610668560702993,0.08213175475099083,0.08299624627628753,0.12434957524072739,0.0,0.22124588681159488,0.14451490197736455,0.0,0.0,0.16715589377602222,0.0,0.1558950404310075,1
C14-2017-0115,0.18052339829347633,0.03511681209515155,0.12159335214119674,0.07014959569094073,0.11958185599293798,0.0340851071985319,0.12173863961892538,0.0693990182840563,0.10057110699324724,0.19016543713934475,0.08695617115637527,0.07116644595816274,0.06874026717237969,0.1726716597366289,0.06768622193449376,0.17164617791333747,0.1379727641816041,0.10360299584197735,0.0333653682296353,0.06865847116533498,0.1387980365681126,0.13863248975701575,0.1404672483806062,0.06898638209080205,0.06728609900698139,0.08312517706766666,0.12379138078657258,0.232752805688437,0.3463549044486111,0.0,0.0,0.28714203850916153,0.07131211208584383,0.0,0.38791749298244443,0.030767568748375333,0.07782325561412191,0.0,0.0,0.35034939598739684,0.029503088097367704,0.029468774294399227,0.2415854397852931,0.0,0.08561905057383276,0.04702294655223605,0.033247208594898166,0.044564802156695935,0.20772708200679127,0.027708392355888886,1
C14-2017-0116,0.08988086160221535,0.0,0.22486344811848244,0.0,0.11057178701576999,0.0,0.225132129281023,0.0,0.2169846713238835,0.0,0.0,0.23031507279557487,0.22246326094605243,0.0,0.0,0.0,0.0,0.0,0.0,0.0,0.0,0.0,0.0,0.0,0.0,0.08967232122630578,0.0,0.09415687172473947,0.08967232122630578,0.0,0.0,0.10325268477848175,0.09231459610003731,0.0,0.3586892849052231,0.0,0.0,0.0,0.0,0.28345783449745193,0.5728828347140569,0.0,0.3608491921332883,0.0,0.0,0.0,0.0,0.09614967198515413,0.0,0.08967232122630578,1
C14-2017-0118,0.9856751512899911,0.0,0.0,0.0,0.0,0.0,0.0,0.0,0.0,0.0,0.0,0.0,0.0,0.0,0.0,0.0,0.0,0.0,0.0,0.0,0.0,0.0,0.0,0.0,0.0,0.030103720437389694,0.00840580416912347,0.03160922015732558,0.06773337098412681,0.0,0.0031266455937532384,0.0462170104736028,0.025825627827348957,0.0,0.09532844805173403,0.008356838933876372,0.02536527020887013,0.0,0.011871087709365244,0.06608269302058317,0.04006695447697441,0.008004070856916656,0.03364999444484769,0.008544626315352466,0.009302062456328697,0.0028382207956050708,0.0,0.00806955481358359,0.040300825028082514,0.010034573479129897,1
C14-2017-0123,0.997806039054617,0.0,0.0,0.0,0.0,0.0,0.0,0.0,0.0,0.0,0.0,0.0,0.0,0.0,0.0,0.0,0.0,0.0,0.0,0.0,0.0,0.0,0.0,0.0,0.0,0.00108205537260371,0.0,0.002272338833745387,0.01623083058905565,0.0,0.004045856462142446,0.0,0.008911512789119936,0.0,0.00432822149041484,0.0012015209196739238,0.018234707543299696,0.0028747506682727454,0.0166411921141137,0.005700701333664971,0.038020653127257,0.0023016019940632786,0.0,0.03194153089440754,0.00802453372082019,0.0012242122963800712,0.0025967093451049633,0.004640864325706785,0.012747526476925517,0.02488727356988533,0
C14-2017-0130,0.02095136930338564,0.0,0.05241602116825839,0.0529197081820712,0.02577445635262578,0.05142649529294055,0.05247865116713583,0.07853022728516097,0.0,0.0,0.026239325583567914,0.05368680340017235,0.0,0.0,0.0,0.025897414108445822,0.026021099429184392,0.05210427090604807,0.0,0.051794828216891645,0.052353484856773984,0.07843656292921464,0.05298309790829037,0.0,0.025379766548100365,0.10451379107929314,0.07003964544082633,0.021948113945404177,0.04180551643171725,0.0,0.026052135453024036,0.43323051929356327,0.08607470647286691,0.0,0.5225689553964658,0.0,0.11741718355790676,0.0,0.04945670618969426,0.4404964280217582,0.2670797681220448,0.044461523143014284,0.28038170204584617,0.023732117534926538,0.18085091374203613,0.04729778952908635,0.0,0.20171374920371635,0.17909247398730946,0.04180551643171725,1
C14-2017-0132,0.09402305808059701,0.14117666901610126,0.09556071387686607,0.11874337958443318,0.1518136374599329,0.0937566891352425,0.17663057704830987,0.15418313505962017,0.14186531197247318,0.08778986651312438,0.11039411065519367,0.18822596692404409,0.13817487077668544,0.13883498131349223,0.20050377572558176,0.05084595620331179,0.14596798588218274,0.1607562941524647,0.12707574758908627,0.13074674452280177,0.10278875670641346,0.058666376448119235,0.18575877502118587,0.2335487774114924,0.10677777322404033,0.10553052041514335,0.05238592886116738,0.18468024354094595,0.35176840138381116,0.0,0.0,0.22952364536010575,0.06639115466076456,0.014878508555427421,0.4045336615913829,0.019530289477047675,0.01975990657721806,0.0,0.0,0.3026986284264506,0.07491054697506537,0.006235285138606529,0.03145658963198793,0.006656385535745671,0.02898575628785942,0.03316521604433475,0.014069524818432634,0.018858894219119154,0.11930068230034982,0.03517684013838112,1
C14-2017-0133,0.00374197910922754,0.9794147587043144,0.03276582006459343,0.01890324585627235,0.018413589265048616,0.013777395758272117,0.07029636589771557,0.009350493697691217,0.02258412115334471,0.0,0.032804970752267265,0.004794314248763382,0.009261736705584106,0.013958974977386622,0.00455985983136317,0.02312678975143621,0.009294897059296843,0.027917949954773244,0.044954910467952025,0.009250715900574484,0.009350493697691217,0.0,0.0189258890570882,0.009294897059296843,0.01813161800450279,0.04479956423068027,0.01250929646946389,0.003920000773284846,0.07093264336524376,0.0,0.0,0.060181570974670855,0.05380622720960264,0.004737141660986837,0.05973275230757369,0.06218213847725113,0.012582642449064806,0.0,0.0,0.0354033086508663,0.047701269465405684,0.003970482510150566,0.030046221508653586,0.0,0.0,0.012671296403181768,0.0,0.016011865374403987,0.02398985073157345,0.02613307913456349,1
C14-2017-0134,0.16514521199873577,0.20881463186753255,0.0,0.2085648030944481,0.10158114242725683,0.0,0.0,0.20633322887748923,0.0,0.10279801864646736,0.10341326438988249,0.21158804469221948,0.10218733369919203,0.0,0.0,0.0,0.4102128046569656,0.20535103792543957,0.19840004454612478,0.0,0.10316661443874461,0.2060871316782164,0.0,0.2051064023284828,0.30007682550756887,0.08238102214060215,0.09201237977297287,0.08650093170522416,0.08238102214060215,0.0,0.10267551896271979,0.09485715987373625,0.08480845238772482,0.0,0.4119051107030108,0.0,0.0,0.1094328924599417,0.0,0.08680324772207579,0.0,0.0,0.0,0.09353196740346291,0.0,0.09320397351773961,0.0,0.17666339285743798,0.0,0.1647620442812043,1
C14-2017-0137,0.09402305808059701,0.14117666901610126,0.09556071387686607,0.11874337958443318,0.1518136374599329,0.0937566891352425,0.17663057704830987,0.15418313505962017,0.14186531197247318,0.08778986651312438,0.11039411065519367,0.18822596692404409,0.13817487077668544,0.13883498131349223,0.20050377572558176,0.05084595620331179,0.14596798588218274,0.1607562941524647,0.12707574758908627,0.13074674452280177,0.10278875670641346,0.058666376448119235,0.18575877502118587,0.2335487774114924,0.10677777322404033,0.10553052041514335,0.05238592886116738,0.18468024354094595,0.35176840138381116,0.0,0.0,0.22952364536010575,0.06639115466076456,0.014878508555427421,0.4045336615913829,0.019530289477047675,0.01975990657721806,0.0,0.0,0.3026986284264506,0.07491054697506537,0.006235285138606529,0.03145658963198793,0.006656385535745671,0.02898575628785942,0.03316521604433475,0.014069524818432634,0.018858894219119154,0.11930068230034982,0.03517684013838112,1
C14-2017-0138,0.06952051518504096,0.2009230973660291,0.08696302238771775,0.16305470198567473,0.1710488186525681,0.29253019723825,0.1119431974408743,0.17371853773715018,0.11988001091341623,0.21019027385788663,0.13681946353884636,0.12724481075921384,0.13519751319789486,0.061746999926294864,0.09681776725086479,0.11048452184934685,0.1110121928154271,0.08644579989681281,0.11931381170242256,0.23324510168195442,0.16131007075592516,0.08675567032113929,0.07534616151226091,0.1110121928154271,0.16842951123150557,0.1189015107655597,0.11066880332249111,0.15605978165738496,0.24771148076158273,0.0,0.0,0.250998859833167,0.030601262440574928,0.012572740603045258,0.30716223614436255,0.044009655507705706,0.10018592070983298,0.0,0.011721892199418011,0.3132104040872641,0.13715309945812423,0.01053796788054082,0.0,0.0787475517026673,0.12246872515236301,0.06726120271789247,0.03566738264617261,0.06374509493177984,0.14856548129469208,0.06935921461324317,1
C14-2017-0139,0.06005017728559452,0.17716830051557358,0.11267490389938699,0.2780742389228913,0.11081094397717138,0.23337867238013071,0.22561907009482207,0.12504497127147746,0.08456544052026674,0.12459820803797554,0.0877407494813197,0.17952139633258316,0.12385801624140062,0.03733491902053416,0.19513409581975244,0.09896850724051562,0.21131250334565424,0.12444973006844717,0.09618975287886518,0.19793701448103124,0.1375494683986252,0.13738541077630947,0.11389390747429733,0.07458088353376031,0.1091140721122806,0.14977712416359723,0.11152527828819264,0.15726754113548203,0.24962854027266204,0.0,0.0,0.24144402606650295,0.09251426437792391,0.0,0.25961368188356854,0.03326268738689941,0.04487167457125328,0.013264012750881743,0.023625217773338106,0.294592074139871,0.15947831373298135,0.010619522080171492,0.14733060911080031,0.0566835610558643,0.07404991240982373,0.06778174269448353,0.059905692420449956,0.04282561564079737,0.14971524176626338,0.04992570805453241,1
C14-2017-0143,0.06627744067165323,0.0,0.2487188080348035,0.16740589928084795,0.08153476639253471,0.08134113912492913,0.08300533103333199,0.04140367792080804,0.16000279062714726,0.3300460001011425,0.08300533103333199,0.21229065483029327,0.20505332442500593,0.08241317485528991,0.20190909049904734,0.08192373024728218,0.4115749783834581,0.16482634971057983,0.0796235447731891,0.16384746049456436,0.20701838960404023,0.20677147520175662,0.20950803246841093,0.24694498703007486,0.12042931041602455,0.03306183231903634,0.0,0.06943053691656056,0.09918549695710902,0.0,0.12361976228293488,0.0,0.0,0.0839036285945712,0.09918549695710902,0.03671206130466876,0.07428736808943777,0.0,0.15645105877510163,0.03483659641946348,0.1408130993729948,0.14064932556967905,0.0,0.1501480871400249,0.0,0.11221616570812143,0.0,0.035450006080259375,0.0,0.09918549695710902,1
C14-2017-0146,0.0958012954091587,0.12113407340837316,0.3081537733445712,0.1037049830512133,0.13469157464018242,0.05038939183478475,0.17140109727218053,0.10259537412912473,0.23127740684949336,0.10222881927592113,0.17140109727218053,0.12274293955770735,0.15243227359686964,0.08508916490079646,0.11674049105500135,0.11841735895207642,0.050992678682074466,0.13614266384127435,0.1973014904887711,0.3552520768562293,0.2564884353228118,0.1707883447627563,0.15574380866790838,0.23796583384968079,0.16578626691458861,0.09557901852171999,0.030500967064057034,0.10035896543610455,0.15019560053413142,0.0,0.0,0.09433192955896122,0.014056477070879196,0.0,0.3686619285837771,0.07580823439180003,0.04601970588688662,0.0,0.0,0.043161306223522454,0.11630828739487076,0.02904325352736013,0.14652123960318625,0.0,0.03375309427864874,0.04634394850211529,0.0,0.0,0.10236378084392536,0.08192487301861713,1
C14-2017-0148,0.008953064689286729,0.003773509153051567,0.0,0.0301519557874878,0.014685460201653176,0.0036626463600368257,0.0,0.0037286674826590535,0.010806960260038637,0.007430691246274187,0.0,0.9750250790680441,0.0073865482622780055,0.022265509297026514,0.0,0.007377758797550115,0.0,0.003710918216171085,0.0035853061510343633,0.007377758797550115,0.0037286674826590535,0.0,0.022641054918309405,0.0037064973829372136,0.021690867877300908,0.032751736996166396,0.02327870302128469,0.05314766430402013,0.08634548844443869,0.0,0.0,0.05485352942019377,0.015325816418086778,0.0,0.11314236416857483,0.013224628929818764,0.003345027636158423,0.003955144499686801,0.007044712025318993,0.09411778672721975,0.01902168784746974,0.006333188173677034,0.07987625947048496,0.0033804502294052644,0.0036801093463782837,0.020211574870466795,0.017863045997216897,0.01596250521322638,0.03507664841077642,0.011909722544060508,1
C14-2017-0149,0.9718366244449514,0.0,0.0,0.0,0.0,0.0,0.0,0.007270762828114383,0.0,0.0,0.0,0.0,0.0,0.0,0.0,0.0,0.0,0.0,0.0,0.0,0.0,0.0,0.0,0.0,0.0,0.029029394672905516,0.07781589354880634,0.0670585672009558,0.09869994188787876,0.0,0.0,0.07353660942707027,0.06574649765660077,0.0,0.10740876028975041,0.019340650692046005,0.0293520573210066,0.0,0.0,0.01835261815067137,0.05254640982634057,0.0030873703119664252,0.038938933339307764,0.0,0.010764114404200761,0.07225500116963449,0.03134904742612152,0.02178840378268307,0.018654043368234664,0.008708818401871654,1
C14-2017-0151,0.09402305808059701,0.14117666901610126,0.09556071387686607,0.11874337958443318,0.1518136374599329,0.0937566891352425,0.17663057704830987,0.15418313505962017,0.14186531197247318,0.08778986651312438,0.11039411065519367,0.18822596692404409,0.13817487077668544,0.13883498131349223,0.20050377572558176,0.05084595620331179,0.14596798588218274,0.1607562941524647,0.12707574758908627,0.13074674452280177,0.10278875670641346,0.058666376448119235,0.18575877502118587,0.2335487774114924,0.10677777322404033,0.10553052041514335,0.05238592886116738,0.18468024354094595,0.35176840138381116,0.0,0.0,0.22952364536010575,0.06639115466076456,0.014878508555427421,0.4045336615913829,0.019530289477047675,0.01975990657721806,0.0,0.0,0.3026986284264506,0.07491054697506537,0.006235285138606529,0.03145658963198793,0.006656385535745671,0.02898575628785942,0.03316521604433475,0.014069524818432634,0.018858894219119154,0.11930068230034982,0.03517684013838112,1
C14-2017-0152,0.0958012954091587,0.12113407340837316,0.3081537733445712,0.1037049830512133,0.13469157464018242,0.05038939183478475,0.17140109727218053,0.10259537412912473,0.23127740684949336,0.10222881927592113,0.17140109727218053,0.12274293955770735,0.15243227359686964,0.08508916490079646,0.11674049105500135,0.11841735895207642,0.050992678682074466,0.13614266384127435,0.1973014904887711,0.3552520768562293,0.2564884353228118,0.1707883447627563,0.15574380866790838,0.23796583384968079,0.16578626691458861,0.09557901852171999,0.030500967064057034,0.10035896543610455,0.15019560053413142,0.0,0.0,0.09433192955896122,0.014056477070879196,0.0,0.3686619285837771,0.07580823439180003,0.04601970588688662,0.0,0.0,0.043161306223522454,0.11630828739487076,0.02904325352736013,0.14652123960318625,0.0,0.03375309427864874,0.04634394850211529,0.0,0.0,0.10236378084392536,0.08192487301861713,1
C14-2018-0002,0.9717231782628748,0.0,0.0,0.0,0.0,0.0,0.0,0.007313708747499792,0.0,0.0,0.0,0.0,0.0,0.0,0.0,0.0,0.0,0.0,0.0,0.0,0.0,0.0,0.0,0.0,0.0,0.029200861418954383,0.0782755255255679,0.06745465931524913,0.09928292882444491,0.0,0.0,0.07397096513017747,0.0631287107401611,0.0,0.10804318725013122,0.019454889327677225,0.02952542992540921,0.0,0.0,0.021537857617073296,0.04974756100734012,0.0031056063567481257,0.03916893235477248,0.0,0.01082769436140561,0.0726817868493193,0.03153421557084021,0.025048114813762786,0.018764226448283215,0.008760258425686314,1
C14-2018-0004,0.04120320170156545,0.052098582156544414,0.030924583419570717,0.010407250135491198,0.08110134347534584,0.05056796593283347,0.07224357952114008,0.10295896010887122,0.04973507718625104,0.14362754871952926,0.12384613632195442,0.04223243182205054,0.020396330094197185,0.051234426556262945,0.020083578115037345,0.0407441198370487,0.07164274706119028,0.01024688531125259,0.0792002815374012,0.010186029959262176,0.16473433617419395,0.0617016955092804,0.052098582156544414,0.061408068909591676,0.06987699348469095,0.1479873692977407,0.16528891814654748,0.19855169095274136,0.2959747385954814,0.0,0.04098754124501036,0.4354646619550201,0.1608117239883647,0.010432201658486635,0.46862666944284553,0.045646133932973766,0.12007526525838458,0.03276378759934414,0.04863106108056953,0.31186270680074385,0.14006456439817408,0.06120697676820015,0.1654205554138609,0.046671852872109044,0.07113269370533584,0.16742946968351077,0.059189852100369464,0.1410462430456636,0.14968725286557236,0.09043672568195266,1
C14-2018-0006,0.023556208382788685,0.016547325976919155,0.003274044074151999,0.013222022818037579,0.016099410868085102,0.01284894262597858,0.009833868331308896,0.01962082733898849,0.02527462362688506,0.02606763419381235,0.0,0.0067068410235968335,0.003239097004477031,0.022781999266072436,0.01594714770038596,0.016176213552234166,0.035757635524115476,0.042309427208420236,0.022010844040046645,0.0097057281313405,0.029431241008482736,0.009798712619978833,0.02647572156307065,0.006501388277111905,0.9733666551703105,0.0182789861196313,0.02041602506259121,0.04661187719337026,0.07572722820990109,0.0,0.006509142647449267,0.05412146068400306,0.07258214341990193,0.006626861398309687,0.1227303353746673,0.028995854647462696,0.03227043396346911,0.0,0.0030891973907683995,0.07704081930630645,0.008341256286306989,0.01388592486893208,0.0,0.0029647423459664593,0.009682653442509804,0.032497802863405104,0.012533082945040236,0.016799436267407007,0.005593296096446672,0.0339466885078867,1
C14-2018-0017,0.8806498262501576,0.10226208130451638,0.050583786433606906,0.11348859278551734,0.060801874574366345,0.038600216707779474,0.05064422716178397,0.12350173273269723,0.1138933347596403,0.08390487491825634,0.06189849986440263,0.011513366150991921,0.04448342780741833,0.05028293359638665,0.06570199587883813,0.0333228717797093,0.03348202087725026,0.04469594097456592,0.11875328762600466,0.0666457435594186,0.09543315711162968,0.07289125414225532,0.045449813913118385,0.055803368128750426,0.08708480344174495,0.040344178512527376,0.04506091061346168,0.014120602615892696,0.07620567052366282,0.0,0.03910894835274518,0.09806971414620577,0.04153295569290129,0.0,0.17930746005567724,0.01493280772166608,0.05539736528204902,0.0,0.010606203590473979,0.13697621570077134,0.08114157552344489,0.01906993015623207,0.0,0.01017890957974629,0.022162432657352963,0.04057285846742552,0.010757521494792668,0.03364540825740014,0.0720134103254415,0.017930746005567724,1
C14-2018-0018,0.03543019078033413,0.25386106493644595,0.08863905757402343,0.059660551052937875,0.21793179543767544,0.1449428366716509,0.07395414096895361,0.07377775368088131,0.0712777648505152,0.029405663604808317,0.14790828193790723,0.1664447340920516,0.05846195090130749,0.04405593333637581,0.04317413300314485,0.07299048169541203,0.07333908218121943,0.11748248889700215,0.056752893158051335,0.16057905972990646,0.10328885515323383,0.02947590307285423,0.08959802291874563,0.07333908218121943,0.12875673533389012,0.20030525470488253,0.0789612034173644,0.18557876888469563,0.40061050940976506,0.0,0.0,0.2306403474414529,0.08490894076636357,0.014950897007802862,0.3888278473683014,0.0392506205062336,0.066186815033515,0.0,0.013939109104630556,0.3476243988260069,0.18818752371080757,0.02506248676049827,0.17385299509617622,0.06688770868291057,0.07281695193752755,0.06665314973919244,0.028275954639603956,0.05053506254352734,0.1135715838331931,0.09426129633170943,1
C14-2018-0019,0.03543019078033413,0.25386106493644595,0.08863905757402343,0.059660551052937875,0.21793179543767544,0.1449428366716509,0.07395414096895361,0.07377775368088131,0.0712777648505152,0.029405663604808317,0.14790828193790723,0.1664447340920516,0.05846195090130749,0.04405593333637581,0.04317413300314485,0.07299048169541203,0.07333908218121943,0.11748248889700215,0.056752893158051335,0.16057905972990646,0.10328885515323383,0.02947590307285423,0.08959802291874563,0.07333908218121943,0.12875673533389012,0.20030525470488253,0.0789612034173644,0.18557876888469563,0.40061050940976506,0.0,0.0,0.2306403474414529,0.08490894076636357,0.014950897007802862,0.3888278473683014,0.0392506205062336,0.066186815033515,0.0,0.013939109104630556,0.3476243988260069,0.18818752371080757,0.02506248676049827,0.17385299509617622,0.06688770868291057,0.07281695193752755,0.06665314973919244,0.028275954639603956,0.05053506254352734,0.1135715838331931,0.09426129633170943,1
C14-2018-0021,0.03543019078033413,0.25386106493644595,0.08863905757402343,0.059660551052937875,0.21793179543767544,0.1449428366716509,0.07395414096895361,0.07377775368088131,0.0712777648505152,0.029405663604808317,0.14790828193790723,0.1664447340920516,0.05846195090130749,0.04405593333637581,0.04317413300314485,0.07299048169541203,0.07333908218121943,0.11748248889700215,0.056752893158051335,0.16057905972990646,0.10328885515323383,0.02947590307285423,0.08959802291874563,0.07333908218121943,0.12875673533389012,0.20030525470488253,0.0789612034173644,0.18557876888469563,0.40061050940976506,0.0,0.0,0.2306403474414529,0.08490894076636357,0.014950897007802862,0.3888278473683014,0.0392506205062336,0.066186815033515,0.0,0.013939109104630556,0.3476243988260069,0.18818752371080757,0.02506248676049827,0.17385299509617622,0.06688770868291057,0.07281695193752755,0.06665314973919244,0.028275954639603956,0.05053506254352734,0.1135715838331931,0.09426129633170943,1
C14-2018-0022,0.09193459388108864,0.019374149720345908,0.038333577384109835,0.03870194042829025,0.07539886432471621,0.07521980848478807,0.05756907117400578,0.019143921251125847,0.018495221786728556,0.07630209382932561,0.07675876156534105,0.058894413962851506,0.03792440567798971,0.15242233624776916,0.20538585530361234,0.0757585566891995,0.03806018871162629,0.133369544216798,0.01840786794097055,0.0757585566891995,0.09571960625562924,0.05736326389862367,0.07749659888138363,0.057090283067439435,0.09280533158356226,0.09172128846294629,0.1365928512502159,0.25682215646567486,0.38217203526227617,0.0,0.019052792030971145,0.334437862127608,0.01573732299710635,0.03879472885405042,0.3974589166727672,0.0,0.13739373853479545,0.0,0.036169332040675795,0.41879457072541143,0.11393917851185383,0.03251618875356844,0.1230314712896014,0.0,0.09447305753362095,0.10377133372201827,0.07337071432973974,0.049173321707104985,0.24558051589559618,0.07643440705245524,1
C14-2018-0023,0.1907792695765701,0.12061355719139226,0.2684759250997079,0.1204692534290506,0.26403457793945234,0.11707002376313287,0.23893041531208956,0.2681556128420453,0.31663995262179745,0.0,0.0,0.0916616325012468,0.02951224659673803,0.0889597113081285,0.2615374218914094,0.38320267871183505,0.20732537749417104,0.118612948410838,0.057298990270996185,0.11790851652671847,0.17877040856136353,0.05951906200435518,0.09046016789354419,0.29617911070595865,0.11555171535466235,0.023792078257581638,0.0,0.0499638601951771,0.1427524695454898,0.0,0.0296532371027095,0.0,0.04898626610068877,0.0,0.11896039128790818,0.0,0.13364737759225867,0.031604802583254495,0.0,0.05013848114899771,0.10133244424102633,0.07591094154746363,0.0,0.027012530680315477,0.0,0.0,0.0,0.05102132941419863,0.050961960527501377,0.11896039128790818,1
C14-2018-0027,0.1414109484798835,0.20187583023135042,0.2054213057729424,0.09793666152440847,0.11784678466225823,0.14555904910826306,0.18852785987395115,0.22227424102635554,0.14866780780411287,0.1306164663216955,0.18281489442322538,0.1870236196480092,0.1411310024805646,0.16449407319237166,0.1612016465526258,0.20298681600507013,0.27760715252431595,0.14747744493109186,0.15892606036298512,0.26501056533995265,0.1196861297834222,0.11954337807303729,0.2076437110951033,0.19829082323165423,0.12156798914095776,0.06826589452447196,0.04066507713751146,0.1099091809515043,0.13653178904894392,0.0,0.0,0.15196846099951333,0.028110963981985898,0.005774792117374108,0.30947205517760623,0.05558876972653857,0.10225877351175994,0.0,0.016151965465074306,0.0527489731602633,0.20352509406286667,0.019360798340164277,0.03662771678415535,0.020668331145600027,0.05062605726686833,0.030893778494587555,0.01092160288969906,0.03415859203507063,0.05361532751801968,0.03185741744475358,1
C14-2018-0030,0.008953064689286729,0.003773509153051567,0.0,0.0301519557874878,0.014685460201653176,0.0036626463600368257,0.0,0.0037286674826590535,0.010806960260038637,0.007430691246274187,0.0,0.9750250790680441,0.0073865482622780055,0.022265509297026514,0.0,0.007377758797550115,0.0,0.003710918216171085,0.0035853061510343633,0.007377758797550115,0.0037286674826590535,0.0,0.022641054918309405,0.0037064973829372136,0.021690867877300908,0.032751736996166396,0.02327870302128469,0.05314766430402013,0.08634548844443869,0.0,0.0,0.05485352942019377,0.015325816418086778,0.0,0.11314236416857483,0.013224628929818764,0.003345027636158423,0.003955144499686801,0.007044712025318993,0.09411778672721975,0.01902168784746974,0.006333188173677034,0.07987625947048496,0.0033804502294052644,0.0036801093463782837,0.020211574870466795,0.017863045997216897,0.01596250521322638,0.03507664841077642,0.011909722544060508,1
C14-2018-0035,0.008953064689286729,0.003773509153051567,0.0,0.0301519557874878,0.014685460201653176,0.0036626463600368257,0.0,0.0037286674826590535,0.010806960260038637,0.007430691246274187,0.0,0.9750250790680441,0.0073865482622780055,0.022265509297026514,0.0,0.007377758797550115,0.0,0.003710918216171085,0.0035853061510343633,0.007377758797550115,0.0037286674826590535,0.0,0.022641054918309405,0.0037064973829372136,0.021690867877300908,0.032751736996166396,0.02327870302128469,0.05314766430402013,0.08634548844443869,0.0,0.0,0.05485352942019377,0.015325816418086778,0.0,0.11314236416857483,0.013224628929818764,0.003345027636158423,0.003955144499686801,0.007044712025318993,0.09411778672721975,0.01902168784746974,0.006333188173677034,0.07987625947048496,0.0033804502294052644,0.0036801093463782837,0.020211574870466795,0.017863045997216897,0.01596250521322638,0.03507664841077642,0.011909722544060508,1
C14-2018-0036,0.9670247857883123,0.0,0.0,0.0,0.0,0.0,0.0,0.007769810017611347,0.0,0.0,0.0,0.0,0.0,0.0,0.0,0.0,0.04247986538507871,0.0,0.0,0.0,0.0,0.0,0.0,0.0,0.0,0.031021900571776753,0.08315698414573315,0.07166130150607261,0.10547446194404096,0.0,0.0,0.07858398053891726,0.07025917475121377,0.0,0.11478103211557399,0.02066814515158007,0.03136670998652354,0.0,0.0,0.019612296498669246,0.05284994401762289,0.003299279779177418,0.04161160547899724,0.0,0.011502936611420702,0.07721440585842111,0.03350076855652597,0.023283905964287435,0.01993441079813834,0.009306570171533026,1
C14-2018-0037,0.1739010383003182,0.230880053362114,0.16314925004553196,0.13177361440416543,0.1711469892566326,0.11738412986159794,0.2177922548740142,0.2715910009090004,0.10495521228277412,0.1623723930122751,0.40291567151692625,0.3119287099275387,0.30129455771558517,0.16217890127911488,0.2436969813128942,0.08598172534764646,0.12958855747112671,0.1297431210232919,0.18802710653880864,0.13972030368992552,0.14122732047268022,0.11935751064159111,0.18690290034075896,0.03239713936778168,0.08426308926397713,0.00867487777157105,0.00968907798497099,0.009108712057361098,0.043374388857855245,0.0,0.010811926751940992,0.0,0.1250268708836311,0.011007461952284405,0.043374388857855245,0.009632637462051808,0.1461883219135426,0.0,0.030787626930588473,0.009140546506927652,0.10160432544242487,0.00922601397434006,0.0,0.06894365409819306,0.021444327454475512,0.0,0.010408957225025392,0.02790448515800809,0.027872015243234956,0.043374388857855245,1
C14-2018-0040,0.9718405807730108,0.0,0.0,0.0,0.0,0.0,0.0070763098186290875,0.007059432182270747,0.0,0.0,0.0,0.0,0.0,0.0,0.0,0.0,0.0,0.0,0.0,0.0,0.0,0.0,0.0,0.0,0.0,0.028185631663479184,0.07555411119813192,0.065109455305691,0.09583114765582923,0.0,0.0,0.07139920795617066,0.060933907489370796,0.0,0.10428683715487298,0.018778498920847847,0.02849891585880649,0.0,0.0,0.017819184350340838,0.07802922034429076,0.0029976333782483523,0.03780714151421363,0.0,0.010451246648402369,0.07015485068699641,0.030437861819361305,0.021155106073467256,0.018111848398353274,0.008455689499043755,1
C14-2018-0043,0.020042745438536447,0.019494351759648743,0.028928556318014144,0.027259439818844,0.03224332948656842,0.047304056792875644,0.02703224719877239,0.030820311833270914,0.035358944403566815,0.024952034568617595,0.02317049759894776,0.025679250801629614,0.04197566792645116,0.024922300373506054,0.028180925480167356,0.9852544171896997,0.026807426506192274,0.021088100316043582,0.0611228472623836,0.024774289020243905,0.023115233874953185,0.019239719947502707,0.033140397991402865,0.026807426506192274,0.02054384616298248,0.0015381725021521467,0.0,0.0016150971559011548,0.007690862510760734,0.0,0.005751300086193705,0.0,0.009500976755804384,0.005855313148841127,0.006152690008608587,0.0,0.04147384902922111,0.002043269938136567,0.0,0.006482967327874041,0.019653614655257386,0.006543585453760808,0.0,0.04889854853252842,0.013308286860249794,0.0,0.0,0.011544961216704733,0.023063054787965165,0.03691614005165152,1
C14-2018-0044,0.9559510092819309,0.0,0.0,0.0,0.0,0.0,0.0,0.0,0.0,0.0,0.0,0.0,0.0,0.0,0.0,0.0,0.0,0.0,0.0,0.0,0.0,0.0,0.0,0.0,0.0,0.030765581435625185,0.040089533620816686,0.107680603674816,0.164083100990001,0.0,0.006390776172335121,0.07084970788215615,0.026393430596093698,0.013012708498032662,0.15382790717812594,0.028468575204771848,0.011521311798146167,0.0,0.0,0.01620854122271242,0.027298578225075806,0.016360097036985113,0.07565761256718415,0.017464977280047898,0.031688592623699344,0.017403731847911934,0.03691551968788856,0.016493944413474917,0.06040742366461027,0.025637984529687657,1
C14-2018-0048,0.985938638011699,0.0,0.0,0.0,0.0,0.0,0.0,0.0,0.0,0.0,0.0,0.0,0.0,0.0,0.0,0.0,0.0,0.0,0.0,0.0,0.0,0.0,0.0,0.0,0.0,0.04413818932286173,0.017606602887664455,0.02979357347205134,0.04729091713163757,0.0,0.0,0.06534342940210432,0.012982502975293495,0.0,0.10404001768960267,0.03150727459030243,0.01416786879543183,0.0,0.01864867919875859,0.05979540075784287,0.03021239362615327,0.003353028317745234,0.008457899957348088,0.003579475308513784,0.003896776951012652,0.014267691833017921,0.003782947698841472,0.0101413816613686,0.027012216151162158,0.009458183426327515,1
C14-2018-0052,0.15838827216917542,0.1413677304812094,0.2564002380174621,0.2823971922659775,0.20631162820629803,0.16008353132806752,0.16335874630994227,0.16296912098447744,0.10121583010649485,0.19718404619509383,0.09334785503425273,0.023874222324668577,0.20754280463657845,0.11585239471267893,0.1248869096894374,0.13819722901745185,0.21985732056363308,0.23170478942535785,0.06715852182870295,0.057582178757271604,0.20953172698004238,0.2557888848495939,0.27095481675565136,0.19671444471482963,0.2031523337834006,0.07436272085331115,0.10382080020244973,0.08784183577304405,0.22308816255993344,0.0,0.0,0.11773373207011985,0.038276942352973416,0.011794760139786493,0.20449748234660567,0.030964807928728036,0.07310067417767771,0.0,0.032989682498440094,0.04897157676452414,0.0989740705774348,0.009885895799174295,0.0,0.010553540430425083,0.0,0.07361572209711918,0.07807413554065948,0.019933551178866932,0.029865534473930585,0.04647670053331947,1
C14-2018-0053,0.9559510092819309,0.0,0.0,0.0,0.0,0.0,0.0,0.0,0.0,0.0,0.0,0.0,0.0,0.0,0.0,0.0,0.0,0.0,0.0,0.0,0.0,0.0,0.0,0.0,0.0,0.030765581435625185,0.040089533620816686,0.107680603674816,0.164083100990001,0.0,0.006390776172335121,0.07084970788215615,0.026393430596093698,0.013012708498032662,0.15382790717812594,0.028468575204771848,0.011521311798146167,0.0,0.0,0.01620854122271242,0.027298578225075806,0.016360097036985113,0.07565761256718415,0.017464977280047898,0.031688592623699344,0.017403731847911934,0.03691551968788856,0.016493944413474917,0.06040742366461027,0.025637984529687657,1
C14-2018-0055,0.9673509706354494,0.0,0.0,0.0,0.0,0.0,0.0,0.0,0.0,0.0,0.0,0.0,0.0,0.0,0.0,0.0,0.0,0.0,0.0,0.0,0.0,0.0,0.0,0.0,0.0,0.031539429275152416,0.08454426620738496,0.07285680467535267,0.1072340595355182,0.0,0.0,0.07989497260596695,0.06493753334239043,0.0,0.11669588831806393,0.021012945378656053,0.031889991037951274,0.0,0.0,0.019939482331583994,0.053731623169989216,0.0033543206359502187,0.04230579893046221,0.0,0.01169483651954358,0.07850254973772251,0.03405965144228058,0.023672344114146683,0.020266970363566908,0.009461828782545725,1
C14-2018-0056,0.08654622379063422,0.1805622706750516,0.1136734564739196,0.2022063941439593,0.17567467921564908,0.14870332502659503,0.21677958239262324,0.24870192509503505,0.06790368012001934,0.19394088868579862,0.18426264503372977,0.13306214122026663,0.14459156828360678,0.10761654345794873,0.13182818433096025,0.19790822377572584,0.12898600727424264,0.23137556843458978,0.12476855572773488,0.13907064373429384,0.30817412457428256,0.11340241683583188,0.1586759348356514,0.2310999296996847,0.16774257938900433,0.07771087835719624,0.08679623857652435,0.06799769338922165,0.1208835885556386,0.0,0.026904135864487182,0.23364156774465977,0.10222311494810762,0.0054781401813375746,0.2719880742501869,0.02396962104519123,0.05820343499988676,0.017204865014736892,0.02553706096639976,0.16376481984472008,0.08274427692694752,0.036732462459014195,0.07528331522126026,0.0245082448486014,0.03735308042832709,0.08792028139785184,0.03108167554014673,0.0694368429553816,0.0786035183560558,0.04317271019844236,1
C14-2018-0060,0.09193459388108864,0.019374149720345908,0.038333577384109835,0.03870194042829025,0.07539886432471621,0.07521980848478807,0.05756907117400578,0.019143921251125847,0.018495221786728556,0.07630209382932561,0.07675876156534105,0.058894413962851506,0.03792440567798971,0.15242233624776916,0.20538585530361234,0.0757585566891995,0.03806018871162629,0.133369544216798,0.01840786794097055,0.0757585566891995,0.09571960625562924,0.05736326389862367,0.07749659888138363,0.057090283067439435,0.09280533158356226,0.09172128846294629,0.1365928512502159,0.25682215646567486,0.38217203526227617,0.0,0.019052792030971145,0.334437862127608,0.01573732299710635,0.03879472885405042,0.3974589166727672,0.0,0.13739373853479545,0.0,0.036169332040675795,0.41879457072541143,0.11393917851185383,0.03251618875356844,0.1230314712896014,0.0,0.09447305753362095,0.10377133372201827,0.07337071432973974,0.049173321707104985,0.24558051589559618,0.07643440705245524,1
C14-2018-0062,0.038333572830571254,0.09694027216295269,0.05993920182037652,0.08472125502135641,0.1178952775657126,0.058807651011573855,0.19203462718214453,0.07184122773661802,0.10411028829907176,0.011930758654549865,0.036006492596652104,0.2332910334476418,0.15417847168269125,0.14299849580032326,0.07006815665207158,0.09476616019451764,0.13092579597325968,0.13108195448362964,0.23026348948147757,0.05922885012157353,0.14368245547323605,0.15547033984246222,0.12117534020369085,0.07141407053086891,0.13930790612868715,0.11473389535899534,0.19222155439974817,0.2108256250101188,0.2772735804509054,0.0,0.035749623950080814,0.2752285248321978,0.08858597388975449,0.0,0.4206909496496496,0.05308384201024296,0.07519112628416988,0.012700803439597631,0.011311028298616075,0.32238087469442667,0.03054132642425923,0.020337203393258046,0.08977483247118839,0.01085533888949414,0.10635846782197252,0.10817271853356114,0.1606136263722108,0.0,0.11263851847142985,0.04780578973291472,1
C14-2018-0064,0.9896384767295608,0.0,0.0,0.0,0.0,0.0,0.0,0.0,0.0,0.0,0.0,0.0,0.0,0.0,0.0,0.0,0.0,0.0,0.0,0.0,0.0,0.0,0.0,0.0,0.0,0.004046484962047103,0.00451956896623643,0.004248851376848121,0.024278909772282614,0.0,0.0,0.0,0.09164580146171965,0.015403627728171854,0.016185939848188412,0.013479725130923121,0.05455282362028436,0.0,0.0,0.004263700879612097,0.03877721258884906,0.0,0.0,0.0,0.07002047244410191,0.0,0.033987547713678214,0.013016330896970898,0.004333728324999495,0.012139454886141307,0
C14-2018-0065,0.9896384767295608,0.0,0.0,0.0,0.0,0.0,0.0,0.0,0.0,0.0,0.0,0.0,0.0,0.0,0.0,0.0,0.0,0.0,0.0,0.0,0.0,0.0,0.0,0.0,0.0,0.004046484962047103,0.00451956896623643,0.004248851376848121,0.024278909772282614,0.0,0.0,0.0,0.09164580146171965,0.015403627728171854,0.016185939848188412,0.013479725130923121,0.05455282362028436,0.0,0.0,0.004263700879612097,0.03877721258884906,0.0,0.0,0.0,0.07002047244410191,0.0,0.033987547713678214,0.013016330896970898,0.004333728324999495,0.012139454886141307,0
C14-2018-0066,0.9559510092819309,0.0,0.0,0.0,0.0,0.0,0.0,0.0,0.0,0.0,0.0,0.0,0.0,0.0,0.0,0.0,0.0,0.0,0.0,0.0,0.0,0.0,0.0,0.0,0.0,0.030765581435625185,0.040089533620816686,0.107680603674816,0.164083100990001,0.0,0.006390776172335121,0.07084970788215615,0.026393430596093698,0.013012708498032662,0.15382790717812594,0.028468575204771848,0.011521311798146167,0.0,0.0,0.01620854122271242,0.027298578225075806,0.016360097036985113,0.07565761256718415,0.017464977280047898,0.031688592623699344,0.017403731847911934,0.03691551968788856,0.016493944413474917,0.06040742366461027,0.025637984529687657,1
C14-2018-0068,0.2985855401489553,0.3088968903257465,0.2037271832128947,0.1714040676255188,0.2671426165527155,0.1665676319795158,0.27196081256079846,0.03391402019054312,0.29488346989523756,0.10137855445457453,0.13598040628039923,0.10433318848555583,0.20155260403644606,0.16876291046866226,0.09923102461963963,0.10065638541840606,0.10113711748156601,0.10125774628119737,0.13044032031383596,0.16776064236401012,0.13565608076217248,0.2032414221238992,0.2745750136228858,0.13484948997542134,0.13152590204809297,0.027081160542035892,0.09074184674112763,0.028435500770393033,0.08124348162610767,0.0,0.0675051641874649,0.0,0.0557582621520213,0.0,0.054162321084071784,0.0,0.09127389501868433,0.035973937349660666,0.0,0.0,0.14417614977233345,0.11520677163704678,0.0,0.06149363431647105,0.0,0.061277991081044356,0.0,0.02903732910540739,0.1450177050151527,0.13540580271017946,1
C14-2018-0069,0.9559510092819309,0.0,0.0,0.0,0.0,0.0,0.0,0.0,0.0,0.0,0.0,0.0,0.0,0.0,0.0,0.0,0.0,0.0,0.0,0.0,0.0,0.0,0.0,0.0,0.0,0.030765581435625185,0.040089533620816686,0.107680603674816,0.164083100990001,0.0,0.006390776172335121,0.07084970788215615,0.026393430596093698,0.013012708498032662,0.15382790717812594,0.028468575204771848,0.011521311798146167,0.0,0.0,0.01620854122271242,0.027298578225075806,0.016360097036985113,0.07565761256718415,0.017464977280047898,0.031688592623699344,0.017403731847911934,0.03691551968788856,0.016493944413474917,0.06040742366461027,0.025637984529687657,1
C14-2018-0074,0.09294005208843403,0.06065353820813466,0.09750709303076788,0.056794660742689525,0.07745288764909762,0.11774316792724797,0.06758556972423822,0.07117017049962011,0.10494724629064862,0.04478898458358107,0.10137835458635733,0.09218868025444721,0.08162533466677237,0.0745593526750086,0.08037371318149937,0.051881585859049305,0.08191758276834481,0.08574325557625989,0.057628455318245585,0.07782237878857397,0.9139748211530162,0.04863729999651386,0.10614369186423565,0.06329995032099371,0.08353034297412967,0.0029911101232120542,0.0033408077910231132,0.006281393596918033,0.017946660739272327,0.0,0.011183902901251291,0.0,0.01539622924548828,0.0,0.011964440492848217,0.00332134701890524,0.0369643560938203,0.019866579944265012,0.05661662562120095,0.003151673361688236,0.00636969365386501,0.015905713326579068,0.004012162120865382,0.030563832123891344,0.022182103295366486,0.0,0.0,0.006414337295730578,0.022424057299151142,0.02691999110890849,1
C14-2018-0075,0.9976940038868851,0.0,0.0,0.0,0.0,0.0,0.0,0.0,0.0,0.0,0.0,0.0,0.0,0.0,0.0,0.0,0.0,0.0,0.0,0.0,0.0,0.0,0.0,0.0,0.0,0.002282979742133447,0.0,0.0023971525192009726,0.009131918968533787,0.0035100912487131754,0.017072339505926005,0.0,0.014101498650920927,0.0,0.00684893922640034,0.0025350347023042094,0.020518712309474364,0.003032653275201142,0.016204845864512124,0.014433182615481575,0.019446801991701658,0.012140115145532421,0.0,0.04665599506973726,0.0,0.007748730638380975,0.0027393398624408413,0.004895774980574252,0.0024450391059598836,0.01598085819493413,0
C14-2018-0077,0.054016909297136505,0.1821349973232818,0.13513920833351298,0.0,0.24365664695617925,0.2651760170405179,0.15785079480630212,0.0449926589832386,0.10867016163429742,0.06724786243508027,0.0,0.1384155444795527,0.13369673559261852,0.3134493891288577,0.2632933297901242,0.13353764602872484,0.17890055742255015,0.1343354524837962,0.04326276283798813,0.04451254867624161,0.0899853179664772,0.13481698638958378,0.0,0.08945027871127507,0.15267985104483364,0.12574701996470258,0.0,0.16976016169604707,0.05389157998487254,0.0,0.0,0.26889699882063617,0.07397272456668129,0.0,0.44909649987393785,0.07978872108956231,0.020181698746686873,0.0,0.021251581648429885,0.18928162684430447,0.03825478845490448,0.03821029591672304,0.14457625894208076,0.0,0.0,0.12194336178947761,0.021554776356231476,0.05778436051889699,0.13467328491679817,0.08981929997478758,1
C14-2018-0079,0.09760021725650322,0.12340868493822232,0.13952896565004122,0.1936959153573554,0.13722076399235789,0.17111861829890224,0.13969568374056515,0.12194218483205507,0.21879023195289432,0.27772915953707356,0.15715764420813577,0.1250477617903777,0.2760792734849697,0.17337387652272235,0.18689408806351826,0.12064095700692447,0.10390040127548697,0.06934955060908894,0.08375264418612707,0.18957864672516703,0.22646405754524512,0.08699767306137084,0.14103849707225408,0.12121713482140144,0.25334901161672996,0.11128430461096606,0.04661055467890084,0.1168496794879192,0.16692645691644908,0.0,0.017337387652272235,0.1601721003155244,0.07160212239926085,0.0,0.2643002234510444,0.06178538705449914,0.07813974528315058,0.0,0.04936927850471456,0.2052016097520168,0.17773842310778346,0.014794308584239973,0.18659070262159522,0.0,0.0,0.06295223772653676,0.03338241751106714,0.07457672863205003,0.08938794056022524,0.04173161422911227,1
C14-2018-0080,0.054016909297136505,0.1821349973232818,0.13513920833351298,0.0,0.24365664695617925,0.2651760170405179,0.15785079480630212,0.0449926589832386,0.10867016163429742,0.06724786243508027,0.0,0.1384155444795527,0.13369673559261852,0.3134493891288577,0.2632933297901242,0.13353764602872484,0.17890055742255015,0.1343354524837962,0.04326276283798813,0.04451254867624161,0.0899853179664772,0.13481698638958378,0.0,0.08945027871127507,0.15267985104483364,0.12574701996470258,0.0,0.16976016169604707,0.05389157998487254,0.0,0.0,0.26889699882063617,0.07397272456668129,0.0,0.44909649987393785,0.07978872108956231,0.020181698746686873,0.0,0.021251581648429885,0.18928162684430447,0.03825478845490448,0.03821029591672304,0.14457625894208076,0.0,0.0,0.12194336178947761,0.021554776356231476,0.05778436051889699,0.13467328491679817,0.08981929997478758,1
C14-2018-0081,0.06952051518504096,0.2009230973660291,0.08696302238771775,0.16305470198567473,0.1710488186525681,0.29253019723825,0.1119431974408743,0.17371853773715018,0.11988001091341623,0.21019027385788663,0.13681946353884636,0.12724481075921384,0.13519751319789486,0.061746999926294864,0.09681776725086479,0.11048452184934685,0.1110121928154271,0.08644579989681281,0.11931381170242256,0.23324510168195442,0.16131007075592516,0.08675567032113929,0.07534616151226091,0.1110121928154271,0.16842951123150557,0.1189015107655597,0.11066880332249111,0.15605978165738496,0.24771148076158273,0.0,0.0,0.250998859833167,0.030601262440574928,0.012572740603045258,0.30716223614436255,0.044009655507705706,0.10018592070983298,0.0,0.011721892199418011,0.3132104040872641,0.13715309945812423,0.01053796788054082,0.0,0.0787475517026673,0.12246872515236301,0.06726120271789247,0.03566738264617261,0.06374509493177984,0.14856548129469208,0.06935921461324317,1
C14-2018-0083,0.06952051518504096,0.2009230973660291,0.08696302238771775,0.16305470198567473,0.1710488186525681,0.29253019723825,0.1119431974408743,0.17371853773715018,0.11988001091341623,0.21019027385788663,0.13681946353884636,0.12724481075921384,0.13519751319789486,0.061746999926294864,0.09681776725086479,0.11048452184934685,0.1110121928154271,0.08644579989681281,0.11931381170242256,0.23324510168195442,0.16131007075592516,0.08675567032113929,0.07534616151226091,0.1110121928154271,0.16842951123150557,0.1189015107655597,0.11066880332249111,0.15605978165738496,0.24771148076158273,0.0,0.0,0.250998859833167,0.030601262440574928,0.012572740603045258,0.30716223614436255,0.044009655507705706,0.10018592070983298,0.0,0.011721892199418011,0.3132104040872641,0.13715309945812423,0.01053796788054082,0.0,0.0787475517026673,0.12246872515236301,0.06726120271789247,0.03566738264617261,0.06374509493177984,0.14856548129469208,0.06935921461324317,1
C14-2018-0088,0.08450994077508533,0.07123796065502043,0.08222141968426339,0.09091737792926136,0.026953748690693655,0.08066921826817774,0.1136795347166658,0.03910634440896651,0.07556242042831135,0.0896232362603172,0.8467165344413727,0.07218412171623627,0.23628434289959863,0.042812208694126705,0.045769420470090444,0.07737809226622828,0.07774764785660539,0.042812208694126705,0.07896581215477305,0.03868904613311414,0.0312850755271732,0.07030746287603182,0.05936496721251702,0.05831073589245404,0.07203985749152832,0.06245471254668198,0.04534168522177369,0.05902028908921002,0.12803216072069806,0.0,0.003892018972193337,0.12944362303536225,0.025717998528177053,0.003962406677079663,0.14052310323003445,0.020805028713962854,0.10524816444922214,0.004148164021364535,0.02585978170536055,0.1118723944465224,0.10639993040051916,0.01660565329829213,0.012566158798605787,0.03190881095967175,0.07719413127152551,0.03532990501334195,0.05620440268882915,0.053572830886228634,0.02006643489338437,0.04059556315534329,1
C14-2018-0089,0.1414109484798835,0.20187583023135042,0.2054213057729424,0.09793666152440847,0.11784678466225823,0.14555904910826306,0.18852785987395115,0.22227424102635554,0.14866780780411287,0.1306164663216955,0.18281489442322538,0.1870236196480092,0.1411310024805646,0.16449407319237166,0.1612016465526258,0.20298681600507013,0.27760715252431595,0.14747744493109186,0.15892606036298512,0.26501056533995265,0.1196861297834222,0.11954337807303729,0.2076437110951033,0.19829082323165423,0.12156798914095776,0.06826589452447196,0.04066507713751146,0.1099091809515043,0.13653178904894392,0.0,0.0,0.15196846099951333,0.028110963981985898,0.005774792117374108,0.30947205517760623,0.05558876972653857,0.10225877351175994,0.0,0.016151965465074306,0.0527489731602633,0.20352509406286667,0.019360798340164277,0.03662771678415535,0.020668331145600027,0.05062605726686833,0.030893778494587555,0.01092160288969906,0.03415859203507063,0.05361532751801968,0.03185741744475358,1
C14-2018-0092,0.11471372293447747,0.058019008931122766,0.114796065928763,0.17384878250961477,0.2540182860420201,0.1689433653839214,0.11493323157621217,0.11465910546560498,0.19385421230390365,0.11424944906609223,0.08619992368215912,0.2645531994198078,0.11357073541287378,0.028528325809490107,0.22365854305286156,0.028358898587841862,0.056988679778320554,0.17116995485694067,0.2205012906137551,0.11343559435136745,0.11465910546560498,0.11452234957378996,0.11603801786224553,0.0,0.02779204992076614,0.13733707882202625,0.07669673867311053,0.19227381852588163,0.045779026274008754,0.0,0.0,0.2635599984864354,0.04712794608798838,0.0,0.45779026274008755,0.07624996715949274,0.025715478673237483,0.0,0.0,0.024118225623348352,0.09748834416853074,0.024343739892210326,0.2763281538001264,0.0,0.0,0.05179332620112876,0.0,0.07362871229134281,0.19611476599107494,0.09155805254801751,1
C14-2018-0102,0.14860387697309038,0.1722409924248347,0.1858881834479446,0.0625581530437214,0.15234422491321964,0.15198244064240413,0.1240735296554034,0.07736100194406897,0.11958334929025675,0.0770846049724511,0.10856433844847797,0.20626112617511658,0.15325334778056934,0.09239129614124704,0.12072272089448932,0.16837808596985288,0.23070307495690795,0.12318839485499604,0.22315978355017102,0.2602206783170454,0.2011386050545793,0.23180619643003328,0.10960790427034935,0.030760409994254397,0.1500113449669294,0.07412954412019644,0.11039493625677589,0.1427007886308682,0.16061401226042563,0.0,0.015398549356874505,0.24184212010540904,0.05087589147503362,0.0,0.2470984804006548,0.06859491689104105,0.1110422168422588,0.0,0.029232211411753917,0.24734462557275647,0.09208613945633286,0.026279725124032118,0.06628971334042849,0.11221811244261569,0.13743636452498884,0.06989036924132049,0.014824632580346931,0.06623682066452226,0.2117111900566475,0.11119431618029466,1
C14-2018-0106,0.038333572830571254,0.09694027216295269,0.05993920182037652,0.08472125502135641,0.1178952775657126,0.058807651011573855,0.19203462718214453,0.07184122773661802,0.10411028829907176,0.011930758654549865,0.036006492596652104,0.2332910334476418,0.15417847168269125,0.14299849580032326,0.07006815665207158,0.09476616019451764,0.13092579597325968,0.13108195448362964,0.23026348948147757,0.05922885012157353,0.14368245547323605,0.15547033984246222,0.12117534020369085,0.07141407053086891,0.13930790612868715,0.11473389535899534,0.19222155439974817,0.2108256250101188,0.2772735804509054,0.0,0.035749623950080814,0.2752285248321978,0.08858597388975449,0.0,0.4206909496496496,0.05308384201024296,0.07519112628416988,0.012700803439597631,0.011311028298616075,0.32238087469442667,0.03054132642425923,0.020337203393258046,0.08977483247118839,0.01085533888949414,0.10635846782197252,0.10817271853356114,0.1606136263722108,0.0,0.11263851847142985,0.04780578973291472,1
C14-2018-0108,0.9894114561680217,0.0,0.0,0.0,0.0,0.0,0.0,0.0,0.0,0.0,0.0,0.0,0.0,0.0,0.0,0.0,0.0,0.0,0.0,0.0,0.0,0.0,0.0,0.0,0.0,0.0151863974908928,0.012721406007779995,0.035878220136959245,0.0645421893362944,0.0,0.01419566548552568,0.048087300539474576,0.011725408671938624,0.0,0.0607455899635712,0.012647301659723343,0.017061327537326133,0.0,0.004491447917009642,0.008000802789008964,0.08085016577301184,0.004037806616999902,0.0,0.0043105001558185144,0.0,0.02147692139512543,0.022777635323429503,0.00814168250256671,0.024396626298478243,0.011389798118169599,0
C14-2018-0109,0.9873626641866035,0.0,0.0,0.0,0.0,0.0,0.0,0.0,0.0,0.0,0.0,0.0,0.0,0.0,0.0,0.0,0.0,0.0,0.0,0.0,0.0,0.0,0.0,0.0,0.0,0.01683883416250315,0.014105626183388217,0.03978214051715304,0.07156504519063839,0.0,0.015740300297057728,0.0533196947855641,0.013001254065209068,0.0,0.0673553366500126,0.014023458517989317,0.018917775935041275,0.0,0.004980163772836903,0.008871372648569747,0.08516512277287083,0.004477161620765796,0.0,0.004779527029027132,0.0,0.023813831944706453,0.02525607696329662,0.009027581527922632,0.02705123085386111,0.012629125621877362,1
C14-2018-0110,0.08651776914186518,0.1805029054506898,0.11363608293944684,0.20213991276935722,0.17561692093255188,0.1486544343795039,0.21670830964833573,0.25402494295002037,0.06788135476273265,0.18849164915223243,0.18420206320108537,0.13301839307820976,0.1445440294990097,0.10758116131402942,0.13178484188898298,0.1978431555526493,0.12894359928262436,0.23129949682516326,0.12472753434892532,0.1390249201180779,0.30807280315215235,0.1133651324137128,0.15862376539606074,0.23102394871470194,0.16768742901997527,0.0776853285913909,0.08676770172794801,0.06797533712227262,0.12084384447549697,0.0,0.026895290328507356,0.2335647511204694,0.10218950605444913,0.005476339079591708,0.2718986500698682,0.02396174031836001,0.05818429888709599,0.017199208402932577,0.025528664897009716,0.16371097728261502,0.08271707228144734,0.036720385567938954,0.07525856358913854,0.024500187033152404,0.03734079949060992,0.08789137498671942,0.031071456513574437,0.06941401352514898,0.0785776751082644,0.04315851588410606,1
C14-2018-0112,0.09097410938518145,0.23006086499060874,0.09483272060183355,0.11489280846215758,0.09326392059048114,0.16747639045674953,0.189892065546853,0.13260740910540253,0.16471794054964933,0.03775246475405026,0.13292444588279712,0.23311646386180418,0.09382047836584671,0.16968364593033886,0.20324009143639046,0.22490121287818404,0.20714405684467962,0.09426869218352157,0.05464665652765701,0.09370883869924335,0.17049524027837468,0.13244924596240706,0.07668695499686957,0.150650223159767,0.3489758502891642,0.1512717207839197,0.05068717524987265,0.17472057147751394,0.2722890974110555,0.0,0.037707476873408634,0.19159905974599065,0.03114581537436235,0.01919471092079754,0.3327977857246234,0.06718921847394893,0.15295311078742896,0.0,0.03579145379935434,0.03187840187304402,0.03221394332522414,0.03217647664036555,0.040582034300737056,0.03434951713339813,0.0,0.0513435925832431,0.0,0.048659584591204744,0.09720592770487453,0.07563586039195985,1
C14-2018-0113,0.08651776914186518,0.1805029054506898,0.11363608293944684,0.20213991276935722,0.17561692093255188,0.1486544343795039,0.21670830964833573,0.25402494295002037,0.06788135476273265,0.18849164915223243,0.18420206320108537,0.13301839307820976,0.1445440294990097,0.10758116131402942,0.13178484188898298,0.1978431555526493,0.12894359928262436,0.23129949682516326,0.12472753434892532,0.1390249201180779,0.30807280315215235,0.1133651324137128,0.15862376539606074,0.23102394871470194,0.16768742901997527,0.0776853285913909,0.08676770172794801,0.06797533712227262,0.12084384447549697,0.0,0.026895290328507356,0.2335647511204694,0.10218950605444913,0.005476339079591708,0.2718986500698682,0.02396174031836001,0.05818429888709599,0.017199208402932577,0.025528664897009716,0.16371097728261502,0.08271707228144734,0.036720385567938954,0.07525856358913854,0.024500187033152404,0.03734079949060992,0.08789137498671942,0.031071456513574437,0.06941401352514898,0.0785776751082644,0.04315851588410606,1
C14-2018-0115,0.27523051060314235,0.09280262229784075,0.06885701865602466,0.09269159193057035,0.15800850295462326,0.15763326726021704,0.1378785868106573,0.09169982264058395,0.06644440297627888,0.1599013423644205,0.06893929340532864,0.2821055960307508,0.11353673408917891,0.0,0.11179579157012068,0.04536065339472748,0.13673188379515117,0.04563165579113622,0.26452233112048873,0.15876228688154617,0.27509946792175183,0.091590450681213,0.04640131114892038,0.15952053109434303,0.02222698352829037,0.1098367697778136,0.1431243834615369,0.19221625471494055,0.3112041810371386,0.0,0.02281582789556811,0.23186336157113585,0.07538213873437066,0.0,0.38442869422234766,0.06098171127781301,0.04113244776989773,0.0,0.0,0.01928880399934805,0.058475494598596196,0.03893832280409404,0.0,0.0,0.09050562323679896,0.06213338409526667,0.1757237036966606,0.03925689012924247,0.1176336313558796,0.1098367697778136,1
C14-2018-0116,0.08660357166884328,0.18068191613910875,0.11374877959319561,0.20234038159201378,0.1757910860288735,0.14880185988807595,0.21692322643097364,0.24886672174457125,0.07317549609194346,0.18867858254143033,0.18438474246632758,0.13315031180859171,0.14468737858340733,0.10768785310217349,0.13191553726594007,0.19803936313936946,0.12907147690552004,0.23152888416967302,0.12485123076108473,0.13916279571955692,0.30837832911827306,0.11347756035688308,0.15878107781921677,0.2312530627890567,0.16785373017747254,0.0777623716955807,0.08685375212132017,0.06804275050746653,0.12096368930423664,0.0,0.026921963275543373,0.2337963849924233,0.10229085076013307,0.005481770145790923,0.2721683009345324,0.023985503967035887,0.058242002176541366,0.017216265425526105,0.025553982516502986,0.16387333486169067,0.08279910553191569,0.0367568023861786,0.07533319999038579,0.02452448467720554,0.037377831593812014,0.08797853976394655,0.031102271102440952,0.06948285369321183,0.07865560318194481,0.04320131760865594,1
C14-2018-0118,0.05401257139601769,0.13659027804408394,0.06756417789810604,0.09095123967159671,0.04429765086888706,0.13257736086051713,0.06764490787897068,0.08997809157354648,0.2607874433512066,0.044828308002890456,0.09019321050529423,0.04613480961054556,0.0,0.08954977632879883,0.17551479044159474,0.04450897403568523,0.0,0.08954977632879883,0.17303715425271007,0.1557814091248983,0.04498904578677324,0.0898707731525019,0.09106018536272262,0.17888619057079394,0.21809655697492028,0.08981208691415671,0.08024978214273204,0.2451894305988965,0.28739867812530145,0.0,0.0,0.22750995780841052,0.01849169602169199,0.0,0.5209101041021089,0.05983673516112365,0.020180078028013554,0.0,0.08499950004543982,0.34067956738805505,0.07650343270452961,0.0,0.02409410809160654,0.0,0.0,0.06096678448125993,0.08621218148279829,0.01925990668916706,0.1346624697961088,0.08981208691415671,1
C14-2018-0123,0.27523051060314235,0.09280262229784075,0.06885701865602466,0.09269159193057035,0.15800850295462326,0.15763326726021704,0.1378785868106573,0.09169982264058395,0.06644440297627888,0.1599013423644205,0.06893929340532864,0.2821055960307508,0.11353673408917891,0.0,0.11179579157012068,0.04536065339472748,0.13673188379515117,0.04563165579113622,0.26452233112048873,0.15876228688154617,0.27509946792175183,0.091590450681213,0.04640131114892038,0.15952053109434303,0.02222698352829037,0.1098367697778136,0.1431243834615369,0.19221625471494055,0.3112041810371386,0.0,0.02281582789556811,0.23186336157113585,0.07538213873437066,0.0,0.38442869422234766,0.06098171127781301,0.04113244776989773,0.0,0.0,0.01928880399934805,0.058475494598596196,0.03893832280409404,0.0,0.0,0.09050562323679896,0.06213338409526667,0.1757237036966606,0.03925689012924247,0.1176336313558796,0.1098367697778136,1
C14-2018-0124,0.9871309294646191,0.0,0.0,0.0,0.0,0.0,0.0,0.0,0.0,0.0,0.0,0.0,0.0,0.0,0.0,0.0,0.0,0.0,0.0,0.0,0.0,0.0,0.0,0.0,0.0,0.018237788915782593,0.015277508548093477,0.04308720392207875,0.07751060289207602,0.0,0.017047989873789176,0.057749445666404525,0.01408138621673411,0.0,0.07295115566313037,0.01518851446912186,0.02048944724615462,0.0,0.005393911168582061,0.009608398075333913,0.06796673013734435,0.004849120063382796,0.0,0.005176605709840693,0.0,0.025792263056465356,0.027354328456008214,0.009777584643769443,0.029298622069895447,0.013678341686836945,1
C14-2018-0126,0.05401257139601769,0.13659027804408394,0.06756417789810604,0.09095123967159671,0.04429765086888706,0.13257736086051713,0.06764490787897068,0.08997809157354648,0.2607874433512066,0.044828308002890456,0.09019321050529423,0.04613480961054556,0.0,0.08954977632879883,0.17551479044159474,0.04450897403568523,0.0,0.08954977632879883,0.17303715425271007,0.1557814091248983,0.04498904578677324,0.0898707731525019,0.09106018536272262,0.17888619057079394,0.21809655697492028,0.08981208691415671,0.08024978214273204,0.2451894305988965,0.28739867812530145,0.0,0.0,0.22750995780841052,0.01849169602169199,0.0,0.5209101041021089,0.05983673516112365,0.020180078028013554,0.0,0.08499950004543982,0.34067956738805505,0.07650343270452961,0.0,0.02409410809160654,0.0,0.0,0.06096678448125993,0.08621218148279829,0.01925990668916706,0.1346624697961088,0.08981208691415671,1
C14-2018-0127,0.038333572830571254,0.09694027216295269,0.05993920182037652,0.08472125502135641,0.1178952775657126,0.058807651011573855,0.19203462718214453,0.07184122773661802,0.10411028829907176,0.011930758654549865,0.036006492596652104,0.2332910334476418,0.15417847168269125,0.14299849580032326,0.07006815665207158,0.09476616019451764,0.13092579597325968,0.13108195448362964,0.23026348948147757,0.05922885012157353,0.14368245547323605,0.15547033984246222,0.12117534020369085,0.07141407053086891,0.13930790612868715,0.11473389535899534,0.19222155439974817,0.2108256250101188,0.2772735804509054,0.0,0.035749623950080814,0.2752285248321978,0.08858597388975449,0.0,0.4206909496496496,0.05308384201024296,0.07519112628416988,0.012700803439597631,0.011311028298616075,0.32238087469442667,0.03054132642425923,0.020337203393258046,0.08977483247118839,0.01085533888949414,0.10635846782197252,0.10817271853356114,0.1606136263722108,0.0,0.11263851847142985,0.04780578973291472,1
C14-2018-0128,0.27854295133285767,0.26414863836157704,0.13066073112497822,0.21986050600171433,0.12849923501718633,0.12819407739097813,0.08721123525622858,0.13050484290610365,0.126082633862099,0.0,0.2616337057686858,0.08921899357846744,0.3016208102711827,0.04329453717636042,0.04242797654722326,0.08607482944432196,0.12972888060995705,0.2597672230581625,0.08365809290442988,0.30126190305512685,0.1740064572081382,0.17379891670674985,0.13207431918078852,0.04324296020331901,0.1265314985397715,0.034737084961682804,0.0,0.03647430119015431,0.034737084961682804,0.0,0.0,0.0,0.07152128826547464,0.0,0.13894833984673122,0.03857227210981018,0.0,0.0,0.12328385950996061,0.14640710749742616,0.18493517500167456,0.0,0.0,0.0,0.3864158665474897,0.0,0.0,0.03724626818075988,0.037202928081611,0.06947416992336561,1
C14-2018-0134,0.09097410938518145,0.23006086499060874,0.09483272060183355,0.11489280846215758,0.09326392059048114,0.16747639045674953,0.189892065546853,0.13260740910540253,0.16471794054964933,0.03775246475405026,0.13292444588279712,0.23311646386180418,0.09382047836584671,0.16968364593033886,0.20324009143639046,0.22490121287818404,0.20714405684467962,0.09426869218352157,0.05464665652765701,0.09370883869924335,0.17049524027837468,0.13244924596240706,0.07668695499686957,0.150650223159767,0.3489758502891642,0.1512717207839197,0.05068717524987265,0.17472057147751394,0.2722890974110555,0.0,0.037707476873408634,0.19159905974599065,0.03114581537436235,0.01919471092079754,0.3327977857246234,0.06718921847394893,0.15295311078742896,0.0,0.03579145379935434,0.03187840187304402,0.03221394332522414,0.03217647664036555,0.040582034300737056,0.03434951713339813,0.0,0.0513435925832431,0.0,0.048659584591204744,0.09720592770487453,0.07563586039195985,1
C14-2018-0135,0.09370936055480214,0.09817657291837331,0.11387161770592304,0.10820315926148924,0.0428188879416173,0.09200628216118076,0.046944338314499914,0.06690338834118274,0.1228090462712264,0.059997919090996936,0.7276372438747487,0.09948052448527482,0.4771319494391457,0.07324340506115376,0.07504001294124893,0.06949894532382299,0.08313198848834598,0.12318209033012224,0.06111450654080376,0.03971368304218456,0.07693889659236015,0.08687066897143951,0.06432258225686527,0.07980670894881214,0.05837980580735971,0.053423964198115514,0.03878542497749358,0.05048614720478604,0.1095191266061368,0.0,0.003329245684597898,0.11072649605979087,0.021999259568916428,0.003389455556239271,0.12020391944575991,0.017796689214200325,0.0930306095117832,0.0035483529925727487,0.022120541359719397,0.0956960099880564,0.08248220459363174,0.017045435794095093,0.01074913309804699,0.027294900653649787,0.06603211090391456,0.03022131563162365,0.04807742882140601,0.04296222538528883,0.01716489365837192,0.03472557672877508,1
C14-2018-0138,0.030990575785564876,0.05877814072570693,0.03876602652720624,0.6066474498607658,0.05718709106989299,0.01901709473834163,0.038812346643532655,0.038719775700533685,0.09351935135436766,0.115744310679512,0.05821851996529898,0.0,0.019176119434536565,0.03853546116445362,0.037764155691554536,0.0,0.07697910739929978,0.0,0.03723106193604448,0.15322640977900284,0.038719775700533685,0.05801039093478846,0.0,0.07697910739929978,0.03754091521367764,0.1236746874603993,0.08633361494568555,0.06492985529736683,0.3091867186509982,0.0,0.05780319174668042,0.12460395166195187,0.03182971809074763,0.0,0.4792394139090473,0.051498424195787276,0.017367963271932182,0.04107159155470225,0.03657736587719018,0.2769163217322986,0.01646065004734521,0.09864903213862285,0.18662912276239627,0.017551883515776346,0.019107765590240782,0.05247099997375769,0.018549606194632036,0.04972805628411465,0.18212403829359292,0.09275601559529947,1
C14-2018-0140,0.02430786247972692,0.0768390026837357,0.09121991616700119,0.16884355711587257,0.04485544105282716,0.0,0.1522148525497759,0.06074072256591275,0.029341249386842228,0.10591648702028991,0.12177188203982071,0.031143822036888102,0.09024623692083569,0.015112895885831023,0.1777248495604043,0.16525455896803995,0.13585402643691,0.0,0.11681067686868972,0.06009256689746908,0.0,0.06066827605893663,0.061471202146988556,0.030189783652646664,0.0,0.08488012295529934,0.10834703576975412,0.1527857376046677,0.3031432962689262,0.0,0.030225791771662045,0.25131789079071964,0.09986421878340933,0.04615864413498436,0.5214064695825531,0.0942514089180886,0.013622788608003925,0.0,0.0,0.39607593141470687,0.14202238205931195,0.0,0.16264998617681872,0.05506819540415333,0.11989940205726062,0.137187711554766,0.1454962565239694,0.026003233195846135,0.16882434136937116,0.08488012295529934,1
C14-2018-0141,0.27523051060314235,0.09280262229784075,0.06885701865602466,0.09269159193057035,0.15800850295462326,0.15763326726021704,0.1378785868106573,0.09169982264058395,0.06644440297627888,0.1599013423644205,0.06893929340532864,0.2821055960307508,0.11353673408917891,0.0,0.11179579157012068,0.04536065339472748,0.13673188379515117,0.04563165579113622,0.26452233112048873,0.15876228688154617,0.27509946792175183,0.091590450681213,0.04640131114892038,0.15952053109434303,0.02222698352829037,0.1098367697778136,0.1431243834615369,0.19221625471494055,0.3112041810371386,0.0,0.02281582789556811,0.23186336157113585,0.07538213873437066,0.0,0.38442869422234766,0.06098171127781301,0.04113244776989773,0.0,0.0,0.01928880399934805,0.058475494598596196,0.03893832280409404,0.0,0.0,0.09050562323679896,0.06213338409526667,0.1757237036966606,0.03925689012924247,0.1176336313558796,0.1098367697778136,1
C14-2018-0146,0.07317005829371528,0.1850368969394646,0.11441028235641135,0.18481551618408218,0.09001409151361259,0.08980032770024897,0.16036578186312517,0.11427378216248225,0.06624094148044365,0.1252520526993515,0.17182048056763413,0.12890246948963616,0.23769704633918717,0.13647577698886942,0.17832553305776658,0.248719642113294,0.2044697891909481,0.09098385132591294,0.1538321919002828,0.090443506223016,0.12570116037873047,0.10272373726717246,0.13877767270459845,0.10223489459547405,0.09971514712374732,0.06387525383810246,0.08153492444919848,0.18204628011290358,0.2281259065646516,0.0,0.022745962831478235,0.18912548084747427,0.05636348153760376,0.03473599010333062,0.39237655929120074,0.07092747347234885,0.010251623702021677,0.0,0.0,0.3172906959097482,0.11659286989540614,0.0097047721353349,0.11015981024616978,0.04144073827153795,0.0902284831217492,0.1032385391765265,0.10949100913598504,0.01956834018573184,0.1270462068569115,0.06387525383810246,1
C14-2018-0147,0.09097410938518145,0.23006086499060874,0.09483272060183355,0.11489280846215758,0.09326392059048114,0.16747639045674953,0.189892065546853,0.13260740910540253,0.16471794054964933,0.03775246475405026,0.13292444588279712,0.23311646386180418,0.09382047836584671,0.16968364593033886,0.20324009143639046,0.22490121287818404,0.20714405684467962,0.09426869218352157,0.05464665652765701,0.09370883869924335,0.17049524027837468,0.13244924596240706,0.07668695499686957,0.150650223159767,0.3489758502891642,0.1512717207839197,0.05068717524987265,0.17472057147751394,0.2722890974110555,0.0,0.037707476873408634,0.19159905974599065,0.03114581537436235,0.01919471092079754,0.3327977857246234,0.06718921847394893,0.15295311078742896,0.0,0.03579145379935434,0.03187840187304402,0.03221394332522414,0.03217647664036555,0.040582034300737056,0.03434951713339813,0.0,0.0513435925832431,0.0,0.048659584591204744,0.09720592770487453,0.07563586039195985,1
C14-2018-0150,0.1414109484798835,0.20187583023135042,0.2054213057729424,0.09793666152440847,0.11784678466225823,0.14555904910826306,0.18852785987395115,0.22227424102635554,0.14866780780411287,0.1306164663216955,0.18281489442322538,0.1870236196480092,0.1411310024805646,0.16449407319237166,0.1612016465526258,0.20298681600507013,0.27760715252431595,0.14747744493109186,0.15892606036298512,0.26501056533995265,0.1196861297834222,0.11954337807303729,0.2076437110951033,0.19829082323165423,0.12156798914095776,0.06826589452447196,0.04066507713751146,0.1099091809515043,0.13653178904894392,0.0,0.0,0.15196846099951333,0.028110963981985898,0.005774792117374108,0.30947205517760623,0.05558876972653857,0.10225877351175994,0.0,0.016151965465074306,0.0527489731602633,0.20352509406286667,0.019360798340164277,0.03662771678415535,0.020668331145600027,0.05062605726686833,0.030893778494587555,0.01092160288969906,0.03415859203507063,0.05361532751801968,0.03185741744475358,1
C14-2018-0155,0.6390219852356516,0.10358959555162377,0.11272896663966482,0.10346565949728927,0.15117833504675324,0.08043697040523,0.10260332944117503,0.06141516675470973,0.09889014858354178,0.061195741389527936,0.16416532710588005,0.12595852949881645,0.16221920042635105,0.07130995343663443,0.06988265100672113,0.06075981418761964,0.0712250015746708,0.18336845169420282,0.07873846842301765,0.10126635697936606,0.12283033350941946,0.07156556846427589,0.17610231243776042,0.05087500112476486,0.08931798517394254,0.07356223095591508,0.05477504208117711,0.09440579996763761,0.2860753426063364,0.0,0.0,0.19763989669777682,0.016828846146713976,0.0,0.2533810177370408,0.063531962863842,0.11937511203755012,0.010857581165251944,0.019338998260818113,0.017224680557445825,0.17405981814347016,0.017385737647754036,0.10963733062675603,0.027839826896667374,0.0,0.11096879755014635,0.0980745314305304,0.008763988065016944,0.10504548249781862,0.04904148730394338,1
C14-2019-0001,0.0241070670840765,0.0,0.0,0.0,0.0,0.0,0.0,0.0,0.0,0.0,0.0,0.0,0.0,0.0,0.0,0.0,0.0,0.0,0.05792288042106616,0.0,0.0,0.0,0.0,0.0,0.0,0.12025567094330838,0.08058902531559538,0.27779335677207695,0.3367158786412635,0.0,0.0,0.3600160435106317,0.024759822295341398,0.0,0.601278354716542,0.08011958057199701,0.0,0.0,0.0,0.38013304000018067,0.17926262382423017,0.025579161570496053,0.2258289795642215,0.0,0.05945448578923162,0.054421788313471386,0.028858876583086026,0.07736529950890894,0.20606740409886357,0.04810226837732336,1
C14-2019-0003,0.8067774568451122,0.018380431871338233,0.10001038618855003,0.08261298568439461,0.11623882993389831,0.10704257362410886,0.16384890266933624,0.12713408421528927,0.08773292477430727,0.0,0.14564346903941,0.08381049845323918,0.07195845648836424,0.07230222764641434,0.17713766094773317,0.11679335048216058,0.07221609368380924,0.0,0.09605041362236244,0.15272976601513305,0.11805307819991145,0.11791227425830404,0.0643315115496838,0.10832414052571387,0.07924073516421387,0.05801121315702126,0.0,0.07614047290631279,0.13052522960329785,0.0,0.009037778455801792,0.041747926114533394,0.05225549460301043,0.0,0.15227943453718082,0.016104001687109508,0.05702667604119004,0.009632580851036555,0.0,0.015281315937464077,0.030884323969864423,0.015424201854724501,0.0389070248881551,0.07409644359442959,0.0,0.008204067263196373,0.0,0.00777519618126071,0.1320245311588495,0.036257008223138286,1
C14-2019-0005,0.08494615701083051,0.10370476447775766,0.0989307145022772,0.13317517367189263,0.08648366412628772,0.1761514971270439,0.051358700927778875,0.06221539275668642,0.10253581035302266,0.08751968234493332,0.821739214844462,0.04128226921264829,0.18849948072316633,0.05099231033970463,0.08209632344686538,0.10499961950816482,0.06184546932745493,0.04735000245829716,0.1266846562647307,0.0977582664386362,0.06953485072806129,0.10235019098730654,0.040741157473404795,0.09094921959919842,0.04257966057014226,0.05844763177287973,0.042432572559247865,0.055233560177490953,0.11981764513440345,0.0,0.0036423078814074735,0.12113854833393586,0.024067937335982715,0.0037081795264568215,0.1315071714889794,0.01947018259653319,0.0984954651084442,0.0038820187199324957,0.024200623735354355,0.1046946859498127,0.09335000063137694,0.018648285833058345,0.011759916783084504,0.029861548588304324,0.072241372597994,0.03306314599154026,0.052598340436135115,0.05013560970805237,0.01877897679484723,0.029223815886439866,1
C14-2019-0007,0.13429148657389112,0.14150186873156934,0.11198990228348292,0.19786560345783358,0.3304118226457552,0.2609548403122468,0.16818557242195395,0.2097305433517584,0.1891154903045871,0.12538872826349662,0.1541701080534578,0.0716906268910342,0.18004110262538095,0.26439409523091295,0.12273258430524893,0.3458208972608033,0.11119120900187088,0.15307026566000223,0.17477783932673174,0.06916417945216066,0.22371257957520896,0.13965359607796154,0.12735168185841242,0.1806857146280402,0.23045777660127736,0.0223299842097406,0.012470317398614166,0.011723358055747637,0.0781549447340921,0.0,0.01391547869636384,0.0,0.06896387129446913,0.0,0.033494976314610896,0.0,0.1379777831469227,0.014831296681935524,0.03962518212466519,0.011764330549819917,0.11888157979197783,0.011874331361820983,0.05990519446982711,0.10141012096988448,0.1517994422116929,0.012631812539204033,0.0,0.07182887521496627,0.01195754907953342,0.1004849289438327,1
C14-2019-0008,0.07317005829371528,0.1850368969394646,0.11441028235641135,0.18481551618408218,0.09001409151361259,0.08980032770024897,0.16036578186312517,0.11427378216248225,0.06624094148044365,0.1252520526993515,0.17182048056763413,0.12890246948963616,0.23769704633918717,0.13647577698886942,0.17832553305776658,0.248719642113294,0.2044697891909481,0.09098385132591294,0.1538321919002828,0.090443506223016,0.12570116037873047,0.10272373726717246,0.13877767270459845,0.10223489459547405,0.09971514712374732,0.06387525383810246,0.08153492444919848,0.18204628011290358,0.2281259065646516,0.0,0.022745962831478235,0.18912548084747427,0.05636348153760376,0.03473599010333062,0.39237655929120074,0.07092747347234885,0.010251623702021677,0.0,0.0,0.3172906959097482,0.11659286989540614,0.0097047721353349,0.11015981024616978,0.04144073827153795,0.0902284831217492,0.1032385391765265,0.10949100913598504,0.01956834018573184,0.1270462068569115,0.06387525383810246,1
C14-2019-0015,0.06286798570044005,0.2529297093362083,0.08579060884615988,0.10105084026469399,0.09843328927051455,0.070142522643396,0.09305087667092694,0.07140687842150216,0.4070246431468815,0.04269105267858548,0.08589311692700949,0.29290176604082685,0.028291627299675368,0.11370714589129109,0.08357343270829985,0.08477388685313368,0.028392921516752444,0.2132008985461708,0.0755275373262891,0.14835430199298397,0.10711031763225323,0.0570573681652418,0.3324219036990166,0.14906283796295033,0.05538626234259,0.06272212023879516,0.14647886584601127,0.1556664432848242,0.35922668864037227,0.0,0.014213393236411387,0.229794183106311,0.02348010306129306,0.00723522221580755,0.24518647002438107,0.031657739479078316,0.04484191416633736,0.0,0.01349117070497555,0.018024287189424292,0.13964070377106996,0.024257094527278505,0.007648462051523223,0.012947649510915267,0.021143085718702853,0.14837582037227495,0.14367830627727576,0.0183416623932997,0.10381514591171176,0.05131809837719604,1
C14-2019-0016,0.07317005829371528,0.1850368969394646,0.11441028235641135,0.18481551618408218,0.09001409151361259,0.08980032770024897,0.16036578186312517,0.11427378216248225,0.06624094148044365,0.1252520526993515,0.17182048056763413,0.12890246948963616,0.23769704633918717,0.13647577698886942,0.17832553305776658,0.248719642113294,0.2044697891909481,0.09098385132591294,0.1538321919002828,0.090443506223016,0.12570116037873047,0.10272373726717246,0.13877767270459845,0.10223489459547405,0.09971514712374732,0.06387525383810246,0.08153492444919848,0.18204628011290358,0.2281259065646516,0.0,0.022745962831478235,0.18912548084747427,0.05636348153760376,0.03473599010333062,0.39237655929120074,0.07092747347234885,0.010251623702021677,0.0,0.0,0.3172906959097482,0.11659286989540614,0.0097047721353349,0.11015981024616978,0.04144073827153795,0.0902284831217492,0.1032385391765265,0.10949100913598504,0.01956834018573184,0.1270462068569115,0.06387525383810246,1
C14-2019-0017,0.16884161504124878,0.25008650088594137,0.1508596533363388,0.23151017480281136,0.16616769145238758,0.23089821782876263,0.2658302416947195,0.12054373301001339,0.18051154327530344,0.22821479859618587,0.12083192804305434,0.18542054209770809,0.18506923235829684,0.1439639024136685,0.21162359527158753,0.08944307090001641,0.22767129617138554,0.1559608942814742,0.2607952911432002,0.21466337016003942,0.24108746602002679,0.19263993347436,0.25008650088594137,0.13180969778343374,0.16946681299059707,0.0048128534565341444,0.0,0.01010709256411926,0.014438560369602432,0.0,0.005998495933902854,0.0,0.04954668473534302,0.006106979567866086,0.019251413826136578,0.0,0.04866348476278982,0.006393274337327978,0.0,0.0,0.0819933759874997,0.010237251616835925,0.0,0.07650037560644268,0.0,0.0,0.0,0.010321005965497905,0.03608148721914778,0.10588277604375117,1
C14-2019-0020,0.07317005829371528,0.1850368969394646,0.11441028235641135,0.18481551618408218,0.09001409151361259,0.08980032770024897,0.16036578186312517,0.11427378216248225,0.06624094148044365,0.1252520526993515,0.17182048056763413,0.12890246948963616,0.23769704633918717,0.13647577698886942,0.17832553305776658,0.248719642113294,0.2044697891909481,0.09098385132591294,0.1538321919002828,0.090443506223016,0.12570116037873047,0.10272373726717246,0.13877767270459845,0.10223489459547405,0.09971514712374732,0.06387525383810246,0.08153492444919848,0.18204628011290358,0.2281259065646516,0.0,0.022745962831478235,0.18912548084747427,0.05636348153760376,0.03473599010333062,0.39237655929120074,0.07092747347234885,0.010251623702021677,0.0,0.0,0.3172906959097482,0.11659286989540614,0.0097047721353349,0.11015981024616978,0.04144073827153795,0.0902284831217492,0.1032385391765265,0.10949100913598504,0.01956834018573184,0.1270462068569115,0.06387525383810246,1
C14-2019-0024,0.04258443109762798,0.024475023017945186,0.0484261349467635,0.019556592603943917,0.057150036512923386,0.028507158827268737,0.0533323973331476,0.038694687099108026,0.8878581743444802,0.01927821896440692,0.038787198060470984,0.05952022290218772,0.01916369420715134,0.048138114987769966,0.014152382357678801,0.03828178156024609,0.019232307135649808,0.057765737985323966,0.05115953968320589,0.03349655886521533,0.043531522986496526,0.03864853527870742,0.06853006445024651,0.052888844623036974,0.018758295229321,0.04248562726875173,0.09921932602708629,0.10544264866162255,0.24332677435739627,0.0,0.009627622997553993,0.1556540176705218,0.011928410221498148,0.004900869949821331,0.1660801793233022,0.021443773178564413,0.03037424187886419,0.0,0.00913841636425051,0.012208980570162039,0.08636241766403359,0.016430852030913882,0.005180783217516595,0.00877025535860215,0.014321538489709264,0.10050425234401843,0.09732233132205655,0.016565278277461088,0.07032051176305684,0.03476096776534233,1
C14-2019-0026,0.2027160405032252,0.1281601654053671,0.22821924678691483,0.23041229899398166,0.17456744538211286,0.2239108531906845,0.07616397922377781,0.17729208296894117,0.12234604963885662,0.2523695002643867,0.07616397922377781,0.15583481998190007,0.10034810662141669,0.27727563941708794,0.12351174382350595,0.1754002242011794,0.17623793073423688,0.0756206289319331,0.2678900470514276,0.07517152465764833,0.1013097616965378,0.1770806236450636,0.20505626464858734,0.12588423623874062,0.2946758682371596,0.020224570145066317,0.0,0.04247201880792565,0.10112285072533159,0.031095364257959963,0.02520687631064436,0.0,0.04164101026284063,0.0,0.08089828058026527,0.044914973366357545,0.06816455629194482,0.053731627800300864,0.1435562636970855,0.06393068427987307,0.12920719478576384,0.10754743276896347,0.0,0.2525834427693497,0.0,0.022881608545609264,0.0,0.0,0.04332045877875811,0.16179656116053054,1
C14-2019-0028,0.04443781146330899,0.0255402368987425,0.05053376079458537,0.02040774415904338,0.05963734825669598,0.02974786128800333,0.055653555923838735,0.04037877613064264,0.8777368142016349,0.02011725500628846,0.040475313399155444,0.06211069105321149,0.01999774584672878,0.05023320549055696,0.014768329240453834,0.03994789991567016,0.020069344980542976,0.060279846588668355,0.05338613010421574,0.03495441242621138,0.04542612314697297,0.04033061566822039,0.071512663316479,0.05519069869649318,0.019574702896995765,0.04433470744603587,0.10353759789346674,0.11003177500892126,0.2539169608272963,0.0,0.010046641098111393,0.16242846769260932,0.01244756430500884,0.005114168000438259,0.17330840183450383,0.022377059526435386,0.03169620443817776,0.0,0.009536142975276277,0.012740345773135939,0.09012112489824102,0.01714596358132278,0.005406263789798556,0.00915195868690016,0.014944847468108424,0.1048784473998314,0.09672194405742711,0.01728624039249093,0.07338103534989301,0.036273851546756615,1
C14-2019-0029,0.04023335837867786,0.023123764883693103,0.04575254364067054,0.018476879427986627,0.05399480141245913,0.02693328777425606,0.050387932861643704,0.03655836589292684,0.9006490598373309,0.018213874707388337,0.03664576935392269,0.0562341305749156,0.01810567282507761,0.045480425170804584,0.013371033888023116,0.03616825673581523,0.01817049765590277,0.054576510204965505,0.04833503798239695,0.031647224643838325,0.04112816162954269,0.03651476209965909,0.06474654167434069,0.049968868553732615,0.017722655794181866,0.04014000947735638,0.09374145900850132,0.0996211940057215,0.22989278155213203,0.0,0.009096085034160917,0.14706040951121196,0.01502646204913612,0.004630294499095416,0.15691094613875678,0.020259869371187136,0.028697289772201724,0.0,0.008633887341445424,0.011534926686974225,0.08547982290917208,0.015523709984788494,0.00489475384547747,0.008286052386286663,0.013530850964511232,0.0949554449575165,0.0875706635903515,0.011738035951184923,0.06643813896794527,0.03284182593601886,1
C14-2019-0031,0.0071575592620931215,0.0,0.017906742626808223,0.0,0.0,0.9926311881555346,0.0,0.044713446292374455,0.0,0.0,0.0,0.0,0.0,0.0,0.0,0.017694526169820684,0.017779034728685545,0.0,0.0,0.017694526169820684,0.0,0.0,0.0,0.008889517364342773,0.0,0.007140952388588527,0.0,0.007498074420845472,0.028563809554354107,0.0,0.01780024023336405,0.0,0.03675683457878211,0.0,0.007140952388588527,0.0,0.03209033023222881,0.009485862817630974,0.04223939976604076,0.015048559560241162,0.01520695569152063,0.022783903679815153,0.009578603762549223,0.056752770975509834,0.0,0.0,0.0,0.030627075130200708,0.007647859296193442,0.021422857165765582,0
C14-2019-0037,0.04365655285025255,0.025091215459576457,0.049645329646181464,0.02004895678018092,0.05858886745957437,0.029224865845924687,0.054675113951091786,0.03966887918482232,0.8814677152808943,0.01976357470054945,0.039763719237157664,0.061018726558329156,0.019646166624665375,0.04935005838770436,0.014508688091629836,0.03924557817985734,0.019716506978217047,0.05922007006524523,0.05244755161467631,0.03433988090737517,0.04462748908292511,0.03962156542872599,0.07025540328681408,0.05422039419009688,0.019230561168753237,0.04355526149878998,0.10171730932691046,0.10809731268719813,0.24945286131125172,0.0,0.00987001167754087,0.15957282212385338,0.012228724391326514,0.005024256106323965,0.1702614767679972,0.02198364972711755,0.031138955286991045,0.0,0.009368488592905903,0.01251635848526516,0.09696877824710559,0.01684452137960408,0.005311216576374856,0.008991058626455443,0.014682102962454388,0.1030345854350549,0.09502148110981279,0.01273674899415416,0.07209092757873425,0.03563612304446453,1
C14-2019-0038,0.0241070670840765,0.0,0.0,0.0,0.0,0.0,0.0,0.0,0.0,0.0,0.0,0.0,0.0,0.0,0.0,0.0,0.0,0.0,0.05792288042106616,0.0,0.0,0.0,0.0,0.0,0.0,0.12025567094330838,0.08058902531559538,0.27779335677207695,0.3367158786412635,0.0,0.0,0.3600160435106317,0.024759822295341398,0.0,0.601278354716542,0.08011958057199701,0.0,0.0,0.0,0.38013304000018067,0.17926262382423017,0.025579161570496053,0.2258289795642215,0.0,0.05945448578923162,0.054421788313471386,0.028858876583086026,0.07736529950890894,0.20606740409886357,0.04810226837732336,1
C14-2019-0041,0.9992453236486711,0.0,0.0,0.0,0.0,0.0,0.0,0.0,0.0,0.0,0.0,0.0,0.0,0.0,0.0,0.002551941720877872,0.0,0.0,0.0,0.0,0.0,0.0,0.0,0.0,0.0,0.0020597662974804858,0.0,0.002162776076302998,0.012358597784882915,0.0,0.0,0.0,0.012722754884364477,0.005227231955801505,0.0020597662974804858,0.0,0.025454741468480757,0.002736142109769976,0.0,0.004340669720378746,0.0021931790828579154,0.0,0.0,0.016370007610019888,0.0,0.0023303717100699294,0.0,0.011042752722382214,0.0022059806548137147,0.008239065189921943,0
C14-2019-0043,0.06056194848541282,0.0,0.0,0.0,0.049669030386954284,0.0,0.0,0.0,0.0,0.10052806632936709,0.0,0.0,0.0,0.0,0.04919927630929081,0.0,0.0,0.0,0.0,0.09981195573615985,0.0,0.0,0.0,0.0,0.0,0.04028095564036491,0.0674854443115636,0.042295423173088834,0.22154525602200698,0.0,0.17571447537643842,0.0,0.33174295921965824,0.0,0.08056191128072981,0.044728220100138175,0.2488974873467519,0.18727875429104623,0.35739841739537903,0.0,0.0643349802276388,0.2784606712917508,0.0,0.4801997812894311,0.04978732990117685,0.04557293688789345,0.0,0.06478588854015525,0.15099117386793576,0.44309051204401395,1
C14-2019-0048,0.45740376379574876,0.11567104779588068,0.11443302353362046,0.0,0.22507995873234268,0.0,0.0,0.0,0.0,0.11388813534600005,0.45827902157961903,0.11720735569026992,0.0,0.0,0.11147561161436381,0.0,0.22723381263847076,0.0,0.0,0.0,0.0,0.3424805184186916,0.0,0.0,0.0,0.0912685003371234,0.10193891379493047,0.09583287642420157,0.1825370006742468,0.0,0.11375242007885597,0.10509059614650934,0.09395780805109831,0.0,0.2738055010113702,0.0,0.0,0.0,0.0,0.09616780707654099,0.19436007483765136,0.09706701139777142,0.0,0.0,0.0,0.20651811952288265,0.0,0.09786114879132883,0.09774727666135177,0.0912685003371234,1
C14-2019-0049,0.1768916011266585,0.14126344658231427,0.1281055485703181,0.18812591600109638,0.09162641626982278,0.1599654411901063,0.13991849152898664,0.18611303109692726,0.22475814531306795,0.23181010331123375,0.13991849152898664,0.15506797039704945,0.16130310375302434,0.2315338658436345,0.14748474393953234,0.19563498556537887,0.16188062696982963,0.10419023962963553,0.10066347067257882,0.19563498556537887,0.3373298688631806,0.22074562291542107,0.11771953881859522,0.13875482311699686,0.1353349818179731,0.009288483136515334,0.0,0.009753004084673117,0.04644241568257667,0.0,0.0,0.0,0.06693523599950219,0.0,0.08359634822863801,0.030941965863651694,0.19826974837376893,0.0,0.08790759127320245,0.07829672239659062,0.10879116551495378,0.00987860318894069,0.0,0.0421830212530945,0.0,0.021017547823045702,0.0,0.00995942331593837,0.039791337758618456,0.37153932546061336,1
C14-2019-0053,0.0030430040902853167,0.015390667914470047,0.0,0.0,0.0,0.014938501943180246,0.9565694658973843,0.0,0.007346227334691215,0.003788360406317091,0.019055168643374188,0.00779754105688302,0.015063420642161752,0.0,0.011124331573965043,0.022568244371620708,0.0,0.026486921936880736,0.051180715181726004,0.018806870309683924,0.0,0.0,0.0,0.007558676557138778,0.018430951289631403,0.018215662516766633,0.06781766049824946,0.01275109030685082,0.19126445642604967,0.0,0.0,0.09088872480010828,0.012501602166151314,0.0,0.12143775011177757,0.01011339166818727,0.02046458909654677,0.0,0.007183156243776353,0.028790223004868398,0.029093259313718364,0.003228824685044439,0.02036150128929271,0.0,0.04878161156122751,0.04465235049524128,0.07649919680063043,0.022786685390012194,0.026011623535967806,0.012143775011177756,1
C14-2019-0066,0.6390219852356516,0.10358959555162377,0.11272896663966482,0.10346565949728927,0.15117833504675324,0.08043697040523,0.10260332944117503,0.06141516675470973,0.09889014858354178,0.061195741389527936,0.16416532710588005,0.12595852949881645,0.16221920042635105,0.07130995343663443,0.06988265100672113,0.06075981418761964,0.0712250015746708,0.18336845169420282,0.07873846842301765,0.10126635697936606,0.12283033350941946,0.07156556846427589,0.17610231243776042,0.05087500112476486,0.08931798517394254,0.07356223095591508,0.05477504208117711,0.09440579996763761,0.2860753426063364,0.0,0.0,0.19763989669777682,0.016828846146713976,0.0,0.2533810177370408,0.063531962863842,0.11937511203755012,0.010857581165251944,0.019338998260818113,0.017224680557445825,0.17405981814347016,0.017385737647754036,0.10963733062675603,0.027839826896667374,0.0,0.11096879755014635,0.0980745314305304,0.008763988065016944,0.10504548249781862,0.04904148730394338,1
C14-2019-0068,0.6390219852356516,0.10358959555162377,0.11272896663966482,0.10346565949728927,0.15117833504675324,0.08043697040523,0.10260332944117503,0.06141516675470973,0.09889014858354178,0.061195741389527936,0.16416532710588005,0.12595852949881645,0.16221920042635105,0.07130995343663443,0.06988265100672113,0.06075981418761964,0.0712250015746708,0.18336845169420282,0.07873846842301765,0.10126635697936606,0.12283033350941946,0.07156556846427589,0.17610231243776042,0.05087500112476486,0.08931798517394254,0.07356223095591508,0.05477504208117711,0.09440579996763761,0.2860753426063364,0.0,0.0,0.19763989669777682,0.016828846146713976,0.0,0.2533810177370408,0.063531962863842,0.11937511203755012,0.010857581165251944,0.019338998260818113,0.017224680557445825,0.17405981814347016,0.017385737647754036,0.10963733062675603,0.027839826896667374,0.0,0.11096879755014635,0.0980745314305304,0.008763988065016944,0.10504548249781862,0.04904148730394338,1
C14-2019-0071,0.6390219852356516,0.10358959555162377,0.11272896663966482,0.10346565949728927,0.15117833504675324,0.08043697040523,0.10260332944117503,0.06141516675470973,0.09889014858354178,0.061195741389527936,0.16416532710588005,0.12595852949881645,0.16221920042635105,0.07130995343663443,0.06988265100672113,0.06075981418761964,0.0712250015746708,0.18336845169420282,0.07873846842301765,0.10126635697936606,0.12283033350941946,0.07156556846427589,0.17610231243776042,0.05087500112476486,0.08931798517394254,0.07356223095591508,0.05477504208117711,0.09440579996763761,0.2860753426063364,0.0,0.0,0.19763989669777682,0.016828846146713976,0.0,0.2533810177370408,0.063531962863842,0.11937511203755012,0.010857581165251944,0.019338998260818113,0.017224680557445825,0.17405981814347016,0.017385737647754036,0.10963733062675603,0.027839826896667374,0.0,0.11096879755014635,0.0980745314305304,0.008763988065016944,0.10504548249781862,0.04904148730394338,1
C14-2019-0082,0.0030430040902853167,0.015390667914470047,0.0,0.0,0.0,0.014938501943180246,0.9565694658973843,0.0,0.007346227334691215,0.003788360406317091,0.019055168643374188,0.00779754105688302,0.015063420642161752,0.0,0.011124331573965043,0.022568244371620708,0.0,0.026486921936880736,0.051180715181726004,0.018806870309683924,0.0,0.0,0.0,0.007558676557138778,0.018430951289631403,0.018215662516766633,0.06781766049824946,0.01275109030685082,0.19126445642604967,0.0,0.0,0.09088872480010828,0.012501602166151314,0.0,0.12143775011177757,0.01011339166818727,0.02046458909654677,0.0,0.007183156243776353,0.028790223004868398,0.029093259313718364,0.003228824685044439,0.02036150128929271,0.0,0.04878161156122751,0.04465235049524128,0.07649919680063043,0.022786685390012194,0.026011623535967806,0.012143775011177756,1
C14-2019-0090,0.02420348435968196,0.21422535541400262,0.12110428966928595,0.18340204557847908,0.35730265197088107,0.0,0.12124899278403962,0.0,0.40901361018820376,0.0,0.24249798556807925,0.2170706318334023,0.05990581266055546,0.06019200404927127,0.05898723263237197,0.11966905804647075,0.0,0.06019200404927127,0.3489272731808243,0.14958632255808843,0.15119975376752728,0.36244659651484984,0.1224144888080015,0.060120297049436354,0.26387339959687306,0.024147327758190663,0.0,0.025354945775131976,0.048294655516381325,0.0,0.0,0.0,0.0,0.030640292410654614,0.12073663879095332,0.0,0.0813857535891689,0.0,0.0,0.07633067976419236,0.20569096294451752,0.0,0.0,0.0,0.0,0.0,0.0,0.0,0.0,0.024147327758190663,1
C14-2019-0094,0.1170975616648486,0.11104629042387057,0.18309627470220732,0.20334129396998285,0.10804040830550267,0.16167575388852792,0.05499451493611993,0.20116560956813784,0.0883404691142874,0.14577954978883814,0.14665203982965316,0.09376764474059343,0.18114190935943092,0.036401457746469364,0.14269146144333722,0.09046318171414856,0.07271618505869434,0.036401457746469364,0.08792323271657432,0.2352042724567863,0.10972669612807517,0.10959582320591191,0.07403086028258038,0.10907427758804152,0.05319298112520142,0.10222263928150374,0.1304842590831836,0.19933612486212962,0.45270025967523086,0.0,0.0,0.2522221654180987,0.06013412597906869,0.0,0.33587438621065513,0.16215520767331706,0.0,0.0,0.10365539154496069,0.1846456557200588,0.13994188084545695,0.01553101336886991,0.1175293599057384,0.03315980278237025,0.05414886710146782,0.08260879852579361,0.0876118626459311,0.04697423321120168,0.04691957356275218,0.04380970254921589,1
C14-2019-0096,0.1211328380660206,0.034036454855821956,0.21886906308255932,0.10198719948237497,0.13246052491652924,0.049554735034399326,0.06742479439146416,0.10089597027472363,0.06498471318525165,0.11729140160080496,0.0842809929893302,0.12070980866505754,0.11659461683446845,0.11715163081736389,0.0,0.0,0.15044408686671687,0.0,0.032338893588027356,0.06654621575434301,0.05044798513736182,0.033591876637175874,0.08509113713955488,0.06686403860742972,0.08152008022076715,0.05371190545390218,0.17997446916303833,0.21149272663319352,0.4968351254485951,0.0,0.0,0.29376977469183874,0.08294186193575087,0.0,0.5236910781755462,0.05964202911642205,0.015085809721371983,0.017837388456177238,0.04765663996630286,0.07074396070830459,0.014297717620444786,0.01428108854542363,0.09005890105369548,0.04573668843460716,0.06638800678736881,0.13672890294052792,0.14500966093114223,0.04319378059304081,0.10066821313247772,0.04028392909042663,1
C14-2019-0097,0.1211328380660206,0.034036454855821956,0.21886906308255932,0.10198719948237497,0.13246052491652924,0.049554735034399326,0.06742479439146416,0.10089597027472363,0.06498471318525165,0.11729140160080496,0.0842809929893302,0.12070980866505754,0.11659461683446845,0.11715163081736389,0.0,0.0,0.15044408686671687,0.0,0.032338893588027356,0.06654621575434301,0.05044798513736182,0.033591876637175874,0.08509113713955488,0.06686403860742972,0.08152008022076715,0.05371190545390218,0.17997446916303833,0.21149272663319352,0.4968351254485951,0.0,0.0,0.29376977469183874,0.08294186193575087,0.0,0.5236910781755462,0.05964202911642205,0.015085809721371983,0.017837388456177238,0.04765663996630286,0.07074396070830459,0.014297717620444786,0.01428108854542363,0.09005890105369548,0.04573668843460716,0.06638800678736881,0.13672890294052792,0.14500966093114223,0.04319378059304081,0.10066821313247772,0.04028392909042663,1
C14-2019-0098,0.1364923671068369,0.26551554277307493,0.026267373671854412,0.09281925668043796,0.1549970244471691,0.1804004304161286,0.10519503840835753,0.3148324162970449,0.025347016113200328,0.19606723537143086,0.170941937413581,0.18832942797069568,0.1819089743885431,0.14361130009609138,0.16632537058354152,0.0,0.22168033276888977,0.07833343641604985,0.2522730090450967,0.23360466304906038,0.14429819080281225,0.15722845512320388,0.23896398849576747,0.10432015659712458,0.165342148410765,0.06285031354049572,0.08189800550438946,0.06599348415390525,0.19902599287823647,0.0,0.0,0.18092159106286845,0.053918545041796086,0.013291684586292079,0.31425156770247864,0.04652624898807757,0.07060988531224074,0.0,0.02478436464861835,0.1103735462753086,0.055767650751077,0.01114055794762039,0.0,0.0,0.10357745969983533,0.023702461265136785,0.0,0.05615851272389801,0.06731179939632137,0.06285031354049572,1
C14-2019-0099,0.1218355307629599,0.034233900640455964,0.22013872451103372,0.06838588543700379,0.1332289296280647,0.04984220250369494,0.06781592623785658,0.10148126871728148,0.06536169009834175,0.08426557863558605,0.11867787091624901,0.12141004736458877,0.11727098326870788,0.11783122849479157,0.0,0.0,0.11769085563271993,0.0,0.06505298360856988,0.0669322509580591,0.05074063435864074,0.033786743419514154,0.08558475160113992,0.0672519175044114,0.08199297894863992,0.05402348870666622,0.18101850269792064,0.21271959786673902,0.49971727053666254,0.0,0.0,0.29547393583057924,0.08342300843230233,0.0,0.5267290148899957,0.05998801307056592,0.015173322640972252,0.01794086330908041,0.047933096568819965,0.07115434706873307,0.014380658810589371,0.014363933270152554,0.09058133355899449,0.04600200738080134,0.06677312421942647,0.1375220685518584,0.1458508632950002,0.04344434810768442,0.1012521903537789,0.04051761652999967,1
C14-2019-0101,0.09947740710761581,0.08984447208138804,0.1066594427971075,0.25126354648301846,0.10489499552607025,0.10464589281482395,0.32036065886779314,0.07102145996399821,0.2058446077614574,0.01769192825944028,0.0,0.2549057257695543,0.17586827067621869,0.17670845600015495,0.05195146581424349,0.07026359999934503,0.19414773668107682,0.05301253680004649,0.1707269945956502,0.15809309999852636,0.08877682495499777,0.15960769074964617,0.08984447208138804,0.15884814819360832,0.0344295719515662,0.11342468680555495,0.12668543175114996,0.2084199304184375,0.4111644896701367,0.0,0.0,0.19590331675382777,0.058383423151292274,0.0,0.3119178887152761,0.047230300357598544,0.015928528585932914,0.0,0.016772940178728688,0.07469583809133866,0.10567488628452461,0.01507885432306324,0.0,0.01609720575410369,0.03504827660584934,0.0802037838220186,0.08506119223734514,0.04560665828470978,0.13666076987695022,0.04253425755208311,1
C14-2019-0103,0.0030430040902853167,0.015390667914470047,0.0,0.0,0.0,0.014938501943180246,0.9565694658973843,0.0,0.007346227334691215,0.003788360406317091,0.019055168643374188,0.00779754105688302,0.015063420642161752,0.0,0.011124331573965043,0.022568244371620708,0.0,0.026486921936880736,0.051180715181726004,0.018806870309683924,0.0,0.0,0.0,0.007558676557138778,0.018430951289631403,0.018215662516766633,0.06781766049824946,0.01275109030685082,0.19126445642604967,0.0,0.0,0.09088872480010828,0.012501602166151314,0.0,0.12143775011177757,0.01011339166818727,0.02046458909654677,0.0,0.007183156243776353,0.028790223004868398,0.029093259313718364,0.003228824685044439,0.02036150128929271,0.0,0.04878161156122751,0.04465235049524128,0.07649919680063043,0.022786685390012194,0.026011623535967806,0.012143775011177756,1
C14-2019-0105,0.0857675974833731,0.060248422443550824,0.10728645321794511,0.1203526807610083,0.24619381133771318,0.07017404422587875,0.04773984262314136,0.19050391519213383,0.2990789968946972,0.023727909862950026,0.07160976393471205,0.18314587133973506,0.1651086579831725,0.16589744080772004,0.02322527501452986,0.23558884353677287,0.08284990322748827,0.09479853760441145,0.04579483569606228,0.11779442176838643,0.2262233992906589,0.1427075234161435,0.1686955828419423,0.1775355069160463,0.11543990116662398,0.10458384523643635,0.12743016736754903,0.10981412732202585,0.3137515357093091,0.0,0.0,0.2627399440932864,0.06851441001771505,0.060320613970668464,0.2947362911208661,0.05278661042723302,0.06408866546269777,0.0,0.03374308386807677,0.09016193592017081,0.17209846198153986,0.020223329586659667,0.21680381121705933,0.0,0.023502874756220697,0.0968103257463093,0.13689797557250394,0.0,0.1323728820302487,0.03803048917688595,1
C14-2019-0106,0.9848512683560577,0.0,0.0,0.0,0.0,0.0,0.0,0.0,0.0,0.0,0.0,0.0,0.0,0.0,0.0,0.0,0.0,0.0,0.0,0.0,0.0,0.0,0.0,0.0,0.0,0.033307329816372466,0.01395051281527468,0.004371630423588527,0.06661465963274493,0.0,0.0,0.0767030713449172,0.008572189994417034,0.0,0.0999219894491174,0.01849233161541133,0.004677436368069403,0.0,0.009850798203761784,0.03509527225914955,0.013299252532035724,0.0,0.06701579089283786,0.004726968672111706,0.025729947802450175,0.01413117702424292,0.0,0.01339246377568159,0.0178358402427239,0.02498049736227935,1
C14-2019-0109,0.016834083458690786,0.017028421945557804,0.02948079256774229,0.0,0.0,0.004132035005508849,0.016866296054536677,0.016826068419114163,0.01625591032933673,0.008382975948686568,0.016866296054536677,0.012940941224153514,0.008333175794047012,0.00837298634075347,0.00820539706080242,0.03329303964073828,0.01672602313041166,0.0,0.0,0.00832325991018457,0.004206517104778541,0.0,0.008514210972778902,0.0,0.9665916263985032,0.036949055534266244,0.04877228422330974,0.06701281577145973,0.14443721708849533,0.0,0.0,0.09282497467391497,0.02420586788446049,0.02131103241064203,0.10077015145708976,0.018649298997681127,0.022642269979123213,0.0,0.00794753132870151,0.03185385247463351,0.053648559213355894,0.0071448217102360505,0.027033854852246755,0.0,0.008303471942719836,0.03800300232479633,0.052395968020349445,0.0,0.046766811435448356,0.013436020194278635,1
C14-2019-0123,0.0857675974833731,0.060248422443550824,0.10728645321794511,0.1203526807610083,0.24619381133771318,0.07017404422587875,0.04773984262314136,0.19050391519213383,0.2990789968946972,0.023727909862950026,0.07160976393471205,0.18314587133973506,0.1651086579831725,0.16589744080772004,0.02322527501452986,0.23558884353677287,0.08284990322748827,0.09479853760441145,0.04579483569606228,0.11779442176838643,0.2262233992906589,0.1427075234161435,0.1686955828419423,0.1775355069160463,0.11543990116662398,0.10458384523643635,0.12743016736754903,0.10981412732202585,0.3137515357093091,0.0,0.0,0.2627399440932864,0.06851441001771505,0.060320613970668464,0.2947362911208661,0.05278661042723302,0.06408866546269777,0.0,0.03374308386807677,0.09016193592017081,0.17209846198153986,0.020223329586659667,0.21680381121705933,0.0,0.023502874756220697,0.0968103257463093,0.13689797557250394,0.0,0.1323728820302487,0.03803048917688595,1
C14-2019-0124,0.13143376061456513,0.1846542742295181,0.036535584852275475,0.11066001074960807,0.1437247339426651,0.21507512862134373,0.12802733963214843,0.07298399022531302,0.05288317379145386,0.18180807882694472,0.1463169595795982,0.037421359297341,0.14458241950511724,0.10895485588707764,0.14236543058391868,0.09025648547190909,0.14510007664911082,0.07263657059138509,0.07017787193382014,0.07220518837752726,0.18245997556328253,0.07289694096192524,0.036930854845903624,0.07255003832455541,0.07076192305955402,0.14569867750751223,0.06509306002229763,0.19888066854088532,0.4079562970210342,0.0,0.0,0.1677639143895794,0.08999509134466298,0.01848755327040934,0.5099453712762928,0.06471388190527072,0.01636868032857461,0.0,0.0,0.0,0.01551357026767568,0.030991054170985306,0.0,0.016542018539296408,0.0,0.06593603879691116,0.0,0.0468669033859307,0.312082457516333,0.04370960325225366,1
C14-2019-0126,0.09947740710761581,0.08984447208138804,0.1066594427971075,0.25126354648301846,0.10489499552607025,0.10464589281482395,0.32036065886779314,0.07102145996399821,0.2058446077614574,0.01769192825944028,0.0,0.2549057257695543,0.17586827067621869,0.17670845600015495,0.05195146581424349,0.07026359999934503,0.19414773668107682,0.05301253680004649,0.1707269945956502,0.15809309999852636,0.08877682495499777,0.15960769074964617,0.08984447208138804,0.15884814819360832,0.0344295719515662,0.11342468680555495,0.12668543175114996,0.2084199304184375,0.4111644896701367,0.0,0.0,0.19590331675382777,0.058383423151292274,0.0,0.3119178887152761,0.047230300357598544,0.015928528585932914,0.0,0.016772940178728688,0.07469583809133866,0.10567488628452461,0.01507885432306324,0.0,0.01609720575410369,0.03504827660584934,0.0802037838220186,0.08506119223734514,0.04560665828470978,0.13666076987695022,0.04253425755208311,1
C14-2019-0131,0.0857675974833731,0.060248422443550824,0.10728645321794511,0.1203526807610083,0.24619381133771318,0.07017404422587875,0.04773984262314136,0.19050391519213383,0.2990789968946972,0.023727909862950026,0.07160976393471205,0.18314587133973506,0.1651086579831725,0.16589744080772004,0.02322527501452986,0.23558884353677287,0.08284990322748827,0.09479853760441145,0.04579483569606228,0.11779442176838643,0.2262233992906589,0.1427075234161435,0.1686955828419423,0.1775355069160463,0.11543990116662398,0.10458384523643635,0.12743016736754903,0.10981412732202585,0.3137515357093091,0.0,0.0,0.2627399440932864,0.06851441001771505,0.060320613970668464,0.2947362911208661,0.05278661042723302,0.06408866546269777,0.0,0.03374308386807677,0.09016193592017081,0.17209846198153986,0.020223329586659667,0.21680381121705933,0.0,0.023502874756220697,0.0968103257463093,0.13689797557250394,0.0,0.1323728820302487,0.03803048917688595,1
C14-2019-0133,0.0030430040902853167,0.015390667914470047,0.0,0.0,0.0,0.014938501943180246,0.9565694658973843,0.0,0.007346227334691215,0.003788360406317091,0.019055168643374188,0.00779754105688302,0.015063420642161752,0.0,0.011124331573965043,0.022568244371620708,0.0,0.026486921936880736,0.051180715181726004,0.018806870309683924,0.0,0.0,0.0,0.007558676557138778,0.018430951289631403,0.018215662516766633,0.06781766049824946,0.01275109030685082,0.19126445642604967,0.0,0.0,0.09088872480010828,0.012501602166151314,0.0,0.12143775011177757,0.01011339166818727,0.02046458909654677,0.0,0.007183156243776353,0.028790223004868398,0.029093259313718364,0.003228824685044439,0.02036150128929271,0.0,0.04878161156122751,0.04465235049524128,0.07649919680063043,0.022786685390012194,0.026011623535967806,0.012143775011177756,1
C14-2019-0134,0.0030430040902853167,0.015390667914470047,0.0,0.0,0.0,0.014938501943180246,0.9565694658973843,0.0,0.007346227334691215,0.003788360406317091,0.019055168643374188,0.00779754105688302,0.015063420642161752,0.0,0.011124331573965043,0.022568244371620708,0.0,0.026486921936880736,0.051180715181726004,0.018806870309683924,0.0,0.0,0.0,0.007558676557138778,0.018430951289631403,0.018215662516766633,0.06781766049824946,0.01275109030685082,0.19126445642604967,0.0,0.0,0.09088872480010828,0.012501602166151314,0.0,0.12143775011177757,0.01011339166818727,0.02046458909654677,0.0,0.007183156243776353,0.028790223004868398,0.029093259313718364,0.003228824685044439,0.02036150128929271,0.0,0.04878161156122751,0.04465235049524128,0.07649919680063043,0.022786685390012194,0.026011623535967806,0.012143775011177756,1
C14-2019-0135,0.0857675974833731,0.060248422443550824,0.10728645321794511,0.1203526807610083,0.24619381133771318,0.07017404422587875,0.04773984262314136,0.19050391519213383,0.2990789968946972,0.023727909862950026,0.07160976393471205,0.18314587133973506,0.1651086579831725,0.16589744080772004,0.02322527501452986,0.23558884353677287,0.08284990322748827,0.09479853760441145,0.04579483569606228,0.11779442176838643,0.2262233992906589,0.1427075234161435,0.1686955828419423,0.1775355069160463,0.11543990116662398,0.10458384523643635,0.12743016736754903,0.10981412732202585,0.3137515357093091,0.0,0.0,0.2627399440932864,0.06851441001771505,0.060320613970668464,0.2947362911208661,0.05278661042723302,0.06408866546269777,0.0,0.03374308386807677,0.09016193592017081,0.17209846198153986,0.020223329586659667,0.21680381121705933,0.0,0.023502874756220697,0.0968103257463093,0.13689797557250394,0.0,0.1323728820302487,0.03803048917688595,1
C14-2019-0137,0.041022579364077306,0.02305342123386542,0.011403340528395109,0.011512919897645595,0.02242939438533611,0.06712838841294232,0.022833931931182223,0.0,0.06602273825964929,0.02269808398644347,0.022833931931182223,0.02919951225828171,0.033844864616970324,0.04534207144171589,0.966450993706655,0.02253639443066365,0.05661006904009469,0.022671035720857945,0.03285545480338513,0.011268197215331824,0.045558941893246864,0.0,0.03458013185079813,0.06793208284811363,0.011042964117788477,0.04547488813639467,0.03047487808683424,0.004774910641768145,0.03637991050911574,0.0,0.0,0.0837788825068391,0.004681484624905808,0.005770261139426985,0.11368722034098667,0.015148678376107642,0.015326780989702976,0.0,0.0,0.028749592157038747,0.043578301198653496,0.009672803801406091,0.0,0.005163028625197268,0.022482815731382527,0.015434769414560652,0.0054565168281192076,0.034131790753904157,0.058443556610133195,0.04547488813639467,1
C14-2019-0139,0.0030430040902853167,0.015390667914470047,0.0,0.0,0.0,0.014938501943180246,0.9565694658973843,0.0,0.007346227334691215,0.003788360406317091,0.019055168643374188,0.00779754105688302,0.015063420642161752,0.0,0.011124331573965043,0.022568244371620708,0.0,0.026486921936880736,0.051180715181726004,0.018806870309683924,0.0,0.0,0.0,0.007558676557138778,0.018430951289631403,0.018215662516766633,0.06781766049824946,0.01275109030685082,0.19126445642604967,0.0,0.0,0.09088872480010828,0.012501602166151314,0.0,0.12143775011177757,0.01011339166818727,0.02046458909654677,0.0,0.007183156243776353,0.028790223004868398,0.029093259313718364,0.003228824685044439,0.02036150128929271,0.0,0.04878161156122751,0.04465235049524128,0.07649919680063043,0.022786685390012194,0.026011623535967806,0.012143775011177756,1
C14-2019-0151,0.010358445675414657,0.02619506789513346,0.0,0.026163727746147846,0.01274300032976256,0.025425476972658335,0.0,0.012941892268585617,0.01250335104848813,0.0,0.012972833645435524,0.013271491434631131,0.025638089824769568,0.025760572104954086,0.0,0.012803791164747603,0.06432470855454155,0.03864085815743113,0.012444297104094148,0.025607582329495206,0.0,0.012926456250558289,0.825144638696704,0.02572988342181662,0.0,0.09300970933163752,0.04617052959918733,0.1627686066880662,0.2893635401428723,0.0,0.0,0.11899500150010306,0.05319462406702794,0.013113227818689012,0.32036677658675144,0.045901578431896094,0.011610310520832895,0.0,0.0,0.0,0.03301134199194664,0.0219819652574537,0.09703533028683765,0.011733259372616165,0.0,0.04676845473055231,0.0,0.03324271050187427,0.2213601931943154,0.031003236443879173,1
C14-2019-0153,0.9848512683560577,0.0,0.0,0.0,0.0,0.0,0.0,0.0,0.0,0.0,0.0,0.0,0.0,0.0,0.0,0.0,0.0,0.0,0.0,0.0,0.0,0.0,0.0,0.0,0.0,0.033307329816372466,0.01395051281527468,0.004371630423588527,0.06661465963274493,0.0,0.0,0.0767030713449172,0.008572189994417034,0.0,0.0999219894491174,0.01849233161541133,0.004677436368069403,0.0,0.009850798203761784,0.03509527225914955,0.013299252532035724,0.0,0.06701579089283786,0.004726968672111706,0.025729947802450175,0.01413117702424292,0.0,0.01339246377568159,0.0178358402427239,0.02498049736227935,1
C14-2019-0155,0.15854957921481336,0.2004749130525618,0.05666549576921703,0.34326010634877724,0.16718426712114137,0.05559574699676901,0.22693281324347106,0.08489683426558335,0.08202007092150772,0.3101762147658541,0.056733203310867765,0.11607860585868024,0.08409097439417469,0.1126569425446112,0.19320360601649708,0.16798182428441943,0.3094375180385708,0.0563284712723056,0.108843581435398,0.08399091214220972,0.11319577902077779,0.254386729043193,0.11455709317289245,0.253176151122467,0.10974942560699386,0.02259738779949557,0.0,0.023727492667237067,0.04519477559899114,0.0,0.0281642356361528,0.0,0.1395794398381908,0.028673589758131623,0.11298693899747785,0.0,0.25387287206618847,0.0,0.0,0.0,0.12030519751125279,0.048066110234996566,0.0,0.2565612909558858,0.08379122963142212,0.0,0.02711453108574022,0.024229677507282395,0.024201483632384252,0.2033764901954601,1
C14-2019-0156,0.038689095124126154,0.19567867715581594,0.24198041660685815,0.17101399387132277,0.07139321391071814,0.04748244707727732,0.1938156401704071,0.1208458577559364,0.11675094730511655,0.2889938332828189,0.04845391004260177,0.0,0.14363851398849375,0.07216236314676977,0.07071799933353022,0.023911265736427004,0.12012732634226639,0.04810824209784651,0.16267933754247307,0.0,0.04833834310237456,0.19312275650880786,0.22013851180029295,0.1922037221476262,0.14059990848171863,0.038599329201804505,0.08622413379228991,0.24317818733451935,0.36669362741714284,0.0,0.0,0.20000240233599786,0.07947338568395738,0.0,0.4245926212198496,0.0,0.043364846641739514,0.0,0.0,0.10167836740638249,0.020549720014667438,0.04105163899635056,0.025887840991288335,0.04382406417022789,0.02385441837691417,0.06550557573661839,0.0,0.06208124409260447,0.12401801157556841,0.15439731680721802,1
C14-2019-0158,0.0030430040902853167,0.015390667914470047,0.0,0.0,0.0,0.014938501943180246,0.9565694658973843,0.0,0.007346227334691215,0.003788360406317091,0.019055168643374188,0.00779754105688302,0.015063420642161752,0.0,0.011124331573965043,0.022568244371620708,0.0,0.026486921936880736,0.051180715181726004,0.018806870309683924,0.0,0.0,0.0,0.007558676557138778,0.018430951289631403,0.018215662516766633,0.06781766049824946,0.01275109030685082,0.19126445642604967,0.0,0.0,0.09088872480010828,0.012501602166151314,0.0,0.12143775011177757,0.01011339166818727,0.02046458909654677,0.0,0.007183156243776353,0.028790223004868398,0.029093259313718364,0.003228824685044439,0.02036150128929271,0.0,0.04878161156122751,0.04465235049524128,0.07649919680063043,0.022786685390012194,0.026011623535967806,0.012143775011177756,1
C14-2019-0163,0.038689095124126154,0.19567867715581594,0.24198041660685815,0.17101399387132277,0.07139321391071814,0.04748244707727732,0.1938156401704071,0.1208458577559364,0.11675094730511655,0.2889938332828189,0.04845391004260177,0.0,0.14363851398849375,0.07216236314676977,0.07071799933353022,0.023911265736427004,0.12012732634226639,0.04810824209784651,0.16267933754247307,0.0,0.04833834310237456,0.19312275650880786,0.22013851180029295,0.1922037221476262,0.14059990848171863,0.038599329201804505,0.08622413379228991,0.24317818733451935,0.36669362741714284,0.0,0.0,0.20000240233599786,0.07947338568395738,0.0,0.4245926212198496,0.0,0.043364846641739514,0.0,0.0,0.10167836740638249,0.020549720014667438,0.04105163899635056,0.025887840991288335,0.04382406417022789,0.02385441837691417,0.06550557573661839,0.0,0.06208124409260447,0.12401801157556841,0.15439731680721802,1
C14-2019-0167,0.041022579364077306,0.02305342123386542,0.011403340528395109,0.011512919897645595,0.02242939438533611,0.06712838841294232,0.022833931931182223,0.0,0.06602273825964929,0.02269808398644347,0.022833931931182223,0.02919951225828171,0.033844864616970324,0.04534207144171589,0.966450993706655,0.02253639443066365,0.05661006904009469,0.022671035720857945,0.03285545480338513,0.011268197215331824,0.045558941893246864,0.0,0.03458013185079813,0.06793208284811363,0.011042964117788477,0.04547488813639467,0.03047487808683424,0.004774910641768145,0.03637991050911574,0.0,0.0,0.0837788825068391,0.004681484624905808,0.005770261139426985,0.11368722034098667,0.015148678376107642,0.015326780989702976,0.0,0.0,0.028749592157038747,0.043578301198653496,0.009672803801406091,0.0,0.005163028625197268,0.022482815731382527,0.015434769414560652,0.0054565168281192076,0.034131790753904157,0.058443556610133195,0.04547488813639467,1
C14-2019-0168,0.9848512683560577,0.0,0.0,0.0,0.0,0.0,0.0,0.0,0.0,0.0,0.0,0.0,0.0,0.0,0.0,0.0,0.0,0.0,0.0,0.0,0.0,0.0,0.0,0.0,0.0,0.033307329816372466,0.01395051281527468,0.004371630423588527,0.06661465963274493,0.0,0.0,0.0767030713449172,0.008572189994417034,0.0,0.0999219894491174,0.01849233161541133,0.004677436368069403,0.0,0.009850798203761784,0.03509527225914955,0.013299252532035724,0.0,0.06701579089283786,0.004726968672111706,0.025729947802450175,0.01413117702424292,0.0,0.01339246377568159,0.0178358402427239,0.02498049736227935,1
C14-2020-0001,0.041022579364077306,0.02305342123386542,0.011403340528395109,0.011512919897645595,0.02242939438533611,0.06712838841294232,0.022833931931182223,0.0,0.06602273825964929,0.02269808398644347,0.022833931931182223,0.02919951225828171,0.033844864616970324,0.04534207144171589,0.966450993706655,0.02253639443066365,0.05661006904009469,0.022671035720857945,0.03285545480338513,0.011268197215331824,0.045558941893246864,0.0,0.03458013185079813,0.06793208284811363,0.011042964117788477,0.04547488813639467,0.03047487808683424,0.004774910641768145,0.03637991050911574,0.0,0.0,0.0837788825068391,0.004681484624905808,0.005770261139426985,0.11368722034098667,0.015148678376107642,0.015326780989702976,0.0,0.0,0.028749592157038747,0.043578301198653496,0.009672803801406091,0.0,0.005163028625197268,0.022482815731382527,0.015434769414560652,0.0054565168281192076,0.034131790753904157,0.058443556610133195,0.04547488813639467,1
C14-2020-0004,0.010358445675414657,0.02619506789513346,0.0,0.026163727746147846,0.01274300032976256,0.025425476972658335,0.0,0.012941892268585617,0.01250335104848813,0.0,0.012972833645435524,0.013271491434631131,0.025638089824769568,0.025760572104954086,0.0,0.012803791164747603,0.06432470855454155,0.03864085815743113,0.012444297104094148,0.025607582329495206,0.0,0.012926456250558289,0.825144638696704,0.02572988342181662,0.0,0.09300970933163752,0.04617052959918733,0.1627686066880662,0.2893635401428723,0.0,0.0,0.11899500150010306,0.05319462406702794,0.013113227818689012,0.32036677658675144,0.045901578431896094,0.011610310520832895,0.0,0.0,0.0,0.03301134199194664,0.0219819652574537,0.09703533028683765,0.011733259372616165,0.0,0.04676845473055231,0.0,0.03324271050187427,0.2213601931943154,0.031003236443879173,1
C14-2020-0005,0.010358445675414657,0.02619506789513346,0.0,0.026163727746147846,0.01274300032976256,0.025425476972658335,0.0,0.012941892268585617,0.01250335104848813,0.0,0.012972833645435524,0.013271491434631131,0.025638089824769568,0.025760572104954086,0.0,0.012803791164747603,0.06432470855454155,0.03864085815743113,0.012444297104094148,0.025607582329495206,0.0,0.012926456250558289,0.825144638696704,0.02572988342181662,0.0,0.09300970933163752,0.04617052959918733,0.1627686066880662,0.2893635401428723,0.0,0.0,0.11899500150010306,0.05319462406702794,0.013113227818689012,0.32036677658675144,0.045901578431896094,0.011610310520832895,0.0,0.0,0.0,0.03301134199194664,0.0219819652574537,0.09703533028683765,0.011733259372616165,0.0,0.04676845473055231,0.0,0.03324271050187427,0.2213601931943154,0.031003236443879173,1
C14-2020-0008,0.041022579364077306,0.02305342123386542,0.011403340528395109,0.011512919897645595,0.02242939438533611,0.06712838841294232,0.022833931931182223,0.0,0.06602273825964929,0.02269808398644347,0.022833931931182223,0.02919951225828171,0.033844864616970324,0.04534207144171589,0.966450993706655,0.02253639443066365,0.05661006904009469,0.022671035720857945,0.03285545480338513,0.011268197215331824,0.045558941893246864,0.0,0.03458013185079813,0.06793208284811363,0.011042964117788477,0.04547488813639467,0.03047487808683424,0.004774910641768145,0.03637991050911574,0.0,0.0,0.0837788825068391,0.004681484624905808,0.005770261139426985,0.11368722034098667,0.015148678376107642,0.015326780989702976,0.0,0.0,0.028749592157038747,0.043578301198653496,0.009672803801406091,0.0,0.005163028625197268,0.022482815731382527,0.015434769414560652,0.0054565168281192076,0.034131790753904157,0.058443556610133195,0.04547488813639467,1
C14-2020-0010,0.041022579364077306,0.02305342123386542,0.011403340528395109,0.011512919897645595,0.02242939438533611,0.06712838841294232,0.022833931931182223,0.0,0.06602273825964929,0.02269808398644347,0.022833931931182223,0.02919951225828171,0.033844864616970324,0.04534207144171589,0.966450993706655,0.02253639443066365,0.05661006904009469,0.022671035720857945,0.03285545480338513,0.011268197215331824,0.045558941893246864,0.0,0.03458013185079813,0.06793208284811363,0.011042964117788477,0.04547488813639467,0.03047487808683424,0.004774910641768145,0.03637991050911574,0.0,0.0,0.0837788825068391,0.004681484624905808,0.005770261139426985,0.11368722034098667,0.015148678376107642,0.015326780989702976,0.0,0.0,0.028749592157038747,0.043578301198653496,0.009672803801406091,0.0,0.005163028625197268,0.022482815731382527,0.015434769414560652,0.0054565168281192076,0.034131790753904157,0.058443556610133195,0.04547488813639467,1
C14-72-204,0.0020604811627294136,0.0057317371939972885,0.00567039055759792,0.009367984902619942,0.004055699159336181,0.002023033879683915,0.004128847928153615,0.007208250444350041,0.006963995981476275,0.0015391064270533581,0.004128847928153615,0.0079198150840196,0.0020399508879091603,0.0035869688038776258,0.014060695710094214,0.0020375234920891844,0.004606322955589495,0.00614908937807593,0.003960631248335275,0.01171576007951281,0.0030892501904357314,0.998694728803023,0.004168536141088937,0.006141763940785993,0.012979178433343634,0.00041114009236526913,0.00045920744044717894,0.00302190966909693,0.011511922586227536,0.0006321296740276122,0.0025621205741983037,0.0,0.013120895751263682,0.0010433827525733067,0.0012334202770958075,0.0022826623960327556,0.021247396300125926,0.0010922964620902465,0.007295796040741899,0.005631732001661024,0.01575971927732719,0.0030608257963046026,0.0,0.00933582534378688,0.009147057402138678,0.003721234748992734,0.0019733025629238518,0.005290058445718477,0.011008131010851975,0.010278502309131729,0
C14-86-103,0.756603139452031,0.011457150119844472,0.0,0.0,0.0,0.0,0.0,0.0,0.0,0.0,0.0,0.0,0.0,0.0,0.0,0.0,0.0,0.0,0.010885727086360437,0.011200196774821472,0.0,0.01130749882940845,0.011457150119844472,0.0,0.0,0.10396105757889126,0.05553344621333997,0.04746095382252096,0.1310813334690368,0.1111934446113859,0.02816777789630856,0.15613743791262502,0.125637295467229,0.1032379058899994,0.37516381648034675,0.04517178092872744,0.13203049706916498,0.09606905920330142,0.05882028633471778,0.22860877082738623,0.15401002046069337,0.03365050890962745,0.1697645297925006,0.1436923930805723,0.033520707274396155,0.0562526245162643,0.027117941322905823,0.03877235985901114,0.06293177147658931,0.14012142543241865,1
C14-91-0038,0.9779253367180094,0.0,0.0,0.0,0.0,0.0,0.0,0.0,0.0,0.0,0.0,0.0,0.0,0.0,0.0,0.0,0.0,0.0,0.0,0.0,0.0,0.0,0.0,0.0,0.0,0.030130564287325797,0.024037999216855715,0.03917012230793608,0.05308718469671688,0.028677921497031,0.023247221483729118,0.036345746437199504,0.011816528845988683,0.03823235885587967,0.10187000306667293,0.020711577287793194,0.016119294429009983,0.053366252173706163,0.010184291401022613,0.07256680567244063,0.033609867374413196,0.022889166237890515,0.04811428650001462,0.07493396198654265,0.010640408248468096,0.017856153362194226,0.024102376470783244,0.016922715401975732,0.01997630106157337,0.05452197347230382,1
C14-95-0129.01,0.17528021187324216,0.05540740853609241,0.14617169189732504,0.12912927610430827,0.0718768004290748,0.1075591630828192,0.14634634714004283,0.1094979734393188,0.1763126510143451,0.0909222973649812,0.12805305374753748,0.16842993896690076,0.09038216167848084,0.07265115954686147,0.10679551836389237,0.1624943040535761,0.0725646099001448,0.12713952920700755,0.05264397529728512,0.1624943040535761,0.09124831119943234,0.1093673733186496,0.07387654471478988,0.09070576237518098,0.08847016936830929,0.11658235270948124,0.11393573427955797,0.1530158565000824,0.21859191133027733,0.13443440444773658,0.07265115954686147,0.18457737049559708,0.10501536119106683,0.1849126647010108,0.4080382344831843,0.0485451596997015,0.03274393591109021,0.13550695012478878,0.0,0.15355063853468387,0.04655005844089342,0.09299183604499847,0.0,0.24818011471512813,0.0540359950756656,0.18136052538938444,0.08742923780167312,0.09375263307825901,0.031214513884944926,0.3351742640397586,1
C14-98-0146,0.20313077538710822,0.0,0.0,0.0,0.0,0.0,0.0,0.0,0.0,0.0,0.0,0.0,0.0,0.0,0.0,0.0,0.0,0.0,0.4880693106113141,0.0,0.0,0.0,0.0,0.0,0.0,0.20265947407220197,0.0,0.2127945596039925,0.20265947407220197,0.0,0.0,0.0,0.0,0.0,0.6079784222166059,0.0,0.0,0.0,0.0,0.42707652986123434,0.0,0.0,0.0,0.0,0.0,0.0,0.0,0.0,0.0,0.20265947407220197,1
C14-99-0132,0.031009257643480517,0.06861583585527892,0.02909204670914992,0.06853374290071643,0.08583234721764169,0.0570856760892832,0.058253615477095094,0.06780045458274617,0.08421815434402444,0.057907042054698314,0.11650723095419019,0.10925698244601066,0.07675071702600307,0.0771173825182996,0.01889346041246166,0.07665938915590909,0.5199222076231297,0.0771173825182996,0.05588025856168229,0.03832969457795454,0.09685779226106594,0.09674226830240511,0.1078248849154383,0.08665370127052163,0.1032997508740015,0.09281193113285394,0.06046996123491044,0.17054361597552034,0.19335818986011238,0.095132497596076,0.06747770970351215,0.11577341833073654,0.02388667935273783,0.08832606875548324,0.5104656212306966,0.06011771345258327,0.0,0.20548175244630199,0.06404897727438902,0.24448522367018277,0.04941171875887368,0.04935425006352117,0.12449441816462449,0.21953080262007577,0.028678926310317078,0.08750438457246486,0.04640197084869703,0.04975803354198649,0.05798349041094016,0.1314835691048764,1
C14H-1999-0018,0.9976215726238596,0.0,0.0,0.0,0.0,0.0,0.0,0.0,0.0,0.0,0.0,0.0,0.0,0.0,0.0,0.0,0.0,0.0,0.0,0.0,0.0,0.0,0.0,0.0,0.0,0.00873076231895796,0.0,0.0,0.00873076231895796,0.0,0.027203946028649475,0.005026493332988245,0.02696406603837057,0.0,0.01309614347843694,0.0,0.03923468898100852,0.00579886331291916,0.0,0.004599715472585499,0.004648130547325861,0.009285449003710847,0.0,0.00495627121031852,0.0,0.004938890771329587,0.00523800645455311,0.0187228326794309,0.02805156992949622,0.00436538115947898,0
C14H-2009-0016,0.08413087695838474,0.10637764115675524,0.18416839697856666,0.3054698121552495,0.1940590002142733,0.16778506546556118,0.19755905689647052,0.17080947931619814,0.19040945939007942,0.10473797397623483,0.21072966068956858,0.13473814604145623,0.1301447055912517,0.20922632507340277,0.12814910079064012,0.27297866964752626,0.22203813988164012,0.23537961570757812,0.1768761363705643,0.12998984268929822,0.22336624218272064,0.24934686816951476,0.1728636668797273,0.11754960346675065,0.12739155528284013,0.010491959702516271,0.011718599206780833,0.01101666701989151,0.09442763732264643,0.0,0.13076645317087673,0.0,0.07560780252960239,0.03993941480380079,0.03147587910754881,0.0,0.141447708925364,0.013937257246698111,0.012412184148209177,0.022110339335027325,0.0,0.06695123738862589,0.0,0.23824264554992453,0.012968080094295864,0.0,0.0,0.022499662551000388,0.1123674086868354,0.06295175821509762,1
C14H-2010-0002,0.9996373744063215,0.0,0.0,0.0,0.0,0.0,0.0,0.0,0.0,0.0,0.0,0.0,0.0,0.0,0.0,0.0,0.0,0.0,0.0,0.0,0.0,0.0,0.0,0.0,0.0,0.0030781420651458894,0.0,0.0,0.0030781420651458894,0.0,0.011509319468278283,0.0,0.01584421132387943,0.0,0.009234426195437668,0.0,0.010374519041405923,0.004088927047016011,0.0,0.0032433771912731887,0.0032775159005178304,0.0032737039593927096,0.0,0.0,0.003804588844623545,0.0,0.00369345251107236,0.0,0.006593293478766128,0.0030781420651458894,0
C14H-2010-0004,0.9986055511459041,0.0,0.0,0.0,0.0,0.0,0.0,0.0,0.0,0.0,0.0,0.0,0.0,0.0,0.0,0.0,0.0,0.0,0.0,0.0,0.0,0.0,0.0,0.0,0.0,0.0018940847906262605,0.0,0.0,0.0056822543718787815,0.0,0.004721382031532153,0.0,0.0253486439343974,0.0,0.011364508743757563,0.0,0.027663098717413716,0.0025160549337303927,0.006722212974551475,0.01197455727170313,0.02621796120149519,0.004028841260258608,0.0,0.01290278796933767,0.002341092033010586,0.0,0.0,0.002030901272993476,0.010142690488259148,0.003788169581252521,0
C14H-2010-0006,0.07978654760767283,0.0,0.033268258093201164,0.0,0.06543581500767269,0.0,0.06661601825163324,0.09968569957090051,0.0,0.03310984682084352,0.0,0.034074818956259766,0.09873946045924904,0.03307039133504829,0.0,0.03287398918512425,0.0,0.03307039133504829,0.03195098101434306,0.03287398918512425,0.0,0.0,0.0,0.09909298329609015,0.0,0.23880428377324875,0.1778156334149796,0.13930388135543317,0.21227047446511,0.08159169363499147,0.0,0.21386542778189252,0.19120956155090316,0.1346738958631401,0.5572099954709138,0.17677982718566512,0.0,0.1762342481994436,0.03138999163398418,0.3354977778916672,0.056504852646956066,0.0564391342254101,0.03559144940944464,0.21087764220065017,0.06559166715674541,0.12007894031029027,0.15918915135064668,0.1991530852133257,0.08525200665318397,0.23880428377324875,1
C14H-2010-0009,0.22199882835152862,0.08020059274103372,0.0,0.0,0.39014832251532844,0.07784436108713179,0.0,0.0,0.07656221158520227,0.0,0.07943701097167578,0.0,0.15699062196944222,0.07887031102329313,0.3864584223105667,0.39200953586226106,0.15755270494799964,0.0,0.15240120895877454,0.23520572151735664,0.0792475465447447,0.0,0.08020059274103372,0.27571723365899936,0.0,0.06328107132339132,0.0353397045566562,0.0,0.03164053566169566,0.0,0.0,0.03643231501339783,0.09771855674261529,0.0,0.03164053566169566,0.21080306869548354,0.07109382494490489,0.0,0.0,0.0,0.0,0.0,0.0,0.0,0.31286204851807675,0.07159473313809075,0.03796537437781503,0.23748230876507198,0.13554626981327306,0.03164053566169566,1
C14H-2010-0010,0.9303521681203597,0.0,0.0,0.0,0.0,0.0,0.0,0.0,0.0,0.0,0.0,0.0,0.0,0.0,0.0,0.0,0.0,0.0,0.0,0.0,0.0,0.0,0.0,0.0,0.0,0.026904161664711188,0.05258678253103242,0.042374475157158115,0.08071248499413357,0.09307184663464751,0.05029796953356194,0.0929359322566801,0.048469604345748006,0.09388062807588769,0.14797288915591153,0.06721772863109018,0.0,0.08934704115330928,0.023871094038001577,0.12048061960728214,0.007161691677964668,0.05007353550559119,0.0,0.1145469751309857,0.049880384584519134,0.03804842890628036,0.04842332226182418,0.014423772484762456,0.007203494425427154,0.14124684873973375,1
C14H-2010-0013,0.26004997855082346,0.3288151069052225,0.12511377201417967,0.21473727053034475,0.20917486496803822,0.2946044051797929,0.12526326591368125,0.1999432027850234,0.26560606464339237,0.09961442080826001,0.17536857227915378,0.20503527985742936,0.2599344521454932,0.012436964359004125,0.17063245692873188,0.12363102319880072,0.1863322222278542,0.17411750102605777,0.192255704789057,0.14835722783856087,0.2249361031331513,0.17474163619503086,0.20234775809552152,0.161487925930807,0.14539180601193916,0.009978715925390232,0.011145350901407345,0.0,0.019957431850780465,0.0,0.0497478574360165,0.0,0.06163648610754442,0.025323777181357338,0.0299361477761707,0.0,0.05605349817397882,0.01325547703071453,0.0590250359038772,0.010514374887720224,0.0,0.021225376310275535,0.0,0.022658833513113617,0.0,0.022579374489036165,0.011973428325233425,0.010699514074559782,0.010687064021883744,0.019957431850780465,1
C14H-2010-0014,0.22199882835152862,0.08020059274103372,0.0,0.0,0.39014832251532844,0.07784436108713179,0.0,0.0,0.07656221158520227,0.0,0.07943701097167578,0.0,0.15699062196944222,0.07887031102329313,0.3864584223105667,0.39200953586226106,0.15755270494799964,0.0,0.15240120895877454,0.23520572151735664,0.0792475465447447,0.0,0.08020059274103372,0.27571723365899936,0.0,0.06328107132339132,0.0353397045566562,0.0,0.03164053566169566,0.0,0.0,0.03643231501339783,0.09771855674261529,0.0,0.03164053566169566,0.21080306869548354,0.07109382494490489,0.0,0.0,0.0,0.0,0.0,0.0,0.0,0.31286204851807675,0.07159473313809075,0.03796537437781503,0.23748230876507198,0.13554626981327306,0.03164053566169566,1
C14H-2010-0015,0.25404473549380485,0.11834490862088196,0.167254665849555,0.11820331910171313,0.32897560620819644,0.14768746243789435,0.20094541484602282,0.18376063010273425,0.1936732661555341,0.2163957384269065,0.13396360989734854,0.10278576850847532,0.26475102954912716,0.13300791972364537,0.195518554996048,0.16527249671131716,0.14945565015269172,0.13300791972364537,0.20882174923594796,0.23138149539584402,0.15034960644769166,0.15017028188005008,0.13525132413815083,0.26569893360478525,0.2915441386704519,0.013339752857260374,0.0,0.0,0.06669876428630186,0.0,0.01662598996545567,0.0,0.13732820565495274,0.0,0.06669876428630186,0.0,0.10490685827947789,0.0,0.015781176600993384,0.05622333113778366,0.014203779803963288,0.014187259984072153,0.0,0.0,0.0,0.015092286302533117,0.0,0.057213322641740526,0.0,0.08003851714356225,1
C14H-2010-0016,0.1804769235877476,0.22033153132461694,0.2413276137932711,0.2043487861725659,0.09187175848413263,0.13748037467598498,0.14029314235493978,0.13995853057267976,0.16526397497282272,0.09297232257944642,0.26499815778155295,0.3428603589090516,0.200243351647253,0.12381537563603093,0.13650429640363398,0.2153900822386143,0.14685560017678653,0.17798460247679443,0.14953038641691058,0.3230851233579215,0.13995853057267976,0.13979159962037677,0.14951068197027578,0.1236678738330834,0.20354603950820907,0.0062089028771565935,0.0069348002083706685,0.0,0.08071573740303571,0.0095462150850498,0.10833845368152706,0.0,0.12783707469388625,0.023635236363688732,0.01862670863146978,0.006894403820736302,0.055803689162300496,0.016495503046574208,0.16159545568259068,0.026168790846429934,0.0,0.05943032697005187,0.0,0.1762332168343113,0.0,0.0,0.0,0.006657394019272451,0.05319717931642456,0.08071573740303571,1
C14H-2010-0020,0.0028311709681623602,0.021478912394095735,0.0,0.9975744844856891,0.0034829175835266344,0.006949292829475529,0.021274413831563584,0.021223672438155296,0.017087083140881046,0.007049281355579823,0.0,0.00725472960545096,0.007007404186451046,0.007040881050320282,0.0,0.006999065876086865,0.024613726261876252,0.010561321575480424,0.006802552001391448,0.0,0.0,0.007066119532713867,0.0,0.0,0.0,0.0028246021230551796,0.0031548329518238114,0.0,0.0028246021230551796,0.0,0.014081762100640565,0.0,0.02035482079610289,0.0,0.014123010615275898,0.0,0.012693322959041827,0.0,0.01336622811785113,0.014881135935980255,0.01503776982189255,0.0060081120092919,0.0,0.00962080538101775,0.0,0.0031956891846530535,0.0,0.009085899547584866,0.0090753271115669,0.011298408492220718,0
C14H-2010-0022,0.15829462570931171,0.1334350280541863,0.09900515727461352,0.0666376922515616,0.032455777807170086,0.45330183389935313,0.033041151646386324,0.19777407313998263,0.1273816127986679,0.16422288490190445,0.19824690987831797,0.16900908970633877,0.16324729757903372,0.26244350083589846,0.06429764252403503,0.2934954809235094,0.16383178171008286,0.26244350083589846,0.12677998315155517,0.0652212179830021,0.19777407313998263,0.23046121535887099,0.16679378506773285,0.19659813805209944,0.06391755097477173,0.02632122543844821,0.0,0.0,0.05264245087689642,0.0,0.19683262562692386,0.0,0.1083872152289316,0.06679745702024988,0.05264245087689642,0.0,0.059141748220204744,0.0,0.0,0.0,0.056052146437587956,0.08398043180943832,0.0,0.05976803724348987,0.0,0.0,0.0,0.08466750355777591,0.16913796734871808,0.07896367631534462,1
C14H-2010-0024,0.1965747886516938,0.09942205802988871,0.1967158925779248,0.049651554038135995,0.03224360970883165,0.08041759543987995,0.0,0.11461403071581697,0.03163722520812916,0.11420453536029308,0.032825156874873654,0.06716170116905613,0.11352608852276252,0.03259098372964698,0.0798466494571637,0.2105832868060365,0.03255215794702296,0.08147745932411744,0.06297560206256891,0.24298071554542672,0.19648119551282905,0.11447732858543308,0.14913308704483308,0.16276078973511476,0.1269994254594381,0.05229831958659782,0.10222211690194198,0.08237067081670744,0.16996953865644293,0.22112445586677779,0.1629549186482349,0.2709837132342275,0.04037950214171965,0.19908237724263514,0.33993907731288586,0.05807237470286403,0.0,0.12157561790662047,0.04640241611834434,0.22042280479481105,0.0417642941069015,0.2224838389869651,0.0,0.1929763061456456,0.0,0.13313048200916405,0.10981701705098261,0.01401900331356377,0.028005381345548745,0.2745661778296386,1
C14H-2010-0025,0.10227424178151791,0.0862124425272556,0.09950466512321987,0.05740619782939083,0.013979796857847346,0.06973298946353045,0.056927748360880756,0.1561779190205652,0.10973510361886564,0.18391445487283375,0.042695811270660564,0.24751288870322444,0.16875866513308016,0.19782569956437265,0.2077137049984487,0.07023243932412554,0.14113573495441978,0.056521628446963616,0.06826051206622537,0.1685578543779013,0.0567919705529328,0.1134484675811183,0.1724248850545112,0.09879501446809384,0.09636004851140957,0.10203694645026733,0.10130339918587974,0.11904428561822156,0.15872413892263806,0.15688224742887918,0.09891284978218633,0.2741430118925158,0.0350145186757818,0.20140340487859443,0.3287857163397503,0.1258916121256216,0.01273717165012394,0.15060370159276154,0.040237204016898565,0.2508667116352354,0.024143547731297323,0.08440413584640892,0.04562283506933125,0.21882491018622482,0.042039279971281186,0.11544222938324686,0.08162253032572621,0.012156382008273093,0.03642671019213612,0.2947734008563278,1
C14H-2010-0027,0.022025561127276216,0.11139915914736243,0.16531028519985835,0.2503482291470391,0.05419186266029256,0.054063168818908956,0.11033853896814012,0.2201507432265952,0.05317271170671931,0.2742052301798468,0.02758463474203503,0.2539771404928475,0.2180610227892923,0.0821635417152332,0.1341983326414581,0.2722519321884056,0.19148653982662256,0.27387847238411067,0.3969118077281994,0.054450386437681124,0.0275188429033244,0.05497204140993596,0.3341974774420873,0.3282626397027816,0.026681005494512116,0.021974457714211155,0.0,0.0,0.021974457714211155,0.0,0.0821635417152332,0.0,0.09048781879016037,0.0,0.06592337314263347,0.0,0.09874979783509895,0.0,0.025996193603413396,0.023154049888692095,0.0,0.02337054876026692,0.0,0.02494888032739513,0.0,0.049722781331031814,0.0,0.09424700386380686,0.02353433429650097,0.021974457714211155,1
C14H-2010-0032,0.10641385875056958,0.10764233717305177,0.10649024399497495,0.21502710472287,0.07854644681112534,0.05223994410003052,0.10661748531763189,0.21272638602188396,0.28258734205550073,0.10598317641729593,0.21323497063526378,0.10907201015968618,0.026338392406911274,0.10585688112712763,0.0,0.0,0.05286538667893743,0.15878532169069146,0.1534105462283677,0.026307051601594657,0.07977239475820648,0.2655908294923335,0.0,0.10573077335787485,0.07734364814434025,0.21233391747051536,0.11857918574762985,0.0,0.04246678349410307,0.03264643184357594,0.13232110140890951,0.14669440970330383,0.08743621024445652,0.10777131755773015,0.5520681854233399,0.09431075349988642,0.0,0.05641181464461786,0.025119498733135733,0.20135883050687645,0.04521739256994762,0.06774720317890645,0.0,0.07232251505792009,0.0,0.09609186342486994,0.05095575344279223,0.02276715516774619,0.09096265238900607,0.19110052572346384,1
C14H-2010-0040,0.0,0.0,0.0,0.0,0.0,0.000701785812394659,0.0,0.0,0.0,0.0,0.0007161439377293113,0.0,0.0007076542837434907,0.0,0.0,0.0014136244514030814,0.0014203758819877532,0.0007110350001247675,0.0006869669475438847,0.0,0.0007144358699268806,0.0,0.0,0.0,0.9995432843226062,0.0005704942198469889,0.001274384062029637,0.0,0.007416424858010855,0.0,0.009243455001621978,0.0,0.013507999832439008,0.0,0.0017114826595409664,0.0006334802793408,0.015382274168126384,0.0007578302743437839,0.0026996212387401797,0.001803355304509526,0.009111684112344896,0.002426956452037863,0.0,0.01165887502953536,0.0014102636582819285,0.0006454438992986937,0.0006845341326850883,0.006117030467994962,0.004276938844680733,0.006845930638163866,0
C14H-2011-0001,0.09376096514501155,0.11855421772960643,0.12901386847072088,0.05920618889503271,0.184552168879551,0.05753559305443964,0.10568292746215707,0.2225762687825143,0.06790553130778725,0.2101083572201975,0.05871273747897615,0.24025763803119168,0.10443009065227345,0.08161143694978291,0.10282878701654576,0.16225350758557602,0.2096079759902228,0.15156409719245398,0.11264135021728845,0.05794768128056287,0.14057448554685112,0.14040681993443133,0.05927710886480322,0.26783241376528466,0.1703682016373339,0.04677171110231493,0.06268788125351876,0.06875509766375355,0.17773250218879671,0.25888215075748505,0.08161143694978291,0.05385502100263286,0.07703981001533326,0.30861030997620625,0.21514987107064867,0.03116135685541745,0.010509240036372509,0.12426074593955454,0.13279633721571601,0.05913890825394796,0.029880692363365245,0.07958917169261363,0.06273780632698657,0.06372317377795422,0.09249586356327644,0.05291642674109293,0.0,0.060180237814823935,0.020036737179445978,0.3648193465980564,1
C14H-2012-0001,0.1400530425784461,0.2582523551267991,0.1459933067335077,0.22846413512219652,0.2369039750332692,0.21485579983543673,0.2704103353360103,0.18227390697797727,0.16905358309919094,0.2542717450438068,0.2411767855699551,0.14953279134222605,0.15887847536088842,0.13786874515120598,0.12799822456360868,0.09377102169245048,0.2536661869869253,0.17414999387520758,0.16124450406705426,0.21639466544411648,0.10207338790766729,0.26216136827527303,0.18446596794771364,0.11596168547973727,0.10603464245943495,0.005822003890734451,0.0260106718326313,0.0,0.06986404668881341,0.0,0.11609999591680503,0.0,0.08990331637166288,0.14036212059877795,0.005822003890734451,0.0,0.13081590332793003,0.007733804571988871,0.05510031410894984,0.01840358978930063,0.037194599705107086,0.03715134022794454,0.007809416074875695,0.052880477952955744,0.014392013485572081,0.006586879870536946,0.0,0.006242547942722302,0.03117642028350563,0.09315206225175121,1
C14H-2013-0001,0.143643858471979,0.05735610509174102,0.2742540834777768,0.1432187085950012,0.09300591355898424,0.31546915239312523,0.17989840739989899,0.17002357909846647,0.063879768477138,0.13176808973536303,0.10415170954730993,0.22278525091582846,0.1871218633252929,0.17861502051335065,0.1658273271511055,0.12148448108950083,0.17840223565182686,0.1504126488533479,0.14532128268881733,0.07475968067046204,0.04722877197179624,0.10377937108272828,0.18162766612384654,0.10328550485105766,0.08242352456568554,0.07542661995159568,0.058971445531387404,0.07919873693790012,0.1357679159128722,0.11596875509928851,0.10340869608667669,0.13895928477843494,0.04658947952367681,0.14356207738640736,0.3394197897821805,0.0418770906123155,0.016947775386484197,0.17033122505662562,0.01784621983044148,0.16689861758667987,0.0,0.07219679184323168,0.020234883705968234,0.21409057496960263,0.01864548619148283,0.06826873962794702,0.045252076246961336,0.008087495303029277,0.08078084619344182,0.1885665498789892,1
C14H-2013-0006,0.07653818691994758,0.0898645547484489,0.04787070438789648,0.05523510124717957,0.09415757650544201,0.020128708461412567,0.07531527669746373,0.03415256499003022,0.06599058320291849,0.047642761609242454,0.0821621200335968,0.04903128924743907,0.04059405738151927,0.040787989641840244,0.039971598746580315,0.054061004471100474,0.0475292985182506,0.02719199309456016,0.09851835962994024,0.020272876676662676,0.04781359098604231,0.07504602740134596,0.04147594834543795,0.0475292985182506,0.052980412140256,0.06545194631984522,0.1462081723478313,0.1489046556459168,0.18544718123956144,0.24319557362933222,0.14275796374644084,0.23237317109673442,0.05053540969372167,0.33912610991675113,0.2836251007193292,0.05450868185292286,0.03676635932873626,0.23909801002947528,0.1096937382803577,0.2528731941302585,0.07549893391206383,0.1102162585515834,0.02926492271475846,0.3591717796317742,0.06067403799690608,0.16661432395682402,0.14398188658974004,0.01169662887310371,0.05841509284253002,0.3981660067790584,1
C14H-2013-0140,0.15241325770837524,0.12847730759661938,0.0889715527845733,0.17965303374520925,0.12499958997051382,0.16211356620831727,0.1527049057024085,0.08886540293545891,0.14717856522389644,0.12649700400634348,0.08907786165973829,0.11716533392660518,0.23891651111602516,0.16425014232737808,0.061908691568928365,0.1632746751564094,0.10095659717450943,0.26532715299037996,0.06103476399705961,0.2888705791228781,0.2158159785575431,0.17751882327467147,0.28265007671256265,0.21453276899583254,0.11077689988068526,0.06082385220052801,0.0566124256382977,0.010644279771674576,0.06082385220052801,0.04675846819441849,0.02526925266575047,0.15174310456311452,0.03130804061026662,0.06431562654431024,0.3852177306033441,0.022513059462085504,0.07972210718706366,0.09426303398392102,0.0,0.17090369514028192,0.053969553304911294,0.0,0.054391211688769626,0.12660423996742068,0.05011892340067425,0.09175292338680345,0.06081861636246661,0.05434781284772732,0.0651414878812894,0.10137308700088002,1
C14H-2014-0001,0.012036740679779383,0.029352126650433127,0.024736049873467482,0.042346791285917854,0.030672979756141253,0.02637942941936428,0.02368884059878179,0.015038762187298034,0.029058335374795435,0.029970062779709903,0.02261207511701898,0.029741972724705305,0.03085602251553661,0.10904655645412054,0.027239827352395156,0.02550563259569864,0.02028839536667781,0.021381677736102066,0.0320197797886144,0.02231742852123631,0.032225918972781493,0.009656244769094074,0.01195827382054683,0.014949343954394177,0.9842102595763713,0.0008577723710462098,0.0,0.0,0.009435496081508307,0.002637657476700692,0.013898090528466344,0.0,0.00794742658675659,0.014149439430306315,0.0017155447420924197,0.0009524756996958055,0.026019196149642744,0.002278886792047831,0.036531386073495264,0.0054229063207784246,0.0228332751187979,0.0054736124868594565,0.0,0.0282424874752017,0.002120416228387448,0.0,0.0,0.004598661604057302,0.014698593789605844,0.006004406597323469,1
C14H-2014-0014,0.6628989421080552,0.1799503087914131,0.09369700276046806,0.12297658832234624,0.06911024303817213,0.06434971321400598,0.11726119738010596,0.07486817207126467,0.1446624679511323,0.11656356489570939,0.04690447895204238,0.1007670379587014,0.09733172730759315,0.13039562081491213,0.07758416942618063,0.12036255462597738,0.09302877138347715,0.07451178332280692,0.09898571373063887,0.14350919974635765,0.11698151886135104,0.08412623495066912,0.09471068883758585,0.0883773328143033,0.11795670118832606,0.08593955104530285,0.04590679959129181,0.03531029640146453,0.10088555992274681,0.091918213719899,0.023284932288377164,0.12907122751605568,0.11155144604503048,0.08534175670838146,0.3138661864263234,0.037341314751302,0.1217366369577863,0.08437909598215985,0.05304422235527053,0.19291683263140524,0.11935555777243237,0.027817239411447977,0.09522805546392417,0.11878351411150836,0.027709938711392493,0.04650130932324542,0.022417083442950552,0.032051224533972994,0.052022635332269,0.1120950665808298,1
C14H-2015-0007,0.034585074667627565,0.0,0.014420791784010203,0.02911873415627998,0.014182231314892666,0.01414855161211615,0.02887604532811262,0.03600896669852833,0.006957757678417501,0.014352125250027273,0.01443802266405631,0.0,0.03566716147664623,0.007167511240330434,0.014048100228808745,0.007124944020519106,0.021476917657756073,0.014335022480660868,0.00692489584534134,0.0,0.03600896669852833,0.0359660181831514,0.0,0.014317945105170716,0.013965055750495593,0.07476046681742975,0.12203975870552014,0.13284491711670798,0.299041867269719,0.1591539809097908,0.1935228034889217,0.2516258123318767,0.13616592800129265,0.15323987025561675,0.3910547495065556,0.03831437570785783,0.08399047976852239,0.29029058531493995,0.0612297883118226,0.2787374240851804,0.05510960637558978,0.14678802855039305,0.18513390624306547,0.4048118669081474,0.1492681042681601,0.09108858162228355,0.1449078144965223,0.08016068128549995,0.09854449917760007,0.27603864671050987,1
C14H-2015-0082,0.9777082310683471,0.0,0.0,0.0,0.0,0.0,0.0,0.0,0.0,0.0,0.0,0.0,0.0,0.0,0.0,0.0,0.0,0.0,0.0,0.0,0.0,0.0,0.0,0.0,0.0,0.030392040170588875,0.024246603244884108,0.033431575971244035,0.05354788030056135,0.02892679120893147,0.02344896306788615,0.03666115825829574,0.011919073799599401,0.03856414287776993,0.10275404057675286,0.020891314312080366,0.016259179188824323,0.05382936955147893,0.010272671643891517,0.07319654726731555,0.03544251593211965,0.023087800584799357,0.04853182682352778,0.07558424598753213,0.010732746716427632,0.018011110747908527,0.024311539170702817,0.017069572324891133,0.020149657289309245,0.05499512030868463,1
C14H-2015-0147,0.9448218369906837,0.008553662177899112,0.014103520917776084,0.05126057073438271,0.005548083600572045,0.005534908113408026,0.0508333417286179,0.005634677736608667,0.032662466503571776,0.011229092089256324,0.04800926718813913,0.023112718222767656,0.013952980266210925,0.050470699028680496,0.016486834709176237,0.027872754433024897,0.0,0.011215710895262333,0.0162541000307321,0.04459640709283983,0.005634677736608667,0.025325807216985952,0.028512207259663705,0.01120234956941818,0.005463124600783972,0.01799770260563627,0.04020371207253204,0.007086665730870682,0.08323937455106775,0.07263780763079387,0.04205891585723375,0.08030299057497216,0.006948007858139289,0.07707520296930377,0.1327330567165675,0.012490474571732952,0.03791197425915529,0.0687346336868764,0.0399217839159291,0.09718958760398197,0.028745143278483633,0.03588963876163606,0.02414143835646894,0.10727765413636632,0.022245191129282894,0.03308854635878368,0.04319076798631794,0.021709958275279585,0.01686587495349706,0.08998851302818135,1
C14H-2015-0164,0.9448218369906837,0.008553662177899112,0.014103520917776084,0.05126057073438271,0.005548083600572045,0.005534908113408026,0.0508333417286179,0.005634677736608667,0.032662466503571776,0.011229092089256324,0.04800926718813913,0.023112718222767656,0.013952980266210925,0.050470699028680496,0.016486834709176237,0.027872754433024897,0.0,0.011215710895262333,0.0162541000307321,0.04459640709283983,0.005634677736608667,0.025325807216985952,0.028512207259663705,0.01120234956941818,0.005463124600783972,0.01799770260563627,0.04020371207253204,0.007086665730870682,0.08323937455106775,0.07263780763079387,0.04205891585723375,0.08030299057497216,0.006948007858139289,0.07707520296930377,0.1327330567165675,0.012490474571732952,0.03791197425915529,0.0687346336868764,0.0399217839159291,0.09718958760398197,0.028745143278483633,0.03588963876163606,0.02414143835646894,0.10727765413636632,0.022245191129282894,0.03308854635878368,0.04319076798631794,0.021709958275279585,0.01686587495349706,0.08998851302818135,1
C14H-2016-0005,0.9448218369906837,0.008553662177899112,0.014103520917776084,0.05126057073438271,0.005548083600572045,0.005534908113408026,0.0508333417286179,0.005634677736608667,0.032662466503571776,0.011229092089256324,0.04800926718813913,0.023112718222767656,0.013952980266210925,0.050470699028680496,0.016486834709176237,0.027872754433024897,0.0,0.011215710895262333,0.0162541000307321,0.04459640709283983,0.005634677736608667,0.025325807216985952,0.028512207259663705,0.01120234956941818,0.005463124600783972,0.01799770260563627,0.04020371207253204,0.007086665730870682,0.08323937455106775,0.07263780763079387,0.04205891585723375,0.08030299057497216,0.006948007858139289,0.07707520296930377,0.1327330567165675,0.012490474571732952,0.03791197425915529,0.0687346336868764,0.0399217839159291,0.09718958760398197,0.028745143278483633,0.03588963876163606,0.02414143835646894,0.10727765413636632,0.022245191129282894,0.03308854635878368,0.04319076798631794,0.021709958275279585,0.01686587495349706,0.08998851302818135,1
C14H-2016-0073,0.0601937293902292,0.06659693538689727,0.13176830018595573,0.1330345157467058,0.12033216164333099,0.07387470709732878,0.160195547912058,0.1316110905527074,0.09082242561618743,0.1498752774329191,0.10365594276662576,0.11568249557706232,0.1117386929482152,0.08420438134079164,0.04584388380028778,0.12090620954355495,0.15886324010335037,0.11227250845438887,0.1355902002230423,0.09300477657196535,0.10340871400569865,0.09389579695430447,0.15222156659862235,0.11213875772001203,0.07291660881261233,0.16514868893158802,0.11738147764324554,0.21281871803204944,0.27775006774857985,0.06925004319297323,0.0,0.12965421786363454,0.01545590384137181,0.10477772469841302,0.4353919980923684,0.01667110151762302,0.042167758050218405,0.19943581274321806,0.01776127102843741,0.30056945540963514,0.06394382094692669,0.007983681321712994,0.1711778004381248,0.2642086529174539,0.027835099268951568,0.08492972172974435,0.10808801843188934,0.072440986183508,0.12059448864634514,0.12761489599259074,1
C14H-2016-0099,0.0601937293902292,0.06659693538689727,0.13176830018595573,0.1330345157467058,0.12033216164333099,0.07387470709732878,0.160195547912058,0.1316110905527074,0.09082242561618743,0.1498752774329191,0.10365594276662576,0.11568249557706232,0.1117386929482152,0.08420438134079164,0.04584388380028778,0.12090620954355495,0.15886324010335037,0.11227250845438887,0.1355902002230423,0.09300477657196535,0.10340871400569865,0.09389579695430447,0.15222156659862235,0.11213875772001203,0.07291660881261233,0.16514868893158802,0.11738147764324554,0.21281871803204944,0.27775006774857985,0.06925004319297323,0.0,0.12965421786363454,0.01545590384137181,0.10477772469841302,0.4353919980923684,0.01667110151762302,0.042167758050218405,0.19943581274321806,0.01776127102843741,0.30056945540963514,0.06394382094692669,0.007983681321712994,0.1711778004381248,0.2642086529174539,0.027835099268951568,0.08492972172974435,0.10808801843188934,0.072440986183508,0.12059448864634514,0.12761489599259074,1
C14H-2016-0112,0.0601937293902292,0.06659693538689727,0.13176830018595573,0.1330345157467058,0.12033216164333099,0.07387470709732878,0.160195547912058,0.1316110905527074,0.09082242561618743,0.1498752774329191,0.10365594276662576,0.11568249557706232,0.1117386929482152,0.08420438134079164,0.04584388380028778,0.12090620954355495,0.15886324010335037,0.11227250845438887,0.1355902002230423,0.09300477657196535,0.10340871400569865,0.09389579695430447,0.15222156659862235,0.11213875772001203,0.07291660881261233,0.16514868893158802,0.11738147764324554,0.21281871803204944,0.27775006774857985,0.06925004319297323,0.0,0.12965421786363454,0.01545590384137181,0.10477772469841302,0.4353919980923684,0.01667110151762302,0.042167758050218405,0.19943581274321806,0.01776127102843741,0.30056945540963514,0.06394382094692669,0.007983681321712994,0.1711778004381248,0.2642086529174539,0.027835099268951568,0.08492972172974435,0.10808801843188934,0.072440986183508,0.12059448864634514,0.12761489599259074,1
C14H-2016-0120,0.1766173951463594,0.060905566191548105,0.13389710105860517,0.09462864119713733,0.13168206628655907,0.1510747526506917,0.16086850780655124,0.14042421918371006,0.10982476654785889,0.27318204071401125,0.1541656533146116,0.1302861571931469,0.3179229276999291,0.2595464289278779,0.15652399043197124,0.15215679810337213,0.19941325394050027,0.24623635564952517,0.21861211750502563,0.0992326944152427,0.09361614612247339,0.12022005668277616,0.1015092769859135,0.11300084389961683,0.11021575186381352,0.1121321153416223,0.10138617269397728,0.011213322818074599,0.17620760982254935,0.0574678711183702,0.033275183195881776,0.16600356913007272,0.016490884009763226,0.05420315122548638,0.2669812270038626,0.059291518258157906,0.06598746778830118,0.12767443000794546,0.0315843774437299,0.20817148618832465,0.04548381189045334,0.022715455789325812,0.08594844764726454,0.14549727365417292,0.05939806538079289,0.05437014377422675,0.05766298086153308,0.05725324615570431,0.12009191408245308,0.06941511902100429,1
C14H-2016-0122,0.1766173951463594,0.060905566191548105,0.13389710105860517,0.09462864119713733,0.13168206628655907,0.1510747526506917,0.16086850780655124,0.14042421918371006,0.10982476654785889,0.27318204071401125,0.1541656533146116,0.1302861571931469,0.3179229276999291,0.2595464289278779,0.15652399043197124,0.15215679810337213,0.19941325394050027,0.24623635564952517,0.21861211750502563,0.0992326944152427,0.09361614612247339,0.12022005668277616,0.1015092769859135,0.11300084389961683,0.11021575186381352,0.1121321153416223,0.10138617269397728,0.011213322818074599,0.17620760982254935,0.0574678711183702,0.033275183195881776,0.16600356913007272,0.016490884009763226,0.05420315122548638,0.2669812270038626,0.059291518258157906,0.06598746778830118,0.12767443000794546,0.0315843774437299,0.20817148618832465,0.04548381189045334,0.022715455789325812,0.08594844764726454,0.14549727365417292,0.05939806538079289,0.05437014377422675,0.05766298086153308,0.05725324615570431,0.12009191408245308,0.06941511902100429,1
C14H-2017-0006,0.11286576698586855,0.04077454588230814,0.08067627392390614,0.22399169452034312,0.09917707671234956,0.09894155280981612,0.1615453421436277,0.060435015731419774,0.13623668552228854,0.12043818453976275,0.14135217437567424,0.1446063537670738,0.21949162748647,0.08019644258628528,0.05894345465620625,0.11958024443482732,0.040050452105306764,0.1002455532328566,0.05811138554119514,0.1594403259131031,0.060435015731419774,0.08048391179500738,0.2038727294115407,0.060075678157960145,0.1367216994695782,0.0804313552422498,0.05390086365940315,0.0,0.032172542096899924,0.0,0.02004911064657132,0.3334040172042778,0.04968080208983431,0.0,0.4504155893565989,0.0,0.09036150258031884,0.0,0.038060717763428176,0.3559454741355055,0.2055383072990254,0.03421654238735016,0.2157751627588229,0.01826367942824232,0.13917860924244224,0.03639926628344096,0.0,0.15523415667833912,0.13782535536920734,0.032172542096899924,1
C14H-2017-0038,0.10901116073002043,0.12864789385659875,0.1636341155270789,0.13767211896478107,0.16092714687040244,0.13378748336163568,0.14562634309795675,0.2723981459090713,0.0877226084247784,0.11761746370241738,0.10921975732346756,0.11173419111258692,0.1978624863294112,0.09036715720440415,0.15054930691399115,0.1886439966468483,0.21662280578774648,0.12651402008616583,0.06984663217088853,0.17067790172810082,0.11803919656059757,0.20858949315729197,0.15621529968301276,0.14441520385849763,0.11444538068207212,0.07975603862549306,0.10527695845325115,0.030452607876553784,0.19576482208075568,0.0,0.0,0.2588067057376682,0.10449869995546834,0.0,0.340775801399834,0.10466370231106104,0.04887426032714302,0.0,0.05146520849833852,0.2444723045804686,0.15440346170163383,0.04626716445556075,0.1945122494215677,0.0,0.026885072679669473,0.07382792306128737,0.07829918810234551,0.038871409552865395,0.13200900664267357,0.029002195863815656,1
C14H-2017-0039,0.10901116073002043,0.12864789385659875,0.1636341155270789,0.13767211896478107,0.16092714687040244,0.13378748336163568,0.14562634309795675,0.2723981459090713,0.0877226084247784,0.11761746370241738,0.10921975732346756,0.11173419111258692,0.1978624863294112,0.09036715720440415,0.15054930691399115,0.1886439966468483,0.21662280578774648,0.12651402008616583,0.06984663217088853,0.17067790172810082,0.11803919656059757,0.20858949315729197,0.15621529968301276,0.14441520385849763,0.11444538068207212,0.07975603862549306,0.10527695845325115,0.030452607876553784,0.19576482208075568,0.0,0.0,0.2588067057376682,0.10449869995546834,0.0,0.340775801399834,0.10466370231106104,0.04887426032714302,0.0,0.05146520849833852,0.2444723045804686,0.15440346170163383,0.04626716445556075,0.1945122494215677,0.0,0.026885072679669473,0.07382792306128737,0.07829918810234551,0.038871409552865395,0.13200900664267357,0.029002195863815656,1
C14H-2017-0055,0.09230395127244585,0.01945198750804231,0.03848758676780601,0.03885742975122721,0.07570178759508268,0.07552201237852872,0.05780036127987378,0.019220834070502735,0.018569528384314173,0.07660864592405009,0.07706714837316504,0.059131028779848105,0.038076771169135645,0.15303470982907702,0.20621101567615643,0.07606292506339281,0.038213099726116355,0.1339053711004424,0.01848182358482665,0.07606292506339281,0.09610417035251367,0.05759372715101738,0.07780795003216924,0.05731964958917453,0.09317818725987145,0.09208978887621198,0.13714162812610092,0.2417380948713578,0.38370745365088327,0.0,0.019129338728634628,0.33578150320015476,0.015800549431506824,0.038950590964742675,0.3990557517969186,0.0,0.13794573306385885,0.0,0.036314646329516365,0.420477124197696,0.1143969417538708,0.032646826135514465,0.12352576382271624,0.0,0.09485261348324849,0.10418824652386083,0.07366548928335404,0.049370880961607126,0.24656716275930757,0.07674149073017665,1
C14H-2017-0065,0.18111845492766193,0.035232567128605424,0.12199415852723018,0.07038082877593656,0.11997603191367455,0.03419746143824348,0.12213992491394406,0.06962777725173737,0.10090261806045212,0.19079227668497867,0.08724280350996004,0.07140103087180351,0.0689668547084182,0.17324083479999147,0.0679093350366502,0.17221197269598323,0.138427561783684,0.10394450087999489,0.03347535000432366,0.0688847890783933,0.13925555450347474,0.13908946200284877,0.1409302685144217,0.069213780891842,0.06750789318979132,0.08339918137153841,0.12419943250224155,0.2189250237687788,0.34749658904807673,0.0,0.0,0.28808854060575223,0.07154717715660813,0.0,0.38919617973384596,0.030868987434676143,0.07807978327194841,0.0,0.0,0.35150424757082593,0.029600338694615824,0.029565911783561116,0.24238177433264735,0.0,0.08590127539642227,0.04717794760234577,0.03335680088171288,0.04471170046143203,0.2084118097452266,0.027799727123846138,1
C14H-2017-0082,0.09189960555557596,0.17430098702776145,0.25290532377351516,0.1973047776487452,0.12436077908360144,0.1353441266035975,0.2186792141786483,0.12630179421547064,0.1996723753614053,0.22881916468949548,0.25320751115422435,0.15306720004653374,0.10235692565913793,0.18283719310901225,0.22397202531549945,0.17039188038351663,0.182619378354658,0.2742557896635184,0.13248620858208454,0.18175133907575108,0.1607477380924172,0.1032145788175064,0.13944078962220918,0.2625153563848209,0.14472121852350525,0.0733491050535037,0.10240565021565136,0.0,0.08251774318519167,0.0,0.04570929827725306,0.07390023397844209,0.06607160158647885,0.0,0.2658905058189509,0.0712663839517241,0.1030060870787532,0.0,0.010846670031672957,0.038643247987899414,0.08786248640914965,0.03900457655130777,0.0,0.0,0.04532980949929847,0.062239104353021296,0.08801134922014513,0.0294927644402417,0.04909741064855594,0.06418046692181574,1
C14H-2017-0107,0.09189960555557596,0.17430098702776145,0.25290532377351516,0.1973047776487452,0.12436077908360144,0.1353441266035975,0.2186792141786483,0.12630179421547064,0.1996723753614053,0.22881916468949548,0.25320751115422435,0.15306720004653374,0.10235692565913793,0.18283719310901225,0.22397202531549945,0.17039188038351663,0.182619378354658,0.2742557896635184,0.13248620858208454,0.18175133907575108,0.1607477380924172,0.1032145788175064,0.13944078962220918,0.2625153563848209,0.14472121852350525,0.0733491050535037,0.10240565021565136,0.0,0.08251774318519167,0.0,0.04570929827725306,0.07390023397844209,0.06607160158647885,0.0,0.2658905058189509,0.0712663839517241,0.1030060870787532,0.0,0.010846670031672957,0.038643247987899414,0.08786248640914965,0.03900457655130777,0.0,0.0,0.04532980949929847,0.062239104353021296,0.08801134922014513,0.0294927644402417,0.04909741064855594,0.06418046692181574,1
C14H-2018-0013,0.19106177602712365,0.181188243102226,0.11949932665098445,0.3016191115510334,0.05876123578794542,0.17586507204922808,0.29910528013438115,0.17903513225853868,0.17296845485839102,0.05946515729082652,0.029910528013438117,0.2447929741088185,0.14777974205054029,0.20788003386637424,0.23282196195767468,0.0,0.11864707740880095,0.08909144308558896,0.14345959692103136,0.059041557886027704,0.059678377419512894,0.08941079698486161,0.3321784456874143,0.08898530805660072,0.3471684739276382,0.09530923852175463,0.0,0.0,0.07148192889131598,0.0,0.02969714769519632,0.027435820292664007,0.14717641528203526,0.03023422474514634,0.09530923852175463,0.0,0.1338452829849839,0.0,0.02818815200162021,0.02510636317271665,0.1268531219929627,0.025341116890635153,0.22372737091706066,0.0,0.11780238143499924,0.0,0.05718062046786737,0.07664532290204536,0.02551871256719705,0.047654619260877315,1
C14H-2018-0014,0.023559130956633992,0.016549378972092403,0.0032744502785556962,0.013223663249190254,0.016101408291285105,0.012850536769783401,0.009835088400596628,0.019623261657613644,0.02527775940123217,0.02607086835546799,0.0,0.006707673128570677,0.003239498873064448,0.02278482578526928,0.01594912623258516,0.01617822050419671,0.03576207190575443,0.04231467645835723,0.022013574883485418,0.009706932302518024,0.029434892486420467,0.009799928327564515,0.026479006355347848,0.006502194891955351,0.9734874189147157,0.01828125395857566,0.02041855803988125,0.04387544493183136,0.07573662354267059,0.0,0.0065099502243626504,0.05412817543040428,0.07259114854800015,0.006627683580363965,0.12274556229329371,0.028999452107845027,0.032274437694661574,0.0,0.003089580661596647,0.07705037761381786,0.008342291170065156,0.01388764766914595,0.0,0.0029651101758946716,0.009683854750854695,0.03250183480382332,0.012534637900736884,0.016801520541423146,0.005593990046025267,0.033950900208783365,1
C14H-2018-0032,0.986030490234792,0.0,0.0,0.0,0.0,0.0,0.0,0.0,0.0,0.0,0.0,0.0,0.0,0.0,0.0,0.0,0.0,0.0,0.0,0.0,0.0,0.0,0.0,0.0,0.0,0.04414230133415361,0.017608243157711694,0.026485643650861757,0.04729532285802173,0.0,0.0,0.06534951694043957,0.012983712453970583,0.0,0.1040497102876478,0.031510209877655154,0.014169188705409163,0.0,0.018650416550938652,0.059800971429564816,0.03021520827953283,0.003353340693275723,0.008458687914005662,0.0035798087803465303,0.00389713998336786,0.014269021042730111,0.00378330012661191,0.010142326454903327,0.027014732668933644,0.009459064571604345,1
C14H-2018-0103,0.09121606724713831,0.23067274275879207,0.09508494095854207,0.11519838131664983,0.09351196851286576,0.167921816409661,0.19039710899814696,0.13296009631942002,0.16515603003456625,0.03785287250431266,0.1332779762987029,0.23373646840555992,0.094070006528382,0.17013494237562216,0.2037806357552104,0.2254993678586204,0.20769498428381508,0.0945194124309012,0.05479199664987289,0.09395806994109183,0.17094869526782572,0.13280151252030403,0.07689091425293068,0.15105089766095642,0.3499039984313245,0.15167404824150924,0.050821984599862174,0.1592593311843286,0.27301328683471665,0.0,0.037807764972360484,0.19210864317761076,0.031228651853310186,0.019245761832388356,0.33368290613132034,0.06736791722415793,0.15335991012754763,0.0,0.03588664597761412,0.03196318676417327,0.03229962063390951,0.03226205430137066,0.040689967671227026,0.03444087428743916,0.0,0.05148014776328918,0.0,0.04878900129152711,0.09746445992460116,0.07583702412075462,1
C14H-2019-0063,0.034863523770011604,0.02003750020286739,0.03964607870270034,0.016010821643828648,0.04678826521968772,0.023338576652849524,0.043662795397528834,0.031679022325322485,0.9258183691984213,0.015782919432884627,0.03175476028911188,0.048728717337787705,0.015689158955312883,0.039410279129293145,0.011586439128376919,0.031340979954018286,0.01574533179599619,0.047292334955151775,0.04188389469661483,0.027423357459766,0.03563890011598779,0.031641238209247836,0.05610500056802869,0.04329966243898953,0.01535726214383443,0.03478263388730545,0.08123004680888017,0.08300483644705468,0.19920963044547665,0.0,0.007882055825858629,0.1274326650628031,0.013020921890201148,0.0040123019513309596,0.13596847792310313,0.01755584087094357,0.024867142203030365,0.0,0.007481546375596808,0.009995392056303959,0.08080480182099539,0.013451803524814903,0.004241464643195099,0.007180135985912681,0.011724925863502418,0.08228200542470332,0.07967699283385421,0.010171392891085675,0.05757082506867802,0.028458518635068094,1
C14H-2019-0077,0.06980908661452001,0.052961240157048985,0.08150239589328476,0.04702033473933505,0.24046235087275242,0.045693581960531936,0.07577122441971838,0.06977584912978278,0.6460265534145556,0.06952655254743656,0.058285557245937224,0.17888218446961882,0.3398081451863374,0.06944370094376498,0.039698022256532434,0.04602085393489944,0.023120324118875053,0.1620353022021183,0.061501988862045394,0.08628910112793645,0.05233188684733709,0.08130806398351945,0.08238415135540952,0.07514105338634394,0.045100971252224724,0.051074552102303855,0.11927757602988504,0.12188366348546029,0.2925178893131948,0.0,0.011573950157294163,0.18712114535009355,0.019119821565434264,0.0058916333284990295,0.20429820840921542,0.025778861720705225,0.04173110899287381,0.0,0.010985845160670311,0.014677156825348139,0.18786748680340568,0.019752524843981493,0.006228134062843674,0.010543256462471808,0.017216790966760678,0.12082226397121244,0.11142579382552995,0.014935595097597225,0.08453655677915668,0.04178826990188497,1
C14H-2019-0112,0.0030431123254572243,0.015391215337851046,0.0,0.0,0.0,0.014939033283683872,0.9566034896638702,0.0,0.007346488629173527,0.003788495152714947,0.019055846407646817,0.007797818403929462,0.015063956425839445,0.0,0.01112472725004846,0.022569047090820797,0.0,0.026487864037668014,0.05118253560435499,0.018807539242350665,0.0,0.0,0.0,0.007558945408126908,0.018431606851412482,0.018216310421043273,0.06782007267251036,0.009563657883259117,0.19127125942095435,0.0,0.0,0.09089195757813333,0.012502046829720415,0.0,0.12144206947362181,0.010113751386627767,0.020465316991828266,0.0,0.007183411738060232,0.028791247030680964,0.02909429411808594,0.0032289395295811135,0.02036222551789279,0.0,0.04878334665127557,0.04465393871355731,0.07650191776434617,0.022787495878837452,0.02601254873109127,0.012144206947362181,1
C14H-2019-0148,0.08585749050146514,0.06031156881453066,0.10739890014852423,0.12047882240454881,0.24645184706899292,0.07024759364095255,0.047789878751732524,0.1907035823438025,0.29939246158844723,0.023752779085047682,0.07168481812759879,0.18333782652571326,0.1652817083660063,0.1660713179138246,0.02324961742504775,0.2358357642014031,0.08293673821025896,0.09489789595075691,0.045842833262912,0.11791788210070155,0.22646050403326545,0.14285709517005446,0.16887239268068585,0.17772158187912634,0.11556089372591918,0.10469345956361623,0.12756372692473333,0.0999356577343718,0.31408037869084865,0.0,0.0,0.26301532182614706,0.06858621997019135,0.06038383600558717,0.2950452042247366,0.052841936073110794,0.0641558367923488,0.0,0.03377844999395225,0.09025643464433591,0.1722788383778767,0.020244525658203668,0.21703104328949713,0.0,0.02352750811902517,0.0969117926477868,0.13704145833937623,0.0,0.13251162204662315,0.03807034893222408,1
C14H-2020-0011,0.010376176762509499,0.026239907347388954,0.0,0.026208513551849732,0.01276481318236388,0.025468999076336506,0.0,0.012964045574803266,0.0125247536810225,0.0,0.012995039915607897,0.01329420893278478,0.025681975868860847,0.02580466780829788,0.0,0.012825708076164646,0.06443481648438647,0.03870700171244682,0.012465598650938235,0.02565141615232929,0.0,0.012948583134145689,0.8265570814427521,0.025773926593754586,0.0,0.09316891886060569,0.04624956208216701,0.15217741105359503,0.28985885867743993,0.0,0.0,0.11919869139736795,0.05328568005572212,0.013135674408827486,0.3209151649643085,0.04598015053725534,0.01163018448971721,0.0,0.0,0.0,0.03306784921304122,0.02201959292406596,0.09720143067935853,0.011753343799407727,0.0,0.046848510712897876,0.0,0.03329961376841129,0.22173910688347778,0.031056306286868566,1
C814-06-0106.02,0.14344709595600563,0.10669345506507838,0.11610666952269288,0.10656580550940953,0.04152215946973399,0.010355888351770528,0.2641940935517015,0.07379791071512112,0.081482558692057,0.0840391360329097,0.15851645613102086,0.12973263034363364,0.06265491799351319,0.2308322237351689,0.1131060038254283,0.10430060519541066,0.15719811292445462,0.1783703547044487,0.07096049847591149,0.156450907793116,0.08434046938870986,0.12635981258525683,0.0853547640520627,0.08383899355970913,0.09199422381092594,0.0420924329170067,0.10342982654839065,0.08839498638039386,0.1262772987510201,0.1941518941569241,0.11541611186758445,0.18417495234642867,0.04333272397170297,0.28841750586847414,0.2693915706688429,0.03739175645923422,0.04728921294669468,0.20129233207279998,0.029877680248050983,0.1685374518276609,0.03585503599436525,0.11639333714940127,0.022584479737352493,0.2676239330718263,0.020810527562381175,0.12381824044517305,0.1010131428401729,0.02707975145070768,0.02704824120363796,0.36199492308625764,1
C814-2007-0009,0.2705342243396983,0.12438971139806786,0.06152918575127783,0.06212044489576556,0.06051131990610833,0.12073523746715517,0.061602704739339945,0.12291155347860944,0.17811996914721995,0.15309051570484628,0.061602704739339945,0.06302090897357017,0.2434896986614265,0.06116323390365526,0.11987804572414042,0.06079999082880679,0.18327110962023682,0.0,0.1181857998251389,0.06079999082880679,0.06145577673930472,0.12276495474977688,0.1865845670971018,0.18327110962023682,0.08937704553628685,0.04907391535305839,0.08221689205383526,0.0,0.024536957676529195,0.1509027151155445,0.06116323390365526,0.14126470251638815,0.12629980502657157,0.1556734487570156,0.4907391535305839,0.10898395294711341,0.027566318604516006,0.1303771272042211,0.029027678884894464,0.3102492627838548,0.026126236942006095,0.07828755183848005,0.0,0.139291178110436,0.06065544310912014,0.05552108711605769,0.05888362916749115,0.0,0.05255747123216447,0.2699065344418211,1
C814-2008-0087,0.16725342772702642,0.20228552729774868,0.2365060105667403,0.20204351003753296,0.22364763051967648,0.14279457038667032,0.26411036488913886,0.24530937319634735,0.21944163565772953,0.21727371275145016,0.1912523331955833,0.21428914173487434,0.10799148505649639,0.1356342485210845,0.2303937391871379,0.15280589244779452,0.11740964459705416,0.14467653175582346,0.21840520197690258,0.1438173105391007,0.23622384085574188,0.0635228710868359,0.1471167471256354,0.25288231143980894,0.20260503686484868,0.007255016024151726,0.016206433771455826,0.0,0.036275080120758633,0.022309237165504626,0.009042283234738966,0.0,0.08215670691812449,0.027617442557211165,0.02176504807245518,0.0,0.08965801482933379,0.009637382102532219,0.08582819362943506,0.09937806279295931,0.10814901269723795,0.015431889874515837,0.0,0.016474083585037692,0.04483606092388803,0.0,0.0,0.031116286561101797,0.05439013888834489,0.07980517626566899,1
C814-2008-0145,0.9666532755663246,0.0,0.0,0.0,0.0,0.0,0.0,0.0,0.0,0.0,0.0,0.0,0.0,0.0,0.0,0.0,0.0,0.0,0.0,0.0,0.0,0.0,0.0,0.0,0.0,0.04955468764400509,0.004257557067012128,0.032020269793555545,0.0571784857430828,0.04688649048549391,0.023754786173744314,0.05705946352932803,0.0510148606856611,0.05320566853446737,0.14866406293201528,0.046560316823285396,0.01284756143036681,0.05063631500521829,0.02254773860116549,0.08033044720516688,0.020293994691632695,0.02432446991823141,0.0,0.05193444922859801,0.023557568646558318,0.03018885784415243,0.01829554038573114,0.016348984312727407,0.0244949407270273,0.08386177908985477,1
C814-2009-0094,0.052408177139219136,0.10413306215349849,0.0749225662953342,0.12291910786769572,0.018420784063396378,0.09188519361651055,0.1687771992309486,0.056124883469055864,0.13555767309863917,0.08388653900446372,0.10314162175224638,0.0767390007345656,0.1482456891590899,0.15826353105344007,0.11860267950478416,0.05552598276744282,0.14877646212804504,0.09309619473731769,0.10793394201200895,0.3516645575271378,0.1496663559174823,0.06540093274510572,0.056799852083726454,0.04649264441501408,0.07255481050941189,0.11204267225538098,0.06674231608178323,0.13333210320613906,0.1717987641249175,0.17226609422233888,0.06516733631612238,0.18061525771479425,0.030758429189824178,0.14216977856738403,0.4481706890215239,0.11611867884475208,0.016783411871513852,0.1587570002281496,0.03534628597954445,0.28333713515604875,0.01590663597636191,0.09532881381574466,0.0,0.22897541611395003,0.08309096044878571,0.0676066533215169,0.07170113753568741,0.0400453043494791,0.03999870726618124,0.24649387896183816,1
C814-2009-0139.02,0.019148431378763903,0.048423718747933206,0.011976360231572563,0.09673156785459859,0.03533471261327867,0.023500533590615203,0.0,0.0,0.04622692767985897,0.0,0.023981340698376315,0.024533433971956814,0.047394099373169976,0.011905129463587853,0.0816678986844541,0.047337703780809474,0.02378189366072665,0.0,0.0460085956178282,0.023668851890404737,0.04784828608109613,0.023895608302690705,0.060529648434916504,0.0,0.0695872490887956,0.10507201894065257,0.12802498252941338,0.12035641614382188,0.20059203615942764,0.14686244048895106,0.16667181249022994,0.19797476598673922,0.11800151960067333,0.1696860954200534,0.5158080929813853,0.1272792152880012,0.08585042245169071,0.24108417024789555,0.07910137419729535,0.34220165646747924,0.05085346430192043,0.16254182007316442,0.0,0.26027863907694065,0.12986919469057517,0.14048986527626944,0.08022990751934225,0.06145186071690936,0.06138035476835557,0.3534240637094677,1
C814-2009-0139,0.11147296849797199,0.06577657977022987,0.1208490673398665,0.16893741533586423,0.1645613775086855,0.14592940459376902,0.07445751722998992,0.12998987635233325,0.053822193067258925,0.1480290809836772,0.11168627584498488,0.1333004088425539,0.04598427970340424,0.1663342667072681,0.11772583891204326,0.16534642210463338,0.13844675996825362,0.2679829852505986,0.09820797835156649,0.09185912339146297,0.06499493817616663,0.037095667195936766,0.17853643080490963,0.10152762397671933,0.09902530835505206,0.07414288693581482,0.08281110494792554,0.09342096467291337,0.13345719648446666,0.2051910180421299,0.08316713335363406,0.20489137415850558,0.07632757318612404,0.2257899267661598,0.39295730075981855,0.13995881756297532,0.024988995829988144,0.12803642720685637,0.07894117713164968,0.15624577637638784,0.03947259185889972,0.11828004883413938,0.039780987023778885,0.2272825796584267,0.018328146951905964,0.12582530826153576,0.08006742493427911,0.06359879312966592,0.03970299311929526,0.2669143929689333,1
C814-2012-0071,0.9970831813633809,0.0,0.0,0.0,0.0,0.0,0.0,0.0,0.0,0.0,0.0,0.0,0.0,0.0,0.0,0.0,0.0,0.0,0.0,0.0,0.0,0.0,0.0,0.0,0.0,0.005886211611058865,0.0,0.0,0.02354484644423546,0.0,0.007336274984041346,0.0,0.030298270414062016,0.003734476269173477,0.01177242322211773,0.0,0.029758185204707514,0.003909548252084583,0.03829924007318402,0.0031010921650575112,0.006267466458908792,0.006260177031833471,0.019738854713185434,0.006682958504639628,0.0,0.0,0.0,0.009467090422643525,0.031520248098094596,0.01177242322211773,0
C814-2012-0085.01,0.14344709595600563,0.10669345506507838,0.11610666952269288,0.10656580550940953,0.04152215946973399,0.010355888351770528,0.2641940935517015,0.07379791071512112,0.081482558692057,0.0840391360329097,0.15851645613102086,0.12973263034363364,0.06265491799351319,0.2308322237351689,0.1131060038254283,0.10430060519541066,0.15719811292445462,0.1783703547044487,0.07096049847591149,0.156450907793116,0.08434046938870986,0.12635981258525683,0.0853547640520627,0.08383899355970913,0.09199422381092594,0.0420924329170067,0.10342982654839065,0.08839498638039386,0.1262772987510201,0.1941518941569241,0.11541611186758445,0.18417495234642867,0.04333272397170297,0.28841750586847414,0.2693915706688429,0.03739175645923422,0.04728921294669468,0.20129233207279998,0.029877680248050983,0.1685374518276609,0.03585503599436525,0.11639333714940127,0.022584479737352493,0.2676239330718263,0.020810527562381175,0.12381824044517305,0.1010131428401729,0.02707975145070768,0.02704824120363796,0.36199492308625764,1
C814-2012-0085,0.9403078142022013,0.0,0.0,0.0,0.0,0.0,0.0,0.0,0.0,0.0,0.0,0.0,0.0,0.0,0.0,0.0,0.0,0.0,0.0,0.0,0.0,0.0,0.0,0.0,0.0,0.028063602016667348,0.04477797606880949,0.05051498495376137,0.07216354804285889,0.049311896842836364,0.05996065236842051,0.08770854667596768,0.016508869179648278,0.10174174852184305,0.1282907520761936,0.02671028205723943,0.0,0.09053468531152016,0.01897129426283524,0.0929344754404305,0.017075031419934918,0.05116551650354847,0.0,0.12289721190415372,0.024776185697381756,0.0635010139764874,0.04810489070749741,0.01719470618437078,0.021468372833255457,0.14432709608571778,1
C814-2012-0160,0.9519927260204578,0.0,0.0,0.0,0.0,0.0,0.0,0.0,0.0,0.009187401005879505,0.0,0.0,0.0,0.0183529056030052,0.0,0.0,0.0,0.0,0.0,0.0,0.01844068727681217,0.01841869275117915,0.0,0.01833104170563492,0.0,0.03681333043406667,0.02467035770563352,0.04638525668619399,0.05153866260769334,0.0679207861241113,0.027529358404507803,0.08477700032682353,0.04547768163433429,0.05605446136675314,0.1914293182571467,0.03270219824921975,0.0,0.06846267230152746,0.017420342792468905,0.08533684613084651,0.023518656376820334,0.03132173708680969,0.0296280064242874,0.05851484220253463,0.0,0.041649746333815865,0.026503316257990028,0.007894497649913065,0.015770623080133283,0.09571465912857335,1
C814-2012-0163,0.13578845277869128,0.09443227865718394,0.22081462566586563,0.09431929854604183,0.12528561374635555,0.049995235107597055,0.14455130667842633,0.18662022667028552,0.0819529660445444,0.10988159360668252,0.17856337883805604,0.08698772694495378,0.10082661024431755,0.17728951598328876,0.09928056143258254,0.11749107274485651,0.1349168077723096,0.09286593694362745,0.13050543702277215,0.23498214548971302,0.16117201394251932,0.11861668096001686,0.09443227865718394,0.1349168077723096,0.08224472542933108,0.10837871857778217,0.07565595474819446,0.08534908790639995,0.16256807786667327,0.1666327495622537,0.09286593694362745,0.28858163811032295,0.09762566985788036,0.22347101716801657,0.21675743715556434,0.05265067218424865,0.09892941454236252,0.0899797394692021,0.05609364549218966,0.19270660115764163,0.08654887410133054,0.0792441950116132,0.06360161445742923,0.09228649854524712,0.1004672108131115,0.061308581477478676,0.08940474602591898,0.04357773711101459,0.04352702965656817,0.3928728548444604,1
C814-2014-0110.SH,0.9938918549564041,0.0,0.0,0.0,0.0,0.0,0.0,0.0,0.0,0.0,0.0,0.0,0.0,0.0,0.0,0.0,0.0,0.0,0.0,0.0,0.0,0.0,0.0,0.0,0.0,0.006197411502093265,0.02076589604945976,0.0,0.01239482300418653,0.0,0.0,0.0,0.038280142536131906,0.0,0.030987057510466324,0.020644931182241758,0.04873785722318306,0.0,0.007331653474399337,0.0,0.013197646054195402,0.0,0.0,0.0,0.03064004476387047,0.02103482194723641,0.014872507239830872,0.06645072581309348,0.006637340313928149,0.006197411502093265,0
C814-2014-0120,0.37006151466680715,0.04253791282903985,0.12624789191223956,0.0,0.12415939658058385,0.289017271953871,0.12639874093039302,0.16812969139620243,0.08121627462096141,0.16752899419253184,0.08426582728692868,0.0,0.041633441624778236,0.1673293575742648,0.20497522672153845,0.0,0.041782504343190856,0.0836646787871324,0.12124902921842944,0.29108730562512825,0.04203242284905061,0.1259468701610352,0.25522747697423914,0.0,0.20376352830730712,0.13425560104647066,0.0,0.03524244502982716,0.20138340156970602,0.0,0.0,0.03864696225386181,0.24187023349842335,0.0,0.20138340156970602,0.07453912125244308,0.03770773787114536,0.13375634068719147,0.039706720440358896,0.0,0.07147572429255808,0.0,0.3601707826485641,0.07621409746154328,0.08297007598403723,0.0,0.0,0.10796502052910835,0.0,0.10069170078485301,1
C814-2015-0074,0.00872093074237598,0.012972953214371391,0.014759219632603902,0.024619121161049962,0.0157772397985883,0.023924453894362284,0.01220696708121593,0.00897315437429283,0.014861306455788129,0.014688941629034953,0.021201574404217143,0.02037514688957907,0.01269711310289743,0.021688211943274395,0.016253144568545208,0.009511503334051933,0.01783960267826819,0.020412434770140608,0.022186673657361093,0.01204790422313245,0.017305369150421888,0.010242802215283632,0.9950255115422857,0.01592821667702517,0.01429278836351145,0.0015354170391566739,0.0005716420766409652,0.0,0.0030708340783133477,0.0007869034509014793,0.0,0.0,0.025817438023045435,0.003247124452249473,0.003582639758032239,0.0045464973165686325,0.036799602928383975,0.002039609649907243,0.013925940441295652,0.010246310216948126,0.017983540130971334,0.0005443219463803405,0.0,0.006972993183406688,0.012019261174692517,0.0,0.0,0.012073054942117795,0.015347826613248064,0.002047222718875565,1
C814-2017-0001,0.01656227651699406,0.08376738585217643,0.020717706416664233,0.02091679134233157,0.040749954526208464,0.0,0.041484922502345645,0.020692988612587577,0.03998359675633831,0.0,0.020742461251172822,0.0636599692138116,0.02049656610417891,0.08237794198233009,0.020182277132316948,0.020472176654815186,0.020569951194202175,0.08237794198233009,0.07958950450908654,0.0,0.08277195445035031,0.02066830772832164,0.0,0.10284975597101087,0.060188912536394676,0.016523848943991275,0.03691138140410184,0.0,0.09914309366394766,0.0,0.22653934045140772,0.0,0.22113960546006617,0.23063633595804847,0.08261924471995638,0.12843728221019624,0.4455336547272137,0.08779947310806219,0.058644065097054277,0.06964340650007629,0.4398528114159618,0.2460310927647274,0.0,0.2626468190015804,0.2859290768420198,0.0,0.07930764738354909,0.12402197734139263,0.26545213763883907,0.19828618732789532,1
C814-2018-0121,0.1358230685119582,0.2642135712162524,0.026138570012995115,0.09236411182955205,0.1542369871434591,0.17951582597155533,0.10467920816167554,0.31328861646181344,0.025222725483412547,0.19510580779919792,0.17010371326272275,0.1874059432060389,0.18101697270716857,0.14290709338182297,0.19097282774762706,0.0,0.2205933098211645,0.07794932366281254,0.25103597305503617,0.23245916842507547,0.11748323117318003,0.1825337218412487,0.23779221409462717,0.10380861638643037,0.164531383164684,0.06254212321870714,0.08149641367057978,0.05472490092042249,0.1980500568592393,0.0,0.0,0.18003443107547645,0.05365415218819326,0.01322650800531731,0.31271061609353573,0.04629810470621949,0.07026364545996358,0.0,0.02466283301438932,0.10983232290143287,0.05549419069555486,0.01108592954649763,0.0,0.0,0.10306956134839165,0.023586234809722568,0.0,0.05588313605300209,0.06698173190822913,0.06254212321870714,1
C814-2018-0154,0.9848606793123681,0.0,0.0,0.0,0.0,0.0,0.0,0.0,0.0,0.0,0.0,0.0,0.0,0.0,0.0,0.0,0.0,0.0,0.0,0.0,0.0,0.0,0.0,0.0,0.0,0.03330764809166518,0.013950646122374776,0.0,0.06661529618333036,0.0,0.0,0.07670380429747206,0.00857227190780651,0.0,0.09992294427499554,0.018492508322829497,0.004677481064310062,0.0,0.009850892335164663,0.03509560761950756,0.013299379615879306,0.0,0.0670164312765186,0.004727013841668859,0.025730193670453212,0.014131312057718391,0.0,0.01339259175022509,0.01783601067689876,0.024980736068748885,1
C814-88-0001.10,0.09004183589419748,0.22201069316730618,0.09573812340685454,0.17057313572324154,0.10523132730760211,0.1105067640861163,0.12404443429704967,0.15187325377157254,0.10868664262125816,0.06165322284858731,0.18606665144557452,0.0634500793073143,0.09471621692255756,0.11196318823779823,0.07680553446612667,0.0890385989562959,0.10623831569806136,0.08957055059023859,0.13521663780176982,0.06121403678245343,0.12374857714720724,0.12360098008581483,0.09108131001735639,0.14537874779734716,0.10907357612124244,0.05389975321673,0.12541937334241365,0.1226231555119331,0.15271596744740168,0.2278955365223116,0.12315950706157805,0.19135957416907848,0.0416159681163227,0.27927074230213306,0.23805724337389084,0.04488796231795142,0.030277139274247175,0.19689748677943408,0.09033291987742116,0.20824136676000718,0.062173459076382005,0.09076321592289209,0.06024924394623746,0.2957783744117106,0.044413457961827114,0.1422888317649797,0.11856924952150984,0.00963218735539444,0.04810489626937323,0.3278901654017742,1
C814-89-0006.05,0.08191920606638839,0.06905409144918426,0.06831500727685716,0.06897147415944302,0.06718488485169286,0.0,0.0,0.40940101357313863,0.1977641478571524,0.06798971620830975,0.17099158599115266,0.1399424940393978,0.2703432579643662,0.06790869598201289,0.0,0.0,0.06782779605305247,0.10186304397301935,0.13122006534773412,0.06750539220026204,0.034116751131094886,0.10222817848154127,0.0,0.0,0.09923410234741527,0.19070132250733568,0.0,0.14302741132147978,0.3269165528697183,0.0,0.0,0.06273770122283602,0.11218314683160503,0.0,0.517617875377054,0.15125422691149643,0.06121300755307213,0.10856694613629501,0.0,0.22964365485993166,0.08702280283822741,0.0,0.0,0.09279184565856691,0.0,0.0,0.03268884112432265,0.0,0.05835383624597958,0.13621523036238262,1
C814-90-0003.17,0.10546417476362033,0.1185352107837856,0.05863326572920807,0.05919669679221143,0.11532661309779428,0.08628955317936736,0.08805498673151184,0.08784496765607784,0.05657887041825727,0.08753111335711772,0.058703324487674555,0.0600547798126328,0.1450185390642412,0.02914226884805029,0.05711794512001735,0.13036137962675406,0.13098398190602173,0.1311402098162263,0.12670120264390553,0.11587678189044805,0.029281655885359283,0.043870096724352374,0.0592676053918928,0.043661327302007245,0.0,0.12860158445740758,0.026115762898325172,0.09820582093286573,0.14029263758989918,0.0,0.014571134424025144,0.16153916044232192,0.048142161735116706,0.0296693108368098,0.6897721348170043,0.10385453659664107,0.013134443956793562,0.10871072109368783,0.055322936222174615,0.295647134688742,0.0373448772583444,0.03730144299966966,0.2979568031202697,0.11946179531138407,0.0,0.05290794303064077,0.014028056092087786,0.0,0.1377304832293096,0.08183737192744119,1
C814-96-0003.10,0.17567139610909668,0.05553106484924511,0.14649791275812457,0.12941746229862802,0.07203721255404327,0.10779920985461411,0.14667295779029396,0.10974234718014045,0.17670613941170285,0.09112521456274553,0.12833883806650723,0.16880583500368462,0.0905838734203439,0.07281329985937908,0.10703386086015815,0.16285695314831747,0.07272655705419317,0.1274232747539134,0.05276146427695331,0.16285695314831747,0.09145195598345039,0.10961145559069757,0.07404141979899348,0.09090819631774145,0.08866761399272181,0.11684253711975431,0.11419001205954435,0.1380216167348892,0.21907975709953934,0.13473443044162614,0.07281329985937908,0.1849893038043357,0.10524973079492274,0.18532534630760994,0.4089488799191401,0.048653501086322465,0.03281701268006121,0.13580936978854338,0.0,0.15389332747006468,0.04665394723042405,0.09319937196668183,0.0,0.2487339944000713,0.05415659071630528,0.18176527945591833,0.08762435931148463,0.09396186692010643,0.031284177343421815,0.33592229421929365,1
C814-97-0001.11,0.14344709595600563,0.10669345506507838,0.11610666952269288,0.10656580550940953,0.04152215946973399,0.010355888351770528,0.2641940935517015,0.07379791071512112,0.081482558692057,0.0840391360329097,0.15851645613102086,0.12973263034363364,0.06265491799351319,0.2308322237351689,0.1131060038254283,0.10430060519541066,0.15719811292445462,0.1783703547044487,0.07096049847591149,0.156450907793116,0.08434046938870986,0.12635981258525683,0.0853547640520627,0.08383899355970913,0.09199422381092594,0.0420924329170067,0.10342982654839065,0.08839498638039386,0.1262772987510201,0.1941518941569241,0.11541611186758445,0.18417495234642867,0.04333272397170297,0.28841750586847414,0.2693915706688429,0.03739175645923422,0.04728921294669468,0.20129233207279998,0.029877680248050983,0.1685374518276609,0.03585503599436525,0.11639333714940127,0.022584479737352493,0.2676239330718263,0.020810527562381175,0.12381824044517305,0.1010131428401729,0.02707975145070768,0.02704824120363796,0.36199492308625764,1
NPA-2010-0005.03,0.5830912007929677,0.030092990176652963,0.1339690755305891,0.04508547974764306,0.029278411132950145,0.14604440649628353,0.08941943354030508,0.13380924020448212,0.05745558236896944,0.044443721270499566,0.10432267246368927,0.030492676176348873,0.0,0.0,0.058003010246214744,0.029418084601815275,0.05911716909143813,0.05918767963517005,0.10007237942868626,0.1176723384072611,0.11894154684842856,0.11879968321494684,0.04513948526497945,0.029558584545719066,0.17298038708262634,0.13059431681740089,0.10608174784974195,0.024931889732018125,0.08310547433834602,0.10952145171564918,0.07398459954396255,0.17771246301836358,0.0366661076636617,0.15064524265093923,0.37991073983243895,0.02636595091819817,0.01333796735515332,0.1577074809531957,0.014045046744078775,0.1751331772441476,0.01264118362864711,0.07575888719253622,0.15924934815973926,0.2021881717125784,0.0,0.09402360189450515,0.07122713181769273,0.025459565253097918,0.0,0.2849330548743292,1
NPA-2010-0007.01,0.20531793112503122,0.1832542874086082,0.25683163874004106,0.16778211944306162,0.14857818872792042,0.2816281611444362,0.16638374663823657,0.07544859382476989,0.08747038548566025,0.04510741772642092,0.15125795148930596,0.2011622334193292,0.08967890253548241,0.0600715537142325,0.2207594743789953,0.08957219104823783,0.19499996817409174,0.3003577685711625,0.13058588780383237,0.2090017791125549,0.15089718764953977,0.16578893096959424,0.33596619358244834,0.10499998286297246,0.1463029789053168,0.012049503247091918,0.013458238803529702,0.0,0.04819801298836767,0.0,0.15017888428558124,0.0,0.08683186820355744,0.0,0.10844552922382726,0.026759684558882755,0.10829718986823333,0.01600625919382517,0.05701914892466863,0.06348161191179116,0.07697975788615181,0.2050406025654338,0.0,0.13680502082280718,0.0,0.027265055770420276,0.0,0.02583976346208533,0.06452424019102013,0.18074254870637876,1
NPA-2010-0008.01,0.1629017325625925,0.10985488436976751,0.2037733319169504,0.19201604176204354,0.1536417998950437,0.10662743246397445,0.17001401105505326,0.18317719330955126,0.1900790612844823,0.23660354418162183,0.16321345061285114,0.16001379412554537,0.1814384341352851,0.2160654579112227,0.18527320492264993,0.1677986438526409,0.15511204181579158,0.18905727567231986,0.24789274905886133,0.18793448111495778,0.2103145552813366,0.18973496340618917,0.16478232655465128,0.18208804908810317,0.15128904990342926,0.010834918009074435,0.02420330713931812,0.0,0.05417459004537217,0.00832936670052018,0.06076841003753138,0.0,0.07807924968088317,0.054993257948536454,0.016252377013611652,0.0060155796923446825,0.26171110230261285,0.02158925174433375,0.2050865636125179,0.017124807040841492,0.04037846647878118,0.0691397211083327,0.0,0.17222117914973836,0.0,0.012258374379733962,0.0065003911906811925,0.011617562680567002,0.04061415532340548,0.11376663909528156,1
NPA-2010-0012.01,0.10791954931055245,0.15919955617136797,0.146245958298808,0.1987613594689836,0.132763051093295,0.1545223958073624,0.1069997439736635,0.15730774307779224,0.10855521927927075,0.15674571075263982,0.17457852964124046,0.13826913990615822,0.1558145425514724,0.17333309451564533,0.16438427485689158,0.17230368448928798,0.15078768564412984,0.1286019733503175,0.09183613147560778,0.16674550111866576,0.15730774307779224,0.173954417929987,0.07959977808568398,0.08935566556689176,0.1143887691462722,0.07177943720806136,0.12025700819187711,0.1036325909457424,0.18393480784565724,0.15864421899558875,0.06709668174799174,0.17046567684905245,0.036947241152748944,0.16508282522859916,0.29609017848325314,0.07970432714582766,0.07056123272242978,0.10130938753263047,0.026536379342567033,0.20326252683810067,0.057321488531221876,0.05725482031476843,0.05415875177694889,0.2292057315682638,0.06099466096856863,0.12688997930782836,0.10765988743720876,0.06734378113999662,0.05765607368470134,0.2557142450537186,1
NPA-2010-0012.02,0.07024019725864537,0.16282537885786136,0.043931635363050635,0.14784597479657996,0.17281953004859,0.21551140174840666,0.11729100714041328,0.24864892223572635,0.0423923565156285,0.1457414966326937,0.1466137589255166,0.10499234857024332,0.2607762607039875,0.10189747622315366,0.09985795006437448,0.07235165432886975,0.07269720379315829,0.02911356463518676,0.0843842706451006,0.0868219851946437,0.14626407190336843,0.08765377213392755,0.07401153584448243,0.04361832227589498,0.0709054613926382,0.08175676470511936,0.0,0.15942727337242832,0.221911218485324,0.0179573400135364,0.04367034695278014,0.05379334982659261,0.048094743228844584,0.07410021876065241,0.47886105041569915,0.10375224316366038,0.013121506945020536,0.15514806353229854,0.01381711122005136,0.18459745725889823,0.012436031245232139,0.08695097193624887,0.3759957790679103,0.1591255056297658,0.0,0.0,0.0,0.02504638475941807,0.050034481112946665,0.10511584033515346,1
NPA-2010-0014.02,0.1965747886516938,0.09942205802988871,0.1967158925779248,0.049651554038135995,0.03224360970883165,0.08041759543987995,0.0,0.11461403071581697,0.03163722520812916,0.11420453536029308,0.032825156874873654,0.06716170116905613,0.11352608852276252,0.03259098372964698,0.0798466494571637,0.2105832868060365,0.03255215794702296,0.08147745932411744,0.06297560206256891,0.24298071554542672,0.19648119551282905,0.11447732858543308,0.14913308704483308,0.16276078973511476,0.1269994254594381,0.05229831958659782,0.10222211690194198,0.08237067081670744,0.16996953865644293,0.22112445586677779,0.1629549186482349,0.2709837132342275,0.04037950214171965,0.19908237724263514,0.33993907731288586,0.05807237470286403,0.0,0.12157561790662047,0.04640241611834434,0.22042280479481105,0.0417642941069015,0.2224838389869651,0.0,0.1929763061456456,0.0,0.13313048200916405,0.10981701705098261,0.01401900331356377,0.028005381345548745,0.2745661778296386,1
NPA-2010-0016.01,0.9708212991405981,0.0,0.0,0.0,0.0,0.0,0.0,0.0,0.0,0.0,0.0,0.0,0.0,0.0,0.0,0.0,0.0,0.0,0.0,0.0,0.0,0.0,0.0,0.0,0.0,0.06386167994603839,0.017831974511393154,0.005587952451562016,0.04789625995952879,0.040911504047708755,0.0397969760505006,0.07966093257032916,0.03287171063415583,0.03376392491847151,0.11175793990556718,0.05909366744948435,0.04185190110138921,0.04948548545706422,0.03777477963979038,0.06168230243132818,0.016999513588645987,0.03961939839241821,0.0,0.06646372401697927,0.019733286344444705,0.03612581011880498,0.019156854781718444,0.011412439377914398,0.017098739638228343,0.06918348660820825,1
NPA-2010-0021.02,0.9666532755663246,0.0,0.0,0.0,0.0,0.0,0.0,0.0,0.0,0.0,0.0,0.0,0.0,0.0,0.0,0.0,0.0,0.0,0.0,0.0,0.0,0.0,0.0,0.0,0.0,0.04955468764400509,0.004257557067012128,0.032020269793555545,0.0571784857430828,0.04688649048549391,0.023754786173744314,0.05705946352932803,0.0510148606856611,0.05320566853446737,0.14866406293201528,0.046560316823285396,0.01284756143036681,0.05063631500521829,0.02254773860116549,0.08033044720516688,0.020293994691632695,0.02432446991823141,0.0,0.05193444922859801,0.023557568646558318,0.03018885784415243,0.01829554038573114,0.016348984312727407,0.0244949407270273,0.08386177908985477,1
NPA-2011-0002.01,0.1557077496932045,0.21477994616821755,0.14165410793655056,0.07150766013630018,0.069655375223172,0.06948995891580718,0.05318376198088658,0.0,0.34172706046132134,0.1762245036313203,0.1950071272632508,0.16322444137078915,0.08758880956878758,0.10560870298397707,0.08624574572257701,0.06998766811428361,0.07032192724696036,0.0,0.06802261333618453,0.24495683839999263,0.14148510378057833,0.1589808960653536,0.01789832884735146,0.15822433630566082,0.18861900049200986,0.08473444289989135,0.11041443518902037,0.11862939736863273,0.14122407149981892,0.13027957322545067,0.10560870298397707,0.19513398567084636,0.0,0.21503730215662795,0.2683257358496559,0.07840803740951574,0.015865975728991167,0.15007882376422127,0.10024242741964877,0.16368550084236974,0.015037127269646856,0.12015710574647676,0.037886526866987416,0.20844187631502817,0.05236595800152552,0.11184434223661349,0.11861800830693725,0.0,0.015124898883125886,0.28244814299963783,1
NPA-2011-0009.01,0.10837412326323768,0.19732541698410275,0.09218412826923839,0.19708933406988058,0.12265648816580894,0.12768543212624103,0.12486872599319938,0.15165153388414965,0.10465197194196928,0.12412583336132824,0.11943965095001681,0.2277165437418266,0.13411787800838715,0.14553929539451987,0.200733251427601,0.09109163537427185,0.12383022285829678,0.12397791829903544,0.2083153910219394,0.1446749503003141,0.22747730082622444,0.1514706564852093,0.08770018532626787,0.0861427637275108,0.09977331459438228,0.07352341904648285,0.11593300746548901,0.10444754068040848,0.17732118711210568,0.15293995503219726,0.0808551641080666,0.16433635664059137,0.048975786668001155,0.15914705261180725,0.2897687691831971,0.07683845202007251,0.06802410972116726,0.1321372644393635,0.025582228517777757,0.1959539522534654,0.055260418147272374,0.0781945416899244,0.052211401800886396,0.22096433454122189,0.05880151678263418,0.12232748128007948,0.10378883294748968,0.06492234589106335,0.055582972846407126,0.25084460615858856,1
NPA-2011-0009.02,0.06358524748391087,0.04823947319402916,0.0,0.0321211725382511,0.03128912792693,0.062429646159755124,0.06370692003495805,0.0317774866459465,0.06140138748293495,0.015831975695526305,0.0,0.04888017529625222,0.01573792379287109,0.03162621891252165,0.01549660259482441,0.03143839357578895,0.015794271229239158,0.0,0.06111138569796795,0.09431518072736686,0.0317774866459465,0.06347917017955824,0.03215964879601944,0.06317708491695663,0.030809990768175043,0.25375087136418234,0.05668349563285297,0.18650874141360432,0.26643841493239145,0.078028612912387,0.04743932836878249,0.07304499976951909,0.07836836009039949,0.06439636696793255,0.5709394605694103,0.07044163081874302,0.0,0.235953424311167,0.0,0.30747809447536684,0.027018652747820615,0.05397445697457776,0.3744090158886326,0.24488340846570977,0.0,0.057417567493555574,0.03044748335819318,0.0,0.21741088357692692,0.12687543568209117,1
NPA-2011-0012.01,0.972676994655763,0.0,0.0,0.0,0.0,0.0,0.0,0.0,0.0,0.0,0.0,0.0,0.0,0.0,0.0,0.0,0.0,0.0,0.0,0.0,0.0,0.0,0.0,0.0,0.0,0.026534927411291924,0.03598801366692123,0.027861950291048744,0.05306985482258385,0.03205523035466712,0.03070951453327696,0.06983655177683362,0.01365840134959411,0.03126490037841648,0.12509322922466193,0.033673766948046184,0.012776125702944343,0.060425716971761696,0.049329208297101024,0.06989831570184121,0.008072461956316385,0.02822075625168632,0.03305059567714777,0.07316471391165061,0.004685316507968258,0.03859842866591567,0.031839171878414896,0.00812903988928064,0.020298952159835196,0.045488446990786156,1
NPA-2011-0015.01,0.10513906075479978,0.11394945264420497,0.07515323638050908,0.22762624382122115,0.036954995203279765,0.14746894063420252,0.2633506198804786,0.0375317864184546,0.054390010130810164,0.07479538416704246,0.18810758562891328,0.07697526322143641,0.16728986811968916,0.14941250787679436,0.07321097294833533,0.14852516011379874,0.09327157006083765,0.09338281742299648,0.07217749790304784,0.14852516011379874,0.09382946604613651,0.20617861885359343,0.07596630176280332,0.09327157006083765,0.1091672861937815,0.08991010157896241,0.16736950244419463,0.09440654357283684,0.16483518622809776,0.18431622783669963,0.13073594439219507,0.22430736383149216,0.12341251048363845,0.09507165867510355,0.2997003385965414,0.21631291070982872,0.05050525290388534,0.179151500336333,0.035455109411531266,0.1578941487833512,0.015955609006210486,0.06374820682932529,0.020100335604432796,0.25520042333818277,0.05556451948069486,0.11867589881256008,0.12586330671425955,0.09640462805855331,0.04814622537472754,0.2547452878070602,1
NPA-2011-0015.02,0.10695490002045153,0.12171332746197494,0.08027375522345959,0.040522569306319256,0.09210343503809933,0.10501109656006785,0.20092417854099953,0.05345198834019539,0.07746111935417122,0.15978304194566798,0.09376461665246645,0.13703320787618356,0.10588922005670759,0.1329938631861726,0.0390995784424406,0.07932241458727354,0.15940251241264192,0.18619140846064167,0.17988895554601297,0.1850856340369716,0.06681498542524424,0.10677647046437652,0.09466592135931383,0.1328354270105349,0.06478073949218742,0.21341348937680754,0.04767283173471583,0.1568604714157934,0.22408416384564792,0.06562483298418048,0.03989815895585178,0.061433437444115016,0.06591057241977638,0.05415963028592676,0.4801803510978169,0.059243911753292966,0.0,0.19844520470781898,0.0,0.25859999099172426,0.034085468929663985,0.056743042586596466,0.24332507345261506,0.2059556383400464,0.0,0.04829021222449956,0.025607414198347785,0.0,0.18285026980678223,0.10670674468840377,1
NPA-2011-0016.01,0.10513906075479978,0.11394945264420497,0.07515323638050908,0.22762624382122115,0.036954995203279765,0.14746894063420252,0.2633506198804786,0.0375317864184546,0.054390010130810164,0.07479538416704246,0.18810758562891328,0.07697526322143641,0.16728986811968916,0.14941250787679436,0.07321097294833533,0.14852516011379874,0.09327157006083765,0.09338281742299648,0.07217749790304784,0.14852516011379874,0.09382946604613651,0.20617861885359343,0.07596630176280332,0.09327157006083765,0.1091672861937815,0.08991010157896241,0.16736950244419463,0.09440654357283684,0.16483518622809776,0.18431622783669963,0.13073594439219507,0.22430736383149216,0.12341251048363845,0.09507165867510355,0.2997003385965414,0.21631291070982872,0.05050525290388534,0.179151500336333,0.035455109411531266,0.1578941487833512,0.015955609006210486,0.06374820682932529,0.020100335604432796,0.25520042333818277,0.05556451948069486,0.11867589881256008,0.12586330671425955,0.09640462805855331,0.04814622537472754,0.2547452878070602,1
NPA-2011-0016.02,0.05867674946844986,0.16322386898488764,0.022019575649352852,0.11856624410476463,0.07940280302483817,0.05040906099391957,0.044091772080194394,0.08064211692524749,0.05666147373670318,0.051134361802903296,0.10288080152045359,0.09021368676933542,0.06535361764561538,0.09485065075449008,0.11440267094013867,0.06527585150956107,0.04372507142585132,0.07296203904191544,0.014098464699601916,0.13780457540907337,0.07331101538658863,0.09519064889704901,0.014838533544080695,0.05101258333015986,0.02843159665120278,0.09951903437722547,0.15038487363163303,0.14137697248571401,0.24001649467448494,0.2070148102453984,0.10944305856287316,0.22244062827931496,0.08437178353120421,0.2154165462557635,0.3922220766631827,0.10400616085663648,0.09207533873718629,0.19440970576031502,0.0346273161983556,0.25906892368923284,0.06856556587776395,0.09961573839574317,0.07067174456917626,0.2990905141591148,0.07959192113229,0.16557870910621098,0.1404853659966925,0.0878768867984511,0.07523539924051716,0.3395355290517104,1
NPA-2011-0019.01,0.08722564824493237,0.04411630566149715,0.04364412997180683,0.11015881072670261,0.07511373322070368,0.160575759653338,0.054620348445834035,0.0,0.09475858069364314,0.05429539074255087,0.04369627875666723,0.02235112254940561,0.04317827355189192,0.05423068941578904,0.06377428383539835,0.10781723622768721,0.032499650493817714,0.021692275766315616,0.031437010412675485,0.07547206535938104,0.04359205919562904,0.08708013239019619,0.14337799339986576,0.032499650493817714,0.06339728608875325,0.12183257584348033,0.1360763067262896,0.02741260161452295,0.08702326845962881,0.10703892195525416,0.17353820613052492,0.23046563044968316,0.07166998930590039,0.2870995867108594,0.4090093617602554,0.04831558541271525,0.10754398705773724,0.20807916576566596,0.0514750753875325,0.24757566439685783,0.04632991916147105,0.13882810433348816,0.12840269721328332,0.26676696529142063,0.09680481747019125,0.1476841546423504,0.11486082606735604,0.07464741497080592,0.05592041591575378,0.435116342298144,1
NPA-2011-0019.02,0.019148431378763903,0.048423718747933206,0.011976360231572563,0.09673156785459859,0.03533471261327867,0.023500533590615203,0.0,0.0,0.04622692767985897,0.0,0.023981340698376315,0.024533433971956814,0.047394099373169976,0.011905129463587853,0.0816678986844541,0.047337703780809474,0.02378189366072665,0.0,0.0460085956178282,0.023668851890404737,0.04784828608109613,0.023895608302690705,0.060529648434916504,0.0,0.0695872490887956,0.10507201894065257,0.12802498252941338,0.12035641614382188,0.20059203615942764,0.14686244048895106,0.16667181249022994,0.19797476598673922,0.11800151960067333,0.1696860954200534,0.5158080929813853,0.1272792152880012,0.08585042245169071,0.24108417024789555,0.07910137419729535,0.34220165646747924,0.05085346430192043,0.16254182007316442,0.0,0.26027863907694065,0.12986919469057517,0.14048986527626944,0.08022990751934225,0.06145186071690936,0.06138035476835557,0.3534240637094677,1
NPA-2011-0023.01,0.1439958590250306,0.15270617434586609,0.19174493132291448,0.2053200618583668,0.205715924381428,0.2280304377530365,0.22106101618740698,0.2089267254477544,0.1457785040116437,0.13878684517703666,0.13380008874500948,0.20829626945743188,0.18394981859119475,0.1675009299384718,0.19811004094417237,0.1837309314486757,0.28268165109519877,0.19638040061751869,0.16183113704726607,0.1837309314486757,0.18571264484244837,0.23766052590435613,0.2055660039271274,0.21345349164331337,0.16880479341631255,0.009268500758328808,0.0,0.0048660111896746995,0.023171251895822018,0.00712518004432641,0.011551788271618745,0.0,0.04293722427563929,0.005880351985267619,0.041708253412479634,0.01029180006596966,0.062476802933402034,0.01231204493942773,0.1206129032108877,0.039064141057358434,0.04934414651187401,0.04435808076626823,0.0,0.0999691474889744,0.017183824127616095,0.0,0.0,0.034782991388218255,0.02977930078331127,0.16219876327075414,1
NPA-2011-0025.02,0.19824592115293818,0.25066817586638585,0.17168211747666062,0.1540727833369098,0.15008178864410834,0.09357836072840248,0.11459150279989694,0.15242425565760603,0.18407412313051114,0.07593983557814597,0.13369008659987977,0.019538267293224627,0.09436088143358942,0.0,0.11149677169508644,0.15079775796150804,0.1136384728562954,0.0948116769490588,0.1282433123704121,0.15079775796150804,0.05715909587160226,0.15224245662008476,0.07712866949734948,0.07575898190419693,0.03694588846799055,0.1825716494876796,0.06797217575898877,0.1278014229757121,0.1977859536116529,0.07017617560317957,0.03792467077962352,0.15766581635428445,0.07831303578075051,0.0772210874596751,0.4260005154712524,0.135152452608764,0.01709267955532355,0.2627339213481726,0.05399641720745221,0.24046515364999824,0.01619974732364184,0.06472362431094693,0.020407892784629535,0.2418315850640424,0.0,0.0860655501604146,0.05476678000719026,0.048939862300785744,0.11406013599937988,0.1369287371157597,1
NPA-2011-0025.03,0.9787173808793347,0.0,0.0,0.0,0.0,0.0,0.0,0.0,0.0,0.0,0.0,0.0,0.0,0.0,0.0,0.0,0.0,0.0,0.0,0.0,0.0,0.0,0.0,0.0,0.0,0.022975213502827073,0.01283064967668904,0.03618632038934414,0.05743803375706768,0.02649336775703072,0.02147635379228387,0.02645467904794027,0.017739148985613205,0.02186475664015429,0.1263636742655489,0.01913386344859332,0.006452939926121445,0.06103939968620297,0.013590053189640022,0.06657344759344812,0.006115834323077186,0.02443488501188883,0.0,0.052170193197321635,0.0,0.032492028127958116,0.0068919707252383085,0.030793493631534174,0.006151532408002654,0.06318183713277445,1
NPA-2012-0005.01,0.00845816706884283,0.0,0.02116059612645411,0.0,0.0,0.020761119841578128,0.0,0.021135349921170585,0.0,0.0,0.0,0.0,0.0,0.02103474106832651,0.020613720781641035,0.020909817588375536,0.0,0.04206948213665302,0.0,0.0,0.0,0.0,0.0,0.0,0.04098372808451663,0.09282396796703328,0.08482601027207731,0.18607170968490397,0.38817295695304826,0.07784577440663801,0.08413896427330604,0.11659814237580982,0.06081034204075008,0.11778336508736098,0.5316281801748269,0.12181272187116446,0.00948037468009573,0.358705573520587,0.049914766616174104,0.26674574302175524,0.017970227997771124,0.12564529306093936,0.28297855436196395,0.3257461224342567,0.04172021192321888,0.05728302528073869,0.06075227617881957,0.009048088489227677,0.10845072060604663,0.16033230830669384,1
NPA-2012-0005.04,0.12452734699078617,0.12246590785316049,0.06923151907298368,0.1747419827319147,0.22128026363331968,0.13584909004447496,0.10397136194883963,0.19015953162204105,0.10020867244321467,0.20670559173183,0.06931424129922642,0.12409246302503346,0.10273881519269604,0.05161481753980059,0.11802401932011863,0.15392484501360876,0.10310665716014943,0.08602469589966764,0.11635794559100773,0.15392484501360876,0.06914892058983312,0.06906644548011628,0.10497077815985187,0.05155332858007471,0.10056542366325509,0.15184695814655566,0.046254474692348134,0.01449462621694981,0.17945549599138397,0.02122412330044095,0.03440987835986706,0.2066330112343386,0.028422048021103923,0.08758046449976503,0.4693451433620811,0.10729841390484716,0.06203423916432569,0.22004695312904568,0.0,0.2618151145452972,0.058793531852263194,0.058725151564032296,0.18516524833687217,0.2350918446986944,0.05118629982522705,0.062471315924220706,0.01656369674821757,0.014801400373425543,0.05913670931297541,0.19325976491379812,1
NPA-2012-0011.01,0.00845816706884283,0.0,0.02116059612645411,0.0,0.0,0.020761119841578128,0.0,0.021135349921170585,0.0,0.0,0.0,0.0,0.0,0.02103474106832651,0.020613720781641035,0.020909817588375536,0.0,0.04206948213665302,0.0,0.0,0.0,0.0,0.0,0.0,0.04098372808451663,0.09282396796703328,0.08482601027207731,0.18607170968490397,0.38817295695304826,0.07784577440663801,0.08413896427330604,0.11659814237580982,0.06081034204075008,0.11778336508736098,0.5316281801748269,0.12181272187116446,0.00948037468009573,0.358705573520587,0.049914766616174104,0.26674574302175524,0.017970227997771124,0.12564529306093936,0.28297855436196395,0.3257461224342567,0.04172021192321888,0.05728302528073869,0.06075227617881957,0.009048088489227677,0.10845072060604663,0.16033230830669384,1
NPA-2012-0013.02,0.05838543083716402,0.1476486311547805,0.0,0.1474719822483361,0.08619118208174918,0.11464866245810568,0.05849715336078468,0.05835763238053842,0.15504544153137514,0.20352195862868774,0.1462428834019617,0.0,0.14450922147652814,0.05807983738445837,0.056917341981885014,0.08660235949613407,0.05801064661808465,0.08711975607668755,0.22445549709842907,0.20207217215764614,0.08753644857080763,0.14572007056577732,0.17717835738573662,0.08701596992712698,0.05658087862421593,0.09319994518321148,0.1301202104591177,0.134558756254119,0.18639989036642296,0.14329531967831888,0.08711975607668755,0.1609718210107667,0.05996635290072268,0.17739065798504036,0.3960997670286488,0.01293622381595802,0.026176629318855827,0.20118227941851657,0.09647511529205897,0.19640586434129564,0.03721371883597032,0.07434087424429893,0.21877604971835635,0.2645383004596254,0.043198234226085805,0.14498584590079575,0.06989394176004834,0.024983027192373317,0.06238489178218623,0.24464985610593015,1
NPA-2012-0015.01,0.143643858471979,0.05735610509174102,0.2742540834777768,0.1432187085950012,0.09300591355898424,0.31546915239312523,0.17989840739989899,0.17002357909846647,0.063879768477138,0.13176808973536303,0.10415170954730993,0.22278525091582846,0.1871218633252929,0.17861502051335065,0.1658273271511055,0.12148448108950083,0.17840223565182686,0.1504126488533479,0.14532128268881733,0.07475968067046204,0.04722877197179624,0.10377937108272828,0.18162766612384654,0.10328550485105766,0.08242352456568554,0.07542661995159568,0.058971445531387404,0.07919873693790012,0.1357679159128722,0.11596875509928851,0.10340869608667669,0.13895928477843494,0.04658947952367681,0.14356207738640736,0.3394197897821805,0.0418770906123155,0.016947775386484197,0.17033122505662562,0.01784621983044148,0.16689861758667987,0.0,0.07219679184323168,0.020234883705968234,0.21409057496960263,0.01864548619148283,0.06826873962794702,0.045252076246961336,0.008087495303029277,0.08078084619344182,0.1885665498789892,1
NPA-2012-0018.01,0.972676994655763,0.0,0.0,0.0,0.0,0.0,0.0,0.0,0.0,0.0,0.0,0.0,0.0,0.0,0.0,0.0,0.0,0.0,0.0,0.0,0.0,0.0,0.0,0.0,0.0,0.026534927411291924,0.03598801366692123,0.027861950291048744,0.05306985482258385,0.03205523035466712,0.03070951453327696,0.06983655177683362,0.01365840134959411,0.03126490037841648,0.12509322922466193,0.033673766948046184,0.012776125702944343,0.060425716971761696,0.049329208297101024,0.06989831570184121,0.008072461956316385,0.02822075625168632,0.03305059567714777,0.07316471391165061,0.004685316507968258,0.03859842866591567,0.031839171878414896,0.00812903988928064,0.020298952159835196,0.045488446990786156,1
NPA-2012-0018.02,0.192250553820046,0.11219420813326249,0.0,0.16808996609846563,0.05457862666984048,0.03629934289892104,0.03704200612422878,0.11086097280852705,0.10710440419648136,0.07364325763675576,0.1852100306211439,0.0,0.1281100980674626,0.20227762594724197,0.09010406528949119,0.14623732137498002,0.03673393667627759,0.16549987577501615,0.017766424134474535,0.036559330343745006,0.0,0.1291835381841807,0.0,0.16530271504324917,0.03582856826529751,0.191804496650057,0.06591655635597132,0.1549205539966443,0.26557545690007894,0.09073853690555736,0.018388875086112907,0.11892041424231244,0.045566812409411996,0.07488576180720435,0.48688833765014466,0.016383145308275678,0.0,0.19599100253766955,0.052363453694578545,0.23319298926695448,0.015709833405915665,0.06276624783326959,0.2968607374614073,0.2345180969644008,0.03647241309651483,0.033385099853634845,0.03540701275160267,0.01581993982773956,0.09480918960426189,0.1770503046000526,1
NPA-2012-0018.09,0.00845816706884283,0.0,0.02116059612645411,0.0,0.0,0.020761119841578128,0.0,0.021135349921170585,0.0,0.0,0.0,0.0,0.0,0.02103474106832651,0.020613720781641035,0.020909817588375536,0.0,0.04206948213665302,0.0,0.0,0.0,0.0,0.0,0.0,0.04098372808451663,0.09282396796703328,0.08482601027207731,0.18607170968490397,0.38817295695304826,0.07784577440663801,0.08413896427330604,0.11659814237580982,0.06081034204075008,0.11778336508736098,0.5316281801748269,0.12181272187116446,0.00948037468009573,0.358705573520587,0.049914766616174104,0.26674574302175524,0.017970227997771124,0.12564529306093936,0.28297855436196395,0.3257461224342567,0.04172021192321888,0.05728302528073869,0.06075227617881957,0.009048088489227677,0.10845072060604663,0.16033230830669384,1
NPA-2012-0019.01,0.1138665204575953,0.22250881758793528,0.14243531914872914,0.14380403846325324,0.19101687030972175,0.13974638109667087,0.10371309813485872,0.11639894968488347,0.22490944900199808,0.15464410284576388,0.1944620590028601,0.1856763278985102,0.1921567743982887,0.18020312398843866,0.16398225375121017,0.17913291346036275,0.1028505412641385,0.20594642741535846,0.14923146037917054,0.15354249725173952,0.10346573305322976,0.19376686441812194,0.23559757156369618,0.12856317658017313,0.13793397772771196,0.06196490665964907,0.04613957904393288,0.0,0.15491226664912267,0.01587855209423998,0.051486606853839614,0.16648132597337542,0.010631792977727206,0.11793993593803953,0.3821169244011693,0.011467702042219117,0.08121769259649184,0.09603140693904108,0.048870427387154414,0.0,0.07697482972250569,0.04393445916007529,0.1108231798370234,0.035176181839290756,0.07658873035941782,0.05842137919295431,0.03717574355841145,0.0,0.03318177055710817,0.17556723553567236,1
NPA-2012-0019.03,0.00845816706884283,0.0,0.02116059612645411,0.0,0.0,0.020761119841578128,0.0,0.021135349921170585,0.0,0.0,0.0,0.0,0.0,0.02103474106832651,0.020613720781641035,0.020909817588375536,0.0,0.04206948213665302,0.0,0.0,0.0,0.0,0.0,0.0,0.04098372808451663,0.09282396796703328,0.08482601027207731,0.18607170968490397,0.38817295695304826,0.07784577440663801,0.08413896427330604,0.11659814237580982,0.06081034204075008,0.11778336508736098,0.5316281801748269,0.12181272187116446,0.00948037468009573,0.358705573520587,0.049914766616174104,0.26674574302175524,0.017970227997771124,0.12564529306093936,0.28297855436196395,0.3257461224342567,0.04172021192321888,0.05728302528073869,0.06075227617881957,0.009048088489227677,0.10845072060604663,0.16033230830669384,1
NPA-2012-0021.01,0.143643858471979,0.05735610509174102,0.2742540834777768,0.1432187085950012,0.09300591355898424,0.31546915239312523,0.17989840739989899,0.17002357909846647,0.063879768477138,0.13176808973536303,0.10415170954730993,0.22278525091582846,0.1871218633252929,0.17861502051335065,0.1658273271511055,0.12148448108950083,0.17840223565182686,0.1504126488533479,0.14532128268881733,0.07475968067046204,0.04722877197179624,0.10377937108272828,0.18162766612384654,0.10328550485105766,0.08242352456568554,0.07542661995159568,0.058971445531387404,0.07919873693790012,0.1357679159128722,0.11596875509928851,0.10340869608667669,0.13895928477843494,0.04658947952367681,0.14356207738640736,0.3394197897821805,0.0418770906123155,0.016947775386484197,0.17033122505662562,0.01784621983044148,0.16689861758667987,0.0,0.07219679184323168,0.020234883705968234,0.21409057496960263,0.01864548619148283,0.06826873962794702,0.045252076246961336,0.008087495303029277,0.08078084619344182,0.1885665498789892,1
NPA-2012-0021.02,0.12452734699078617,0.12246590785316049,0.06923151907298368,0.1747419827319147,0.22128026363331968,0.13584909004447496,0.10397136194883963,0.19015953162204105,0.10020867244321467,0.20670559173183,0.06931424129922642,0.12409246302503346,0.10273881519269604,0.05161481753980059,0.11802401932011863,0.15392484501360876,0.10310665716014943,0.08602469589966764,0.11635794559100773,0.15392484501360876,0.06914892058983312,0.06906644548011628,0.10497077815985187,0.05155332858007471,0.10056542366325509,0.15184695814655566,0.046254474692348134,0.01449462621694981,0.17945549599138397,0.02122412330044095,0.03440987835986706,0.2066330112343386,0.028422048021103923,0.08758046449976503,0.4693451433620811,0.10729841390484716,0.06203423916432569,0.22004695312904568,0.0,0.2618151145452972,0.058793531852263194,0.058725151564032296,0.18516524833687217,0.2350918446986944,0.05118629982522705,0.062471315924220706,0.01656369674821757,0.014801400373425543,0.05913670931297541,0.19325976491379812,1
NPA-2012-0023.01,0.12452734699078617,0.12246590785316049,0.06923151907298368,0.1747419827319147,0.22128026363331968,0.13584909004447496,0.10397136194883963,0.19015953162204105,0.10020867244321467,0.20670559173183,0.06931424129922642,0.12409246302503346,0.10273881519269604,0.05161481753980059,0.11802401932011863,0.15392484501360876,0.10310665716014943,0.08602469589966764,0.11635794559100773,0.15392484501360876,0.06914892058983312,0.06906644548011628,0.10497077815985187,0.05155332858007471,0.10056542366325509,0.15184695814655566,0.046254474692348134,0.01449462621694981,0.17945549599138397,0.02122412330044095,0.03440987835986706,0.2066330112343386,0.028422048021103923,0.08758046449976503,0.4693451433620811,0.10729841390484716,0.06203423916432569,0.22004695312904568,0.0,0.2618151145452972,0.058793531852263194,0.058725151564032296,0.18516524833687217,0.2350918446986944,0.05118629982522705,0.062471315924220706,0.01656369674821757,0.014801400373425543,0.05913670931297541,0.19325976491379812,1
NPA-2012-0025.01,0.1905546900550623,0.18572701084261223,0.25822803591628773,0.1654502309738402,0.19046716325673144,0.14616526563941643,0.13921200634508846,0.2033599607126311,0.14375782443337703,0.20757566993709514,0.11932457686721867,0.20853905447008955,0.14247461079934381,0.1480916510944132,0.14512752668722573,0.26007479441813774,0.2711779195720249,0.24188303012087486,0.16215602901409862,0.2502606512325476,0.26287994921388896,0.18825516028534617,0.1907466597843044,0.15777624411463267,0.24525834424473356,0.003960678491782392,0.0,0.0,0.027724749442476743,0.006089560347995081,0.014809165109441318,0.0,0.028541683897061472,0.0,0.01584271396712957,0.004397961679657938,0.07119469439291712,0.01052253279207634,0.07965446181241939,0.02503972983119179,0.00843442989889456,0.021061550419075654,0.010625409004059568,0.022483943629439868,0.0,0.0,0.0,0.021233861944002924,0.033934646444098326,0.01980339245891196,1
NPA-2012-0025.02,0.9724710617744174,0.0,0.0,0.0,0.0,0.0,0.0,0.0,0.0,0.0,0.0,0.0,0.0,0.0,0.0,0.0,0.0,0.0,0.0,0.0,0.0,0.0,0.0,0.0,0.0,0.02663334600682502,0.036121493955230476,0.02796529084193682,0.05326669201365004,0.032174123868189734,0.030823416758936795,0.07009557699428438,0.013709060643181713,0.031380862541682715,0.12555720260360367,0.03379866364732734,0.01282351261787907,0.06064983720794182,0.04951217135270351,0.07015757000296949,0.008102402884961885,0.028325427621316332,0.03317318102127397,0.07343608335141404,0.004702694443969169,0.03874159103754014,0.03195726402657269,0.008159190666651715,0.020374241393960418,0.04565716458312861,1
NPA-2012-0028.01,0.07392912259418404,0.07789852705969054,0.06165182489562193,0.04668319689740488,0.04547394769046909,0.045365956993639774,0.12345098084148173,0.06157826956579485,0.17847499547074575,0.1380560882929881,0.15431372605185217,0.11050641245096236,0.15248438690587435,0.07660642954713179,0.10510236190153066,0.06092117655165246,0.10712123515775276,0.13789157318483722,0.07401335385599067,0.2284544120686967,0.015394567391448713,0.292147914484845,0.18695646494325732,0.19893943672154088,0.05970346043979351,0.08605052543534378,0.12357114848362914,0.11616936223247476,0.15980811866563843,0.09450218273431582,0.10724900136598452,0.24062865801203523,0.07593092645814188,0.15598373497841678,0.3810808983565224,0.0546005891471479,0.013810631709743133,0.13063699313820243,0.058171072926986984,0.19429227964743515,0.013089155702801067,0.10459145804320262,0.03297854971284023,0.22331009825700202,0.0,0.1947111284969239,0.10325174164214644,0.03954268328579217,0.02633111403798154,0.2950303729211787,1
NPA-2013-0010.01,0.03825983523729127,0.016125633341499447,0.0,0.0,0.0,0.0,0.0,0.015934007905905823,0.0,0.0,0.0,0.016339809129448473,0.0,0.0,0.015540750029210383,0.0,0.0,0.0,0.0,0.0,0.0,0.015915003139973707,0.0,0.0,0.0,0.178131637964149,0.1563236900030001,0.06680002717728194,0.1526842611121277,0.1173763566217816,0.06343263427981763,0.24906051866589418,0.0916902227265782,0.2906092003530378,0.5216712254664363,0.15541307798995704,0.04288370876290509,0.2873311091272562,0.045157082642112906,0.2681339584489495,0.0,0.09472438830868331,0.03413414995614591,0.30336481854678393,0.09435900362663373,0.17274342390389735,0.16793822952228302,0.08185659422252192,0.027253781712993155,0.3308158990762767,1
NPA-2013-0011.01,0.11407090741244598,0.19231296909217602,0.059454577596580314,0.07203108117801182,0.1754130948216471,0.13999722161738734,0.09524098833720059,0.21378111750138368,0.11474281023829894,0.22485161127830436,0.059525617710750364,0.08525440517108862,0.04705596866356416,0.130022122378496,0.17375409290584407,0.12924993241212693,0.17709167243289017,0.16548270120899494,0.09136069942380734,0.07049996313388741,0.08313710125053811,0.16607588439318124,0.07211736340956601,0.14167333794631215,0.05757565209970186,0.09483853467915689,0.031777898756041305,0.12945588459068996,0.21812862976206082,0.08748879487831156,0.059100964717498185,0.12012142109608084,0.03905321465485801,0.10830566500442444,0.4647088199278687,0.05265464517496597,0.053273704454644605,0.22676605381274503,0.03365872697266562,0.2198448590704192,0.08078504469624373,0.07060470112746747,0.012721282760043506,0.2584216948140406,0.05861029534120321,0.08583849090496616,0.06827786696853838,0.01016890594137825,0.040628293236763535,0.17070936242248239,1
NPA-2013-0011.02,0.08138633176211521,0.10290735468664422,0.054296501282590934,0.06167054092494644,0.09344699767855831,0.013317868780372184,0.08154206729822953,0.04067379106116704,0.045844800524463325,0.060792706361576215,0.061156550473672154,0.041709655626831155,0.03357308856318152,0.033733479156558825,0.03966994514842967,0.046946394580812525,0.060647926165371,0.026986783325247062,0.09777487128826332,0.013413255594517866,0.04067379106116704,0.08125055745870217,0.03430245156221474,0.040431950776914,0.05258058495158295,0.06495800022480609,0.1451047833753918,0.1420970356994533,0.18404766730361724,0.2580057844785382,0.14842730828885883,0.23061952087074736,0.05015403420096802,0.3365668274639328,0.2868978343262269,0.04808650779887722,0.036488894705599025,0.2372936094726369,0.10886591272710294,0.25096483641434986,0.07492916623237951,0.11514156810048631,0.021783051878181813,0.3564612185564716,0.06021614933470536,0.17148126687355714,0.142895298724349,0.011608357943332448,0.057974251757989696,0.395161168034237,1
NPA-2013-0015.01,0.04741779706112223,0.07494563207018229,0.0,0.1946255117510085,0.029166779578747283,0.029097514845621064,0.029692832900933056,0.04443301922955735,0.04292738851797713,0.01475808934291405,0.07423208225233263,0.1670702820654186,0.01467041700125874,0.0884430168285519,0.10111825270769828,0.02930592050620026,0.07361471189385237,0.13266452524282785,0.014241546780777655,0.02930592050620026,0.01481100640985245,0.029586682134330505,0.07494563207018229,0.0588917695150819,0.04308021359642147,0.1655772262235829,0.1453062649597449,0.062092076051646475,0.14192333676307103,0.10910387270775648,0.058962011219034605,0.217889092986683,0.012175436198597653,0.2551204764479647,0.4849047339404927,0.14445983131657658,0.03986133866107968,0.26708050630855246,0.04197448905586881,0.24923633782148152,0.0,0.08804837619600168,0.047592650585540304,0.2819841874406748,0.08770874319846235,0.1605687642311381,0.15610223169224696,0.08876872914570484,0.025332982011026177,0.3311544524471658,1
NPA-2013-0019.01,0.023036523143168158,0.0,0.05763264764371524,0.0,0.014169810375446285,0.0,0.014425377699998547,0.04317291562419575,0.02780665601976258,0.01433955551578029,0.04327613309999564,0.014757475646364262,0.014254369528546217,0.014322467725189646,0.014035796762703558,0.0,0.04291621591870514,0.014322467725189646,0.013837661905170417,0.014237407847157185,0.0,0.05749523005790466,0.02912808092604814,0.014305405306235046,0.013952825015571671,0.09193229643808784,0.08984527636683802,0.14479480387102658,0.25281381520474155,0.265024320446786,0.10025727407632753,0.4366515466311395,0.09464116349584768,0.21872237321559343,0.2987799634237855,0.1020821855892963,0.11619265855813166,0.21371099173709066,0.05437881124741821,0.2300596851471191,0.19577365629657573,0.08555135757753674,0.07707156838498698,0.2870342332305291,0.22725695051530811,0.2080201264805015,0.09652060185949696,0.1725025631805476,0.08615091880821737,0.25281381520474155,1
NPA-2013-0022.01,0.08951516838837201,0.03233877231411724,0.0879797909711188,0.1049752656889412,0.0865243576966293,0.07062453919564424,0.08808491482613387,0.03994310198613557,0.18523014683798059,0.11144109887000507,0.11210807341507947,0.114689001396755,0.1186918591981595,0.06360474264228021,0.10908041138586366,0.04742024974608327,0.1429401825718004,0.16696244943598554,0.05377029458154326,0.11855062436520816,0.10385206516395248,0.11968638347932951,0.08893162386382242,0.1429401825718004,0.12392638772540215,0.12120300380647035,0.0712490157645153,0.1607550530548348,0.21688958575894696,0.09807902299264223,0.07155533547256523,0.12486814060264634,0.03940242895170965,0.1537932277587224,0.49119112068937987,0.09208417160929046,0.0,0.24574148726390047,0.06037280657477218,0.2419753247360372,0.013584570916615817,0.0881970132717814,0.042783455391754835,0.28970278288456647,0.12615336379649777,0.07217171640235621,0.07654267604908953,0.09575847321456549,0.12980670769758515,0.21051048029544853,1
NPA-2013-0025.01,0.07249371853894991,0.1833265278019108,0.12090959244652105,0.1525893277969227,0.11890940760737546,0.08897026779554265,0.12105406292463859,0.07547833629993433,0.16042558959714903,0.12033386520748018,0.0,0.12384094355491163,0.17942850943790456,0.12019046885970879,0.08833859985395355,0.16428041880274746,0.16506501745825794,0.16526189468209956,0.11612210299343101,0.07467291763761248,0.12076533807989494,0.07538831198698077,0.1374948958514331,0.07502955339011724,0.07318032638980983,0.0723255195803985,0.08078126493200331,0.15188509846579026,0.22903081200459527,0.07413386655825782,0.06009523442985439,0.11103841144512988,0.111684983222524,0.21413722788449163,0.4098446109555915,0.0669255836333565,0.013542485192296573,0.20816339695922467,0.014260406589112812,0.22862389284452564,0.025670034653055646,0.07692053674080945,0.08084559970462456,0.16423074062583864,0.17878893121467687,0.09546531360273278,0.0867831523871447,0.10339979886340743,0.038729805716034446,0.289302078321594,1
NPA-2014-0003.01,0.26823467191876843,0.042395510285256385,0.29359226557086265,0.04234478769831826,0.1649916705566826,0.08229992568197496,0.25195120139978383,0.04189171251473912,0.12141658500717142,0.1669681637863391,0.041991866899963974,0.0,0.0,0.25015379322591497,0.08171561559798222,0.08288938393874948,0.12492789195450758,0.04169229887098582,0.040281042826953266,0.12433407590812422,0.12567513754421736,0.0,0.12718653085576917,0.041642630651502525,0.24369767632459252,0.06690307935293448,0.14944974911569,0.0,0.10035461902940172,0.1542956617275395,0.12507689661295748,0.19258792648248702,0.0688744382196621,0.16978523959876388,0.20070923805880345,0.07428958948720599,0.0,0.13330856970139876,0.03957379577104729,0.14098889330435338,0.03561822387207724,0.14230719124582425,0.04487063158691742,0.26585635454880474,0.0,0.18923147207446628,0.12041517636525542,0.03586786338644663,0.03582612721175436,0.3345153967646724,1
NPA-2014-0007.01,0.0275532508563029,0.01959703250782499,0.012924857313845043,0.004349685853669148,0.010592536508072768,0.012680857856011614,0.021567167926925885,0.008606291315451434,0.012471995513806433,0.010719428227045347,0.0021567167926925886,0.008825473053442176,0.008524598459966636,0.9935775261019889,0.014689297878046034,0.012771682195210831,0.006416339694918469,0.004282661750439607,0.01034424138595919,0.006385841097605416,0.021515728288628584,0.006447019832570094,0.026129376677099986,0.004277559796612313,0.010430330713832082,0.001718082635704896,0.0019189476878305896,0.0018040046708985207,0.015462743721344065,0.002641559499129938,0.004282661750439607,0.0,0.01768707471966922,0.004360114284348511,0.010308495814229376,0.0,0.015441592702433879,0.0022822580665422757,0.03455290500864403,0.0018103095683803918,0.02561109998450735,0.007308946511283787,0.0,0.05461789690516796,0.0,0.0,0.0,0.007368743425276904,0.011040253631799994,0.04810631379973709,1
NPA-2014-0011.01,0.14344709595600563,0.10669345506507838,0.11610666952269288,0.10656580550940953,0.04152215946973399,0.010355888351770528,0.2641940935517015,0.07379791071512112,0.081482558692057,0.0840391360329097,0.15851645613102086,0.12973263034363364,0.06265491799351319,0.2308322237351689,0.1131060038254283,0.10430060519541066,0.15719811292445462,0.1783703547044487,0.07096049847591149,0.156450907793116,0.08434046938870986,0.12635981258525683,0.0853547640520627,0.08383899355970913,0.09199422381092594,0.0420924329170067,0.10342982654839065,0.08839498638039386,0.1262772987510201,0.1941518941569241,0.11541611186758445,0.18417495234642867,0.04333272397170297,0.28841750586847414,0.2693915706688429,0.03739175645923422,0.04728921294669468,0.20129233207279998,0.029877680248050983,0.1685374518276609,0.03585503599436525,0.11639333714940127,0.022584479737352493,0.2676239330718263,0.020810527562381175,0.12381824044517305,0.1010131428401729,0.02707975145070768,0.02704824120363796,0.36199492308625764,1
NPA-2014-0016.01,0.07350296807889421,0.16522558174837237,0.12259288243372098,0.13408517161823125,0.1708002059265033,0.08018569069671648,0.17388076596965327,0.12244661977374081,0.18730432252626975,0.2541857082993086,0.09205452316040466,0.18834756523255314,0.11117730147451045,0.15232968410973294,0.22889712465125206,0.12114000919461913,0.11157535626260431,0.07108718591787537,0.1864196749622428,0.20190001532436522,0.10203884981145069,0.1426840048425791,0.1548989828890991,0.13186178467398693,0.22754401341240554,0.20370118742507087,0.0,0.008555534779190264,0.10592461746103686,0.012527658342952204,0.0,0.04691011497544069,0.008388136979207362,0.020677945020180236,0.3911062798561361,0.04523820947623144,0.027462044349772192,0.18400226775039313,0.03855716905084909,0.24897764122988097,0.026027410039311093,0.008665712883850863,0.0,0.2035209523741806,0.0,0.0,0.0,0.008736609953244474,0.19198176698362102,0.04888828498201701,1
NPA-2014-0016.02,0.10765355256801118,0.057313864444770615,0.07796309897943635,0.04293396999625227,0.1394061272227822,0.0764912874599684,0.08515227736712797,0.04955368921708738,0.08890986472696177,0.11991470389841734,0.19159262407603792,0.15244711090555718,0.16828564950343405,0.1268172074604199,0.11737451770564003,0.15407828480280653,0.11259211516620772,0.13386260787488768,0.08168302065752707,0.09804981760178597,0.08494918151500692,0.10605982645210962,0.16477736027871553,0.07740707917676781,0.09608995980821079,0.13001509754356894,0.0820783069498056,0.15432379950314085,0.24872453443117534,0.14775126921836243,0.08454480497361327,0.11716054853525112,0.017458188036618402,0.18649325400400543,0.3787396319747443,0.04393856217048629,0.038104411449702814,0.24029051635527507,0.06687403781455407,0.2322947290903121,0.018056906624948018,0.10821543237023606,0.12890238183047936,0.3080633834748979,0.0349345396528471,0.11511865501284992,0.08139374958403875,0.03636692623032172,0.06054101556921442,0.2656830254151191,1
NPA-2014-0017.01,0.1936213006156632,0.10200861038305002,0.30275044451558586,0.2852823843567252,0.09924736679085475,0.15841868154357158,0.22228227268109918,0.14111497873285925,0.11685706369095657,0.281221600495371,0.16165983467716302,0.1653815326612728,0.05990377867399455,0.20063320115210873,0.07864697311257042,0.21938582400890158,0.12023651156094174,0.1404432408064761,0.058152571004481006,0.1794974923709195,0.22175210943735021,0.2214876218734117,0.16321377661288006,0.18035476734141262,0.11727308457044396,0.01609767192143728,0.017979688328800127,0.0,0.12878137537149825,0.0,0.1404432408064761,0.0,0.1160040292120506,0.0,0.06439068768574913,0.017874953594207686,0.09042554476950979,0.0,0.17139461694517824,0.033923594712392834,0.1542629843278418,0.13696317113607007,0.19433528078583906,0.036553247005306135,0.0,0.0,0.019315543442220435,0.08630232014763384,0.0,0.08048835960718641,1
NPA-2014-0020.01,0.07128447930823016,0.016388048184946657,0.08916956028703758,0.05728954452470575,0.015944444523752283,0.02385986992405848,0.016232019228031202,0.01619330439997618,0.039111469433143614,0.016135448630477802,0.04869605768409361,0.033211418575059014,0.03207918781507504,0.024174331134652866,0.03158729395805909,0.07209228571504266,0.032194042863170264,0.00805811037821762,0.07006813925716805,0.008010253968338071,0.01619330439997618,0.016173990366645304,0.008194024092473329,0.016097021431585132,0.03140056761746168,0.10344594328786667,0.09387629065064623,0.15614027022650098,0.30387245840810834,0.24851341589647288,0.10475543491682908,0.2828915786514285,0.039935276329749046,0.2050960606526838,0.42024914460695834,0.04307512861496187,0.029054374513448188,0.3091837672008289,0.07648655100428157,0.25206004177773134,0.03442069485367259,0.10314198476630994,0.12141367029465432,0.381706643334677,0.1678154131621116,0.0804624807617311,0.08533555672579532,0.06932388235371569,0.0692432164486104,0.24568411530868334,1
NPA-2014-0022.01,0.10430644932720326,0.1230956989334153,0.17396886974310435,0.16685857746653435,0.10265456110486999,0.11947924209222169,0.034835347764694186,0.12163291812795617,0.1594796727559283,0.07791322213786055,0.13934139105877674,0.06236530940002859,0.15490073709615093,0.12105391903844155,0.08473640544319969,0.08595356460294909,0.04318203820389825,0.14699404454667903,0.10024827940212354,0.10314427752353891,0.13900904928909275,0.07809932857471073,0.07034039939052304,0.10363689168935582,0.134776786251472,0.10406443889511865,0.10073340801702026,0.13840707731809762,0.18731599001121357,0.21333270113420716,0.1037605020329499,0.15976587586070262,0.07856257958580205,0.19366787945232836,0.4023824970611255,0.04622151638164145,0.04676494153514485,0.23961010972325691,0.008207344896915022,0.1900610981166851,0.029547941231105573,0.11067590723002714,0.13028223318015383,0.29931437705758357,0.04287460801170139,0.11773608720665209,0.058271069260001127,0.022316276702224004,0.03715051546340952,0.24975465334828478,1
NPA-2014-0025.02,0.9956943617011828,0.0,0.0,0.0,0.0,0.0,0.0,0.0,0.0,0.0,0.0,0.0,0.0,0.0,0.0,0.0,0.0,0.0,0.0,0.0,0.0066171561964924125,0.0,0.0,0.0,0.0,0.005283958324082982,0.0,0.0,0.021135833296331927,0.008124108825686056,0.006585657096808604,0.012168367580053803,0.0,0.0,0.021135833296331927,0.0,0.011872643754362928,0.02807631311275984,0.050008170530240564,0.005567601996679316,0.0,0.005619661120480699,0.0,0.035995111851311164,0.0,0.0,0.0,0.0056656374307701585,0.01697713452933034,0.047555624916746836,0
NPA-2014-0027.02,0.06440499187690482,0.016287126349518694,0.08056402826653986,0.04066910050413394,0.01584625451429805,0.0237129346796271,0.016132058259238125,0.016093581847098255,0.03887061089789088,0.032072164736756996,0.04839617477771438,0.03300689407757553,0.03188163588718228,0.03203394580910563,0.031392771239644214,0.07164832279081582,0.02399683772115942,0.024025459356829225,0.06189923693321991,0.00796092475453509,0.024140372770647383,0.01607438675457542,0.008143563174759347,0.01599789181410628,0.031207194808102665,0.10923445246586094,0.09329817619499467,0.15517871809548206,0.30200113328796846,0.23710368582240876,0.0961018374273169,0.2811494592103324,0.05291912610500484,0.19567970506938662,0.4562144779456545,0.035674884035208236,0.03609431270935596,0.30727973366869044,0.12922639600015806,0.2505077909076354,0.04789221264854033,0.10250680977201987,0.043094990549799976,0.37206068759141564,0.16678196248401445,0.08723669674203414,0.08481003831659606,0.06889696797274897,0.06881679882913155,0.23132001698652904,1
NPA-2015-0002.02,0.9818089194350176,0.0,0.0,0.0,0.0,0.0,0.007920190374099502,0.0,0.003816780640406417,0.0,0.0,0.0,0.001956574771849135,0.0,0.0,0.0,0.003927160028678008,0.0,0.0,0.0,0.00395065000329939,0.0,0.0,0.0,0.0,0.034701579176401154,0.017617555370565835,0.034780791575362534,0.05678440228865644,0.0436531323205168,0.02948883038875542,0.049038058034499406,0.011366756589314164,0.038028043988879184,0.08044456990892995,0.019266423134076144,0.03012544958163293,0.03771549094432725,0.014928223938178718,0.05983259749071406,0.050385312921343815,0.025163355939750467,0.006347371002004199,0.05730723169953205,0.011697603019599347,0.02141485093536747,0.015141203779858748,0.006765126852054637,0.01858245094316401,0.0504750242565835,1
NPA-2015-0003.01,0.034585074667627565,0.0,0.014420791784010203,0.02911873415627998,0.014182231314892666,0.01414855161211615,0.02887604532811262,0.03600896669852833,0.006957757678417501,0.014352125250027273,0.01443802266405631,0.0,0.03566716147664623,0.007167511240330434,0.014048100228808745,0.007124944020519106,0.021476917657756073,0.014335022480660868,0.00692489584534134,0.0,0.03600896669852833,0.0359660181831514,0.0,0.014317945105170716,0.013965055750495593,0.07476046681742975,0.12203975870552014,0.13284491711670798,0.299041867269719,0.1591539809097908,0.1935228034889217,0.2516258123318767,0.13616592800129265,0.15323987025561675,0.3910547495065556,0.03831437570785783,0.08399047976852239,0.29029058531493995,0.0612297883118226,0.2787374240851804,0.05510960637558978,0.14678802855039305,0.18513390624306547,0.4048118669081474,0.1492681042681601,0.09108858162228355,0.1449078144965223,0.08016068128549995,0.09854449917760007,0.27603864671050987,1
NPA-2015-0005.01,0.01323451935167837,0.005578043010183486,0.027591706793487086,0.011142738721578732,0.010854104933456333,0.005414164402080679,0.011049870048496946,0.00551175755652409,0.010649978873747714,0.027460325181398158,0.027624675121242365,0.016956386674319104,0.005459438712433376,0.010971040788564809,0.010751450220606983,0.010905884740789382,0.01643695640894642,0.005485520394282404,0.015899517746476598,0.010905884740789382,0.0248029090043584,0.011010367176527137,0.011156086020366973,0.027394927348244034,0.927174777221439,0.04621334478758203,0.04424250413177142,0.06469932479542778,0.10342986690554073,0.06428624477996782,0.04936968354854164,0.091220731340645,0.004530958303208654,0.10610980908988978,0.14304130529489675,0.0268795902466046,0.022250955995018085,0.10816096022682141,0.028637321115141126,0.10666323171322366,0.009372689861166017,0.05851118049459973,0.029518492784006537,0.1274239834115788,0.03263987029104066,0.03983596500703187,0.05281070474403599,0.018876761553929238,0.03063904411930833,0.1276368570323694,1
NPA-2015-0005.02,0.029899066665646526,0.029404114290184746,0.03324503178053372,0.016782248453025644,0.06130324766198967,0.02446306633358036,0.020802971913045136,0.03320536792172875,0.8862152677128861,0.062037620818834904,0.04992713259130833,0.08512757385306986,0.06578035018173135,0.02891639026808317,0.02833761504660401,0.020531898832639176,0.024755950324159445,0.02891639026808317,0.015964337180883872,0.02463827859916701,0.020753354951080466,0.037311483720315404,0.029404114290184746,0.061889875810398606,0.016097199418583005,0.05634497991681536,0.0444228727530284,0.034801656505721264,0.07954585400020993,0.07134288892683423,0.033047303163523625,0.10304169933066332,0.023884508518199166,0.05467307339237971,0.24195197258397186,0.03680341831944903,0.022341669084912762,0.0880556049221934,0.027447067057781667,0.17112410330314531,0.03529087728195349,0.04934976472216897,0.07113320231058666,0.09407607923149823,0.016386468544995945,0.029998776728892205,0.0477234039210185,0.014215289001305713,0.02839749592138081,0.15246288683373568,1
NPA-2015-0005.04,0.9818089194350176,0.0,0.0,0.0,0.0,0.0,0.007920190374099502,0.0,0.003816780640406417,0.0,0.0,0.0,0.001956574771849135,0.0,0.0,0.0,0.003927160028678008,0.0,0.0,0.0,0.00395065000329939,0.0,0.0,0.0,0.0,0.034701579176401154,0.017617555370565835,0.034780791575362534,0.05678440228865644,0.0436531323205168,0.02948883038875542,0.049038058034499406,0.011366756589314164,0.038028043988879184,0.08044456990892995,0.019266423134076144,0.03012544958163293,0.03771549094432725,0.014928223938178718,0.05983259749071406,0.050385312921343815,0.025163355939750467,0.006347371002004199,0.05730723169953205,0.011697603019599347,0.02141485093536747,0.015141203779858748,0.006765126852054637,0.01858245094316401,0.0504750242565835,1
NPA-2015-0008.01,0.034585074667627565,0.0,0.014420791784010203,0.02911873415627998,0.014182231314892666,0.01414855161211615,0.02887604532811262,0.03600896669852833,0.006957757678417501,0.014352125250027273,0.01443802266405631,0.0,0.03566716147664623,0.007167511240330434,0.014048100228808745,0.007124944020519106,0.021476917657756073,0.014335022480660868,0.00692489584534134,0.0,0.03600896669852833,0.0359660181831514,0.0,0.014317945105170716,0.013965055750495593,0.07476046681742975,0.12203975870552014,0.13284491711670798,0.299041867269719,0.1591539809097908,0.1935228034889217,0.2516258123318767,0.13616592800129265,0.15323987025561675,0.3910547495065556,0.03831437570785783,0.08399047976852239,0.29029058531493995,0.0612297883118226,0.2787374240851804,0.05510960637558978,0.14678802855039305,0.18513390624306547,0.4048118669081474,0.1492681042681601,0.09108858162228355,0.1449078144965223,0.08016068128549995,0.09854449917760007,0.27603864671050987,1
NPA-2015-0009.01,0.03258440936525483,0.16480287533322502,0.0,0.08230285142345257,0.16034187070057257,0.11997082032543382,0.1632338037485728,0.0,0.15732642590129384,0.08113133117148401,0.1632338037485728,0.08349586865525224,0.1612987199761559,0.12155197602811002,0.15882540768539025,0.08055339301138302,0.0,0.24310395205622004,0.0,0.28193687553984054,0.08142223821118588,0.040662562251974864,0.12360215649991876,0.08093811374873044,0.1578865210808472,0.1300352298135317,0.1452379521226104,0.13653834634602915,0.2600704596270634,0.049982432363410365,0.16206930137081335,0.37432081634615083,0.06693341688299152,0.04125008681159162,0.19505284472029752,0.18048989551663372,0.036522382095072366,0.21591943979374625,0.07691705191229276,0.06850777019272937,0.06922886018926173,0.17287085752202097,0.13081825859246937,0.2214548428786736,0.0,0.11033912727401313,0.11702163251029896,0.03485703426125162,0.03481647429659726,0.09752642236014876,1
NPA-2015-0013.01,0.9778569774432709,0.0,0.0,0.0,0.0,0.0,0.0,0.0,0.0,0.0,0.0,0.0,0.0,0.0,0.0,0.0,0.0,0.0,0.0,0.0,0.0,0.0,0.0,0.0,0.0,0.030128458090211554,0.024036318904329872,0.0331416328053581,0.054518162258478046,0.028675916843054938,0.023245596448421568,0.03634320578427541,0.011815702842906946,0.0382296863243225,0.10329757059501103,0.02071012949996224,0.016118167652521956,0.05526832609563523,0.010183579495166656,0.07256173308252031,0.03513513241884584,0.02136172848271883,0.046186486270595795,0.07492872392684387,0.01063966445897469,0.017854905175193,0.024100691658136355,0.016921532464477286,0.021511435799834833,0.054518162258478046,1
NPA-2015-0014.01,0.9818089194350176,0.0,0.0,0.0,0.0,0.0,0.007920190374099502,0.0,0.003816780640406417,0.0,0.0,0.0,0.001956574771849135,0.0,0.0,0.0,0.003927160028678008,0.0,0.0,0.0,0.00395065000329939,0.0,0.0,0.0,0.0,0.034701579176401154,0.017617555370565835,0.034780791575362534,0.05678440228865644,0.0436531323205168,0.02948883038875542,0.049038058034499406,0.011366756589314164,0.038028043988879184,0.08044456990892995,0.019266423134076144,0.03012544958163293,0.03771549094432725,0.014928223938178718,0.05983259749071406,0.050385312921343815,0.025163355939750467,0.006347371002004199,0.05730723169953205,0.011697603019599347,0.02141485093536747,0.015141203779858748,0.006765126852054637,0.01858245094316401,0.0504750242565835,1
NPA-2015-0015.01,0.029899066665646526,0.029404114290184746,0.03324503178053372,0.016782248453025644,0.06130324766198967,0.02446306633358036,0.020802971913045136,0.03320536792172875,0.8862152677128861,0.062037620818834904,0.04992713259130833,0.08512757385306986,0.06578035018173135,0.02891639026808317,0.02833761504660401,0.020531898832639176,0.024755950324159445,0.02891639026808317,0.015964337180883872,0.02463827859916701,0.020753354951080466,0.037311483720315404,0.029404114290184746,0.061889875810398606,0.016097199418583005,0.05634497991681536,0.0444228727530284,0.034801656505721264,0.07954585400020993,0.07134288892683423,0.033047303163523625,0.10304169933066332,0.023884508518199166,0.05467307339237971,0.24195197258397186,0.03680341831944903,0.022341669084912762,0.0880556049221934,0.027447067057781667,0.17112410330314531,0.03529087728195349,0.04934976472216897,0.07113320231058666,0.09407607923149823,0.016386468544995945,0.029998776728892205,0.0477234039210185,0.014215289001305713,0.02839749592138081,0.15246288683373568,1
NPA-2015-0015.02,0.034585074667627565,0.0,0.014420791784010203,0.02911873415627998,0.014182231314892666,0.01414855161211615,0.02887604532811262,0.03600896669852833,0.006957757678417501,0.014352125250027273,0.01443802266405631,0.0,0.03566716147664623,0.007167511240330434,0.014048100228808745,0.007124944020519106,0.021476917657756073,0.014335022480660868,0.00692489584534134,0.0,0.03600896669852833,0.0359660181831514,0.0,0.014317945105170716,0.013965055750495593,0.07476046681742975,0.12203975870552014,0.13284491711670798,0.299041867269719,0.1591539809097908,0.1935228034889217,0.2516258123318767,0.13616592800129265,0.15323987025561675,0.3910547495065556,0.03831437570785783,0.08399047976852239,0.29029058531493995,0.0612297883118226,0.2787374240851804,0.05510960637558978,0.14678802855039305,0.18513390624306547,0.4048118669081474,0.1492681042681601,0.09108858162228355,0.1449078144965223,0.08016068128549995,0.09854449917760007,0.27603864671050987,1
NPA-2015-0015.03,0.10111815580539499,0.09376170723321925,0.12648842465714985,0.10216312298530278,0.09951676018972207,0.1158271678819471,0.1688527481055189,0.16002751813632318,0.11391941575275279,0.15106335967246512,0.0759837366474835,0.1554660358175726,0.17519360624971247,0.1089713042857259,0.0903609317888643,0.09999150764247147,0.11721390831277242,0.100588896263747,0.06478935355830054,0.08332625636872622,0.10949251240906324,0.22713629289616857,0.09376170723321925,0.2176829725808631,0.138823188009677,0.10088354280940184,0.08263058710922326,0.16242411586202157,0.1950415160981769,0.21715243806454634,0.08382408021978915,0.15488237622766643,0.04846621094939097,0.23041813602326577,0.24884607226319122,0.0373405681462937,0.060447328359624145,0.1697474931993777,0.047738845606649816,0.22677117112710493,0.10741785423172619,0.07868147542626058,0.09021424875834476,0.27489349345019015,0.07481533862743808,0.09130983625170652,0.08876987552714127,0.04326828799421655,0.05762392082346617,0.28919948938695195,1
NPA-2015-0023.01,0.034585074667627565,0.0,0.014420791784010203,0.02911873415627998,0.014182231314892666,0.01414855161211615,0.02887604532811262,0.03600896669852833,0.006957757678417501,0.014352125250027273,0.01443802266405631,0.0,0.03566716147664623,0.007167511240330434,0.014048100228808745,0.007124944020519106,0.021476917657756073,0.014335022480660868,0.00692489584534134,0.0,0.03600896669852833,0.0359660181831514,0.0,0.014317945105170716,0.013965055750495593,0.07476046681742975,0.12203975870552014,0.13284491711670798,0.299041867269719,0.1591539809097908,0.1935228034889217,0.2516258123318767,0.13616592800129265,0.15323987025561675,0.3910547495065556,0.03831437570785783,0.08399047976852239,0.29029058531493995,0.0612297883118226,0.2787374240851804,0.05510960637558978,0.14678802855039305,0.18513390624306547,0.4048118669081474,0.1492681042681601,0.09108858162228355,0.1449078144965223,0.08016068128549995,0.09854449917760007,0.27603864671050987,1
NPA-2015-0026.01,0.01323451935167837,0.005578043010183486,0.027591706793487086,0.011142738721578732,0.010854104933456333,0.005414164402080679,0.011049870048496946,0.00551175755652409,0.010649978873747714,0.027460325181398158,0.027624675121242365,0.016956386674319104,0.005459438712433376,0.010971040788564809,0.010751450220606983,0.010905884740789382,0.01643695640894642,0.005485520394282404,0.015899517746476598,0.010905884740789382,0.0248029090043584,0.011010367176527137,0.011156086020366973,0.027394927348244034,0.927174777221439,0.04621334478758203,0.04424250413177142,0.06469932479542778,0.10342986690554073,0.06428624477996782,0.04936968354854164,0.091220731340645,0.004530958303208654,0.10610980908988978,0.14304130529489675,0.0268795902466046,0.022250955995018085,0.10816096022682141,0.028637321115141126,0.10666323171322366,0.009372689861166017,0.05851118049459973,0.029518492784006537,0.1274239834115788,0.03263987029104066,0.03983596500703187,0.05281070474403599,0.018876761553929238,0.03063904411930833,0.1276368570323694,1
NPA-2015-0027.01,0.9877066741672973,0.0,0.0,0.0,0.0,0.0,0.0,0.0,0.0,0.0,0.0,0.0,0.0,0.0,0.0,0.0,0.0,0.0,0.0026605345811193093,0.002737392789507861,0.0,0.0,0.0,0.0,0.0,0.025408683001518488,0.014806576410026844,0.004639892508638727,0.025408683001518488,0.02377928014876561,0.005507494102828779,0.03943292147606927,0.03184375781879564,0.02102661712623349,0.09279692922293709,0.01104024419298635,0.03226901615556946,0.026414812136849895,0.014376017754564027,0.057037331314477316,0.03646465930439307,0.005874556256493762,0.03260041063960619,0.03762776882731767,0.008192654489643856,0.012498605794618409,0.006627781505633674,0.01066071230707882,0.015380888473159703,0.02982758439308692,1
NPA-2015-0028.01,0.034585074667627565,0.0,0.014420791784010203,0.02911873415627998,0.014182231314892666,0.01414855161211615,0.02887604532811262,0.03600896669852833,0.006957757678417501,0.014352125250027273,0.01443802266405631,0.0,0.03566716147664623,0.007167511240330434,0.014048100228808745,0.007124944020519106,0.021476917657756073,0.014335022480660868,0.00692489584534134,0.0,0.03600896669852833,0.0359660181831514,0.0,0.014317945105170716,0.013965055750495593,0.07476046681742975,0.12203975870552014,0.13284491711670798,0.299041867269719,0.1591539809097908,0.1935228034889217,0.2516258123318767,0.13616592800129265,0.15323987025561675,0.3910547495065556,0.03831437570785783,0.08399047976852239,0.29029058531493995,0.0612297883118226,0.2787374240851804,0.05510960637558978,0.14678802855039305,0.18513390624306547,0.4048118669081474,0.1492681042681601,0.09108858162228355,0.1449078144965223,0.08016068128549995,0.09854449917760007,0.27603864671050987,1
NPA-2015-0029.01,0.029899066665646526,0.029404114290184746,0.03324503178053372,0.016782248453025644,0.06130324766198967,0.02446306633358036,0.020802971913045136,0.03320536792172875,0.8862152677128861,0.062037620818834904,0.04992713259130833,0.08512757385306986,0.06578035018173135,0.02891639026808317,0.02833761504660401,0.020531898832639176,0.024755950324159445,0.02891639026808317,0.015964337180883872,0.02463827859916701,0.020753354951080466,0.037311483720315404,0.029404114290184746,0.061889875810398606,0.016097199418583005,0.05634497991681536,0.0444228727530284,0.034801656505721264,0.07954585400020993,0.07134288892683423,0.033047303163523625,0.10304169933066332,0.023884508518199166,0.05467307339237971,0.24195197258397186,0.03680341831944903,0.022341669084912762,0.0880556049221934,0.027447067057781667,0.17112410330314531,0.03529087728195349,0.04934976472216897,0.07113320231058666,0.09407607923149823,0.016386468544995945,0.029998776728892205,0.0477234039210185,0.014215289001305713,0.02839749592138081,0.15246288683373568,1
NPA-2016-0002.01,0.06268361706170529,0.0,0.0,0.0,0.0,0.0,0.0,0.0,0.0,0.0,0.0,0.0,0.0,0.0,0.0,0.15496300650859107,0.15570310546528102,0.0,0.0,0.0,0.0,0.0,0.0,0.0,0.0,0.31269089684858087,0.0,0.0,0.12507635873943235,0.0,0.07794440824987717,0.6480830817691018,0.0,0.0,0.18761453810914852,0.06944277778523046,0.0,0.0,0.0,0.13179047637093091,0.5327106363142242,0.06651138286762212,0.0,0.07100323353960093,0.0,0.0,0.0,0.13411106907273845,0.06697750810158162,0.18761453810914852,1
NPA-2016-0005.01,0.07012781217851495,0.17734347979575896,0.1754453770732156,0.0,0.0,0.0,0.0,0.35047211471121237,0.0,0.08730498519107084,0.17565501037853415,0.0,0.3471453544646528,0.0,0.0,0.0,0.17419412994199157,0.0,0.16849850978720654,0.0,0.0,0.0,0.0,0.0,0.0,0.20989530769300616,0.078144886051757,0.14692817353825424,0.20989530769300616,0.0,0.08720094784466757,0.3222436792881971,0.0,0.0,0.20989530769300616,0.0,0.0,0.18587978993035936,0.0,0.14744167945445336,0.0,0.07441015665835621,0.0,0.31774180617757136,0.0,0.07915689071498314,0.08395089579513355,0.15003786162714122,0.0,0.3498255128216769,1
NPA-2016-0005.02,0.011235895675652348,0.0,0.0,0.0,0.02764488549471183,0.013789617463869848,0.028143489868111188,0.014038182554791324,0.01356249309781192,0.01398802664874491,0.0,0.014395701622855672,0.0,0.02794271551796283,0.034229286071141764,0.965242624908183,0.013954713618877745,0.006985678879490707,0.006749218386610269,0.013888383092204073,0.0,0.014021438972439564,0.021310512646572882,0.013954713618877745,0.06805388351414002,0.022419652600827393,0.025040786529264725,0.0,0.005604913150206848,0.0,0.0,0.09035243561365798,0.023080267648311836,0.0,0.1513326550555849,0.04356610947466533,0.006296902154134489,0.0,0.0,0.12992728596849282,0.023871792246149975,0.0,0.0,0.0,0.027710728868324812,0.03170634226469742,0.0,0.042068431760156275,0.042019480547254226,0.016814739450620547,1
NPA-2016-0005.03,0.1766173951463594,0.060905566191548105,0.13389710105860517,0.09462864119713733,0.13168206628655907,0.1510747526506917,0.16086850780655124,0.14042421918371006,0.10982476654785889,0.27318204071401125,0.1541656533146116,0.1302861571931469,0.3179229276999291,0.2595464289278779,0.15652399043197124,0.15215679810337213,0.19941325394050027,0.24623635564952517,0.21861211750502563,0.0992326944152427,0.09361614612247339,0.12022005668277616,0.1015092769859135,0.11300084389961683,0.11021575186381352,0.1121321153416223,0.10138617269397728,0.011213322818074599,0.17620760982254935,0.0574678711183702,0.033275183195881776,0.16600356913007272,0.016490884009763226,0.05420315122548638,0.2669812270038626,0.059291518258157906,0.06598746778830118,0.12767443000794546,0.0315843774437299,0.20817148618832465,0.04548381189045334,0.022715455789325812,0.08594844764726454,0.14549727365417292,0.05939806538079289,0.05437014377422675,0.05766298086153308,0.05725324615570431,0.12009191408245308,0.06941511902100429,1
NPA-2016-0005.04,0.011235895675652348,0.0,0.0,0.0,0.02764488549471183,0.013789617463869848,0.028143489868111188,0.014038182554791324,0.01356249309781192,0.01398802664874491,0.0,0.014395701622855672,0.0,0.02794271551796283,0.034229286071141764,0.965242624908183,0.013954713618877745,0.006985678879490707,0.006749218386610269,0.013888383092204073,0.0,0.014021438972439564,0.021310512646572882,0.013954713618877745,0.06805388351414002,0.022419652600827393,0.025040786529264725,0.0,0.005604913150206848,0.0,0.0,0.09035243561365798,0.023080267648311836,0.0,0.1513326550555849,0.04356610947466533,0.006296902154134489,0.0,0.0,0.12992728596849282,0.023871792246149975,0.0,0.0,0.0,0.027710728868324812,0.03170634226469742,0.0,0.042068431760156275,0.042019480547254226,0.016814739450620547,1
NPA-2016-0010.01,0.9448218369906837,0.008553662177899112,0.014103520917776084,0.05126057073438271,0.005548083600572045,0.005534908113408026,0.0508333417286179,0.005634677736608667,0.032662466503571776,0.011229092089256324,0.04800926718813913,0.023112718222767656,0.013952980266210925,0.050470699028680496,0.016486834709176237,0.027872754433024897,0.0,0.011215710895262333,0.0162541000307321,0.04459640709283983,0.005634677736608667,0.025325807216985952,0.028512207259663705,0.01120234956941818,0.005463124600783972,0.01799770260563627,0.04020371207253204,0.007086665730870682,0.08323937455106775,0.07263780763079387,0.04205891585723375,0.08030299057497216,0.006948007858139289,0.07707520296930377,0.1327330567165675,0.012490474571732952,0.03791197425915529,0.0687346336868764,0.0399217839159291,0.09718958760398197,0.028745143278483633,0.03588963876163606,0.02414143835646894,0.10727765413636632,0.022245191129282894,0.03308854635878368,0.04319076798631794,0.021709958275279585,0.01686587495349706,0.08998851302818135,1
NPA-2016-0010.02,0.03415200554088481,0.03238712635797936,0.048060731660991,0.021565585295229957,0.03676218928672526,0.04191415670165719,0.03207877178847264,0.05333710171344999,0.02576487629444105,0.0053146537824436116,0.01069292392949088,0.032817282381015896,0.005283081393134435,0.042466564426401565,0.015606216023730034,0.021107179614826117,0.03181198036571104,0.042466564426401565,0.06667228752985123,0.02638397451853265,0.010667420342689998,0.06392818275924388,0.03238712635797936,0.9384534207884756,0.015513960839966808,0.06814553302656177,0.004757036649449793,0.06708142480641056,0.10221829953984266,0.0,0.010616641106600391,0.04904111676009771,0.01753837547455881,0.0108086445388638,0.16610473675224433,0.028375956623893774,0.023924643333554804,0.05657676514526486,0.05038589839183592,0.13911946613536771,0.04081464910187433,0.009059373177168829,0.0,0.07736958838473319,0.026321248467082035,0.0048186420022196755,0.010220950038549876,0.03196721819165913,0.05473717858882067,0.017036383256640444,1
NPA-2016-0013.01,0.023333958928814052,0.05900833557039158,0.0,0.0,0.05741105483234395,0.05727471611244103,0.0,0.08746068438812103,0.0,0.1742964061285768,0.3506791388882525,0.1793761993431859,0.1155073171652214,0.3481774101918177,0.05686807912091274,0.1730548075646724,0.11592087496926681,0.46423654692242355,0.14016326706915347,0.0865274037823362,0.11661424585082805,0.17471273704405335,0.05900833557039158,0.11592087496926681,0.1695957209328264,0.06983945936587906,0.0,0.09777621346863152,0.23279819788626352,0.0,0.0,0.026805416225020848,0.023965780429003318,0.0,0.1396789187317581,0.232650491568382,0.02615397303158106,0.030924331226038233,0.13770230650249973,0.19623587195492834,0.04957534636387632,0.0990353747202539,0.21858669558223437,0.026430933837068012,0.0,0.0,0.0,0.07488421195993177,0.0,0.11639909894313176,1
NPA-2016-0016.01,0.031599239602934724,0.013318346734814369,0.06324384389179352,0.013302412476786023,0.002591567199032327,0.002585412792786173,0.0,0.01052806486031112,0.015256975727874943,0.007867837480971692,0.02902139701200504,0.0,0.9489598388738224,0.0183364107264859,0.015402341826198653,0.013019651709621388,0.0026163666399335356,0.005238974493281685,0.012654096898459505,0.049474676496561266,0.023688145935700018,0.039433154459430346,0.013318346734814369,0.02878003303926889,0.010207527888122325,0.05464493401258897,0.023474461856471316,0.061791423232897255,0.09247604217515057,0.00969424879539492,0.028814359713049267,0.06292059878882236,0.021636575269481127,0.016001166228794675,0.18915554081280797,0.014002631480367563,0.03541815012681293,0.04746201600909958,0.0422685233057431,0.12401476174298531,0.03133002496635371,0.024587817830575762,0.011276715400545695,0.04056564378841332,0.04156383487870323,0.01188923233271489,0.022696710951357724,0.013521261227996857,0.027011055528923585,0.0378311081625616,1
NPA-2016-0016.02,0.004106112474405387,0.0025959467863839966,0.007704487303232124,0.010371363836022959,0.005051355604401084,0.9877145086030572,0.0,0.007695295262190399,0.00247817902998326,0.0,0.005142462076751331,0.0,0.0,0.0,0.0025017907354065133,0.005075453235810597,0.005099693457584713,0.0,0.002466474468056827,0.0025377266179052987,0.007695295262190399,0.0051240779672427185,0.0,0.0,0.014922009322389915,0.04301414803376818,0.013726580715706928,0.045165303667597675,0.06349707566889588,0.0,0.002552887995518138,0.033018930904643765,0.0063259426065634524,0.0025990573302824825,0.1044629309391513,0.013646621054458605,0.025312950702588887,0.0,0.019385348545757325,0.01726596340162716,0.01962866158651284,0.013070554876269588,0.005495005064797469,0.00465109189013578,0.002531693350616835,0.018539126563512826,0.00737321919264538,0.006588744709004267,0.030711697264508057,0.008193171054051082,1
NPA-2016-0016.03,0.030495458815091817,0.07711877237050802,0.10490338667161918,0.1733096393610203,0.13130471392127738,0.09356635278230693,0.05728839922697858,0.12382881600749227,0.10122777653800732,0.11389513650315398,0.08593259884046786,0.1074466808186885,0.16039291422695734,0.13271931504189408,0.08361184834805843,0.08481285429760435,0.11362389080286109,0.03791980429768402,0.05495436695508054,0.09423650477511594,0.11430352246845439,0.04756966278608764,0.10603831200944853,0.0946865756690509,0.10158815585350396,0.13691116646287138,0.10194518038585684,0.22362379118962875,0.3574902679863864,0.0,0.01895990214884201,0.21019411296779816,0.09396358401167583,0.009651397309223687,0.3270655643279705,0.05912161057606572,0.1452691329380681,0.19197322849428822,0.03599299226934535,0.37668039900368655,0.10528484575122861,0.040447074372274475,0.14283691835129658,0.24180055331038647,0.03760498563418319,0.08605450625583064,0.10951950470208324,0.06524477647053585,0.14662992836348024,0.1597296942066833,1
NPA-2016-0021.01,0.10641029575646682,0.38442404659468465,0.03803095658689605,0.038396411623901006,0.07480363512911241,0.11193898924283922,0.2855729879614762,0.09496395688683133,0.20184134310418567,0.11354960126087395,0.09519099598715873,0.09738246264663106,0.24456259781245027,0.1890238156821191,0.14819233171997703,0.18790121984070038,0.1321590415439099,0.11341428940927147,0.10957529262226826,0.20669134182477042,0.07597116550946506,0.0758805533906169,0.057663606989202705,0.226558356932417,0.07365815094419023,0.10616340400796632,0.06775726595935525,0.06369867456688137,0.16682820629823278,0.0,0.0,0.17463035478411054,0.15613086190724454,0.0,0.39432121488673205,0.101043852586183,0.13630909667445038,0.0,0.0,0.15980324486097292,0.11303969645491871,0.0,0.04068673699606529,0.017219069886831983,0.093727248925685,0.017158686792179856,0.018197874043061217,0.04878512757464652,0.08121393458818746,0.04549860171769985,1
NPA-2016-0022.01,0.01856503749626159,0.0,0.0,0.023446113532364993,0.02283878164254073,0.0,0.0,0.0,0.0,0.0,0.0,0.0,0.0,0.04616966695965979,0.0,0.0,0.0,0.0,0.0,0.0,0.0,0.0,0.0,0.0,0.04497809291497803,0.22226355772746373,0.06206222729431282,0.3111720689704463,0.37043926287910617,0.0,0.0,0.2772511199193298,0.03813545859482938,0.0,0.6112247837505252,0.10283450715346229,0.1040435297518103,0.0,0.04382365618007104,0.4488731725592989,0.11832987710443749,0.019698708765483342,0.0,0.0,0.045786356098337484,0.04191063712269549,0.04444888496775027,0.05957961129336711,0.05951028391140834,0.05556588943186593,1
NPA-2016-0025.01,0.0601937293902292,0.06659693538689727,0.13176830018595573,0.1330345157467058,0.12033216164333099,0.07387470709732878,0.160195547912058,0.1316110905527074,0.09082242561618743,0.1498752774329191,0.10365594276662576,0.11568249557706232,0.1117386929482152,0.08420438134079164,0.04584388380028778,0.12090620954355495,0.15886324010335037,0.11227250845438887,0.1355902002230423,0.09300477657196535,0.10340871400569865,0.09389579695430447,0.15222156659862235,0.11213875772001203,0.07291660881261233,0.16514868893158802,0.11738147764324554,0.21281871803204944,0.27775006774857985,0.06925004319297323,0.0,0.12965421786363454,0.01545590384137181,0.10477772469841302,0.4353919980923684,0.01667110151762302,0.042167758050218405,0.19943581274321806,0.01776127102843741,0.30056945540963514,0.06394382094692669,0.007983681321712994,0.1711778004381248,0.2642086529174539,0.027835099268951568,0.08492972172974435,0.10808801843188934,0.072440986183508,0.12059448864634514,0.12761489599259074,1
NPA-2017-0002.01,0.09412834726934262,0.14133476190580255,0.09566772496803291,0.11887635115928497,0.15198364187220137,0.09386168003790026,0.17682837204184373,0.1543557928899448,0.1420241760204381,0.08788817563020639,0.11051773252615234,0.1884367467025672,0.13832960218349247,0.13899045192730147,0.20072830447754475,0.05090289467764915,0.14613144419900534,0.160936312757928,0.12721804994178604,0.1308931577425264,0.1029038619266299,0.058732072409396874,0.18596679198131916,0.23381031071840855,0.10689734543694565,0.10564869592558983,0.05244459183240099,0.17872415097876665,0.3521623197519661,0.0,0.0,0.2297806712313254,0.06646550100682921,0.014895169852427599,0.404986667714761,0.01955215994560064,0.019782034176295097,0.0,0.0,0.3030375973312283,0.07499443353311303,0.006242267554699385,0.03149181544649204,0.0066638395097744245,0.029018215206203797,0.033202355218098785,0.014085280196787796,0.018880012843778955,0.11943427795563509,0.03521623197519661,1
NPA-2017-0005.03,0.1222819421502541,0.1637121272036346,0.170957693859834,0.17260049635398306,0.26546774623040376,0.1324186591481161,0.1891790139424664,0.053922229986509425,0.4254429373681256,0.07163943405229571,0.15314491604866326,0.12902283503973389,0.1424277014268071,0.21466219387394125,0.15777422143627903,0.053346833488995694,0.23227367134383356,0.14310812924929417,0.1555470181349498,0.17782277829665233,0.1707537282906132,0.1346447900329594,0.1364267726696955,0.08933602743993597,0.13070129071202724,0.0071763661893851985,0.0,0.007535259280714132,0.09329276046200759,0.0,0.08944258078080884,0.0,0.10342953902063176,0.0,0.04305819713631119,0.023906043042063976,0.2257463204445258,0.0,0.22073415365320037,0.07561594599037093,0.1757472648450606,0.06105838628894816,0.0,0.17110266724369214,0.0532200051288558,0.0,0.02583269436068407,0.007694740648158008,0.030743147909561223,0.16505642235585957,1
NPA-2017-0009.01,0.15010921720395268,0.1898026624629409,0.0938856047136932,0.1895755798784151,0.09233247266384857,0.0,0.09399778521092994,0.0,0.1811920723559369,0.0,0.2819933556327898,0.19232356405650539,0.13932520795573144,0.18665441875022634,0.18291844231780605,0.09277294727455383,0.093216028259067,0.0,0.18033629325127584,0.13915942091183073,0.09377359202578944,0.18732349329184186,0.28470399369441135,0.1398240423886005,0.5000521108676,0.037440233950233895,0.0,0.0,0.07488046790046779,0.0,0.046663604687556585,0.0,0.0,0.047507522473966786,0.1123207018507017,0.041573865319337225,0.16825059264572295,0.0,0.04429249554121756,0.0,0.03986526920913352,0.0796378071768178,0.0,0.12752422768321234,0.04627619304517201,0.0,0.0,0.08028935047365282,0.0,0.29952187160187116,1
NPA-2017-0013.01,0.06268361706170529,0.0,0.0,0.0,0.0,0.0,0.0,0.0,0.0,0.0,0.0,0.0,0.0,0.0,0.0,0.15496300650859107,0.15570310546528102,0.0,0.0,0.0,0.0,0.0,0.0,0.0,0.0,0.31269089684858087,0.0,0.0,0.12507635873943235,0.0,0.07794440824987717,0.6480830817691018,0.0,0.0,0.18761453810914852,0.06944277778523046,0.0,0.0,0.0,0.13179047637093091,0.5327106363142242,0.06651138286762212,0.0,0.07100323353960093,0.0,0.0,0.0,0.13411106907273845,0.06697750810158162,0.18761453810914852,1
NPA-2017-0016.02,0.03550908847885276,0.254426375292553,0.08883644340479159,0.05979340611430668,0.2184170967221271,0.1452656025382265,0.07411882570222383,0.07394204562622772,0.07143648969727438,0.029471145588696478,0.14823765140444767,0.1668153814456554,0.05859213686066683,0.04415403926439298,0.043270275294633044,0.07315302050462247,0.073502397271207,0.11774410470504794,0.056879273303227666,0.16093664511016942,0.10351886387671881,0.02954154146945855,0.08979754422090108,0.073502397271207,0.12904345719067037,0.20075130433795915,0.07913703812456416,0.1735925565284337,0.4015026086759183,0.0,0.0,0.23115394875710732,0.08509802018881588,0.014984190403596807,0.38969370842074424,0.039338025726334436,0.0663342031018096,0.0,0.013970149401155457,0.3483985060044395,0.18860658898208305,0.02511829714370553,0.17424013953123446,0.06703665753579666,0.0729791043221035,0.06680157626463917,0.02833892093177871,0.050647596516429125,0.11382449064470618,0.09447120204139255,1
NPA-2017-0016.03,0.27620167854047933,0.09313008210990502,0.06909998491958608,0.09301865996509322,0.15856604576323077,0.15818948602638985,0.13836509996089782,0.09202339115561836,0.06667885617568853,0.16046556417435415,0.06918254998044891,0.2831010231336836,0.11393735550144798,0.0,0.11219026995866918,0.045520711275291226,0.13721435073263766,0.045792669920473976,0.2654557145819767,0.15932248946351926,0.2760701734668551,0.09191363327050121,0.04656504105495251,0.16008340918807726,0.022305412819065906,0.11022433563639202,0.1436294067308117,0.17360505152869593,0.3123022843031107,0.0,0.022896334960236988,0.2326815058317689,0.07564812928907436,0.0,0.38578517472737206,0.0611968890305526,0.041277586164513845,0.0,0.0,0.019356865741313695,0.05868182901024856,0.03907571909260197,0.0,0.0,0.09082497794512569,0.06235262559701491,0.17634375569048324,0.03939541050232732,0.11804870892440572,0.11022433563639202,1
NPA-2017-0016.05,0.09230395127244585,0.01945198750804231,0.03848758676780601,0.03885742975122721,0.07570178759508268,0.07552201237852872,0.05780036127987378,0.019220834070502735,0.018569528384314173,0.07660864592405009,0.07706714837316504,0.059131028779848105,0.038076771169135645,0.15303470982907702,0.20621101567615643,0.07606292506339281,0.038213099726116355,0.1339053711004424,0.01848182358482665,0.07606292506339281,0.09610417035251367,0.05759372715101738,0.07780795003216924,0.05731964958917453,0.09317818725987145,0.09208978887621198,0.13714162812610092,0.2417380948713578,0.38370745365088327,0.0,0.019129338728634628,0.33578150320015476,0.015800549431506824,0.038950590964742675,0.3990557517969186,0.0,0.13794573306385885,0.0,0.036314646329516365,0.420477124197696,0.1143969417538708,0.032646826135514465,0.12352576382271624,0.0,0.09485261348324849,0.10418824652386083,0.07366548928335404,0.049370880961607126,0.24656716275930757,0.07674149073017665,1
NPA-2017-0016.06,0.5903104710604414,0.007142646166087552,0.007066198607092835,0.007134100603392588,0.006949303801326699,0.0034664003610665227,0.007074641751020326,0.017644420232883734,0.0,0.7806132669840307,0.0,0.010856268950321293,0.0,0.031608772133449994,0.006883579470246282,0.0,0.00701580365862922,0.010536257377816665,0.0,0.0,0.0,0.01409870034294534,0.003571323083043776,0.0,0.013685775229282783,0.028178987587623917,0.028326112934051656,0.020711761425774407,0.04790427889896066,0.0,0.024584600548238886,0.06164841678733623,0.02610837591663367,0.0,0.12116964662678284,0.009387036173654838,0.03482379747468854,0.0,0.006667253648787951,0.08907491955918351,0.054007495516357334,0.011987707036895352,0.003779822940186183,0.0063986488150387525,0.013931710695565713,0.025504841232885586,0.006762374852250598,0.01812867366231814,0.04526894742857818,0.011271595035049566,1
NPA-2017-0021.01,0.9848606793123681,0.0,0.0,0.0,0.0,0.0,0.0,0.0,0.0,0.0,0.0,0.0,0.0,0.0,0.0,0.0,0.0,0.0,0.0,0.0,0.0,0.0,0.0,0.0,0.0,0.03330764809166518,0.013950646122374776,0.0,0.06661529618333036,0.0,0.0,0.07670380429747206,0.00857227190780651,0.0,0.09992294427499554,0.018492508322829497,0.004677481064310062,0.0,0.009850892335164663,0.03509560761950756,0.013299379615879306,0.0,0.0670164312765186,0.004727013841668859,0.025730193670453212,0.014131312057718391,0.0,0.01339259175022509,0.01783601067689876,0.024980736068748885,1
NPA-2017-0026.01,0.5691836094007222,0.0,0.2034257774138002,0.2053805790197671,0.0,0.0,0.0,0.0,0.0,0.20245713829418702,0.0,0.0,0.3018816231536752,0.0,0.19816843298445486,0.20101493705928133,0.2019749787398641,0.20221587940865565,0.0,0.40202987411856267,0.20318307494427337,0.0,0.0,0.2019749787398641,0.0,0.08112328531202449,0.0,0.0,0.08112328531202449,0.0,0.0,0.0,0.0,0.0,0.16224657062404899,0.0,0.0,0.0,0.09597036059517779,0.0,0.0,0.0,0.0,0.0,0.0,0.0,0.0,0.0,0.0,0.08112328531202449,1
NPA-2017-0029.01,0.18111845492766193,0.035232567128605424,0.12199415852723018,0.07038082877593656,0.11997603191367455,0.03419746143824348,0.12213992491394406,0.06962777725173737,0.10090261806045212,0.19079227668497867,0.08724280350996004,0.07140103087180351,0.0689668547084182,0.17324083479999147,0.0679093350366502,0.17221197269598323,0.138427561783684,0.10394450087999489,0.03347535000432366,0.0688847890783933,0.13925555450347474,0.13908946200284877,0.1409302685144217,0.069213780891842,0.06750789318979132,0.08339918137153841,0.12419943250224155,0.2189250237687788,0.34749658904807673,0.0,0.0,0.28808854060575223,0.07154717715660813,0.0,0.38919617973384596,0.030868987434676143,0.07807978327194841,0.0,0.0,0.35150424757082593,0.029600338694615824,0.029565911783561116,0.24238177433264735,0.0,0.08590127539642227,0.04717794760234577,0.03335680088171288,0.04471170046143203,0.2084118097452266,0.027799727123846138,1
NPA-2018-0001.01,0.15851667884829387,0.14148233846674393,0.25660810380599625,0.2826261339998233,0.20647888674557419,0.16021331236777378,0.16349118259345832,0.1631012413955273,0.10129788661509992,0.1973439049283213,0.09342353291054761,0.02389357735369479,0.20771106130074515,0.11594631720497739,0.12498815653757182,0.13830926665128973,0.22003556070746966,0.23189263440995478,0.06721296779647837,0.05762886110470405,0.20970159607996364,0.25599625500907053,0.2711744820612592,0.19687392273826235,0.2033170310566206,0.07442300732467809,0.10390496858180535,0.07814493322141634,0.22326902197403428,0.0,0.0,0.117829179778137,0.03830797378596426,0.011804322249151074,0.20466327014286476,0.0309899113540083,0.0731599374973915,0.0,0.03301642750624138,0.04901127842587449,0.09905430967309278,0.00989391037646779,0.0,0.010562096272729908,0.0,0.07367540297043096,0.07813743088653656,0.019949711473280538,0.02988974670915087,0.04651437957792381,1
NPA-2018-0005.01,0.1174432326508644,0.11137409810968799,0.18363677331645925,0.20394155570545358,0.10835934265338776,0.16215301931119702,0.05515685826704119,0.20175944870213205,0.08860124941261023,0.14620988975493135,0.14708495537877653,0.09404444601427521,0.18167663870414838,0.0365089145338929,0.14311268539942887,0.09073022824164806,0.07293084260605207,0.0365089145338929,0.08818278133667132,0.23589859342828498,0.11005060838298111,0.10991934912508716,0.07424939873979199,0.1093962639090781,0.05335000634394419,0.10252439962570895,0.13086944748382615,0.1845457508059805,0.45403662691385394,0.0,0.0,0.25296672306196033,0.06031164139719394,0.0,0.33686588448447224,0.16263388843939877,0.0,0.0,0.10396138136141607,0.18519072809363196,0.1403549880634809,0.01557686078557708,0.11787630555641472,0.033257690232466594,0.054308714087318605,0.08285265898227111,0.08787049210428122,0.04711290074006045,0.047058079736802996,0.04393902841101812,1
NPA-2018-0012.01,0.08654354348304558,0.18055667872195286,0.11366993604501273,0.2022001318795998,0.17566923862962222,0.14869871973438162,0.2167728688015005,0.25410061902919884,0.06790157716576956,0.1885478023346722,0.18425693848127542,0.13305802033028144,0.1445870903311237,0.10761321060961106,0.131824101656207,0.19790209462426428,0.12898201262076173,0.2313684028106638,0.12476469168731702,0.1390663367629965,0.308164580524773,0.11339890480093189,0.15867102069504946,0.23109277261219807,0.16773738445745467,0.077708471677299,0.08679355052606147,0.0634625483551849,0.12087984483135399,0.0,0.026903302652402764,0.23363433194349342,0.10221994913244602,0.005477970525169384,0.2719796508705465,0.023968878714048746,0.05820163245898223,0.017204332185824886,0.025536270092167447,0.16375974810305235,0.08274171436438096,0.03673132486694413,0.07528098372218095,0.024507485836459973,0.03735192361592621,0.08791755853615893,0.03108071295105654,0.06943469251959189,0.0786010840313965,0.043171373154055,1
NPA-2018-0016.02,0.11521395381466146,0.05827201179043713,0.11529665588114389,0.17460688299898144,0.25512598081086835,0.16968007487434145,0.11543441966533555,0.1151590981759883,0.19469955025273428,0.11474765539228314,0.08657581474900165,0.2657068336704968,0.11406598207984121,0.028652728968630956,0.2246338484216526,0.028482562927545557,0.057237189692538194,0.17191637381178576,0.2214628281862775,0.11393025171018223,0.1151590981759883,0.1150217459342477,0.11654402358087426,0.0,0.02791324240967109,0.13793596312343004,0.07703118930475471,0.16897323176020437,0.04597865437447668,0.0,0.0,0.2647093016966491,0.047333456408373706,0.0,0.4597865437447668,0.07658246955947134,0.025827615880556733,0.0,0.0,0.024223397706717446,0.09791346052744238,0.024449895373191498,0.2775331349659282,0.0,0.0,0.05201918079367865,0.0,0.07394978421381324,0.19696996151170876,0.09195730874895336,1
NPA-2018-0016.03,0.03841302209789765,0.0971411883058807,0.060063430409498804,0.08489684631487268,0.11813962456319278,0.05892953437493022,0.19243263366326108,0.07199012418654538,0.10432606484990517,0.01195548606615696,0.03608111881186145,0.2337745469923655,0.15449801838048627,0.14329487114134162,0.0702133782762996,0.0949625703237813,0.13119714971871346,0.13135363187956314,0.23074072820932018,0.059351606452363315,0.14398024837309076,0.1557925640360187,0.12142648538235087,0.07156208166475281,0.13959663243978834,0.1149716901495844,0.19261994830184806,0.20120245454690797,0.277848251194829,0.0,0.035823717785335406,0.2757989570416319,0.08876957510929236,0.0,0.42156286388180947,0.053193862340808674,0.0753469656555514,0.012727126828032948,0.011334471271568405,0.3230490337623988,0.030604625663761598,0.020379353805801217,0.08996089769124266,0.010877837411225,0.10657890389715295,0.10839691478237369,0.16094651042124813,0.0,0.11287197043284342,0.047904870895660166,1
NPA-2018-0016.04,0.6395167756318174,0.10366980427402436,0.11281625191521358,0.10354577225684221,0.15129539140790785,0.08049925220675284,0.10268277450440462,0.0614627201024681,0.0989667185559763,0.06124312483771183,0.1642924392070474,0.12605605833530587,0.1623448056548082,0.07136516825072017,0.06993676067020005,0.06080686010032289,0.07128015061110504,0.183510432644709,0.07879943508595671,0.10134476683387149,0.1229254402049362,0.07162098119934668,0.17623866726584145,0.050914393293646464,0.0893871434850649,0.07361918969323317,0.05481745402536296,0.0858899070357306,0.28629684880701783,0.0,0.0,0.19779292793151318,0.016841876608332407,0.0,0.25357720894335867,0.06358115523249423,0.1194675433784775,0.010865988116828387,0.019353972316221532,0.017238017510968175,0.1741945914820494,0.01739919930669085,0.10972222206947435,0.027861383086121967,0.0,0.11105471993868771,0.09815046987612612,0.008770773961632197,0.10512681850362342,0.04907945979548877,1
NPA-2018-0021.01,0.07337737545070681,0.18556117318451057,0.13768133752505995,0.16217176953042467,0.09026913388991994,0.09005476440659942,0.1608201559438609,0.11459756098935561,0.06642862595117405,0.12560693692492841,0.17230730993985097,0.12926769666215673,0.2383705277743736,0.13686246207213076,0.17883079358911852,0.24942435453656273,0.20504912582637302,0.0912416413814205,0.15426805396493393,0.09069976528602282,0.12605731708829118,0.1030147906524286,0.13917087988838295,0.10252456291318651,0.09999767608836431,0.0640562354627811,0.08176594228800453,0.17295355218523967,0.22877226950993249,0.0,0.022810410345355126,0.18966134152489186,0.056523179602946484,0.03483440968753543,0.39348830355708386,0.0711284365779658,0.0102806702482458,0.0,0.0,0.31818969485207266,0.11692321953398603,0.009732269253900418,0.11047193270729024,0.04155815482473514,0.09048413294678244,0.10353105118120635,0.10980123664242063,0.019623784348944944,0.1274061745681084,0.0640562354627811,1
NPA-2018-0021.02,0.12148352617533249,0.03413499279311161,0.21950270445631676,0.1022824596177067,0.13284400747817882,0.04969819948726052,0.06761999392648206,0.10118807122453831,0.06517284851308645,0.11763096848062586,0.08452499240810257,0.12105927207441874,0.1169321664732488,0.11749079305090913,0.0,0.0,0.1508796331085352,0.0,0.0324325169657232,0.06673887174224312,0.050594035612269155,0.03368912748916787,0.08533748198277902,0.06705761471490453,0.08175608660235621,0.05386740520831973,0.1804955079442877,0.19796467879318727,0.49827349817695754,0.0,0.0,0.2946202589082121,0.08318198447567851,0.0,0.5252072007811174,0.059814696997075215,0.015129484204469157,0.0178890289537717,0.047794609300075355,0.0709487694638999,0.014339110521328165,0.014322433303962028,0.09031962792381151,0.04586909937328737,0.06658020474915155,0.13712474275759196,0.14542947412660442,0.04331882963417655,0.10095965470930261,0.0404005539062398,1
NPA-2018-0023.01,0.13820887181684088,0.31335469610266614,0.13115421372950528,0.21065947681227742,0.19933976532066322,0.25735648775623504,0.07162414098180041,0.16076994964556884,0.23010695599696554,0.22546040015409083,0.07162414098180041,0.13433393704183164,0.16514180674418066,0.34371369214518394,0.16260956556830516,0.2709815639441507,0.2249234574363794,0.16000464979172357,0.22902014948154292,0.05890903564003276,0.11313440900984473,0.16652553716809432,0.15065129620320486,0.14205692048613439,0.21360669423097386,0.014264296700319099,0.0,0.0049925533925012705,0.08083101463514156,0.0,0.03555658884260524,0.0,0.06363329664022688,0.01809981735067407,0.03328335896741123,0.005279720836167726,0.10683588750599164,0.012632223670467409,0.10124957533715535,0.020040008372247606,0.05569009279093867,0.030341084717656636,0.0,0.0647803437898843,0.05876898353386251,0.0,0.0057052275205257364,0.02039287679228359,0.025461434317344083,0.04754765566773033,1
NPA-2018-0024.01,0.03841302209789765,0.0971411883058807,0.060063430409498804,0.08489684631487268,0.11813962456319278,0.05892953437493022,0.19243263366326108,0.07199012418654538,0.10432606484990517,0.01195548606615696,0.03608111881186145,0.2337745469923655,0.15449801838048627,0.14329487114134162,0.0702133782762996,0.0949625703237813,0.13119714971871346,0.13135363187956314,0.23074072820932018,0.059351606452363315,0.14398024837309076,0.1557925640360187,0.12142648538235087,0.07156208166475281,0.13959663243978834,0.1149716901495844,0.19261994830184806,0.20120245454690797,0.277848251194829,0.0,0.035823717785335406,0.2757989570416319,0.08876957510929236,0.0,0.42156286388180947,0.053193862340808674,0.0753469656555514,0.012727126828032948,0.011334471271568405,0.3230490337623988,0.030604625663761598,0.020379353805801217,0.08996089769124266,0.010877837411225,0.10657890389715295,0.10839691478237369,0.16094651042124813,0.0,0.11287197043284342,0.047904870895660166,1
NPA-2018-0026.01,0.09230395127244585,0.01945198750804231,0.03848758676780601,0.03885742975122721,0.07570178759508268,0.07552201237852872,0.05780036127987378,0.019220834070502735,0.018569528384314173,0.07660864592405009,0.07706714837316504,0.059131028779848105,0.038076771169135645,0.15303470982907702,0.20621101567615643,0.07606292506339281,0.038213099726116355,0.1339053711004424,0.01848182358482665,0.07606292506339281,0.09610417035251367,0.05759372715101738,0.07780795003216924,0.05731964958917453,0.09317818725987145,0.09208978887621198,0.13714162812610092,0.2417380948713578,0.38370745365088327,0.0,0.019129338728634628,0.33578150320015476,0.015800549431506824,0.038950590964742675,0.3990557517969186,0.0,0.13794573306385885,0.0,0.036314646329516365,0.420477124197696,0.1143969417538708,0.032646826135514465,0.12352576382271624,0.0,0.09485261348324849,0.10418824652386083,0.07366548928335404,0.049370880961607126,0.24656716275930757,0.07674149073017665,1
NPA-2018-0026.02,0.09047792100003275,0.17160455520114773,0.1980625220484965,0.2570988676335374,0.19478601068336585,0.08328147275924111,0.0849853627536133,0.16956533001576266,0.1365162838916346,0.11263966902202611,0.22662763400963548,0.0,0.2519336665703403,0.16875816224240472,0.16538038784446846,0.22367456311606843,0.084278559949801,0.05625272074746824,0.08152290644513815,0.1677559223370513,0.028260888335960445,0.14113590543611818,0.08580227760057386,0.11237141326640133,0.054800917292962485,0.11283499416859281,0.10082143741700221,0.0,0.11283499416859281,0.0,0.0,0.3118157110389281,0.09292782227716473,0.0,0.27080398600462274,0.07517560158051266,0.025353146384284056,0.0,0.05339436161375252,0.30911918315275405,0.07208604665325061,0.02400073546639689,0.24216415758047266,0.025621626734697395,0.11157139625435569,0.025531777914614154,0.0,0.12098546719201422,0.14501362487175598,0.04513399766743713,1
NPA-2018-0028.01,0.11521395381466146,0.05827201179043713,0.11529665588114389,0.17460688299898144,0.25512598081086835,0.16968007487434145,0.11543441966533555,0.1151590981759883,0.19469955025273428,0.11474765539228314,0.08657581474900165,0.2657068336704968,0.11406598207984121,0.028652728968630956,0.2246338484216526,0.028482562927545557,0.057237189692538194,0.17191637381178576,0.2214628281862775,0.11393025171018223,0.1151590981759883,0.1150217459342477,0.11654402358087426,0.0,0.02791324240967109,0.13793596312343004,0.07703118930475471,0.16897323176020437,0.04597865437447668,0.0,0.0,0.2647093016966491,0.047333456408373706,0.0,0.4597865437447668,0.07658246955947134,0.025827615880556733,0.0,0.0,0.024223397706717446,0.09791346052744238,0.024449895373191498,0.2775331349659282,0.0,0.0,0.05201918079367865,0.0,0.07394978421381324,0.19696996151170876,0.09195730874895336,1
NPA-2019-0003.01,0.010376176762509499,0.026239907347388954,0.0,0.026208513551849732,0.01276481318236388,0.025468999076336506,0.0,0.012964045574803266,0.0125247536810225,0.0,0.012995039915607897,0.01329420893278478,0.025681975868860847,0.02580466780829788,0.0,0.012825708076164646,0.06443481648438647,0.03870700171244682,0.012465598650938235,0.02565141615232929,0.0,0.012948583134145689,0.8265570814427521,0.025773926593754586,0.0,0.09316891886060569,0.04624956208216701,0.15217741105359503,0.28985885867743993,0.0,0.0,0.11919869139736795,0.05328568005572212,0.013135674408827486,0.3209151649643085,0.04598015053725534,0.01163018448971721,0.0,0.0,0.0,0.03306784921304122,0.02201959292406596,0.09720143067935853,0.011753343799407727,0.0,0.046848510712897876,0.0,0.03329961376841129,0.22173910688347778,0.031056306286868566,1
NPA-2019-0010.01,0.1414836615853851,0.20197963420621678,0.20552693282119794,0.09798702027582376,0.11790738114208023,0.1456338951552509,0.18862480036061338,0.22238853380574622,0.1487442523659361,0.13068362893532612,0.18290889731938267,0.18711978665864695,0.14120357163863353,0.16457865557461998,0.16128453597850703,0.20309119124564573,0.27774989732863614,0.1475532774117283,0.1590077796889521,0.2651468330151486,0.11974767204924797,0.1196048469363416,0.207750480897823,0.19839278380616868,0.12163049905348608,0.06830099665230632,0.040685987003939175,0.10518457872348316,0.13660199330461265,0.0,0.0,0.1520466027477751,0.02812541855931351,0.00577776149897429,0.30963118482378865,0.055617353313037916,0.10231135468080488,0.0,0.016160270759547932,0.0527760965314855,0.20362974608448098,0.0193707536073302,0.03664655065142969,0.02067895874239707,0.05065208904080625,0.0309096639871832,0.01092721874668681,0.0341761562854567,0.053642896366176265,0.03187379843774295,1
NPA-2019-0012.02,0.08585749050146514,0.06031156881453066,0.10739890014852423,0.12047882240454881,0.24645184706899292,0.07024759364095255,0.047789878751732524,0.1907035823438025,0.29939246158844723,0.023752779085047682,0.07168481812759879,0.18333782652571326,0.1652817083660063,0.1660713179138246,0.02324961742504775,0.2358357642014031,0.08293673821025896,0.09489789595075691,0.045842833262912,0.11791788210070155,0.22646050403326545,0.14285709517005446,0.16887239268068585,0.17772158187912634,0.11556089372591918,0.10469345956361623,0.12756372692473333,0.0999356577343718,0.31408037869084865,0.0,0.0,0.26301532182614706,0.06858621997019135,0.06038383600558717,0.2950452042247366,0.052841936073110794,0.0641558367923488,0.0,0.03377844999395225,0.09025643464433591,0.1722788383778767,0.020244525658203668,0.21703104328949713,0.0,0.02352750811902517,0.0969117926477868,0.13704145833937623,0.0,0.13251162204662315,0.03807034893222408,1
NPA-2019-0016.01,0.018740440312272833,0.09478393221288607,0.0,0.04733526568923309,0.0,0.0459996266378157,0.0,0.0,0.022620990771205232,0.0,0.023470375984145617,0.0,0.04638428458645654,0.04660587882298925,0.0,0.0231645453007749,0.09310071406808632,0.04660587882298925,0.0,0.0463290906015498,0.04682879404637801,0.023386470268194588,0.0,0.1396510711021295,0.0,0.16827263093423742,0.041765728240156993,0.21595201952923307,0.46742397481732617,0.0,0.0,0.2152850720030665,0.09623940777408407,0.023724376314551616,0.6356966057515636,0.08304487157602664,0.021005306987229255,0.0,0.0,0.0,0.059723929980772604,0.03976964505702979,0.0,0.021227745342413718,0.0,0.08461321918744956,0.0,0.06014252055761267,0.4004835877951532,0.07478783597077218,1
NPA-2019-0020.01,0.044076825574710723,0.02533276346995956,0.05012325510260935,0.02024196399532805,0.05915289052925225,0.02950620766494374,0.05520146011449835,0.04005076338874455,0.8802800182835328,0.019953834600659373,0.04014651644690789,0.061606141385642736,0.01983529626119048,0.04982514132798855,0.014648360270821323,0.03962338735139594,0.019906313766970087,0.05979016959358627,0.05295245349009164,0.034670463932471446,0.04505710881233761,0.04000299415277451,0.07093173771588676,0.05474236285916774,0.019415689856374867,0.0439745591120801,0.10269652110439573,0.10494033024513756,0.25185429309645874,0.0,0.009965028265597711,0.16110899711534915,0.02057741304215194,0.005072623594463106,0.1719005492563131,0.022195281836414893,0.03143872365441425,0.0,0.009458677120582409,0.012636850913949142,0.08938903541674782,0.017006680149140533,0.0053623465743936425,0.009077613712874312,0.0148234445712152,0.10402647836079144,0.09593623351559832,0.012859363077287892,0.07278493222555456,0.035979184728065536,1
NPA-2019-0020.04,0.0,0.0,0.0,0.0,0.0,0.0,0.0,0.0,0.0,0.0,0.0,0.0,0.0,0.0,0.0,0.04849324990441621,0.0,0.0,0.0,0.0,0.0,0.0,0.0,0.0,0.0,0.039140690788994494,0.0,0.04109813319693489,0.15656276315597797,0.0,0.0,0.0,0.08058801226174822,0.0,0.15656276315597797,0.21731031509183643,0.5276765442142894,0.05199351615969835,0.13891250315551648,0.04124176892065721,0.0,0.0,0.0,0.3555096278147243,0.48377960599297476,0.0,0.0469647857766652,0.4616475833440543,0.0,0.11742207236698349,1
NPA-2019-0021.01,0.20285330750081154,0.12824694768994455,0.22837378300772937,0.23056832021663065,0.17468565185972773,0.22406247202887894,0.07621555284728744,0.17741213440574194,0.12242889495715895,0.2525403895709145,0.07621555284728744,0.1559403418626808,0.10041605626800214,0.2774633936492254,0.12359537847915146,0.17551899458606016,0.17635726836313229,0.07567183463160693,0.2680714459301287,0.07522242625116864,0.10137836251756681,0.177200531894446,0.20519511630391127,0.12596947740223735,0.29487540484804475,0.02023826499631931,0.0,0.02125038914048669,0.10119132498159657,0.03111642015111942,0.02522394487720231,0.0,0.04166920702734458,0.0,0.08095305998527724,0.04494538705994275,0.06821071319181704,0.053768011597090035,0.14365347128486933,0.06397397425861849,0.1292946860550821,0.1076202573622106,0.0,0.25275447694475534,0.0,0.022897102581982534,0.0,0.0,0.043349792763853034,0.16190611997055449,1
NPA-2019-0021.02,0.9848606793123681,0.0,0.0,0.0,0.0,0.0,0.0,0.0,0.0,0.0,0.0,0.0,0.0,0.0,0.0,0.0,0.0,0.0,0.0,0.0,0.0,0.0,0.0,0.0,0.0,0.03330764809166518,0.013950646122374776,0.0,0.06661529618333036,0.0,0.0,0.07670380429747206,0.00857227190780651,0.0,0.09992294427499554,0.018492508322829497,0.004677481064310062,0.0,0.009850892335164663,0.03509560761950756,0.013299379615879306,0.0,0.0670164312765186,0.004727013841668859,0.025730193670453212,0.014131312057718391,0.0,0.01339259175022509,0.01783601067689876,0.024980736068748885,1
NPA-2019-0026.01,0.03591114138880771,0.02063960911152598,0.04083740780755841,0.016491932473477623,0.04819421062326773,0.024039879947962216,0.04497482323631221,0.03263094853201275,0.922113145060638,0.016257182005509366,0.032708962353681606,0.05019297158704729,0.016160604109684125,0.04059452266846843,0.011934601231842696,0.032282748290654625,0.016218464893846294,0.04871342720216212,0.04314246816490312,0.028247404754322795,0.03670981709851434,0.032592029037140154,0.05779090551227274,0.044600778458077306,0.015818734096712306,0.03582782083767962,0.08367093685700015,0.08549905733192181,0.20519570116125602,0.0,0.008118904533693686,0.1312619023484721,0.006706094457007311,0.004132868026173914,0.14005420872911126,0.018083378142577638,0.025614377521894244,0.0,0.007706360133684487,0.010295744622327874,0.07629683750209466,0.0138560181552735,0.004368916851383362,0.007395892632137418,0.012077249369144408,0.08475450588568492,0.07816306190763911,0.010477034124332573,0.0593007767244098,0.029313671594465147,1
NPA-2019-0027.01,0.06060261670289681,0.0,0.0,0.0,0.04970238385361961,0.0,0.0,0.0,0.0,0.10059557236850505,0.0,0.0,0.0,0.0,0.04923231432935192,0.0,0.0,0.0,0.0,0.09987898089675815,0.0,0.0,0.0,0.0,0.0,0.040308004880117154,0.06753076175584839,0.02116191257834866,0.22169402684064435,0.0,0.17583247016819145,0.0,0.3319657293773518,0.0,0.08061600976023431,0.044758255741794296,0.24906462558123382,0.18740451466204014,0.3576384155613986,0.0,0.06437818209008145,0.2786476616284893,0.0,0.4805222423335295,0.04982076280766359,0.0456035397689944,0.0,0.06482939319400038,0.15109256660794151,0.4433880536812887,1
NPA-2019-0027.02,0.9981863046003824,0.0,0.0,0.0,0.0,0.0,0.0,0.0,0.0,0.0,0.0,0.0,0.0,0.0,0.0,0.0,0.0,0.0,0.0,0.0,0.0,0.0,0.0,0.0,0.0,0.0006193223420734656,0.0006917287630091818,0.000650294912871844,0.009289835131101985,0.0,0.0046313513398076435,0.0,0.012751424538226258,0.0,0.00433525639451426,0.002063097976859029,0.030614521894872255,0.004113461662474428,0.027841455804748595,0.0032628382898106543,0.006594363680207599,0.005928024647430169,0.0016614711856910327,0.03164187093416262,0.009185801658314917,0.002102060705354263,0.001486245670981429,0.007968698375922836,0.010612567900575087,0.015483058551836642,0
