CASE_NUMBER,council_member,vote
C14-2007-0131,Mayor,NO
C14-2007-0131,CM_1,YES
C14-2007-0131,CM_2,YES
C14-2007-0131,CM_3,YES
C14-2007-0131,CM_4,YES
C14-2007-0131,CM_5,YES
C14-2007-0131,CM_6,YES
C14-2007-0131,CM_7,YES
C14-2007-0131,CM_8,YES
C14-2007-0131,CM_9,NO
C14-2007-0131,CM_10,NO
C14-2007-0144,Mayor,NO
C14-2007-0144,CM_1,YES
C14-2007-0144,CM_2,NO
C14-2007-0144,CM_3,YES
C14-2007-0144,CM_4,YES
C14-2007-0144,CM_5,YES
C14-2007-0144,CM_6,YES
C14-2007-0144,CM_7,YES
C14-2007-0144,CM_8,YES
C14-2007-0144,CM_9,NO
C14-2007-0144,CM_10,YES
C14-2007-0259,Mayor,YES
C14-2007-0259,CM_1,YES
C14-2007-0259,CM_2,YES
C14-2007-0259,CM_3,YES
C14-2007-0259,CM_4,YES
C14-2007-0259,CM_5,YES
C14-2007-0259,CM_6,YES
C14-2007-0259,CM_7,YES
C14-2007-0259,CM_8,YES
C14-2007-0259,CM_9,NO
C14-2007-0259,CM_10,NO
C14-2008-0025,Mayor,YES
C14-2008-0025,CM_1,NO
C14-2008-0025,CM_2,YES
C14-2008-0025,CM_3,YES
C14-2008-0025,CM_4,YES
C14-2008-0025,CM_5,YES
C14-2008-0025,CM_6,YES
C14-2008-0025,CM_7,YES
C14-2008-0025,CM_8,YES
C14-2008-0025,CM_9,NO
C14-2008-0025,CM_10,YES
C14-2008-0031,Mayor,YES
C14-2008-0031,CM_1,YES
C14-2008-0031,CM_2,NO
C14-2008-0031,CM_3,YES
C14-2008-0031,CM_4,YES
C14-2008-0031,CM_5,YES
C14-2008-0031,CM_6,YES
C14-2008-0031,CM_7,YES
C14-2008-0031,CM_8,YES
C14-2008-0031,CM_9,YES
C14-2008-0031,CM_10,YES
C14-2008-0052,Mayor,YES
C14-2008-0052,CM_1,YES
C14-2008-0052,CM_2,YES
C14-2008-0052,CM_3,YES
C14-2008-0052,CM_4,YES
C14-2008-0052,CM_5,YES
C14-2008-0052,CM_6,YES
C14-2008-0052,CM_7,YES
C14-2008-0052,CM_8,NO
C14-2008-0052,CM_9,YES
C14-2008-0052,CM_10,YES
C14-2008-0057.SH,Mayor,YES
C14-2008-0057.SH,CM_1,YES
C14-2008-0057.SH,CM_2,YES
C14-2008-0057.SH,CM_3,YES
C14-2008-0057.SH,CM_4,YES
C14-2008-0057.SH,CM_5,YES
C14-2008-0057.SH,CM_6,YES
C14-2008-0057.SH,CM_7,YES
C14-2008-0057.SH,CM_8,YES
C14-2008-0057.SH,CM_9,YES
C14-2008-0057.SH,CM_10,YES
C14-2008-0060,Mayor,NO
C14-2008-0060,CM_1,YES
C14-2008-0060,CM_2,NO
C14-2008-0060,CM_3,YES
C14-2008-0060,CM_4,YES
C14-2008-0060,CM_5,YES
C14-2008-0060,CM_6,YES
C14-2008-0060,CM_7,YES
C14-2008-0060,CM_8,YES
C14-2008-0060,CM_9,YES
C14-2008-0060,CM_10,YES
C14-2008-0066,Mayor,YES
C14-2008-0066,CM_1,NO
C14-2008-0066,CM_2,NO
C14-2008-0066,CM_3,YES
C14-2008-0066,CM_4,YES
C14-2008-0066,CM_5,YES
C14-2008-0066,CM_6,YES
C14-2008-0066,CM_7,YES
C14-2008-0066,CM_8,YES
C14-2008-0066,CM_9,YES
C14-2008-0066,CM_10,YES
C14-2008-0088,Mayor,YES
C14-2008-0088,CM_1,NO
C14-2008-0088,CM_2,NO
C14-2008-0088,CM_3,YES
C14-2008-0088,CM_4,YES
C14-2008-0088,CM_5,NO
C14-2008-0088,CM_6,YES
C14-2008-0088,CM_7,YES
C14-2008-0088,CM_8,YES
C14-2008-0088,CM_9,YES
C14-2008-0088,CM_10,YES
C14-2008-0099,Mayor,YES
C14-2008-0099,CM_1,YES
C14-2008-0099,CM_2,YES
C14-2008-0099,CM_3,YES
C14-2008-0099,CM_4,YES
C14-2008-0099,CM_5,NO
C14-2008-0099,CM_6,YES
C14-2008-0099,CM_7,YES
C14-2008-0099,CM_8,YES
C14-2008-0099,CM_9,YES
C14-2008-0099,CM_10,YES
C14-2008-0112,Mayor,YES
C14-2008-0112,CM_1,YES
C14-2008-0112,CM_2,YES
C14-2008-0112,CM_3,YES
C14-2008-0112,CM_4,YES
C14-2008-0112,CM_5,NO
C14-2008-0112,CM_6,YES
C14-2008-0112,CM_7,YES
C14-2008-0112,CM_8,NO
C14-2008-0112,CM_9,YES
C14-2008-0112,CM_10,NO
C14-2008-0113,Mayor,YES
C14-2008-0113,CM_1,YES
C14-2008-0113,CM_2,YES
C14-2008-0113,CM_3,YES
C14-2008-0113,CM_4,YES
C14-2008-0113,CM_5,YES
C14-2008-0113,CM_6,YES
C14-2008-0113,CM_7,NO
C14-2008-0113,CM_8,YES
C14-2008-0113,CM_9,YES
C14-2008-0113,CM_10,NO
C14-2008-0115,Mayor,YES
C14-2008-0115,CM_1,NO
C14-2008-0115,CM_2,YES
C14-2008-0115,CM_3,NO
C14-2008-0115,CM_4,YES
C14-2008-0115,CM_5,YES
C14-2008-0115,CM_6,YES
C14-2008-0115,CM_7,NO
C14-2008-0115,CM_8,YES
C14-2008-0115,CM_9,YES
C14-2008-0115,CM_10,YES
C14-2008-0131,Mayor,YES
C14-2008-0131,CM_1,NO
C14-2008-0131,CM_2,YES
C14-2008-0131,CM_3,YES
C14-2008-0131,CM_4,NO
C14-2008-0131,CM_5,YES
C14-2008-0131,CM_6,YES
C14-2008-0131,CM_7,YES
C14-2008-0131,CM_8,YES
C14-2008-0131,CM_9,NO
C14-2008-0131,CM_10,YES
C14-2008-0151,Mayor,NO
C14-2008-0151,CM_1,YES
C14-2008-0151,CM_2,YES
C14-2008-0151,CM_3,YES
C14-2008-0151,CM_4,NO
C14-2008-0151,CM_5,YES
C14-2008-0151,CM_6,YES
C14-2008-0151,CM_7,YES
C14-2008-0151,CM_8,NO
C14-2008-0151,CM_9,YES
C14-2008-0151,CM_10,YES
C14-2008-0154,Mayor,NO
C14-2008-0154,CM_1,YES
C14-2008-0154,CM_2,NO
C14-2008-0154,CM_3,YES
C14-2008-0154,CM_4,YES
C14-2008-0154,CM_5,YES
C14-2008-0154,CM_6,YES
C14-2008-0154,CM_7,YES
C14-2008-0154,CM_8,YES
C14-2008-0154,CM_9,YES
C14-2008-0154,CM_10,YES
C14-2008-0156,Mayor,YES
C14-2008-0156,CM_1,NO
C14-2008-0156,CM_2,NO
C14-2008-0156,CM_3,NO
C14-2008-0156,CM_4,YES
C14-2008-0156,CM_5,YES
C14-2008-0156,CM_6,YES
C14-2008-0156,CM_7,YES
C14-2008-0156,CM_8,YES
C14-2008-0156,CM_9,YES
C14-2008-0156,CM_10,YES
C14-2008-0162,Mayor,YES
C14-2008-0162,CM_1,YES
C14-2008-0162,CM_2,YES
C14-2008-0162,CM_3,YES
C14-2008-0162,CM_4,YES
C14-2008-0162,CM_5,YES
C14-2008-0162,CM_6,YES
C14-2008-0162,CM_7,YES
C14-2008-0162,CM_8,YES
C14-2008-0162,CM_9,YES
C14-2008-0162,CM_10,NO
C14-2008-0166,Mayor,YES
C14-2008-0166,CM_1,YES
C14-2008-0166,CM_2,NO
C14-2008-0166,CM_3,YES
C14-2008-0166,CM_4,NO
C14-2008-0166,CM_5,YES
C14-2008-0166,CM_6,YES
C14-2008-0166,CM_7,YES
C14-2008-0166,CM_8,NO
C14-2008-0166,CM_9,YES
C14-2008-0166,CM_10,YES
C14-2008-0171,Mayor,YES
C14-2008-0171,CM_1,YES
C14-2008-0171,CM_2,YES
C14-2008-0171,CM_3,NO
C14-2008-0171,CM_4,YES
C14-2008-0171,CM_5,YES
C14-2008-0171,CM_6,YES
C14-2008-0171,CM_7,YES
C14-2008-0171,CM_8,YES
C14-2008-0171,CM_9,NO
C14-2008-0171,CM_10,YES
C14-2008-0175,Mayor,YES
C14-2008-0175,CM_1,YES
C14-2008-0175,CM_2,YES
C14-2008-0175,CM_3,YES
C14-2008-0175,CM_4,YES
C14-2008-0175,CM_5,YES
C14-2008-0175,CM_6,YES
C14-2008-0175,CM_7,YES
C14-2008-0175,CM_8,NO
C14-2008-0175,CM_9,YES
C14-2008-0175,CM_10,NO
C14-2008-0184,Mayor,YES
C14-2008-0184,CM_1,YES
C14-2008-0184,CM_2,YES
C14-2008-0184,CM_3,YES
C14-2008-0184,CM_4,NO
C14-2008-0184,CM_5,YES
C14-2008-0184,CM_6,YES
C14-2008-0184,CM_7,YES
C14-2008-0184,CM_8,NO
C14-2008-0184,CM_9,YES
C14-2008-0184,CM_10,YES
C14-2008-0223,Mayor,YES
C14-2008-0223,CM_1,YES
C14-2008-0223,CM_2,YES
C14-2008-0223,CM_3,YES
C14-2008-0223,CM_4,NO
C14-2008-0223,CM_5,YES
C14-2008-0223,CM_6,YES
C14-2008-0223,CM_7,YES
C14-2008-0223,CM_8,YES
C14-2008-0223,CM_9,YES
C14-2008-0223,CM_10,YES
C14-2008-0247,Mayor,NO
C14-2008-0247,CM_1,YES
C14-2008-0247,CM_2,YES
C14-2008-0247,CM_3,YES
C14-2008-0247,CM_4,YES
C14-2008-0247,CM_5,YES
C14-2008-0247,CM_6,YES
C14-2008-0247,CM_7,YES
C14-2008-0247,CM_8,YES
C14-2008-0247,CM_9,YES
C14-2008-0247,CM_10,YES
C14-2008-0016,Mayor,YES
C14-2008-0016,CM_1,YES
C14-2008-0016,CM_2,YES
C14-2008-0016,CM_3,YES
C14-2008-0016,CM_4,YES
C14-2008-0016,CM_5,YES
C14-2008-0016,CM_6,YES
C14-2008-0016,CM_7,YES
C14-2008-0016,CM_8,YES
C14-2008-0016,CM_9,YES
C14-2008-0016,CM_10,YES
C14-2009-0028,Mayor,YES
C14-2009-0028,CM_1,YES
C14-2009-0028,CM_2,YES
C14-2009-0028,CM_3,YES
C14-2009-0028,CM_4,YES
C14-2009-0028,CM_5,NO
C14-2009-0028,CM_6,YES
C14-2009-0028,CM_7,YES
C14-2009-0028,CM_8,YES
C14-2009-0028,CM_9,YES
C14-2009-0028,CM_10,YES
C14-2009-0031,Mayor,YES
C14-2009-0031,CM_1,YES
C14-2009-0031,CM_2,YES
C14-2009-0031,CM_3,YES
C14-2009-0031,CM_4,YES
C14-2009-0031,CM_5,NO
C14-2009-0031,CM_6,YES
C14-2009-0031,CM_7,YES
C14-2009-0031,CM_8,NO
C14-2009-0031,CM_9,YES
C14-2009-0031,CM_10,NO
C14-2009-0032,Mayor,YES
C14-2009-0032,CM_1,YES
C14-2009-0032,CM_2,YES
C14-2009-0032,CM_3,YES
C14-2009-0032,CM_4,YES
C14-2009-0032,CM_5,YES
C14-2009-0032,CM_6,YES
C14-2009-0032,CM_7,YES
C14-2009-0032,CM_8,NO
C14-2009-0032,CM_9,YES
C14-2009-0032,CM_10,YES
C14-2009-0059,Mayor,YES
C14-2009-0059,CM_1,YES
C14-2009-0059,CM_2,YES
C14-2009-0059,CM_3,YES
C14-2009-0059,CM_4,YES
C14-2009-0059,CM_5,NO
C14-2009-0059,CM_6,NO
C14-2009-0059,CM_7,YES
C14-2009-0059,CM_8,YES
C14-2009-0059,CM_9,YES
C14-2009-0059,CM_10,YES
C14-2009-0077,Mayor,NO
C14-2009-0077,CM_1,YES
C14-2009-0077,CM_2,YES
C14-2009-0077,CM_3,YES
C14-2009-0077,CM_4,YES
C14-2009-0077,CM_5,YES
C14-2009-0077,CM_6,YES
C14-2009-0077,CM_7,YES
C14-2009-0077,CM_8,YES
C14-2009-0077,CM_9,NO
C14-2009-0077,CM_10,YES
C14-2009-0102,Mayor,YES
C14-2009-0102,CM_1,NO
C14-2009-0102,CM_2,YES
C14-2009-0102,CM_3,YES
C14-2009-0102,CM_4,YES
C14-2009-0102,CM_5,YES
C14-2009-0102,CM_6,YES
C14-2009-0102,CM_7,YES
C14-2009-0102,CM_8,YES
C14-2009-0102,CM_9,YES
C14-2009-0102,CM_10,YES
C14-2009-0106,Mayor,YES
C14-2009-0106,CM_1,YES
C14-2009-0106,CM_2,YES
C14-2009-0106,CM_3,YES
C14-2009-0106,CM_4,YES
C14-2009-0106,CM_5,YES
C14-2009-0106,CM_6,YES
C14-2009-0106,CM_7,YES
C14-2009-0106,CM_8,YES
C14-2009-0106,CM_9,YES
C14-2009-0106,CM_10,YES
C14-2009-0168,Mayor,YES
C14-2009-0168,CM_1,YES
C14-2009-0168,CM_2,YES
C14-2009-0168,CM_3,YES
C14-2009-0168,CM_4,YES
C14-2009-0168,CM_5,YES
C14-2009-0168,CM_6,YES
C14-2009-0168,CM_7,YES
C14-2009-0168,CM_8,YES
C14-2009-0168,CM_9,YES
C14-2009-0168,CM_10,NO
C14-2009-0168,Mayor,YES
C14-2009-0168,CM_1,YES
C14-2009-0168,CM_2,NO
C14-2009-0168,CM_3,YES
C14-2009-0168,CM_4,YES
C14-2009-0168,CM_5,YES
C14-2009-0168,CM_6,YES
C14-2009-0168,CM_7,NO
C14-2009-0168,CM_8,YES
C14-2009-0168,CM_9,NO
C14-2009-0168,CM_10,YES
C14-2009-0099,Mayor,YES
C14-2009-0099,CM_1,YES
C14-2009-0099,CM_2,YES
C14-2009-0099,CM_3,YES
C14-2009-0099,CM_4,YES
C14-2009-0099,CM_5,YES
C14-2009-0099,CM_6,YES
C14-2009-0099,CM_7,YES
C14-2009-0099,CM_8,YES
C14-2009-0099,CM_9,YES
C14-2009-0099,CM_10,YES
C14-2010-0048,Mayor,YES
C14-2010-0048,CM_1,YES
C14-2010-0048,CM_2,YES
C14-2010-0048,CM_3,YES
C14-2010-0048,CM_4,NO
C14-2010-0048,CM_5,YES
C14-2010-0048,CM_6,NO
C14-2010-0048,CM_7,YES
C14-2010-0048,CM_8,YES
C14-2010-0048,CM_9,NO
C14-2010-0048,CM_10,YES
C14-2010-0049,Mayor,YES
C14-2010-0049,CM_1,YES
C14-2010-0049,CM_2,YES
C14-2010-0049,CM_3,YES
C14-2010-0049,CM_4,YES
C14-2010-0049,CM_5,YES
C14-2010-0049,CM_6,YES
C14-2010-0049,CM_7,YES
C14-2010-0049,CM_8,YES
C14-2010-0049,CM_9,YES
C14-2010-0049,CM_10,YES
C14-2010-0052,Mayor,YES
C14-2010-0052,CM_1,YES
C14-2010-0052,CM_2,YES
C14-2010-0052,CM_3,YES
C14-2010-0052,CM_4,YES
C14-2010-0052,CM_5,YES
C14-2010-0052,CM_6,YES
C14-2010-0052,CM_7,YES
C14-2010-0052,CM_8,YES
C14-2010-0052,CM_9,YES
C14-2010-0052,CM_10,NO
C14-2010-0052,Mayor,YES
C14-2010-0052,CM_1,YES
C14-2010-0052,CM_2,YES
C14-2010-0052,CM_3,YES
C14-2010-0052,CM_4,YES
C14-2010-0052,CM_5,YES
C14-2010-0052,CM_6,YES
C14-2010-0052,CM_7,YES
C14-2010-0052,CM_8,YES
C14-2010-0052,CM_9,NO
C14-2010-0052,CM_10,YES
C14-2010-0052,Mayor,NO
C14-2010-0052,CM_1,YES
C14-2010-0052,CM_2,YES
C14-2010-0052,CM_3,YES
C14-2010-0052,CM_4,NO
C14-2010-0052,CM_5,YES
C14-2010-0052,CM_6,YES
C14-2010-0052,CM_7,YES
C14-2010-0052,CM_8,YES
C14-2010-0052,CM_9,YES
C14-2010-0052,CM_10,YES
C14-2010-0052,Mayor,YES
C14-2010-0052,CM_1,YES
C14-2010-0052,CM_2,YES
C14-2010-0052,CM_3,NO
C14-2010-0052,CM_4,YES
C14-2010-0052,CM_5,YES
C14-2010-0052,CM_6,NO
C14-2010-0052,CM_7,YES
C14-2010-0052,CM_8,YES
C14-2010-0052,CM_9,YES
C14-2010-0052,CM_10,YES
C14-2010-0051,Mayor,YES
C14-2010-0051,CM_1,YES
C14-2010-0051,CM_2,YES
C14-2010-0051,CM_3,YES
C14-2010-0051,CM_4,YES
C14-2010-0051,CM_5,YES
C14-2010-0051,CM_6,YES
C14-2010-0051,CM_7,YES
C14-2010-0051,CM_8,YES
C14-2010-0051,CM_9,YES
C14-2010-0051,CM_10,YES
C14-2010-0017,Mayor,YES
C14-2010-0017,CM_1,YES
C14-2010-0017,CM_2,NO
C14-2010-0017,CM_3,YES
C14-2010-0017,CM_4,YES
C14-2010-0017,CM_5,NO
C14-2010-0017,CM_6,YES
C14-2010-0017,CM_7,YES
C14-2010-0017,CM_8,YES
C14-2010-0017,CM_9,NO
C14-2010-0017,CM_10,YES
C14-2010-0017,Mayor,YES
C14-2010-0017,CM_1,YES
C14-2010-0017,CM_2,YES
C14-2010-0017,CM_3,YES
C14-2010-0017,CM_4,NO
C14-2010-0017,CM_5,YES
C14-2010-0017,CM_6,YES
C14-2010-0017,CM_7,YES
C14-2010-0017,CM_8,YES
C14-2010-0017,CM_9,YES
C14-2010-0017,CM_10,YES
C14-2010-0025,Mayor,YES
C14-2010-0025,CM_1,YES
C14-2010-0025,CM_2,YES
C14-2010-0025,CM_3,YES
C14-2010-0025,CM_4,YES
C14-2010-0025,CM_5,YES
C14-2010-0025,CM_6,YES
C14-2010-0025,CM_7,YES
C14-2010-0025,CM_8,YES
C14-2010-0025,CM_9,YES
C14-2010-0025,CM_10,YES
C14-2010-0034,Mayor,YES
C14-2010-0034,CM_1,YES
C14-2010-0034,CM_2,YES
C14-2010-0034,CM_3,YES
C14-2010-0034,CM_4,NO
C14-2010-0034,CM_5,YES
C14-2010-0034,CM_6,YES
C14-2010-0034,CM_7,YES
C14-2010-0034,CM_8,YES
C14-2010-0034,CM_9,YES
C14-2010-0034,CM_10,NO
C14-2010-0034,Mayor,YES
C14-2010-0034,CM_1,NO
C14-2010-0034,CM_2,NO
C14-2010-0034,CM_3,YES
C14-2010-0034,CM_4,YES
C14-2010-0034,CM_5,YES
C14-2010-0034,CM_6,YES
C14-2010-0034,CM_7,YES
C14-2010-0034,CM_8,NO
C14-2010-0034,CM_9,YES
C14-2010-0034,CM_10,YES
C14-2010-0034,Mayor,NO
C14-2010-0034,CM_1,YES
C14-2010-0034,CM_2,YES
C14-2010-0034,CM_3,YES
C14-2010-0034,CM_4,YES
C14-2010-0034,CM_5,YES
C14-2010-0034,CM_6,YES
C14-2010-0034,CM_7,YES
C14-2010-0034,CM_8,YES
C14-2010-0034,CM_9,NO
C14-2010-0034,CM_10,YES
C14-2010-0034,Mayor,YES
C14-2010-0034,CM_1,YES
C14-2010-0034,CM_2,YES
C14-2010-0034,CM_3,YES
C14-2010-0034,CM_4,YES
C14-2010-0034,CM_5,YES
C14-2010-0034,CM_6,YES
C14-2010-0034,CM_7,YES
C14-2010-0034,CM_8,NO
C14-2010-0034,CM_9,NO
C14-2010-0034,CM_10,NO
C14-2010-0034,Mayor,YES
C14-2010-0034,CM_1,YES
C14-2010-0034,CM_2,NO
C14-2010-0034,CM_3,YES
C14-2010-0034,CM_4,YES
C14-2010-0034,CM_5,NO
C14-2010-0034,CM_6,YES
C14-2010-0034,CM_7,YES
C14-2010-0034,CM_8,YES
C14-2010-0034,CM_9,NO
C14-2010-0034,CM_10,YES
C14-2010-0039,Mayor,YES
C14-2010-0039,CM_1,YES
C14-2010-0039,CM_2,YES
C14-2010-0039,CM_3,YES
C14-2010-0039,CM_4,YES
C14-2010-0039,CM_5,YES
C14-2010-0039,CM_6,YES
C14-2010-0039,CM_7,YES
C14-2010-0039,CM_8,NO
C14-2010-0039,CM_9,YES
C14-2010-0039,CM_10,YES
C14-2010-0045,Mayor,YES
C14-2010-0045,CM_1,YES
C14-2010-0045,CM_2,YES
C14-2010-0045,CM_3,YES
C14-2010-0045,CM_4,YES
C14-2010-0045,CM_5,YES
C14-2010-0045,CM_6,YES
C14-2010-0045,CM_7,YES
C14-2010-0045,CM_8,YES
C14-2010-0045,CM_9,YES
C14-2010-0045,CM_10,YES
C14-2010-0077,Mayor,YES
C14-2010-0077,CM_1,NO
C14-2010-0077,CM_2,YES
C14-2010-0077,CM_3,YES
C14-2010-0077,CM_4,YES
C14-2010-0077,CM_5,YES
C14-2010-0077,CM_6,NO
C14-2010-0077,CM_7,YES
C14-2010-0077,CM_8,YES
C14-2010-0077,CM_9,YES
C14-2010-0077,CM_10,YES
C14-2010-0084,Mayor,YES
C14-2010-0084,CM_1,YES
C14-2010-0084,CM_2,YES
C14-2010-0084,CM_3,YES
C14-2010-0084,CM_4,YES
C14-2010-0084,CM_5,YES
C14-2010-0084,CM_6,YES
C14-2010-0084,CM_7,YES
C14-2010-0084,CM_8,YES
C14-2010-0084,CM_9,YES
C14-2010-0084,CM_10,YES
C14-2010-0084,Mayor,YES
C14-2010-0084,CM_1,YES
C14-2010-0084,CM_2,YES
C14-2010-0084,CM_3,YES
C14-2010-0084,CM_4,YES
C14-2010-0084,CM_5,YES
C14-2010-0084,CM_6,YES
C14-2010-0084,CM_7,YES
C14-2010-0084,CM_8,YES
C14-2010-0084,CM_9,YES
C14-2010-0084,CM_10,YES
C14-2010-0101,Mayor,YES
C14-2010-0101,CM_1,YES
C14-2010-0101,CM_2,YES
C14-2010-0101,CM_3,YES
C14-2010-0101,CM_4,YES
C14-2010-0101,CM_5,NO
C14-2010-0101,CM_6,YES
C14-2010-0101,CM_7,NO
C14-2010-0101,CM_8,YES
C14-2010-0101,CM_9,YES
C14-2010-0101,CM_10,YES
C14-2010-0101,Mayor,NO
C14-2010-0101,CM_1,YES
C14-2010-0101,CM_2,YES
C14-2010-0101,CM_3,YES
C14-2010-0101,CM_4,YES
C14-2010-0101,CM_5,YES
C14-2010-0101,CM_6,YES
C14-2010-0101,CM_7,NO
C14-2010-0101,CM_8,YES
C14-2010-0101,CM_9,YES
C14-2010-0101,CM_10,YES
C14-2010-0101,Mayor,YES
C14-2010-0101,CM_1,YES
C14-2010-0101,CM_2,YES
C14-2010-0101,CM_3,YES
C14-2010-0101,CM_4,YES
C14-2010-0101,CM_5,YES
C14-2010-0101,CM_6,YES
C14-2010-0101,CM_7,YES
C14-2010-0101,CM_8,YES
C14-2010-0101,CM_9,NO
C14-2010-0101,CM_10,YES
C14-2010-0101,Mayor,YES
C14-2010-0101,CM_1,NO
C14-2010-0101,CM_2,YES
C14-2010-0101,CM_3,YES
C14-2010-0101,CM_4,YES
C14-2010-0101,CM_5,YES
C14-2010-0101,CM_6,YES
C14-2010-0101,CM_7,YES
C14-2010-0101,CM_8,NO
C14-2010-0101,CM_9,YES
C14-2010-0101,CM_10,YES
C14-2010-0101,Mayor,YES
C14-2010-0101,CM_1,YES
C14-2010-0101,CM_2,YES
C14-2010-0101,CM_3,NO
C14-2010-0101,CM_4,YES
C14-2010-0101,CM_5,YES
C14-2010-0101,CM_6,YES
C14-2010-0101,CM_7,YES
C14-2010-0101,CM_8,YES
C14-2010-0101,CM_9,YES
C14-2010-0101,CM_10,YES
C14-2010-0113,Mayor,YES
C14-2010-0113,CM_1,YES
C14-2010-0113,CM_2,YES
C14-2010-0113,CM_3,YES
C14-2010-0113,CM_4,YES
C14-2010-0113,CM_5,YES
C14-2010-0113,CM_6,YES
C14-2010-0113,CM_7,YES
C14-2010-0113,CM_8,YES
C14-2010-0113,CM_9,YES
C14-2010-0113,CM_10,YES
C14-2010-0113,Mayor,YES
C14-2010-0113,CM_1,YES
C14-2010-0113,CM_2,YES
C14-2010-0113,CM_3,YES
C14-2010-0113,CM_4,YES
C14-2010-0113,CM_5,YES
C14-2010-0113,CM_6,YES
C14-2010-0113,CM_7,YES
C14-2010-0113,CM_8,YES
C14-2010-0113,CM_9,YES
C14-2010-0113,CM_10,YES
C14-2010-0122,Mayor,YES
C14-2010-0122,CM_1,YES
C14-2010-0122,CM_2,YES
C14-2010-0122,CM_3,YES
C14-2010-0122,CM_4,YES
C14-2010-0122,CM_5,YES
C14-2010-0122,CM_6,YES
C14-2010-0122,CM_7,NO
C14-2010-0122,CM_8,YES
C14-2010-0122,CM_9,YES
C14-2010-0122,CM_10,YES
C14-2010-0122,Mayor,YES
C14-2010-0122,CM_1,YES
C14-2010-0122,CM_2,NO
C14-2010-0122,CM_3,YES
C14-2010-0122,CM_4,YES
C14-2010-0122,CM_5,NO
C14-2010-0122,CM_6,NO
C14-2010-0122,CM_7,YES
C14-2010-0122,CM_8,YES
C14-2010-0122,CM_9,YES
C14-2010-0122,CM_10,YES
C14-2010-0143,Mayor,YES
C14-2010-0143,CM_1,YES
C14-2010-0143,CM_2,YES
C14-2010-0143,CM_3,YES
C14-2010-0143,CM_4,YES
C14-2010-0143,CM_5,YES
C14-2010-0143,CM_6,YES
C14-2010-0143,CM_7,YES
C14-2010-0143,CM_8,YES
C14-2010-0143,CM_9,YES
C14-2010-0143,CM_10,YES
C14-2010-0143,Mayor,YES
C14-2010-0143,CM_1,YES
C14-2010-0143,CM_2,YES
C14-2010-0143,CM_3,YES
C14-2010-0143,CM_4,YES
C14-2010-0143,CM_5,YES
C14-2010-0143,CM_6,YES
C14-2010-0143,CM_7,YES
C14-2010-0143,CM_8,YES
C14-2010-0143,CM_9,YES
C14-2010-0143,CM_10,YES
C14-2010-0191.SH,Mayor,YES
C14-2010-0191.SH,CM_1,YES
C14-2010-0191.SH,CM_2,YES
C14-2010-0191.SH,CM_3,YES
C14-2010-0191.SH,CM_4,YES
C14-2010-0191.SH,CM_5,YES
C14-2010-0191.SH,CM_6,YES
C14-2010-0191.SH,CM_7,YES
C14-2010-0191.SH,CM_8,YES
C14-2010-0191.SH,CM_9,YES
C14-2010-0191.SH,CM_10,YES
C14-2010-0199,Mayor,YES
C14-2010-0199,CM_1,YES
C14-2010-0199,CM_2,YES
C14-2010-0199,CM_3,YES
C14-2010-0199,CM_4,YES
C14-2010-0199,CM_5,YES
C14-2010-0199,CM_6,NO
C14-2010-0199,CM_7,NO
C14-2010-0199,CM_8,YES
C14-2010-0199,CM_9,NO
C14-2010-0199,CM_10,YES
C14-2010-0199,Mayor,YES
C14-2010-0199,CM_1,YES
C14-2010-0199,CM_2,YES
C14-2010-0199,CM_3,YES
C14-2010-0199,CM_4,YES
C14-2010-0199,CM_5,YES
C14-2010-0199,CM_6,YES
C14-2010-0199,CM_7,YES
C14-2010-0199,CM_8,YES
C14-2010-0199,CM_9,NO
C14-2010-0199,CM_10,YES
C14-2010-0199,Mayor,YES
C14-2010-0199,CM_1,NO
C14-2010-0199,CM_2,YES
C14-2010-0199,CM_3,YES
C14-2010-0199,CM_4,YES
C14-2010-0199,CM_5,YES
C14-2010-0199,CM_6,YES
C14-2010-0199,CM_7,YES
C14-2010-0199,CM_8,YES
C14-2010-0199,CM_9,YES
C14-2010-0199,CM_10,YES
C14-2010-0199,Mayor,YES
C14-2010-0199,CM_1,NO
C14-2010-0199,CM_2,YES
C14-2010-0199,CM_3,YES
C14-2010-0199,CM_4,YES
C14-2010-0199,CM_5,YES
C14-2010-0199,CM_6,YES
C14-2010-0199,CM_7,NO
C14-2010-0199,CM_8,YES
C14-2010-0199,CM_9,YES
C14-2010-0199,CM_10,YES
C14-2010-0204,Mayor,YES
C14-2010-0204,CM_1,YES
C14-2010-0204,CM_2,YES
C14-2010-0204,CM_3,NO
C14-2010-0204,CM_4,YES
C14-2010-0204,CM_5,YES
C14-2010-0204,CM_6,YES
C14-2010-0204,CM_7,YES
C14-2010-0204,CM_8,YES
C14-2010-0204,CM_9,YES
C14-2010-0204,CM_10,YES
C14-2010-0206,Mayor,YES
C14-2010-0206,CM_1,YES
C14-2010-0206,CM_2,YES
C14-2010-0206,CM_3,NO
C14-2010-0206,CM_4,YES
C14-2010-0206,CM_5,YES
C14-2010-0206,CM_6,YES
C14-2010-0206,CM_7,NO
C14-2010-0206,CM_8,YES
C14-2010-0206,CM_9,YES
C14-2010-0206,CM_10,YES
C14-2010-0206,Mayor,YES
C14-2010-0206,CM_1,YES
C14-2010-0206,CM_2,YES
C14-2010-0206,CM_3,NO
C14-2010-0206,CM_4,YES
C14-2010-0206,CM_5,YES
C14-2010-0206,CM_6,YES
C14-2010-0206,CM_7,YES
C14-2010-0206,CM_8,NO
C14-2010-0206,CM_9,YES
C14-2010-0206,CM_10,YES
C14H-2010-0006,Mayor,YES
C14H-2010-0006,CM_1,NO
C14H-2010-0006,CM_2,YES
C14H-2010-0006,CM_3,YES
C14H-2010-0006,CM_4,YES
C14H-2010-0006,CM_5,YES
C14H-2010-0006,CM_6,NO
C14H-2010-0006,CM_7,YES
C14H-2010-0006,CM_8,YES
C14H-2010-0006,CM_9,YES
C14H-2010-0006,CM_10,YES
C14H-2010-0006,Mayor,YES
C14H-2010-0006,CM_1,YES
C14H-2010-0006,CM_2,YES
C14H-2010-0006,CM_3,YES
C14H-2010-0006,CM_4,YES
C14H-2010-0006,CM_5,YES
C14H-2010-0006,CM_6,YES
C14H-2010-0006,CM_7,YES
C14H-2010-0006,CM_8,NO
C14H-2010-0006,CM_9,YES
C14H-2010-0006,CM_10,YES
C14H-2010-0006,Mayor,YES
C14H-2010-0006,CM_1,NO
C14H-2010-0006,CM_2,YES
C14H-2010-0006,CM_3,NO
C14H-2010-0006,CM_4,YES
C14H-2010-0006,CM_5,YES
C14H-2010-0006,CM_6,YES
C14H-2010-0006,CM_7,NO
C14H-2010-0006,CM_8,YES
C14H-2010-0006,CM_9,YES
C14H-2010-0006,CM_10,YES
C14H-2010-0006,Mayor,YES
C14H-2010-0006,CM_1,NO
C14H-2010-0006,CM_2,YES
C14H-2010-0006,CM_3,YES
C14H-2010-0006,CM_4,YES
C14H-2010-0006,CM_5,YES
C14H-2010-0006,CM_6,YES
C14H-2010-0006,CM_7,YES
C14H-2010-0006,CM_8,YES
C14H-2010-0006,CM_9,YES
C14H-2010-0006,CM_10,NO
C14H-2010-0019,Mayor,YES
C14H-2010-0019,CM_1,YES
C14H-2010-0019,CM_2,NO
C14H-2010-0019,CM_3,YES
C14H-2010-0019,CM_4,YES
C14H-2010-0019,CM_5,YES
C14H-2010-0019,CM_6,NO
C14H-2010-0019,CM_7,YES
C14H-2010-0019,CM_8,YES
C14H-2010-0019,CM_9,YES
C14H-2010-0019,CM_10,YES
C14H-2010-0019,Mayor,NO
C14H-2010-0019,CM_1,YES
C14H-2010-0019,CM_2,YES
C14H-2010-0019,CM_3,YES
C14H-2010-0019,CM_4,YES
C14H-2010-0019,CM_5,YES
C14H-2010-0019,CM_6,YES
C14H-2010-0019,CM_7,YES
C14H-2010-0019,CM_8,YES
C14H-2010-0019,CM_9,YES
C14H-2010-0019,CM_10,YES
C14-2011-0054,Mayor,YES
C14-2011-0054,CM_1,YES
C14-2011-0054,CM_2,NO
C14-2011-0054,CM_3,YES
C14-2011-0054,CM_4,YES
C14-2011-0054,CM_5,YES
C14-2011-0054,CM_6,YES
C14-2011-0054,CM_7,YES
C14-2011-0054,CM_8,YES
C14-2011-0054,CM_9,YES
C14-2011-0054,CM_10,YES
C14-2011-0058,Mayor,NO
C14-2011-0058,CM_1,NO
C14-2011-0058,CM_2,NO
C14-2011-0058,CM_3,YES
C14-2011-0058,CM_4,YES
C14-2011-0058,CM_5,YES
C14-2011-0058,CM_6,YES
C14-2011-0058,CM_7,YES
C14-2011-0058,CM_8,YES
C14-2011-0058,CM_9,YES
C14-2011-0058,CM_10,YES
C14-2011-0058,Mayor,YES
C14-2011-0058,CM_1,YES
C14-2011-0058,CM_2,YES
C14-2011-0058,CM_3,YES
C14-2011-0058,CM_4,YES
C14-2011-0058,CM_5,NO
C14-2011-0058,CM_6,YES
C14-2011-0058,CM_7,YES
C14-2011-0058,CM_8,NO
C14-2011-0058,CM_9,YES
C14-2011-0058,CM_10,YES
C14-2011-0058,Mayor,YES
C14-2011-0058,CM_1,NO
C14-2011-0058,CM_2,NO
C14-2011-0058,CM_3,YES
C14-2011-0058,CM_4,YES
C14-2011-0058,CM_5,YES
C14-2011-0058,CM_6,YES
C14-2011-0058,CM_7,YES
C14-2011-0058,CM_8,YES
C14-2011-0058,CM_9,NO
C14-2011-0058,CM_10,YES
C14-2010-0079,Mayor,YES
C14-2010-0079,CM_1,YES
C14-2010-0079,CM_2,YES
C14-2010-0079,CM_3,YES
C14-2010-0079,CM_4,YES
C14-2010-0079,CM_5,YES
C14-2010-0079,CM_6,YES
C14-2010-0079,CM_7,NO
C14-2010-0079,CM_8,YES
C14-2010-0079,CM_9,NO
C14-2010-0079,CM_10,YES
C14-2011-0133,Mayor,YES
C14-2011-0133,CM_1,YES
C14-2011-0133,CM_2,NO
C14-2011-0133,CM_3,YES
C14-2011-0133,CM_4,YES
C14-2011-0133,CM_5,YES
C14-2011-0133,CM_6,YES
C14-2011-0133,CM_7,YES
C14-2011-0133,CM_8,YES
C14-2011-0133,CM_9,NO
C14-2011-0133,CM_10,NO
C14-2011-0133,Mayor,YES
C14-2011-0133,CM_1,NO
C14-2011-0133,CM_2,YES
C14-2011-0133,CM_3,NO
C14-2011-0133,CM_4,YES
C14-2011-0133,CM_5,YES
C14-2011-0133,CM_6,YES
C14-2011-0133,CM_7,NO
C14-2011-0133,CM_8,YES
C14-2011-0133,CM_9,YES
C14-2011-0133,CM_10,YES
C14-2011-0133,Mayor,YES
C14-2011-0133,CM_1,NO
C14-2011-0133,CM_2,YES
C14-2011-0133,CM_3,YES
C14-2011-0133,CM_4,YES
C14-2011-0133,CM_5,YES
C14-2011-0133,CM_6,YES
C14-2011-0133,CM_7,YES
C14-2011-0133,CM_8,YES
C14-2011-0133,CM_9,YES
C14-2011-0133,CM_10,YES
C14-2011-0133,Mayor,YES
C14-2011-0133,CM_1,YES
C14-2011-0133,CM_2,YES
C14-2011-0133,CM_3,YES
C14-2011-0133,CM_4,YES
C14-2011-0133,CM_5,YES
C14-2011-0133,CM_6,YES
C14-2011-0133,CM_7,YES
C14-2011-0133,CM_8,YES
C14-2011-0133,CM_9,NO
C14-2011-0133,CM_10,YES
C14-2011-0133,Mayor,YES
C14-2011-0133,CM_1,YES
C14-2011-0133,CM_2,YES
C14-2011-0133,CM_3,YES
C14-2011-0133,CM_4,YES
C14-2011-0133,CM_5,NO
C14-2011-0133,CM_6,YES
C14-2011-0133,CM_7,YES
C14-2011-0133,CM_8,YES
C14-2011-0133,CM_9,YES
C14-2011-0133,CM_10,YES
C14-2011-0133,Mayor,YES
C14-2011-0133,CM_1,YES
C14-2011-0133,CM_2,YES
C14-2011-0133,CM_3,NO
C14-2011-0133,CM_4,NO
C14-2011-0133,CM_5,YES
C14-2011-0133,CM_6,YES
C14-2011-0133,CM_7,YES
C14-2011-0133,CM_8,YES
C14-2011-0133,CM_9,YES
C14-2011-0133,CM_10,YES
C14-2011-0133,Mayor,YES
C14-2011-0133,CM_1,YES
C14-2011-0133,CM_2,NO
C14-2011-0133,CM_3,YES
C14-2011-0133,CM_4,YES
C14-2011-0133,CM_5,YES
C14-2011-0133,CM_6,YES
C14-2011-0133,CM_7,YES
C14-2011-0133,CM_8,YES
C14-2011-0133,CM_9,YES
C14-2011-0133,CM_10,YES
C14-2011-0133,Mayor,NO
C14-2011-0133,CM_1,YES
C14-2011-0133,CM_2,NO
C14-2011-0133,CM_3,NO
C14-2011-0133,CM_4,YES
C14-2011-0133,CM_5,YES
C14-2011-0133,CM_6,YES
C14-2011-0133,CM_7,YES
C14-2011-0133,CM_8,YES
C14-2011-0133,CM_9,YES
C14-2011-0133,CM_10,YES
C14-2011-0134,Mayor,YES
C14-2011-0134,CM_1,YES
C14-2011-0134,CM_2,YES
C14-2011-0134,CM_3,YES
C14-2011-0134,CM_4,NO
C14-2011-0134,CM_5,YES
C14-2011-0134,CM_6,NO
C14-2011-0134,CM_7,NO
C14-2011-0134,CM_8,YES
C14-2011-0134,CM_9,YES
C14-2011-0134,CM_10,YES
C14-2011-0134,Mayor,YES
C14-2011-0134,CM_1,YES
C14-2011-0134,CM_2,NO
C14-2011-0134,CM_3,YES
C14-2011-0134,CM_4,YES
C14-2011-0134,CM_5,YES
C14-2011-0134,CM_6,YES
C14-2011-0134,CM_7,YES
C14-2011-0134,CM_8,YES
C14-2011-0134,CM_9,YES
C14-2011-0134,CM_10,YES
C14-2011-0134,Mayor,YES
C14-2011-0134,CM_1,YES
C14-2011-0134,CM_2,YES
C14-2011-0134,CM_3,YES
C14-2011-0134,CM_4,YES
C14-2011-0134,CM_5,NO
C14-2011-0134,CM_6,YES
C14-2011-0134,CM_7,YES
C14-2011-0134,CM_8,YES
C14-2011-0134,CM_9,NO
C14-2011-0134,CM_10,YES
C14-2011-0134,Mayor,NO
C14-2011-0134,CM_1,YES
C14-2011-0134,CM_2,YES
C14-2011-0134,CM_3,YES
C14-2011-0134,CM_4,YES
C14-2011-0134,CM_5,NO
C14-2011-0134,CM_6,YES
C14-2011-0134,CM_7,NO
C14-2011-0134,CM_8,YES
C14-2011-0134,CM_9,YES
C14-2011-0134,CM_10,YES
C14-2011-0134,Mayor,YES
C14-2011-0134,CM_1,YES
C14-2011-0134,CM_2,NO
C14-2011-0134,CM_3,YES
C14-2011-0134,CM_4,YES
C14-2011-0134,CM_5,YES
C14-2011-0134,CM_6,NO
C14-2011-0134,CM_7,YES
C14-2011-0134,CM_8,YES
C14-2011-0134,CM_9,YES
C14-2011-0134,CM_10,YES
C14-2011-0134,Mayor,YES
C14-2011-0134,CM_1,NO
C14-2011-0134,CM_2,YES
C14-2011-0134,CM_3,NO
C14-2011-0134,CM_4,YES
C14-2011-0134,CM_5,YES
C14-2011-0134,CM_6,YES
C14-2011-0134,CM_7,YES
C14-2011-0134,CM_8,YES
C14-2011-0134,CM_9,YES
C14-2011-0134,CM_10,YES
C14-2011-0134,Mayor,YES
C14-2011-0134,CM_1,NO
C14-2011-0134,CM_2,YES
C14-2011-0134,CM_3,YES
C14-2011-0134,CM_4,YES
C14-2011-0134,CM_5,YES
C14-2011-0134,CM_6,YES
C14-2011-0134,CM_7,YES
C14-2011-0134,CM_8,NO
C14-2011-0134,CM_9,YES
C14-2011-0134,CM_10,YES
C14-2011-0134,Mayor,NO
C14-2011-0134,CM_1,YES
C14-2011-0134,CM_2,YES
C14-2011-0134,CM_3,YES
C14-2011-0134,CM_4,YES
C14-2011-0134,CM_5,NO
C14-2011-0134,CM_6,YES
C14-2011-0134,CM_7,YES
C14-2011-0134,CM_8,YES
C14-2011-0134,CM_9,YES
C14-2011-0134,CM_10,YES
C14-2011-0141,Mayor,YES
C14-2011-0141,CM_1,YES
C14-2011-0141,CM_2,YES
C14-2011-0141,CM_3,YES
C14-2011-0141,CM_4,YES
C14-2011-0141,CM_5,YES
C14-2011-0141,CM_6,YES
C14-2011-0141,CM_7,YES
C14-2011-0141,CM_8,NO
C14-2011-0141,CM_9,NO
C14-2011-0141,CM_10,NO
C14-2011-0141,Mayor,YES
C14-2011-0141,CM_1,YES
C14-2011-0141,CM_2,NO
C14-2011-0141,CM_3,YES
C14-2011-0141,CM_4,YES
C14-2011-0141,CM_5,YES
C14-2011-0141,CM_6,YES
C14-2011-0141,CM_7,YES
C14-2011-0141,CM_8,YES
C14-2011-0141,CM_9,YES
C14-2011-0141,CM_10,YES
C14-2011-0141,Mayor,YES
C14-2011-0141,CM_1,YES
C14-2011-0141,CM_2,YES
C14-2011-0141,CM_3,YES
C14-2011-0141,CM_4,YES
C14-2011-0141,CM_5,YES
C14-2011-0141,CM_6,YES
C14-2011-0141,CM_7,NO
C14-2011-0141,CM_8,YES
C14-2011-0141,CM_9,YES
C14-2011-0141,CM_10,YES
C14-2011-0141,Mayor,YES
C14-2011-0141,CM_1,YES
C14-2011-0141,CM_2,YES
C14-2011-0141,CM_3,YES
C14-2011-0141,CM_4,YES
C14-2011-0141,CM_5,NO
C14-2011-0141,CM_6,NO
C14-2011-0141,CM_7,YES
C14-2011-0141,CM_8,YES
C14-2011-0141,CM_9,NO
C14-2011-0141,CM_10,YES
C14-2011-0141,Mayor,YES
C14-2011-0141,CM_1,YES
C14-2011-0141,CM_2,NO
C14-2011-0141,CM_3,NO
C14-2011-0141,CM_4,YES
C14-2011-0141,CM_5,YES
C14-2011-0141,CM_6,YES
C14-2011-0141,CM_7,YES
C14-2011-0141,CM_8,YES
C14-2011-0141,CM_9,YES
C14-2011-0141,CM_10,YES
C14-2011-0141,Mayor,YES
C14-2011-0141,CM_1,NO
C14-2011-0141,CM_2,YES
C14-2011-0141,CM_3,YES
C14-2011-0141,CM_4,YES
C14-2011-0141,CM_5,YES
C14-2011-0141,CM_6,YES
C14-2011-0141,CM_7,YES
C14-2011-0141,CM_8,YES
C14-2011-0141,CM_9,NO
C14-2011-0141,CM_10,YES
C14-2011-0141,Mayor,YES
C14-2011-0141,CM_1,YES
C14-2011-0141,CM_2,YES
C14-2011-0141,CM_3,YES
C14-2011-0141,CM_4,NO
C14-2011-0141,CM_5,YES
C14-2011-0141,CM_6,NO
C14-2011-0141,CM_7,YES
C14-2011-0141,CM_8,YES
C14-2011-0141,CM_9,YES
C14-2011-0141,CM_10,NO
C14-2011-0141,Mayor,YES
C14-2011-0141,CM_1,YES
C14-2011-0141,CM_2,YES
C14-2011-0141,CM_3,YES
C14-2011-0141,CM_4,YES
C14-2011-0141,CM_5,NO
C14-2011-0141,CM_6,NO
C14-2011-0141,CM_7,YES
C14-2011-0141,CM_8,YES
C14-2011-0141,CM_9,YES
C14-2011-0141,CM_10,YES
C14-2011-0032,Mayor,YES
C14-2011-0032,CM_1,NO
C14-2011-0032,CM_2,YES
C14-2011-0032,CM_3,YES
C14-2011-0032,CM_4,NO
C14-2011-0032,CM_5,YES
C14-2011-0032,CM_6,YES
C14-2011-0032,CM_7,YES
C14-2011-0032,CM_8,YES
C14-2011-0032,CM_9,YES
C14-2011-0032,CM_10,YES
C14-2012-0052,Mayor,YES
C14-2012-0052,CM_1,YES
C14-2012-0052,CM_2,YES
C14-2012-0052,CM_3,YES
C14-2012-0052,CM_4,YES
C14-2012-0052,CM_5,YES
C14-2012-0052,CM_6,YES
C14-2012-0052,CM_7,NO
C14-2012-0052,CM_8,YES
C14-2012-0052,CM_9,YES
C14-2012-0052,CM_10,NO
C14-2012-0052,Mayor,YES
C14-2012-0052,CM_1,YES
C14-2012-0052,CM_2,YES
C14-2012-0052,CM_3,YES
C14-2012-0052,CM_4,YES
C14-2012-0052,CM_5,NO
C14-2012-0052,CM_6,YES
C14-2012-0052,CM_7,YES
C14-2012-0052,CM_8,YES
C14-2012-0052,CM_9,NO
C14-2012-0052,CM_10,YES
C14-2012-0052,Mayor,YES
C14-2012-0052,CM_1,YES
C14-2012-0052,CM_2,YES
C14-2012-0052,CM_3,NO
C14-2012-0052,CM_4,YES
C14-2012-0052,CM_5,YES
C14-2012-0052,CM_6,YES
C14-2012-0052,CM_7,YES
C14-2012-0052,CM_8,YES
C14-2012-0052,CM_9,YES
C14-2012-0052,CM_10,YES
C14-2012-0052,Mayor,YES
C14-2012-0052,CM_1,YES
C14-2012-0052,CM_2,YES
C14-2012-0052,CM_3,YES
C14-2012-0052,CM_4,YES
C14-2012-0052,CM_5,YES
C14-2012-0052,CM_6,NO
C14-2012-0052,CM_7,YES
C14-2012-0052,CM_8,YES
C14-2012-0052,CM_9,YES
C14-2012-0052,CM_10,NO
C14-2012-0052,Mayor,YES
C14-2012-0052,CM_1,NO
C14-2012-0052,CM_2,YES
C14-2012-0052,CM_3,YES
C14-2012-0052,CM_4,YES
C14-2012-0052,CM_5,YES
C14-2012-0052,CM_6,YES
C14-2012-0052,CM_7,YES
C14-2012-0052,CM_8,YES
C14-2012-0052,CM_9,YES
C14-2012-0052,CM_10,YES
C14-2012-0052,Mayor,YES
C14-2012-0052,CM_1,YES
C14-2012-0052,CM_2,NO
C14-2012-0052,CM_3,YES
C14-2012-0052,CM_4,YES
C14-2012-0052,CM_5,YES
C14-2012-0052,CM_6,NO
C14-2012-0052,CM_7,YES
C14-2012-0052,CM_8,NO
C14-2012-0052,CM_9,YES
C14-2012-0052,CM_10,YES
C14-2012-0067,Mayor,YES
C14-2012-0067,CM_1,NO
C14-2012-0067,CM_2,YES
C14-2012-0067,CM_3,YES
C14-2012-0067,CM_4,YES
C14-2012-0067,CM_5,YES
C14-2012-0067,CM_6,YES
C14-2012-0067,CM_7,YES
C14-2012-0067,CM_8,YES
C14-2012-0067,CM_9,YES
C14-2012-0067,CM_10,NO
C14-2012-0067,Mayor,NO
C14-2012-0067,CM_1,YES
C14-2012-0067,CM_2,YES
C14-2012-0067,CM_3,NO
C14-2012-0067,CM_4,YES
C14-2012-0067,CM_5,YES
C14-2012-0067,CM_6,YES
C14-2012-0067,CM_7,YES
C14-2012-0067,CM_8,YES
C14-2012-0067,CM_9,YES
C14-2012-0067,CM_10,NO
C14-2012-0067,Mayor,YES
C14-2012-0067,CM_1,YES
C14-2012-0067,CM_2,YES
C14-2012-0067,CM_3,YES
C14-2012-0067,CM_4,NO
C14-2012-0067,CM_5,YES
C14-2012-0067,CM_6,YES
C14-2012-0067,CM_7,NO
C14-2012-0067,CM_8,YES
C14-2012-0067,CM_9,YES
C14-2012-0067,CM_10,YES
C14-2012-0067,Mayor,YES
C14-2012-0067,CM_1,YES
C14-2012-0067,CM_2,YES
C14-2012-0067,CM_3,YES
C14-2012-0067,CM_4,YES
C14-2012-0067,CM_5,YES
C14-2012-0067,CM_6,YES
C14-2012-0067,CM_7,YES
C14-2012-0067,CM_8,YES
C14-2012-0067,CM_9,NO
C14-2012-0067,CM_10,YES
C14-2012-0067,Mayor,YES
C14-2012-0067,CM_1,NO
C14-2012-0067,CM_2,YES
C14-2012-0067,CM_3,YES
C14-2012-0067,CM_4,YES
C14-2012-0067,CM_5,YES
C14-2012-0067,CM_6,YES
C14-2012-0067,CM_7,YES
C14-2012-0067,CM_8,YES
C14-2012-0067,CM_9,YES
C14-2012-0067,CM_10,NO
C14-2012-0083,Mayor,YES
C14-2012-0083,CM_1,YES
C14-2012-0083,CM_2,YES
C14-2012-0083,CM_3,YES
C14-2012-0083,CM_4,NO
C14-2012-0083,CM_5,YES
C14-2012-0083,CM_6,YES
C14-2012-0083,CM_7,YES
C14-2012-0083,CM_8,YES
C14-2012-0083,CM_9,YES
C14-2012-0083,CM_10,YES
C14-2012-0083,Mayor,NO
C14-2012-0083,CM_1,YES
C14-2012-0083,CM_2,YES
C14-2012-0083,CM_3,YES
C14-2012-0083,CM_4,NO
C14-2012-0083,CM_5,YES
C14-2012-0083,CM_6,YES
C14-2012-0083,CM_7,YES
C14-2012-0083,CM_8,YES
C14-2012-0083,CM_9,YES
C14-2012-0083,CM_10,NO
C14-2012-0083,Mayor,YES
C14-2012-0083,CM_1,YES
C14-2012-0083,CM_2,YES
C14-2012-0083,CM_3,YES
C14-2012-0083,CM_4,YES
C14-2012-0083,CM_5,NO
C14-2012-0083,CM_6,YES
C14-2012-0083,CM_7,YES
C14-2012-0083,CM_8,YES
C14-2012-0083,CM_9,YES
C14-2012-0083,CM_10,NO
C14-2012-0083,Mayor,YES
C14-2012-0083,CM_1,YES
C14-2012-0083,CM_2,YES
C14-2012-0083,CM_3,YES
C14-2012-0083,CM_4,YES
C14-2012-0083,CM_5,YES
C14-2012-0083,CM_6,YES
C14-2012-0083,CM_7,YES
C14-2012-0083,CM_8,YES
C14-2012-0083,CM_9,YES
C14-2012-0083,CM_10,NO
C14-2012-0083,Mayor,YES
C14-2012-0083,CM_1,YES
C14-2012-0083,CM_2,YES
C14-2012-0083,CM_3,NO
C14-2012-0083,CM_4,YES
C14-2012-0083,CM_5,YES
C14-2012-0083,CM_6,YES
C14-2012-0083,CM_7,YES
C14-2012-0083,CM_8,YES
C14-2012-0083,CM_9,YES
C14-2012-0083,CM_10,NO
C14-2012-0083,Mayor,YES
C14-2012-0083,CM_1,NO
C14-2012-0083,CM_2,YES
C14-2012-0083,CM_3,NO
C14-2012-0083,CM_4,YES
C14-2012-0083,CM_5,YES
C14-2012-0083,CM_6,YES
C14-2012-0083,CM_7,YES
C14-2012-0083,CM_8,YES
C14-2012-0083,CM_9,YES
C14-2012-0083,CM_10,YES
C14-2012-0083,Mayor,YES
C14-2012-0083,CM_1,YES
C14-2012-0083,CM_2,YES
C14-2012-0083,CM_3,YES
C14-2012-0083,CM_4,YES
C14-2012-0083,CM_5,YES
C14-2012-0083,CM_6,YES
C14-2012-0083,CM_7,YES
C14-2012-0083,CM_8,YES
C14-2012-0083,CM_9,YES
C14-2012-0083,CM_10,NO
C14-2012-0083,Mayor,YES
C14-2012-0083,CM_1,YES
C14-2012-0083,CM_2,YES
C14-2012-0083,CM_3,NO
C14-2012-0083,CM_4,NO
C14-2012-0083,CM_5,YES
C14-2012-0083,CM_6,YES
C14-2012-0083,CM_7,YES
C14-2012-0083,CM_8,YES
C14-2012-0083,CM_9,YES
C14-2012-0083,CM_10,NO
C14-2012-0097,Mayor,YES
C14-2012-0097,CM_1,NO
C14-2012-0097,CM_2,YES
C14-2012-0097,CM_3,YES
C14-2012-0097,CM_4,YES
C14-2012-0097,CM_5,YES
C14-2012-0097,CM_6,YES
C14-2012-0097,CM_7,YES
C14-2012-0097,CM_8,NO
C14-2012-0097,CM_9,YES
C14-2012-0097,CM_10,NO
C14-2012-0097,Mayor,YES
C14-2012-0097,CM_1,YES
C14-2012-0097,CM_2,NO
C14-2012-0097,CM_3,YES
C14-2012-0097,CM_4,YES
C14-2012-0097,CM_5,YES
C14-2012-0097,CM_6,YES
C14-2012-0097,CM_7,YES
C14-2012-0097,CM_8,YES
C14-2012-0097,CM_9,YES
C14-2012-0097,CM_10,YES
C14-2012-0097,Mayor,YES
C14-2012-0097,CM_1,NO
C14-2012-0097,CM_2,YES
C14-2012-0097,CM_3,YES
C14-2012-0097,CM_4,YES
C14-2012-0097,CM_5,YES
C14-2012-0097,CM_6,YES
C14-2012-0097,CM_7,YES
C14-2012-0097,CM_8,YES
C14-2012-0097,CM_9,NO
C14-2012-0097,CM_10,YES
C14-2012-0097,Mayor,YES
C14-2012-0097,CM_1,YES
C14-2012-0097,CM_2,YES
C14-2012-0097,CM_3,NO
C14-2012-0097,CM_4,YES
C14-2012-0097,CM_5,YES
C14-2012-0097,CM_6,NO
C14-2012-0097,CM_7,YES
C14-2012-0097,CM_8,YES
C14-2012-0097,CM_9,YES
C14-2012-0097,CM_10,YES
C14-2012-0097,Mayor,YES
C14-2012-0097,CM_1,YES
C14-2012-0097,CM_2,YES
C14-2012-0097,CM_3,YES
C14-2012-0097,CM_4,YES
C14-2012-0097,CM_5,YES
C14-2012-0097,CM_6,YES
C14-2012-0097,CM_7,NO
C14-2012-0097,CM_8,YES
C14-2012-0097,CM_9,NO
C14-2012-0097,CM_10,YES
C14-2012-0097,Mayor,YES
C14-2012-0097,CM_1,YES
C14-2012-0097,CM_2,YES
C14-2012-0097,CM_3,YES
C14-2012-0097,CM_4,NO
C14-2012-0097,CM_5,YES
C14-2012-0097,CM_6,NO
C14-2012-0097,CM_7,NO
C14-2012-0097,CM_8,YES
C14-2012-0097,CM_9,YES
C14-2012-0097,CM_10,YES
C14-2012-0100,Mayor,YES
C14-2012-0100,CM_1,YES
C14-2012-0100,CM_2,YES
C14-2012-0100,CM_3,YES
C14-2012-0100,CM_4,YES
C14-2012-0100,CM_5,YES
C14-2012-0100,CM_6,YES
C14-2012-0100,CM_7,YES
C14-2012-0100,CM_8,YES
C14-2012-0100,CM_9,YES
C14-2012-0100,CM_10,YES
C14-2012-0100,Mayor,YES
C14-2012-0100,CM_1,YES
C14-2012-0100,CM_2,YES
C14-2012-0100,CM_3,YES
C14-2012-0100,CM_4,YES
C14-2012-0100,CM_5,YES
C14-2012-0100,CM_6,YES
C14-2012-0100,CM_7,YES
C14-2012-0100,CM_8,YES
C14-2012-0100,CM_9,YES
C14-2012-0100,CM_10,YES
C14-2012-0100,Mayor,YES
C14-2012-0100,CM_1,YES
C14-2012-0100,CM_2,YES
C14-2012-0100,CM_3,YES
C14-2012-0100,CM_4,YES
C14-2012-0100,CM_5,YES
C14-2012-0100,CM_6,YES
C14-2012-0100,CM_7,YES
C14-2012-0100,CM_8,YES
C14-2012-0100,CM_9,YES
C14-2012-0100,CM_10,YES
C14-2012-0100,Mayor,YES
C14-2012-0100,CM_1,YES
C14-2012-0100,CM_2,YES
C14-2012-0100,CM_3,YES
C14-2012-0100,CM_4,YES
C14-2012-0100,CM_5,YES
C14-2012-0100,CM_6,YES
C14-2012-0100,CM_7,YES
C14-2012-0100,CM_8,YES
C14-2012-0100,CM_9,YES
C14-2012-0100,CM_10,YES
C14-2012-0100,Mayor,YES
C14-2012-0100,CM_1,YES
C14-2012-0100,CM_2,YES
C14-2012-0100,CM_3,YES
C14-2012-0100,CM_4,YES
C14-2012-0100,CM_5,YES
C14-2012-0100,CM_6,YES
C14-2012-0100,CM_7,YES
C14-2012-0100,CM_8,YES
C14-2012-0100,CM_9,YES
C14-2012-0100,CM_10,YES
C14-2012-0109,Mayor,YES
C14-2012-0109,CM_1,NO
C14-2012-0109,CM_2,YES
C14-2012-0109,CM_3,NO
C14-2012-0109,CM_4,YES
C14-2012-0109,CM_5,YES
C14-2012-0109,CM_6,YES
C14-2012-0109,CM_7,YES
C14-2012-0109,CM_8,YES
C14-2012-0109,CM_9,YES
C14-2012-0109,CM_10,YES
C14-2012-0109,Mayor,YES
C14-2012-0109,CM_1,YES
C14-2012-0109,CM_2,YES
C14-2012-0109,CM_3,YES
C14-2012-0109,CM_4,YES
C14-2012-0109,CM_5,NO
C14-2012-0109,CM_6,NO
C14-2012-0109,CM_7,YES
C14-2012-0109,CM_8,YES
C14-2012-0109,CM_9,YES
C14-2012-0109,CM_10,YES
C14-2012-0109,Mayor,NO
C14-2012-0109,CM_1,YES
C14-2012-0109,CM_2,YES
C14-2012-0109,CM_3,YES
C14-2012-0109,CM_4,YES
C14-2012-0109,CM_5,YES
C14-2012-0109,CM_6,YES
C14-2012-0109,CM_7,YES
C14-2012-0109,CM_8,NO
C14-2012-0109,CM_9,YES
C14-2012-0109,CM_10,YES
C14-2012-0109,Mayor,YES
C14-2012-0109,CM_1,YES
C14-2012-0109,CM_2,YES
C14-2012-0109,CM_3,YES
C14-2012-0109,CM_4,YES
C14-2012-0109,CM_5,YES
C14-2012-0109,CM_6,YES
C14-2012-0109,CM_7,YES
C14-2012-0109,CM_8,YES
C14-2012-0109,CM_9,YES
C14-2012-0109,CM_10,NO
C14-2012-0116,Mayor,YES
C14-2012-0116,CM_1,YES
C14-2012-0116,CM_2,YES
C14-2012-0116,CM_3,YES
C14-2012-0116,CM_4,YES
C14-2012-0116,CM_5,YES
C14-2012-0116,CM_6,YES
C14-2012-0116,CM_7,NO
C14-2012-0116,CM_8,YES
C14-2012-0116,CM_9,YES
C14-2012-0116,CM_10,YES
C14-2012-0130,Mayor,YES
C14-2012-0130,CM_1,YES
C14-2012-0130,CM_2,YES
C14-2012-0130,CM_3,YES
C14-2012-0130,CM_4,YES
C14-2012-0130,CM_5,NO
C14-2012-0130,CM_6,NO
C14-2012-0130,CM_7,YES
C14-2012-0130,CM_8,YES
C14-2012-0130,CM_9,YES
C14-2012-0130,CM_10,YES
C14-2012-0130,Mayor,YES
C14-2012-0130,CM_1,YES
C14-2012-0130,CM_2,YES
C14-2012-0130,CM_3,YES
C14-2012-0130,CM_4,NO
C14-2012-0130,CM_5,YES
C14-2012-0130,CM_6,YES
C14-2012-0130,CM_7,YES
C14-2012-0130,CM_8,YES
C14-2012-0130,CM_9,NO
C14-2012-0130,CM_10,YES
C14-2012-0130,Mayor,YES
C14-2012-0130,CM_1,YES
C14-2012-0130,CM_2,YES
C14-2012-0130,CM_3,YES
C14-2012-0130,CM_4,YES
C14-2012-0130,CM_5,YES
C14-2012-0130,CM_6,YES
C14-2012-0130,CM_7,YES
C14-2012-0130,CM_8,YES
C14-2012-0130,CM_9,YES
C14-2012-0130,CM_10,NO
C14-2012-0130,Mayor,YES
C14-2012-0130,CM_1,YES
C14-2012-0130,CM_2,YES
C14-2012-0130,CM_3,YES
C14-2012-0130,CM_4,YES
C14-2012-0130,CM_5,YES
C14-2012-0130,CM_6,YES
C14-2012-0130,CM_7,NO
C14-2012-0130,CM_8,YES
C14-2012-0130,CM_9,YES
C14-2012-0130,CM_10,YES
C14-2012-0140,Mayor,YES
C14-2012-0140,CM_1,YES
C14-2012-0140,CM_2,NO
C14-2012-0140,CM_3,YES
C14-2012-0140,CM_4,YES
C14-2012-0140,CM_5,YES
C14-2012-0140,CM_6,YES
C14-2012-0140,CM_7,YES
C14-2012-0140,CM_8,YES
C14-2012-0140,CM_9,YES
C14-2012-0140,CM_10,NO
C14-2012-0140,Mayor,YES
C14-2012-0140,CM_1,YES
C14-2012-0140,CM_2,NO
C14-2012-0140,CM_3,YES
C14-2012-0140,CM_4,YES
C14-2012-0140,CM_5,YES
C14-2012-0140,CM_6,NO
C14-2012-0140,CM_7,YES
C14-2012-0140,CM_8,YES
C14-2012-0140,CM_9,YES
C14-2012-0140,CM_10,NO
C14-2012-0140,Mayor,YES
C14-2012-0140,CM_1,YES
C14-2012-0140,CM_2,NO
C14-2012-0140,CM_3,YES
C14-2012-0140,CM_4,YES
C14-2012-0140,CM_5,YES
C14-2012-0140,CM_6,YES
C14-2012-0140,CM_7,YES
C14-2012-0140,CM_8,YES
C14-2012-0140,CM_9,YES
C14-2012-0140,CM_10,YES
C14-2012-0140,Mayor,NO
C14-2012-0140,CM_1,YES
C14-2012-0140,CM_2,YES
C14-2012-0140,CM_3,YES
C14-2012-0140,CM_4,YES
C14-2012-0140,CM_5,YES
C14-2012-0140,CM_6,YES
C14-2012-0140,CM_7,YES
C14-2012-0140,CM_8,YES
C14-2012-0140,CM_9,YES
C14-2012-0140,CM_10,YES
C14-2013-0031,Mayor,YES
C14-2013-0031,CM_1,YES
C14-2013-0031,CM_2,YES
C14-2013-0031,CM_3,YES
C14-2013-0031,CM_4,YES
C14-2013-0031,CM_5,YES
C14-2013-0031,CM_6,YES
C14-2013-0031,CM_7,YES
C14-2013-0031,CM_8,NO
C14-2013-0031,CM_9,YES
C14-2013-0031,CM_10,YES
C14-2013-0031,Mayor,YES
C14-2013-0031,CM_1,NO
C14-2013-0031,CM_2,YES
C14-2013-0031,CM_3,YES
C14-2013-0031,CM_4,NO
C14-2013-0031,CM_5,YES
C14-2013-0031,CM_6,YES
C14-2013-0031,CM_7,NO
C14-2013-0031,CM_8,YES
C14-2013-0031,CM_9,YES
C14-2013-0031,CM_10,YES
C14-2013-0031,Mayor,YES
C14-2013-0031,CM_1,YES
C14-2013-0031,CM_2,YES
C14-2013-0031,CM_3,YES
C14-2013-0031,CM_4,YES
C14-2013-0031,CM_5,YES
C14-2013-0031,CM_6,YES
C14-2013-0031,CM_7,YES
C14-2013-0031,CM_8,YES
C14-2013-0031,CM_9,YES
C14-2013-0031,CM_10,NO
C14-2013-0031,Mayor,NO
C14-2013-0031,CM_1,YES
C14-2013-0031,CM_2,YES
C14-2013-0031,CM_3,YES
C14-2013-0031,CM_4,YES
C14-2013-0031,CM_5,YES
C14-2013-0031,CM_6,YES
C14-2013-0031,CM_7,YES
C14-2013-0031,CM_8,YES
C14-2013-0031,CM_9,NO
C14-2013-0031,CM_10,YES
C14-2013-0031,Mayor,YES
C14-2013-0031,CM_1,YES
C14-2013-0031,CM_2,YES
C14-2013-0031,CM_3,YES
C14-2013-0031,CM_4,YES
C14-2013-0031,CM_5,NO
C14-2013-0031,CM_6,YES
C14-2013-0031,CM_7,YES
C14-2013-0031,CM_8,YES
C14-2013-0031,CM_9,YES
C14-2013-0031,CM_10,NO
C14-2013-0034,Mayor,YES
C14-2013-0034,CM_1,YES
C14-2013-0034,CM_2,YES
C14-2013-0034,CM_3,NO
C14-2013-0034,CM_4,YES
C14-2013-0034,CM_5,YES
C14-2013-0034,CM_6,YES
C14-2013-0034,CM_7,YES
C14-2013-0034,CM_8,YES
C14-2013-0034,CM_9,YES
C14-2013-0034,CM_10,YES
C14-2013-0040,Mayor,YES
C14-2013-0040,CM_1,YES
C14-2013-0040,CM_2,YES
C14-2013-0040,CM_3,YES
C14-2013-0040,CM_4,NO
C14-2013-0040,CM_5,NO
C14-2013-0040,CM_6,YES
C14-2013-0040,CM_7,YES
C14-2013-0040,CM_8,YES
C14-2013-0040,CM_9,YES
C14-2013-0040,CM_10,YES
C14-2013-0040,Mayor,YES
C14-2013-0040,CM_1,YES
C14-2013-0040,CM_2,YES
C14-2013-0040,CM_3,NO
C14-2013-0040,CM_4,YES
C14-2013-0040,CM_5,NO
C14-2013-0040,CM_6,YES
C14-2013-0040,CM_7,YES
C14-2013-0040,CM_8,NO
C14-2013-0040,CM_9,YES
C14-2013-0040,CM_10,YES
C14-2013-0040,Mayor,NO
C14-2013-0040,CM_1,YES
C14-2013-0040,CM_2,YES
C14-2013-0040,CM_3,YES
C14-2013-0040,CM_4,YES
C14-2013-0040,CM_5,YES
C14-2013-0040,CM_6,YES
C14-2013-0040,CM_7,YES
C14-2013-0040,CM_8,YES
C14-2013-0040,CM_9,YES
C14-2013-0040,CM_10,YES
C14-2013-0040,Mayor,YES
C14-2013-0040,CM_1,YES
C14-2013-0040,CM_2,YES
C14-2013-0040,CM_3,YES
C14-2013-0040,CM_4,YES
C14-2013-0040,CM_5,YES
C14-2013-0040,CM_6,YES
C14-2013-0040,CM_7,NO
C14-2013-0040,CM_8,NO
C14-2013-0040,CM_9,NO
C14-2013-0040,CM_10,YES
C14-2013-0053,Mayor,YES
C14-2013-0053,CM_1,NO
C14-2013-0053,CM_2,NO
C14-2013-0053,CM_3,YES
C14-2013-0053,CM_4,YES
C14-2013-0053,CM_5,YES
C14-2013-0053,CM_6,YES
C14-2013-0053,CM_7,YES
C14-2013-0053,CM_8,YES
C14-2013-0053,CM_9,YES
C14-2013-0053,CM_10,NO
C14-2013-0053,Mayor,YES
C14-2013-0053,CM_1,YES
C14-2013-0053,CM_2,YES
C14-2013-0053,CM_3,NO
C14-2013-0053,CM_4,YES
C14-2013-0053,CM_5,YES
C14-2013-0053,CM_6,YES
C14-2013-0053,CM_7,YES
C14-2013-0053,CM_8,YES
C14-2013-0053,CM_9,YES
C14-2013-0053,CM_10,YES
C14-2013-0060,Mayor,YES
C14-2013-0060,CM_1,YES
C14-2013-0060,CM_2,YES
C14-2013-0060,CM_3,YES
C14-2013-0060,CM_4,YES
C14-2013-0060,CM_5,YES
C14-2013-0060,CM_6,YES
C14-2013-0060,CM_7,YES
C14-2013-0060,CM_8,YES
C14-2013-0060,CM_9,NO
C14-2013-0060,CM_10,YES
C14-2013-0060,Mayor,YES
C14-2013-0060,CM_1,YES
C14-2013-0060,CM_2,NO
C14-2013-0060,CM_3,YES
C14-2013-0060,CM_4,YES
C14-2013-0060,CM_5,YES
C14-2013-0060,CM_6,YES
C14-2013-0060,CM_7,YES
C14-2013-0060,CM_8,YES
C14-2013-0060,CM_9,YES
C14-2013-0060,CM_10,YES
C14-2013-0060,Mayor,YES
C14-2013-0060,CM_1,YES
C14-2013-0060,CM_2,NO
C14-2013-0060,CM_3,YES
C14-2013-0060,CM_4,YES
C14-2013-0060,CM_5,YES
C14-2013-0060,CM_6,NO
C14-2013-0060,CM_7,YES
C14-2013-0060,CM_8,YES
C14-2013-0060,CM_9,YES
C14-2013-0060,CM_10,NO
C14-2013-0060,Mayor,YES
C14-2013-0060,CM_1,YES
C14-2013-0060,CM_2,YES
C14-2013-0060,CM_3,YES
C14-2013-0060,CM_4,NO
C14-2013-0060,CM_5,NO
C14-2013-0060,CM_6,YES
C14-2013-0060,CM_7,YES
C14-2013-0060,CM_8,YES
C14-2013-0060,CM_9,YES
C14-2013-0060,CM_10,YES
C14-2013-0060,Mayor,YES
C14-2013-0060,CM_1,YES
C14-2013-0060,CM_2,YES
C14-2013-0060,CM_3,YES
C14-2013-0060,CM_4,NO
C14-2013-0060,CM_5,YES
C14-2013-0060,CM_6,YES
C14-2013-0060,CM_7,YES
C14-2013-0060,CM_8,YES
C14-2013-0060,CM_9,YES
C14-2013-0060,CM_10,YES
C14-2013-0087,Mayor,YES
C14-2013-0087,CM_1,YES
C14-2013-0087,CM_2,YES
C14-2013-0087,CM_3,YES
C14-2013-0087,CM_4,YES
C14-2013-0087,CM_5,YES
C14-2013-0087,CM_6,YES
C14-2013-0087,CM_7,YES
C14-2013-0087,CM_8,YES
C14-2013-0087,CM_9,YES
C14-2013-0087,CM_10,NO
C14-2013-0095,Mayor,YES
C14-2013-0095,CM_1,YES
C14-2013-0095,CM_2,YES
C14-2013-0095,CM_3,NO
C14-2013-0095,CM_4,YES
C14-2013-0095,CM_5,NO
C14-2013-0095,CM_6,YES
C14-2013-0095,CM_7,YES
C14-2013-0095,CM_8,YES
C14-2013-0095,CM_9,YES
C14-2013-0095,CM_10,YES
C14-2013-0095,Mayor,YES
C14-2013-0095,CM_1,YES
C14-2013-0095,CM_2,YES
C14-2013-0095,CM_3,YES
C14-2013-0095,CM_4,NO
C14-2013-0095,CM_5,YES
C14-2013-0095,CM_6,YES
C14-2013-0095,CM_7,YES
C14-2013-0095,CM_8,YES
C14-2013-0095,CM_9,YES
C14-2013-0095,CM_10,YES
C14-2013-0095,Mayor,YES
C14-2013-0095,CM_1,YES
C14-2013-0095,CM_2,YES
C14-2013-0095,CM_3,NO
C14-2013-0095,CM_4,NO
C14-2013-0095,CM_5,YES
C14-2013-0095,CM_6,YES
C14-2013-0095,CM_7,YES
C14-2013-0095,CM_8,YES
C14-2013-0095,CM_9,YES
C14-2013-0095,CM_10,YES
C14-2013-0096,Mayor,YES
C14-2013-0096,CM_1,YES
C14-2013-0096,CM_2,YES
C14-2013-0096,CM_3,YES
C14-2013-0096,CM_4,YES
C14-2013-0096,CM_5,YES
C14-2013-0096,CM_6,YES
C14-2013-0096,CM_7,NO
C14-2013-0096,CM_8,YES
C14-2013-0096,CM_9,YES
C14-2013-0096,CM_10,YES
C14-2013-0096,Mayor,YES
C14-2013-0096,CM_1,YES
C14-2013-0096,CM_2,YES
C14-2013-0096,CM_3,YES
C14-2013-0096,CM_4,YES
C14-2013-0096,CM_5,NO
C14-2013-0096,CM_6,YES
C14-2013-0096,CM_7,YES
C14-2013-0096,CM_8,YES
C14-2013-0096,CM_9,YES
C14-2013-0096,CM_10,YES
C14-2013-0096,Mayor,YES
C14-2013-0096,CM_1,YES
C14-2013-0096,CM_2,YES
C14-2013-0096,CM_3,YES
C14-2013-0096,CM_4,NO
C14-2013-0096,CM_5,YES
C14-2013-0096,CM_6,YES
C14-2013-0096,CM_7,YES
C14-2013-0096,CM_8,NO
C14-2013-0096,CM_9,NO
C14-2013-0096,CM_10,YES
C14-2013-0097,Mayor,YES
C14-2013-0097,CM_1,YES
C14-2013-0097,CM_2,YES
C14-2013-0097,CM_3,NO
C14-2013-0097,CM_4,YES
C14-2013-0097,CM_5,YES
C14-2013-0097,CM_6,YES
C14-2013-0097,CM_7,YES
C14-2013-0097,CM_8,NO
C14-2013-0097,CM_9,YES
C14-2013-0097,CM_10,YES
C14-2013-0097,Mayor,YES
C14-2013-0097,CM_1,NO
C14-2013-0097,CM_2,YES
C14-2013-0097,CM_3,YES
C14-2013-0097,CM_4,NO
C14-2013-0097,CM_5,YES
C14-2013-0097,CM_6,YES
C14-2013-0097,CM_7,YES
C14-2013-0097,CM_8,YES
C14-2013-0097,CM_9,YES
C14-2013-0097,CM_10,YES
C14-2013-0097,Mayor,YES
C14-2013-0097,CM_1,YES
C14-2013-0097,CM_2,YES
C14-2013-0097,CM_3,YES
C14-2013-0097,CM_4,YES
C14-2013-0097,CM_5,YES
C14-2013-0097,CM_6,YES
C14-2013-0097,CM_7,NO
C14-2013-0097,CM_8,YES
C14-2013-0097,CM_9,YES
C14-2013-0097,CM_10,YES
C14-2013-0098,Mayor,YES
C14-2013-0098,CM_1,YES
C14-2013-0098,CM_2,YES
C14-2013-0098,CM_3,YES
C14-2013-0098,CM_4,NO
C14-2013-0098,CM_5,YES
C14-2013-0098,CM_6,YES
C14-2013-0098,CM_7,YES
C14-2013-0098,CM_8,YES
C14-2013-0098,CM_9,YES
C14-2013-0098,CM_10,YES
C14-2013-0098,Mayor,NO
C14-2013-0098,CM_1,YES
C14-2013-0098,CM_2,YES
C14-2013-0098,CM_3,YES
C14-2013-0098,CM_4,YES
C14-2013-0098,CM_5,YES
C14-2013-0098,CM_6,YES
C14-2013-0098,CM_7,NO
C14-2013-0098,CM_8,YES
C14-2013-0098,CM_9,YES
C14-2013-0098,CM_10,YES
C14-2013-0098,Mayor,YES
C14-2013-0098,CM_1,YES
C14-2013-0098,CM_2,YES
C14-2013-0098,CM_3,YES
C14-2013-0098,CM_4,YES
C14-2013-0098,CM_5,NO
C14-2013-0098,CM_6,YES
C14-2013-0098,CM_7,YES
C14-2013-0098,CM_8,YES
C14-2013-0098,CM_9,YES
C14-2013-0098,CM_10,YES
C14-2013-0104,Mayor,NO
C14-2013-0104,CM_1,YES
C14-2013-0104,CM_2,YES
C14-2013-0104,CM_3,YES
C14-2013-0104,CM_4,NO
C14-2013-0104,CM_5,YES
C14-2013-0104,CM_6,YES
C14-2013-0104,CM_7,YES
C14-2013-0104,CM_8,YES
C14-2013-0104,CM_9,YES
C14-2013-0104,CM_10,YES
C14-2013-0104,Mayor,YES
C14-2013-0104,CM_1,YES
C14-2013-0104,CM_2,YES
C14-2013-0104,CM_3,YES
C14-2013-0104,CM_4,NO
C14-2013-0104,CM_5,YES
C14-2013-0104,CM_6,YES
C14-2013-0104,CM_7,YES
C14-2013-0104,CM_8,YES
C14-2013-0104,CM_9,YES
C14-2013-0104,CM_10,YES
C14-2013-0126,Mayor,YES
C14-2013-0126,CM_1,YES
C14-2013-0126,CM_2,YES
C14-2013-0126,CM_3,YES
C14-2013-0126,CM_4,YES
C14-2013-0126,CM_5,YES
C14-2013-0126,CM_6,YES
C14-2013-0126,CM_7,YES
C14-2013-0126,CM_8,YES
C14-2013-0126,CM_9,YES
C14-2013-0126,CM_10,YES
C14-2013-0107,Mayor,YES
C14-2013-0107,CM_1,YES
C14-2013-0107,CM_2,YES
C14-2013-0107,CM_3,YES
C14-2013-0107,CM_4,NO
C14-2013-0107,CM_5,YES
C14-2013-0107,CM_6,YES
C14-2013-0107,CM_7,NO
C14-2013-0107,CM_8,YES
C14-2013-0107,CM_9,YES
C14-2013-0107,CM_10,YES
C14-2013-0107,Mayor,YES
C14-2013-0107,CM_1,NO
C14-2013-0107,CM_2,YES
C14-2013-0107,CM_3,YES
C14-2013-0107,CM_4,YES
C14-2013-0107,CM_5,NO
C14-2013-0107,CM_6,NO
C14-2013-0107,CM_7,YES
C14-2013-0107,CM_8,YES
C14-2013-0107,CM_9,YES
C14-2013-0107,CM_10,YES
C14-2013-0107,Mayor,YES
C14-2013-0107,CM_1,YES
C14-2013-0107,CM_2,YES
C14-2013-0107,CM_3,NO
C14-2013-0107,CM_4,NO
C14-2013-0107,CM_5,YES
C14-2013-0107,CM_6,YES
C14-2013-0107,CM_7,YES
C14-2013-0107,CM_8,YES
C14-2013-0107,CM_9,YES
C14-2013-0107,CM_10,NO
C14-2013-0022,Mayor,YES
C14-2013-0022,CM_1,YES
C14-2013-0022,CM_2,YES
C14-2013-0022,CM_3,YES
C14-2013-0022,CM_4,YES
C14-2013-0022,CM_5,NO
C14-2013-0022,CM_6,YES
C14-2013-0022,CM_7,YES
C14-2013-0022,CM_8,YES
C14-2013-0022,CM_9,YES
C14-2013-0022,CM_10,YES
C14-2013-0158,Mayor,YES
C14-2013-0158,CM_1,NO
C14-2013-0158,CM_2,YES
C14-2013-0158,CM_3,YES
C14-2013-0158,CM_4,YES
C14-2013-0158,CM_5,YES
C14-2013-0158,CM_6,YES
C14-2013-0158,CM_7,YES
C14-2013-0158,CM_8,NO
C14-2013-0158,CM_9,YES
C14-2013-0158,CM_10,YES
C14-2013-0158,Mayor,YES
C14-2013-0158,CM_1,YES
C14-2013-0158,CM_2,YES
C14-2013-0158,CM_3,YES
C14-2013-0158,CM_4,YES
C14-2013-0158,CM_5,YES
C14-2013-0158,CM_6,YES
C14-2013-0158,CM_7,YES
C14-2013-0158,CM_8,YES
C14-2013-0158,CM_9,NO
C14-2013-0158,CM_10,YES
C14-2013-0158,Mayor,YES
C14-2013-0158,CM_1,YES
C14-2013-0158,CM_2,YES
C14-2013-0158,CM_3,YES
C14-2013-0158,CM_4,YES
C14-2013-0158,CM_5,NO
C14-2013-0158,CM_6,YES
C14-2013-0158,CM_7,NO
C14-2013-0158,CM_8,YES
C14-2013-0158,CM_9,YES
C14-2013-0158,CM_10,YES
C14-2013-0158,Mayor,YES
C14-2013-0158,CM_1,YES
C14-2013-0158,CM_2,YES
C14-2013-0158,CM_3,YES
C14-2013-0158,CM_4,YES
C14-2013-0158,CM_5,YES
C14-2013-0158,CM_6,YES
C14-2013-0158,CM_7,YES
C14-2013-0158,CM_8,YES
C14-2013-0158,CM_9,NO
C14-2013-0158,CM_10,NO
C14-2013-0158,Mayor,YES
C14-2013-0158,CM_1,YES
C14-2013-0158,CM_2,YES
C14-2013-0158,CM_3,YES
C14-2013-0158,CM_4,YES
C14-2013-0158,CM_5,YES
C14-2013-0158,CM_6,YES
C14-2013-0158,CM_7,YES
C14-2013-0158,CM_8,NO
C14-2013-0158,CM_9,YES
C14-2013-0158,CM_10,YES
C14-2013-0158,Mayor,YES
C14-2013-0158,CM_1,YES
C14-2013-0158,CM_2,YES
C14-2013-0158,CM_3,YES
C14-2013-0158,CM_4,YES
C14-2013-0158,CM_5,YES
C14-2013-0158,CM_6,YES
C14-2013-0158,CM_7,YES
C14-2013-0158,CM_8,YES
C14-2013-0158,CM_9,NO
C14-2013-0158,CM_10,YES
C14-2013-0158,Mayor,YES
C14-2013-0158,CM_1,YES
C14-2013-0158,CM_2,YES
C14-2013-0158,CM_3,YES
C14-2013-0158,CM_4,NO
C14-2013-0158,CM_5,YES
C14-2013-0158,CM_6,YES
C14-2013-0158,CM_7,YES
C14-2013-0158,CM_8,YES
C14-2013-0158,CM_9,YES
C14-2013-0158,CM_10,NO
C14-2014-0015,Mayor,YES
C14-2014-0015,CM_1,NO
C14-2014-0015,CM_2,NO
C14-2014-0015,CM_3,YES
C14-2014-0015,CM_4,YES
C14-2014-0015,CM_5,YES
C14-2014-0015,CM_6,NO
C14-2014-0015,CM_7,YES
C14-2014-0015,CM_8,YES
C14-2014-0015,CM_9,YES
C14-2014-0015,CM_10,YES
C14-2014-0015,Mayor,YES
C14-2014-0015,CM_1,YES
C14-2014-0015,CM_2,NO
C14-2014-0015,CM_3,NO
C14-2014-0015,CM_4,YES
C14-2014-0015,CM_5,YES
C14-2014-0015,CM_6,YES
C14-2014-0015,CM_7,YES
C14-2014-0015,CM_8,YES
C14-2014-0015,CM_9,YES
C14-2014-0015,CM_10,YES
C14-2014-0031.SH,Mayor,YES
C14-2014-0031.SH,CM_1,YES
C14-2014-0031.SH,CM_2,YES
C14-2014-0031.SH,CM_3,YES
C14-2014-0031.SH,CM_4,YES
C14-2014-0031.SH,CM_5,YES
C14-2014-0031.SH,CM_6,YES
C14-2014-0031.SH,CM_7,YES
C14-2014-0031.SH,CM_8,YES
C14-2014-0031.SH,CM_9,YES
C14-2014-0031.SH,CM_10,YES
C14-2014-0036,Mayor,NO
C14-2014-0036,CM_1,YES
C14-2014-0036,CM_2,YES
C14-2014-0036,CM_3,NO
C14-2014-0036,CM_4,NO
C14-2014-0036,CM_5,YES
C14-2014-0036,CM_6,YES
C14-2014-0036,CM_7,YES
C14-2014-0036,CM_8,YES
C14-2014-0036,CM_9,YES
C14-2014-0036,CM_10,YES
C14-2014-0036,Mayor,YES
C14-2014-0036,CM_1,NO
C14-2014-0036,CM_2,YES
C14-2014-0036,CM_3,NO
C14-2014-0036,CM_4,NO
C14-2014-0036,CM_5,YES
C14-2014-0036,CM_6,YES
C14-2014-0036,CM_7,YES
C14-2014-0036,CM_8,YES
C14-2014-0036,CM_9,YES
C14-2014-0036,CM_10,YES
C14-2014-0036,Mayor,YES
C14-2014-0036,CM_1,YES
C14-2014-0036,CM_2,YES
C14-2014-0036,CM_3,YES
C14-2014-0036,CM_4,NO
C14-2014-0036,CM_5,YES
C14-2014-0036,CM_6,YES
C14-2014-0036,CM_7,YES
C14-2014-0036,CM_8,YES
C14-2014-0036,CM_9,YES
C14-2014-0036,CM_10,YES
C14-2014-0047,Mayor,NO
C14-2014-0047,CM_1,YES
C14-2014-0047,CM_2,YES
C14-2014-0047,CM_3,YES
C14-2014-0047,CM_4,NO
C14-2014-0047,CM_5,YES
C14-2014-0047,CM_6,YES
C14-2014-0047,CM_7,YES
C14-2014-0047,CM_8,NO
C14-2014-0047,CM_9,YES
C14-2014-0047,CM_10,YES
C14-2014-0047,Mayor,YES
C14-2014-0047,CM_1,YES
C14-2014-0047,CM_2,YES
C14-2014-0047,CM_3,YES
C14-2014-0047,CM_4,YES
C14-2014-0047,CM_5,YES
C14-2014-0047,CM_6,YES
C14-2014-0047,CM_7,YES
C14-2014-0047,CM_8,YES
C14-2014-0047,CM_9,YES
C14-2014-0047,CM_10,NO
C14-2014-0047,Mayor,NO
C14-2014-0047,CM_1,YES
C14-2014-0047,CM_2,YES
C14-2014-0047,CM_3,YES
C14-2014-0047,CM_4,YES
C14-2014-0047,CM_5,NO
C14-2014-0047,CM_6,YES
C14-2014-0047,CM_7,YES
C14-2014-0047,CM_8,YES
C14-2014-0047,CM_9,YES
C14-2014-0047,CM_10,YES
C14-2014-0070,Mayor,YES
C14-2014-0070,CM_1,YES
C14-2014-0070,CM_2,YES
C14-2014-0070,CM_3,YES
C14-2014-0070,CM_4,YES
C14-2014-0070,CM_5,YES
C14-2014-0070,CM_6,NO
C14-2014-0070,CM_7,YES
C14-2014-0070,CM_8,NO
C14-2014-0070,CM_9,YES
C14-2014-0070,CM_10,YES
C14-2014-0070,Mayor,YES
C14-2014-0070,CM_1,NO
C14-2014-0070,CM_2,YES
C14-2014-0070,CM_3,YES
C14-2014-0070,CM_4,YES
C14-2014-0070,CM_5,YES
C14-2014-0070,CM_6,YES
C14-2014-0070,CM_7,NO
C14-2014-0070,CM_8,NO
C14-2014-0070,CM_9,YES
C14-2014-0070,CM_10,YES
C14-2014-0123,Mayor,YES
C14-2014-0123,CM_1,YES
C14-2014-0123,CM_2,YES
C14-2014-0123,CM_3,YES
C14-2014-0123,CM_4,YES
C14-2014-0123,CM_5,YES
C14-2014-0123,CM_6,YES
C14-2014-0123,CM_7,YES
C14-2014-0123,CM_8,YES
C14-2014-0123,CM_9,YES
C14-2014-0123,CM_10,YES
C14-2014-0123,Mayor,YES
C14-2014-0123,CM_1,YES
C14-2014-0123,CM_2,YES
C14-2014-0123,CM_3,YES
C14-2014-0123,CM_4,YES
C14-2014-0123,CM_5,YES
C14-2014-0123,CM_6,YES
C14-2014-0123,CM_7,YES
C14-2014-0123,CM_8,YES
C14-2014-0123,CM_9,YES
C14-2014-0123,CM_10,YES
C14-2014-0123,Mayor,YES
C14-2014-0123,CM_1,YES
C14-2014-0123,CM_2,YES
C14-2014-0123,CM_3,YES
C14-2014-0123,CM_4,YES
C14-2014-0123,CM_5,YES
C14-2014-0123,CM_6,YES
C14-2014-0123,CM_7,YES
C14-2014-0123,CM_8,YES
C14-2014-0123,CM_9,YES
C14-2014-0123,CM_10,YES
C14-2014-0127,Mayor,YES
C14-2014-0127,CM_1,YES
C14-2014-0127,CM_2,YES
C14-2014-0127,CM_3,YES
C14-2014-0127,CM_4,YES
C14-2014-0127,CM_5,NO
C14-2014-0127,CM_6,YES
C14-2014-0127,CM_7,YES
C14-2014-0127,CM_8,YES
C14-2014-0127,CM_9,YES
C14-2014-0127,CM_10,YES
C14-2014-0127,Mayor,NO
C14-2014-0127,CM_1,YES
C14-2014-0127,CM_2,YES
C14-2014-0127,CM_3,YES
C14-2014-0127,CM_4,YES
C14-2014-0127,CM_5,YES
C14-2014-0127,CM_6,YES
C14-2014-0127,CM_7,NO
C14-2014-0127,CM_8,YES
C14-2014-0127,CM_9,YES
C14-2014-0127,CM_10,YES
C14-2014-0159,Mayor,YES
C14-2014-0159,CM_1,YES
C14-2014-0159,CM_2,YES
C14-2014-0159,CM_3,YES
C14-2014-0159,CM_4,YES
C14-2014-0159,CM_5,YES
C14-2014-0159,CM_6,YES
C14-2014-0159,CM_7,YES
C14-2014-0159,CM_8,NO
C14-2014-0159,CM_9,YES
C14-2014-0159,CM_10,YES
C14-2014-0178,Mayor,YES
C14-2014-0178,CM_1,YES
C14-2014-0178,CM_2,NO
C14-2014-0178,CM_3,YES
C14-2014-0178,CM_4,YES
C14-2014-0178,CM_5,YES
C14-2014-0178,CM_6,YES
C14-2014-0178,CM_7,YES
C14-2014-0178,CM_8,YES
C14-2014-0178,CM_9,NO
C14-2014-0178,CM_10,YES
C14-2014-0178,Mayor,YES
C14-2014-0178,CM_1,YES
C14-2014-0178,CM_2,YES
C14-2014-0178,CM_3,YES
C14-2014-0178,CM_4,YES
C14-2014-0178,CM_5,YES
C14-2014-0178,CM_6,YES
C14-2014-0178,CM_7,YES
C14-2014-0178,CM_8,YES
C14-2014-0178,CM_9,NO
C14-2014-0178,CM_10,YES
C14-2014-0178,Mayor,YES
C14-2014-0178,CM_1,NO
C14-2014-0178,CM_2,YES
C14-2014-0178,CM_3,YES
C14-2014-0178,CM_4,YES
C14-2014-0178,CM_5,YES
C14-2014-0178,CM_6,YES
C14-2014-0178,CM_7,YES
C14-2014-0178,CM_8,NO
C14-2014-0178,CM_9,YES
C14-2014-0178,CM_10,YES
C14-2014-0193,Mayor,NO
C14-2014-0193,CM_1,YES
C14-2014-0193,CM_2,YES
C14-2014-0193,CM_3,NO
C14-2014-0193,CM_4,YES
C14-2014-0193,CM_5,YES
C14-2014-0193,CM_6,YES
C14-2014-0193,CM_7,YES
C14-2014-0193,CM_8,NO
C14-2014-0193,CM_9,YES
C14-2014-0193,CM_10,YES
C14-2014-0193,Mayor,YES
C14-2014-0193,CM_1,YES
C14-2014-0193,CM_2,YES
C14-2014-0193,CM_3,YES
C14-2014-0193,CM_4,YES
C14-2014-0193,CM_5,YES
C14-2014-0193,CM_6,YES
C14-2014-0193,CM_7,YES
C14-2014-0193,CM_8,YES
C14-2014-0193,CM_9,YES
C14-2014-0193,CM_10,NO
C14-2014-0193,Mayor,YES
C14-2014-0193,CM_1,NO
C14-2014-0193,CM_2,YES
C14-2014-0193,CM_3,YES
C14-2014-0193,CM_4,YES
C14-2014-0193,CM_5,YES
C14-2014-0193,CM_6,YES
C14-2014-0193,CM_7,YES
C14-2014-0193,CM_8,YES
C14-2014-0193,CM_9,YES
C14-2014-0193,CM_10,YES
C14-2014-0193,Mayor,YES
C14-2014-0193,CM_1,YES
C14-2014-0193,CM_2,NO
C14-2014-0193,CM_3,YES
C14-2014-0193,CM_4,YES
C14-2014-0193,CM_5,YES
C14-2014-0193,CM_6,YES
C14-2014-0193,CM_7,NO
C14-2014-0193,CM_8,YES
C14-2014-0193,CM_9,YES
C14-2014-0193,CM_10,YES
C14-2014-0193,Mayor,YES
C14-2014-0193,CM_1,NO
C14-2014-0193,CM_2,YES
C14-2014-0193,CM_3,YES
C14-2014-0193,CM_4,YES
C14-2014-0193,CM_5,YES
C14-2014-0193,CM_6,YES
C14-2014-0193,CM_7,YES
C14-2014-0193,CM_8,YES
C14-2014-0193,CM_9,YES
C14-2014-0193,CM_10,YES
C14-2014-0194,Mayor,YES
C14-2014-0194,CM_1,YES
C14-2014-0194,CM_2,YES
C14-2014-0194,CM_3,YES
C14-2014-0194,CM_4,YES
C14-2014-0194,CM_5,NO
C14-2014-0194,CM_6,YES
C14-2014-0194,CM_7,YES
C14-2014-0194,CM_8,YES
C14-2014-0194,CM_9,YES
C14-2014-0194,CM_10,NO
C14H-2014-0014,Mayor,YES
C14H-2014-0014,CM_1,YES
C14H-2014-0014,CM_2,YES
C14H-2014-0014,CM_3,YES
C14H-2014-0014,CM_4,NO
C14H-2014-0014,CM_5,YES
C14H-2014-0014,CM_6,YES
C14H-2014-0014,CM_7,YES
C14H-2014-0014,CM_8,YES
C14H-2014-0014,CM_9,YES
C14H-2014-0014,CM_10,YES
C14H-2014-0014,Mayor,YES
C14H-2014-0014,CM_1,YES
C14H-2014-0014,CM_2,NO
C14H-2014-0014,CM_3,YES
C14H-2014-0014,CM_4,YES
C14H-2014-0014,CM_5,NO
C14H-2014-0014,CM_6,YES
C14H-2014-0014,CM_7,YES
C14H-2014-0014,CM_8,YES
C14H-2014-0014,CM_9,YES
C14H-2014-0014,CM_10,YES
C14H-2014-0014,Mayor,YES
C14H-2014-0014,CM_1,YES
C14H-2014-0014,CM_2,YES
C14H-2014-0014,CM_3,NO
C14H-2014-0014,CM_4,NO
C14H-2014-0014,CM_5,YES
C14H-2014-0014,CM_6,YES
C14H-2014-0014,CM_7,YES
C14H-2014-0014,CM_8,NO
C14H-2014-0014,CM_9,YES
C14H-2014-0014,CM_10,YES
C14-2014-0120,Mayor,YES
C14-2014-0120,CM_1,YES
C14-2014-0120,CM_2,YES
C14-2014-0120,CM_3,YES
C14-2014-0120,CM_4,YES
C14-2014-0120,CM_5,YES
C14-2014-0120,CM_6,YES
C14-2014-0120,CM_7,YES
C14-2014-0120,CM_8,YES
C14-2014-0120,CM_9,YES
C14-2014-0120,CM_10,YES
C14-2015-0119,Mayor,YES
C14-2015-0119,CM_1,NO
C14-2015-0119,CM_2,YES
C14-2015-0119,CM_3,YES
C14-2015-0119,CM_4,NO
C14-2015-0119,CM_5,YES
C14-2015-0119,CM_6,YES
C14-2015-0119,CM_7,YES
C14-2015-0119,CM_8,YES
C14-2015-0119,CM_9,YES
C14-2015-0119,CM_10,YES
C14-2015-0119,Mayor,YES
C14-2015-0119,CM_1,YES
C14-2015-0119,CM_2,YES
C14-2015-0119,CM_3,YES
C14-2015-0119,CM_4,YES
C14-2015-0119,CM_5,NO
C14-2015-0119,CM_6,YES
C14-2015-0119,CM_7,YES
C14-2015-0119,CM_8,YES
C14-2015-0119,CM_9,YES
C14-2015-0119,CM_10,YES
C14-2015-0119,Mayor,YES
C14-2015-0119,CM_1,NO
C14-2015-0119,CM_2,YES
C14-2015-0119,CM_3,NO
C14-2015-0119,CM_4,YES
C14-2015-0119,CM_5,YES
C14-2015-0119,CM_6,YES
C14-2015-0119,CM_7,YES
C14-2015-0119,CM_8,YES
C14-2015-0119,CM_9,YES
C14-2015-0119,CM_10,YES
C14-2015-0119,Mayor,NO
C14-2015-0119,CM_1,YES
C14-2015-0119,CM_2,YES
C14-2015-0119,CM_3,YES
C14-2015-0119,CM_4,NO
C14-2015-0119,CM_5,YES
C14-2015-0119,CM_6,NO
C14-2015-0119,CM_7,YES
C14-2015-0119,CM_8,YES
C14-2015-0119,CM_9,YES
C14-2015-0119,CM_10,YES
C14-2015-0119,Mayor,YES
C14-2015-0119,CM_1,NO
C14-2015-0119,CM_2,YES
C14-2015-0119,CM_3,YES
C14-2015-0119,CM_4,YES
C14-2015-0119,CM_5,YES
C14-2015-0119,CM_6,YES
C14-2015-0119,CM_7,YES
C14-2015-0119,CM_8,YES
C14-2015-0119,CM_9,YES
C14-2015-0119,CM_10,YES
C14-2015-0119,Mayor,YES
C14-2015-0119,CM_1,NO
C14-2015-0119,CM_2,YES
C14-2015-0119,CM_3,YES
C14-2015-0119,CM_4,YES
C14-2015-0119,CM_5,YES
C14-2015-0119,CM_6,YES
C14-2015-0119,CM_7,YES
C14-2015-0119,CM_8,NO
C14-2015-0119,CM_9,YES
C14-2015-0119,CM_10,YES
C14-2015-0001,Mayor,YES
C14-2015-0001,CM_1,YES
C14-2015-0001,CM_2,YES
C14-2015-0001,CM_3,NO
C14-2015-0001,CM_4,YES
C14-2015-0001,CM_5,YES
C14-2015-0001,CM_6,YES
C14-2015-0001,CM_7,YES
C14-2015-0001,CM_8,YES
C14-2015-0001,CM_9,YES
C14-2015-0001,CM_10,NO
C14-2015-0001,Mayor,YES
C14-2015-0001,CM_1,YES
C14-2015-0001,CM_2,NO
C14-2015-0001,CM_3,YES
C14-2015-0001,CM_4,YES
C14-2015-0001,CM_5,YES
C14-2015-0001,CM_6,YES
C14-2015-0001,CM_7,YES
C14-2015-0001,CM_8,YES
C14-2015-0001,CM_9,YES
C14-2015-0001,CM_10,YES
C14-2015-0001,Mayor,YES
C14-2015-0001,CM_1,YES
C14-2015-0001,CM_2,YES
C14-2015-0001,CM_3,YES
C14-2015-0001,CM_4,YES
C14-2015-0001,CM_5,YES
C14-2015-0001,CM_6,YES
C14-2015-0001,CM_7,YES
C14-2015-0001,CM_8,YES
C14-2015-0001,CM_9,NO
C14-2015-0001,CM_10,YES
C14-2015-0003,Mayor,YES
C14-2015-0003,CM_1,YES
C14-2015-0003,CM_2,YES
C14-2015-0003,CM_3,YES
C14-2015-0003,CM_4,YES
C14-2015-0003,CM_5,NO
C14-2015-0003,CM_6,YES
C14-2015-0003,CM_7,YES
C14-2015-0003,CM_8,YES
C14-2015-0003,CM_9,YES
C14-2015-0003,CM_10,YES
C14-2015-0019,Mayor,NO
C14-2015-0019,CM_1,YES
C14-2015-0019,CM_2,YES
C14-2015-0019,CM_3,YES
C14-2015-0019,CM_4,YES
C14-2015-0019,CM_5,YES
C14-2015-0019,CM_6,NO
C14-2015-0019,CM_7,YES
C14-2015-0019,CM_8,YES
C14-2015-0019,CM_9,NO
C14-2015-0019,CM_10,YES
C14-2015-0025,Mayor,YES
C14-2015-0025,CM_1,YES
C14-2015-0025,CM_2,YES
C14-2015-0025,CM_3,YES
C14-2015-0025,CM_4,YES
C14-2015-0025,CM_5,NO
C14-2015-0025,CM_6,YES
C14-2015-0025,CM_7,YES
C14-2015-0025,CM_8,YES
C14-2015-0025,CM_9,YES
C14-2015-0025,CM_10,YES
C14-2015-0025,Mayor,YES
C14-2015-0025,CM_1,YES
C14-2015-0025,CM_2,NO
C14-2015-0025,CM_3,NO
C14-2015-0025,CM_4,YES
C14-2015-0025,CM_5,YES
C14-2015-0025,CM_6,YES
C14-2015-0025,CM_7,YES
C14-2015-0025,CM_8,YES
C14-2015-0025,CM_9,YES
C14-2015-0025,CM_10,YES
C14-2015-0025,Mayor,YES
C14-2015-0025,CM_1,YES
C14-2015-0025,CM_2,YES
C14-2015-0025,CM_3,YES
C14-2015-0025,CM_4,YES
C14-2015-0025,CM_5,YES
C14-2015-0025,CM_6,YES
C14-2015-0025,CM_7,NO
C14-2015-0025,CM_8,YES
C14-2015-0025,CM_9,NO
C14-2015-0025,CM_10,YES
C14-2015-0043,Mayor,YES
C14-2015-0043,CM_1,YES
C14-2015-0043,CM_2,NO
C14-2015-0043,CM_3,YES
C14-2015-0043,CM_4,YES
C14-2015-0043,CM_5,YES
C14-2015-0043,CM_6,YES
C14-2015-0043,CM_7,YES
C14-2015-0043,CM_8,YES
C14-2015-0043,CM_9,YES
C14-2015-0043,CM_10,NO
C14-2015-0043,Mayor,YES
C14-2015-0043,CM_1,YES
C14-2015-0043,CM_2,YES
C14-2015-0043,CM_3,YES
C14-2015-0043,CM_4,YES
C14-2015-0043,CM_5,YES
C14-2015-0043,CM_6,YES
C14-2015-0043,CM_7,YES
C14-2015-0043,CM_8,YES
C14-2015-0043,CM_9,YES
C14-2015-0043,CM_10,NO
C14-2015-0043,Mayor,YES
C14-2015-0043,CM_1,YES
C14-2015-0043,CM_2,YES
C14-2015-0043,CM_3,YES
C14-2015-0043,CM_4,YES
C14-2015-0043,CM_5,NO
C14-2015-0043,CM_6,YES
C14-2015-0043,CM_7,YES
C14-2015-0043,CM_8,YES
C14-2015-0043,CM_9,NO
C14-2015-0043,CM_10,YES
C14-2015-0043,Mayor,YES
C14-2015-0043,CM_1,NO
C14-2015-0043,CM_2,YES
C14-2015-0043,CM_3,YES
C14-2015-0043,CM_4,YES
C14-2015-0043,CM_5,YES
C14-2015-0043,CM_6,NO
C14-2015-0043,CM_7,YES
C14-2015-0043,CM_8,YES
C14-2015-0043,CM_9,NO
C14-2015-0043,CM_10,YES
C14-2015-0047,Mayor,NO
C14-2015-0047,CM_1,YES
C14-2015-0047,CM_2,YES
C14-2015-0047,CM_3,YES
C14-2015-0047,CM_4,YES
C14-2015-0047,CM_5,YES
C14-2015-0047,CM_6,YES
C14-2015-0047,CM_7,YES
C14-2015-0047,CM_8,YES
C14-2015-0047,CM_9,YES
C14-2015-0047,CM_10,YES
C14-2015-0047,Mayor,YES
C14-2015-0047,CM_1,YES
C14-2015-0047,CM_2,YES
C14-2015-0047,CM_3,YES
C14-2015-0047,CM_4,YES
C14-2015-0047,CM_5,YES
C14-2015-0047,CM_6,YES
C14-2015-0047,CM_7,YES
C14-2015-0047,CM_8,YES
C14-2015-0047,CM_9,NO
C14-2015-0047,CM_10,YES
C14-2015-0047,Mayor,YES
C14-2015-0047,CM_1,NO
C14-2015-0047,CM_2,YES
C14-2015-0047,CM_3,YES
C14-2015-0047,CM_4,YES
C14-2015-0047,CM_5,YES
C14-2015-0047,CM_6,YES
C14-2015-0047,CM_7,YES
C14-2015-0047,CM_8,NO
C14-2015-0047,CM_9,YES
C14-2015-0047,CM_10,YES
C14-2015-0047,Mayor,YES
C14-2015-0047,CM_1,YES
C14-2015-0047,CM_2,NO
C14-2015-0047,CM_3,YES
C14-2015-0047,CM_4,YES
C14-2015-0047,CM_5,YES
C14-2015-0047,CM_6,YES
C14-2015-0047,CM_7,NO
C14-2015-0047,CM_8,YES
C14-2015-0047,CM_9,YES
C14-2015-0047,CM_10,YES
C14-2015-0050,Mayor,YES
C14-2015-0050,CM_1,YES
C14-2015-0050,CM_2,YES
C14-2015-0050,CM_3,YES
C14-2015-0050,CM_4,YES
C14-2015-0050,CM_5,YES
C14-2015-0050,CM_6,YES
C14-2015-0050,CM_7,YES
C14-2015-0050,CM_8,YES
C14-2015-0050,CM_9,YES
C14-2015-0050,CM_10,YES
C14-2015-0050,Mayor,YES
C14-2015-0050,CM_1,YES
C14-2015-0050,CM_2,YES
C14-2015-0050,CM_3,YES
C14-2015-0050,CM_4,YES
C14-2015-0050,CM_5,YES
C14-2015-0050,CM_6,YES
C14-2015-0050,CM_7,YES
C14-2015-0050,CM_8,YES
C14-2015-0050,CM_9,YES
C14-2015-0050,CM_10,YES
C14-2015-0086,Mayor,YES
C14-2015-0086,CM_1,YES
C14-2015-0086,CM_2,YES
C14-2015-0086,CM_3,YES
C14-2015-0086,CM_4,YES
C14-2015-0086,CM_5,YES
C14-2015-0086,CM_6,NO
C14-2015-0086,CM_7,YES
C14-2015-0086,CM_8,NO
C14-2015-0086,CM_9,YES
C14-2015-0086,CM_10,NO
C14-2015-0086,Mayor,YES
C14-2015-0086,CM_1,YES
C14-2015-0086,CM_2,YES
C14-2015-0086,CM_3,YES
C14-2015-0086,CM_4,NO
C14-2015-0086,CM_5,YES
C14-2015-0086,CM_6,YES
C14-2015-0086,CM_7,NO
C14-2015-0086,CM_8,YES
C14-2015-0086,CM_9,YES
C14-2015-0086,CM_10,YES
C14-2015-0086,Mayor,YES
C14-2015-0086,CM_1,YES
C14-2015-0086,CM_2,NO
C14-2015-0086,CM_3,YES
C14-2015-0086,CM_4,YES
C14-2015-0086,CM_5,YES
C14-2015-0086,CM_6,NO
C14-2015-0086,CM_7,YES
C14-2015-0086,CM_8,YES
C14-2015-0086,CM_9,YES
C14-2015-0086,CM_10,YES
C14-2015-0086,Mayor,YES
C14-2015-0086,CM_1,NO
C14-2015-0086,CM_2,NO
C14-2015-0086,CM_3,YES
C14-2015-0086,CM_4,YES
C14-2015-0086,CM_5,NO
C14-2015-0086,CM_6,YES
C14-2015-0086,CM_7,YES
C14-2015-0086,CM_8,YES
C14-2015-0086,CM_9,YES
C14-2015-0086,CM_10,YES
C14-2015-0086,Mayor,YES
C14-2015-0086,CM_1,NO
C14-2015-0086,CM_2,YES
C14-2015-0086,CM_3,YES
C14-2015-0086,CM_4,YES
C14-2015-0086,CM_5,YES
C14-2015-0086,CM_6,YES
C14-2015-0086,CM_7,YES
C14-2015-0086,CM_8,YES
C14-2015-0086,CM_9,NO
C14-2015-0086,CM_10,YES
C14-2015-0086,Mayor,YES
C14-2015-0086,CM_1,YES
C14-2015-0086,CM_2,YES
C14-2015-0086,CM_3,YES
C14-2015-0086,CM_4,YES
C14-2015-0086,CM_5,YES
C14-2015-0086,CM_6,YES
C14-2015-0086,CM_7,YES
C14-2015-0086,CM_8,NO
C14-2015-0086,CM_9,YES
C14-2015-0086,CM_10,YES
C14-2015-0093,Mayor,YES
C14-2015-0093,CM_1,YES
C14-2015-0093,CM_2,NO
C14-2015-0093,CM_3,YES
C14-2015-0093,CM_4,YES
C14-2015-0093,CM_5,YES
C14-2015-0093,CM_6,YES
C14-2015-0093,CM_7,YES
C14-2015-0093,CM_8,YES
C14-2015-0093,CM_9,YES
C14-2015-0093,CM_10,NO
C14-2015-0093,Mayor,YES
C14-2015-0093,CM_1,YES
C14-2015-0093,CM_2,YES
C14-2015-0093,CM_3,YES
C14-2015-0093,CM_4,YES
C14-2015-0093,CM_5,YES
C14-2015-0093,CM_6,YES
C14-2015-0093,CM_7,YES
C14-2015-0093,CM_8,YES
C14-2015-0093,CM_9,NO
C14-2015-0093,CM_10,YES
C14-2015-0093,Mayor,YES
C14-2015-0093,CM_1,YES
C14-2015-0093,CM_2,NO
C14-2015-0093,CM_3,YES
C14-2015-0093,CM_4,YES
C14-2015-0093,CM_5,YES
C14-2015-0093,CM_6,YES
C14-2015-0093,CM_7,YES
C14-2015-0093,CM_8,NO
C14-2015-0093,CM_9,NO
C14-2015-0093,CM_10,YES
C14-2015-0094,Mayor,YES
C14-2015-0094,CM_1,NO
C14-2015-0094,CM_2,YES
C14-2015-0094,CM_3,YES
C14-2015-0094,CM_4,YES
C14-2015-0094,CM_5,YES
C14-2015-0094,CM_6,YES
C14-2015-0094,CM_7,YES
C14-2015-0094,CM_8,YES
C14-2015-0094,CM_9,YES
C14-2015-0094,CM_10,YES
C14-2015-0094,Mayor,NO
C14-2015-0094,CM_1,YES
C14-2015-0094,CM_2,YES
C14-2015-0094,CM_3,YES
C14-2015-0094,CM_4,YES
C14-2015-0094,CM_5,YES
C14-2015-0094,CM_6,YES
C14-2015-0094,CM_7,YES
C14-2015-0094,CM_8,NO
C14-2015-0094,CM_9,YES
C14-2015-0094,CM_10,YES
C14-2015-0094,Mayor,YES
C14-2015-0094,CM_1,YES
C14-2015-0094,CM_2,NO
C14-2015-0094,CM_3,YES
C14-2015-0094,CM_4,NO
C14-2015-0094,CM_5,YES
C14-2015-0094,CM_6,YES
C14-2015-0094,CM_7,YES
C14-2015-0094,CM_8,YES
C14-2015-0094,CM_9,YES
C14-2015-0094,CM_10,YES
C14-2015-0104,Mayor,YES
C14-2015-0104,CM_1,YES
C14-2015-0104,CM_2,YES
C14-2015-0104,CM_3,YES
C14-2015-0104,CM_4,YES
C14-2015-0104,CM_5,YES
C14-2015-0104,CM_6,YES
C14-2015-0104,CM_7,YES
C14-2015-0104,CM_8,YES
C14-2015-0104,CM_9,YES
C14-2015-0104,CM_10,YES
C14-2015-0104,Mayor,YES
C14-2015-0104,CM_1,YES
C14-2015-0104,CM_2,YES
C14-2015-0104,CM_3,YES
C14-2015-0104,CM_4,YES
C14-2015-0104,CM_5,YES
C14-2015-0104,CM_6,YES
C14-2015-0104,CM_7,YES
C14-2015-0104,CM_8,YES
C14-2015-0104,CM_9,YES
C14-2015-0104,CM_10,YES
C14-2015-0104,Mayor,YES
C14-2015-0104,CM_1,YES
C14-2015-0104,CM_2,YES
C14-2015-0104,CM_3,YES
C14-2015-0104,CM_4,YES
C14-2015-0104,CM_5,YES
C14-2015-0104,CM_6,YES
C14-2015-0104,CM_7,YES
C14-2015-0104,CM_8,YES
C14-2015-0104,CM_9,YES
C14-2015-0104,CM_10,YES
C14-2015-0104,Mayor,YES
C14-2015-0104,CM_1,YES
C14-2015-0104,CM_2,YES
C14-2015-0104,CM_3,YES
C14-2015-0104,CM_4,YES
C14-2015-0104,CM_5,YES
C14-2015-0104,CM_6,YES
C14-2015-0104,CM_7,YES
C14-2015-0104,CM_8,YES
C14-2015-0104,CM_9,YES
C14-2015-0104,CM_10,YES
C14-2015-0104,Mayor,YES
C14-2015-0104,CM_1,YES
C14-2015-0104,CM_2,YES
C14-2015-0104,CM_3,YES
C14-2015-0104,CM_4,YES
C14-2015-0104,CM_5,YES
C14-2015-0104,CM_6,YES
C14-2015-0104,CM_7,YES
C14-2015-0104,CM_8,YES
C14-2015-0104,CM_9,YES
C14-2015-0104,CM_10,YES
C14-2015-0104,Mayor,YES
C14-2015-0104,CM_1,YES
C14-2015-0104,CM_2,YES
C14-2015-0104,CM_3,YES
C14-2015-0104,CM_4,YES
C14-2015-0104,CM_5,YES
C14-2015-0104,CM_6,YES
C14-2015-0104,CM_7,YES
C14-2015-0104,CM_8,YES
C14-2015-0104,CM_9,YES
C14-2015-0104,CM_10,YES
C14-2015-0104,Mayor,YES
C14-2015-0104,CM_1,YES
C14-2015-0104,CM_2,YES
C14-2015-0104,CM_3,YES
C14-2015-0104,CM_4,YES
C14-2015-0104,CM_5,YES
C14-2015-0104,CM_6,YES
C14-2015-0104,CM_7,YES
C14-2015-0104,CM_8,YES
C14-2015-0104,CM_9,YES
C14-2015-0104,CM_10,YES
C14-2015-0105,Mayor,YES
C14-2015-0105,CM_1,YES
C14-2015-0105,CM_2,YES
C14-2015-0105,CM_3,YES
C14-2015-0105,CM_4,YES
C14-2015-0105,CM_5,YES
C14-2015-0105,CM_6,YES
C14-2015-0105,CM_7,YES
C14-2015-0105,CM_8,YES
C14-2015-0105,CM_9,YES
C14-2015-0105,CM_10,NO
C14-2015-0105,Mayor,YES
C14-2015-0105,CM_1,YES
C14-2015-0105,CM_2,YES
C14-2015-0105,CM_3,YES
C14-2015-0105,CM_4,YES
C14-2015-0105,CM_5,YES
C14-2015-0105,CM_6,YES
C14-2015-0105,CM_7,YES
C14-2015-0105,CM_8,YES
C14-2015-0105,CM_9,YES
C14-2015-0105,CM_10,NO
C14-2015-0106,Mayor,NO
C14-2015-0106,CM_1,YES
C14-2015-0106,CM_2,YES
C14-2015-0106,CM_3,YES
C14-2015-0106,CM_4,YES
C14-2015-0106,CM_5,YES
C14-2015-0106,CM_6,NO
C14-2015-0106,CM_7,YES
C14-2015-0106,CM_8,YES
C14-2015-0106,CM_9,YES
C14-2015-0106,CM_10,YES
C14-2015-0106,Mayor,YES
C14-2015-0106,CM_1,YES
C14-2015-0106,CM_2,YES
C14-2015-0106,CM_3,NO
C14-2015-0106,CM_4,YES
C14-2015-0106,CM_5,NO
C14-2015-0106,CM_6,YES
C14-2015-0106,CM_7,YES
C14-2015-0106,CM_8,NO
C14-2015-0106,CM_9,YES
C14-2015-0106,CM_10,YES
C14-2015-0160,Mayor,YES
C14-2015-0160,CM_1,YES
C14-2015-0160,CM_2,YES
C14-2015-0160,CM_3,NO
C14-2015-0160,CM_4,YES
C14-2015-0160,CM_5,YES
C14-2015-0160,CM_6,YES
C14-2015-0160,CM_7,YES
C14-2015-0160,CM_8,YES
C14-2015-0160,CM_9,YES
C14-2015-0160,CM_10,YES
C14-2015-0160,Mayor,YES
C14-2015-0160,CM_1,NO
C14-2015-0160,CM_2,YES
C14-2015-0160,CM_3,YES
C14-2015-0160,CM_4,YES
C14-2015-0160,CM_5,NO
C14-2015-0160,CM_6,YES
C14-2015-0160,CM_7,NO
C14-2015-0160,CM_8,YES
C14-2015-0160,CM_9,YES
C14-2015-0160,CM_10,YES
C14-2015-0160,Mayor,NO
C14-2015-0160,CM_1,YES
C14-2015-0160,CM_2,YES
C14-2015-0160,CM_3,YES
C14-2015-0160,CM_4,YES
C14-2015-0160,CM_5,YES
C14-2015-0160,CM_6,YES
C14-2015-0160,CM_7,YES
C14-2015-0160,CM_8,YES
C14-2015-0160,CM_9,NO
C14-2015-0160,CM_10,YES
C14-2015-0160,Mayor,YES
C14-2015-0160,CM_1,YES
C14-2015-0160,CM_2,YES
C14-2015-0160,CM_3,NO
C14-2015-0160,CM_4,YES
C14-2015-0160,CM_5,YES
C14-2015-0160,CM_6,YES
C14-2015-0160,CM_7,NO
C14-2015-0160,CM_8,YES
C14-2015-0160,CM_9,YES
C14-2015-0160,CM_10,YES
C14-2015-0160,Mayor,YES
C14-2015-0160,CM_1,YES
C14-2015-0160,CM_2,NO
C14-2015-0160,CM_3,NO
C14-2015-0160,CM_4,YES
C14-2015-0160,CM_5,YES
C14-2015-0160,CM_6,YES
C14-2015-0160,CM_7,NO
C14-2015-0160,CM_8,YES
C14-2015-0160,CM_9,YES
C14-2015-0160,CM_10,YES
C14-2015-0160,Mayor,YES
C14-2015-0160,CM_1,YES
C14-2015-0160,CM_2,YES
C14-2015-0160,CM_3,YES
C14-2015-0160,CM_4,YES
C14-2015-0160,CM_5,NO
C14-2015-0160,CM_6,YES
C14-2015-0160,CM_7,YES
C14-2015-0160,CM_8,NO
C14-2015-0160,CM_9,YES
C14-2015-0160,CM_10,YES
C14-2015-0160,Mayor,NO
C14-2015-0160,CM_1,YES
C14-2015-0160,CM_2,NO
C14-2015-0160,CM_3,YES
C14-2015-0160,CM_4,YES
C14-2015-0160,CM_5,YES
C14-2015-0160,CM_6,YES
C14-2015-0160,CM_7,NO
C14-2015-0160,CM_8,YES
C14-2015-0160,CM_9,YES
C14-2015-0160,CM_10,YES
C14-2015-0160,Mayor,YES
C14-2015-0160,CM_1,YES
C14-2015-0160,CM_2,NO
C14-2015-0160,CM_3,YES
C14-2015-0160,CM_4,YES
C14-2015-0160,CM_5,YES
C14-2015-0160,CM_6,YES
C14-2015-0160,CM_7,YES
C14-2015-0160,CM_8,YES
C14-2015-0160,CM_9,NO
C14-2015-0160,CM_10,NO
C14H-2015-0006,Mayor,YES
C14H-2015-0006,CM_1,YES
C14H-2015-0006,CM_2,YES
C14H-2015-0006,CM_3,YES
C14H-2015-0006,CM_4,YES
C14H-2015-0006,CM_5,NO
C14H-2015-0006,CM_6,YES
C14H-2015-0006,CM_7,YES
C14H-2015-0006,CM_8,YES
C14H-2015-0006,CM_9,YES
C14H-2015-0006,CM_10,YES
C14-2015-0074,Mayor,YES
C14-2015-0074,CM_1,YES
C14-2015-0074,CM_2,YES
C14-2015-0074,CM_3,YES
C14-2015-0074,CM_4,YES
C14-2015-0074,CM_5,YES
C14-2015-0074,CM_6,YES
C14-2015-0074,CM_7,YES
C14-2015-0074,CM_8,YES
C14-2015-0074,CM_9,YES
C14-2015-0074,CM_10,YES
C14-2016-0023.SH,Mayor,YES
C14-2016-0023.SH,CM_1,YES
C14-2016-0023.SH,CM_2,YES
C14-2016-0023.SH,CM_3,YES
C14-2016-0023.SH,CM_4,YES
C14-2016-0023.SH,CM_5,YES
C14-2016-0023.SH,CM_6,YES
C14-2016-0023.SH,CM_7,YES
C14-2016-0023.SH,CM_8,YES
C14-2016-0023.SH,CM_9,YES
C14-2016-0023.SH,CM_10,YES
C14-2016-0025,Mayor,YES
C14-2016-0025,CM_1,YES
C14-2016-0025,CM_2,YES
C14-2016-0025,CM_3,NO
C14-2016-0025,CM_4,YES
C14-2016-0025,CM_5,YES
C14-2016-0025,CM_6,YES
C14-2016-0025,CM_7,YES
C14-2016-0025,CM_8,YES
C14-2016-0025,CM_9,YES
C14-2016-0025,CM_10,NO
C14-2016-0025,Mayor,YES
C14-2016-0025,CM_1,NO
C14-2016-0025,CM_2,YES
C14-2016-0025,CM_3,YES
C14-2016-0025,CM_4,YES
C14-2016-0025,CM_5,NO
C14-2016-0025,CM_6,YES
C14-2016-0025,CM_7,YES
C14-2016-0025,CM_8,YES
C14-2016-0025,CM_9,NO
C14-2016-0025,CM_10,YES
C14-2016-0039,Mayor,YES
C14-2016-0039,CM_1,YES
C14-2016-0039,CM_2,YES
C14-2016-0039,CM_3,YES
C14-2016-0039,CM_4,YES
C14-2016-0039,CM_5,YES
C14-2016-0039,CM_6,YES
C14-2016-0039,CM_7,YES
C14-2016-0039,CM_8,YES
C14-2016-0039,CM_9,YES
C14-2016-0039,CM_10,YES
C14-2016-0039,Mayor,YES
C14-2016-0039,CM_1,YES
C14-2016-0039,CM_2,YES
C14-2016-0039,CM_3,YES
C14-2016-0039,CM_4,YES
C14-2016-0039,CM_5,YES
C14-2016-0039,CM_6,YES
C14-2016-0039,CM_7,YES
C14-2016-0039,CM_8,YES
C14-2016-0039,CM_9,YES
C14-2016-0039,CM_10,YES
C14-2016-0039,Mayor,YES
C14-2016-0039,CM_1,YES
C14-2016-0039,CM_2,YES
C14-2016-0039,CM_3,YES
C14-2016-0039,CM_4,YES
C14-2016-0039,CM_5,YES
C14-2016-0039,CM_6,YES
C14-2016-0039,CM_7,YES
C14-2016-0039,CM_8,YES
C14-2016-0039,CM_9,YES
C14-2016-0039,CM_10,YES
C14-2016-0039,Mayor,YES
C14-2016-0039,CM_1,YES
C14-2016-0039,CM_2,YES
C14-2016-0039,CM_3,YES
C14-2016-0039,CM_4,YES
C14-2016-0039,CM_5,YES
C14-2016-0039,CM_6,YES
C14-2016-0039,CM_7,YES
C14-2016-0039,CM_8,YES
C14-2016-0039,CM_9,YES
C14-2016-0039,CM_10,YES
C14-2016-0039,Mayor,YES
C14-2016-0039,CM_1,YES
C14-2016-0039,CM_2,YES
C14-2016-0039,CM_3,YES
C14-2016-0039,CM_4,YES
C14-2016-0039,CM_5,YES
C14-2016-0039,CM_6,YES
C14-2016-0039,CM_7,YES
C14-2016-0039,CM_8,YES
C14-2016-0039,CM_9,YES
C14-2016-0039,CM_10,YES
C14-2016-0039,Mayor,YES
C14-2016-0039,CM_1,YES
C14-2016-0039,CM_2,YES
C14-2016-0039,CM_3,YES
C14-2016-0039,CM_4,YES
C14-2016-0039,CM_5,YES
C14-2016-0039,CM_6,YES
C14-2016-0039,CM_7,YES
C14-2016-0039,CM_8,YES
C14-2016-0039,CM_9,YES
C14-2016-0039,CM_10,YES
C14-2016-0039,Mayor,YES
C14-2016-0039,CM_1,YES
C14-2016-0039,CM_2,YES
C14-2016-0039,CM_3,YES
C14-2016-0039,CM_4,YES
C14-2016-0039,CM_5,YES
C14-2016-0039,CM_6,YES
C14-2016-0039,CM_7,YES
C14-2016-0039,CM_8,YES
C14-2016-0039,CM_9,YES
C14-2016-0039,CM_10,YES
C14-2016-0039,Mayor,YES
C14-2016-0039,CM_1,YES
C14-2016-0039,CM_2,YES
C14-2016-0039,CM_3,YES
C14-2016-0039,CM_4,YES
C14-2016-0039,CM_5,YES
C14-2016-0039,CM_6,YES
C14-2016-0039,CM_7,YES
C14-2016-0039,CM_8,YES
C14-2016-0039,CM_9,YES
C14-2016-0039,CM_10,YES
C14-2016-0063.SH,Mayor,YES
C14-2016-0063.SH,CM_1,YES
C14-2016-0063.SH,CM_2,YES
C14-2016-0063.SH,CM_3,YES
C14-2016-0063.SH,CM_4,YES
C14-2016-0063.SH,CM_5,YES
C14-2016-0063.SH,CM_6,YES
C14-2016-0063.SH,CM_7,YES
C14-2016-0063.SH,CM_8,YES
C14-2016-0063.SH,CM_9,YES
C14-2016-0063.SH,CM_10,YES
C14-2016-0063.SH,Mayor,YES
C14-2016-0063.SH,CM_1,YES
C14-2016-0063.SH,CM_2,YES
C14-2016-0063.SH,CM_3,YES
C14-2016-0063.SH,CM_4,YES
C14-2016-0063.SH,CM_5,YES
C14-2016-0063.SH,CM_6,YES
C14-2016-0063.SH,CM_7,YES
C14-2016-0063.SH,CM_8,YES
C14-2016-0063.SH,CM_9,YES
C14-2016-0063.SH,CM_10,YES
C14-2016-0064,Mayor,YES
C14-2016-0064,CM_1,YES
C14-2016-0064,CM_2,YES
C14-2016-0064,CM_3,YES
C14-2016-0064,CM_4,YES
C14-2016-0064,CM_5,YES
C14-2016-0064,CM_6,YES
C14-2016-0064,CM_7,YES
C14-2016-0064,CM_8,YES
C14-2016-0064,CM_9,YES
C14-2016-0064,CM_10,NO
C14-2016-0077,Mayor,NO
C14-2016-0077,CM_1,YES
C14-2016-0077,CM_2,YES
C14-2016-0077,CM_3,YES
C14-2016-0077,CM_4,YES
C14-2016-0077,CM_5,NO
C14-2016-0077,CM_6,YES
C14-2016-0077,CM_7,YES
C14-2016-0077,CM_8,YES
C14-2016-0077,CM_9,YES
C14-2016-0077,CM_10,YES
C14-2016-0077,Mayor,YES
C14-2016-0077,CM_1,YES
C14-2016-0077,CM_2,NO
C14-2016-0077,CM_3,YES
C14-2016-0077,CM_4,YES
C14-2016-0077,CM_5,YES
C14-2016-0077,CM_6,YES
C14-2016-0077,CM_7,YES
C14-2016-0077,CM_8,YES
C14-2016-0077,CM_9,YES
C14-2016-0077,CM_10,YES
C14-2016-0077,Mayor,YES
C14-2016-0077,CM_1,NO
C14-2016-0077,CM_2,YES
C14-2016-0077,CM_3,YES
C14-2016-0077,CM_4,YES
C14-2016-0077,CM_5,YES
C14-2016-0077,CM_6,YES
C14-2016-0077,CM_7,YES
C14-2016-0077,CM_8,YES
C14-2016-0077,CM_9,YES
C14-2016-0077,CM_10,NO
C14-2016-0077,Mayor,NO
C14-2016-0077,CM_1,YES
C14-2016-0077,CM_2,YES
C14-2016-0077,CM_3,YES
C14-2016-0077,CM_4,YES
C14-2016-0077,CM_5,NO
C14-2016-0077,CM_6,NO
C14-2016-0077,CM_7,YES
C14-2016-0077,CM_8,YES
C14-2016-0077,CM_9,YES
C14-2016-0077,CM_10,YES
C14-2016-0077,Mayor,YES
C14-2016-0077,CM_1,YES
C14-2016-0077,CM_2,NO
C14-2016-0077,CM_3,YES
C14-2016-0077,CM_4,NO
C14-2016-0077,CM_5,YES
C14-2016-0077,CM_6,NO
C14-2016-0077,CM_7,YES
C14-2016-0077,CM_8,YES
C14-2016-0077,CM_9,YES
C14-2016-0077,CM_10,YES
C14-2016-0077,Mayor,NO
C14-2016-0077,CM_1,YES
C14-2016-0077,CM_2,YES
C14-2016-0077,CM_3,YES
C14-2016-0077,CM_4,YES
C14-2016-0077,CM_5,YES
C14-2016-0077,CM_6,YES
C14-2016-0077,CM_7,YES
C14-2016-0077,CM_8,YES
C14-2016-0077,CM_9,NO
C14-2016-0077,CM_10,YES
C14-2016-0077,Mayor,YES
C14-2016-0077,CM_1,YES
C14-2016-0077,CM_2,YES
C14-2016-0077,CM_3,YES
C14-2016-0077,CM_4,YES
C14-2016-0077,CM_5,YES
C14-2016-0077,CM_6,YES
C14-2016-0077,CM_7,YES
C14-2016-0077,CM_8,YES
C14-2016-0077,CM_9,NO
C14-2016-0077,CM_10,YES
C14-2016-0077,Mayor,NO
C14-2016-0077,CM_1,YES
C14-2016-0077,CM_2,YES
C14-2016-0077,CM_3,YES
C14-2016-0077,CM_4,YES
C14-2016-0077,CM_5,YES
C14-2016-0077,CM_6,YES
C14-2016-0077,CM_7,YES
C14-2016-0077,CM_8,YES
C14-2016-0077,CM_9,YES
C14-2016-0077,CM_10,YES
C14-2016-0079,Mayor,YES
C14-2016-0079,CM_1,YES
C14-2016-0079,CM_2,YES
C14-2016-0079,CM_3,YES
C14-2016-0079,CM_4,YES
C14-2016-0079,CM_5,YES
C14-2016-0079,CM_6,YES
C14-2016-0079,CM_7,YES
C14-2016-0079,CM_8,YES
C14-2016-0079,CM_9,YES
C14-2016-0079,CM_10,YES
C14-2016-0079,Mayor,YES
C14-2016-0079,CM_1,YES
C14-2016-0079,CM_2,YES
C14-2016-0079,CM_3,YES
C14-2016-0079,CM_4,YES
C14-2016-0079,CM_5,YES
C14-2016-0079,CM_6,YES
C14-2016-0079,CM_7,YES
C14-2016-0079,CM_8,YES
C14-2016-0079,CM_9,YES
C14-2016-0079,CM_10,YES
C14-2016-0079,Mayor,YES
C14-2016-0079,CM_1,YES
C14-2016-0079,CM_2,YES
C14-2016-0079,CM_3,YES
C14-2016-0079,CM_4,YES
C14-2016-0079,CM_5,YES
C14-2016-0079,CM_6,YES
C14-2016-0079,CM_7,YES
C14-2016-0079,CM_8,YES
C14-2016-0079,CM_9,YES
C14-2016-0079,CM_10,YES
C14-2016-0079,Mayor,YES
C14-2016-0079,CM_1,YES
C14-2016-0079,CM_2,YES
C14-2016-0079,CM_3,YES
C14-2016-0079,CM_4,YES
C14-2016-0079,CM_5,YES
C14-2016-0079,CM_6,YES
C14-2016-0079,CM_7,YES
C14-2016-0079,CM_8,YES
C14-2016-0079,CM_9,YES
C14-2016-0079,CM_10,YES
C14-2016-0079,Mayor,YES
C14-2016-0079,CM_1,YES
C14-2016-0079,CM_2,YES
C14-2016-0079,CM_3,YES
C14-2016-0079,CM_4,YES
C14-2016-0079,CM_5,YES
C14-2016-0079,CM_6,YES
C14-2016-0079,CM_7,YES
C14-2016-0079,CM_8,YES
C14-2016-0079,CM_9,YES
C14-2016-0079,CM_10,YES
C14-2016-0079,Mayor,YES
C14-2016-0079,CM_1,YES
C14-2016-0079,CM_2,YES
C14-2016-0079,CM_3,YES
C14-2016-0079,CM_4,YES
C14-2016-0079,CM_5,YES
C14-2016-0079,CM_6,YES
C14-2016-0079,CM_7,YES
C14-2016-0079,CM_8,YES
C14-2016-0079,CM_9,YES
C14-2016-0079,CM_10,YES
C14-2016-0079,Mayor,YES
C14-2016-0079,CM_1,YES
C14-2016-0079,CM_2,YES
C14-2016-0079,CM_3,YES
C14-2016-0079,CM_4,YES
C14-2016-0079,CM_5,YES
C14-2016-0079,CM_6,YES
C14-2016-0079,CM_7,YES
C14-2016-0079,CM_8,YES
C14-2016-0079,CM_9,YES
C14-2016-0079,CM_10,YES
C14-2016-0079,Mayor,YES
C14-2016-0079,CM_1,YES
C14-2016-0079,CM_2,YES
C14-2016-0079,CM_3,YES
C14-2016-0079,CM_4,YES
C14-2016-0079,CM_5,YES
C14-2016-0079,CM_6,YES
C14-2016-0079,CM_7,YES
C14-2016-0079,CM_8,YES
C14-2016-0079,CM_9,YES
C14-2016-0079,CM_10,YES
C14-2016-0079,Mayor,YES
C14-2016-0079,CM_1,YES
C14-2016-0079,CM_2,YES
C14-2016-0079,CM_3,YES
C14-2016-0079,CM_4,YES
C14-2016-0079,CM_5,YES
C14-2016-0079,CM_6,YES
C14-2016-0079,CM_7,YES
C14-2016-0079,CM_8,YES
C14-2016-0079,CM_9,YES
C14-2016-0079,CM_10,YES
C14-2016-0079,Mayor,YES
C14-2016-0079,CM_1,YES
C14-2016-0079,CM_2,YES
C14-2016-0079,CM_3,YES
C14-2016-0079,CM_4,YES
C14-2016-0079,CM_5,YES
C14-2016-0079,CM_6,YES
C14-2016-0079,CM_7,YES
C14-2016-0079,CM_8,YES
C14-2016-0079,CM_9,YES
C14-2016-0079,CM_10,YES
C14-2016-0079,Mayor,YES
C14-2016-0079,CM_1,YES
C14-2016-0079,CM_2,YES
C14-2016-0079,CM_3,YES
C14-2016-0079,CM_4,YES
C14-2016-0079,CM_5,YES
C14-2016-0079,CM_6,YES
C14-2016-0079,CM_7,YES
C14-2016-0079,CM_8,YES
C14-2016-0079,CM_9,YES
C14-2016-0079,CM_10,YES
C14-2016-0079,Mayor,YES
C14-2016-0079,CM_1,YES
C14-2016-0079,CM_2,YES
C14-2016-0079,CM_3,YES
C14-2016-0079,CM_4,YES
C14-2016-0079,CM_5,YES
C14-2016-0079,CM_6,YES
C14-2016-0079,CM_7,YES
C14-2016-0079,CM_8,YES
C14-2016-0079,CM_9,YES
C14-2016-0079,CM_10,YES
C14-2016-0079,Mayor,YES
C14-2016-0079,CM_1,YES
C14-2016-0079,CM_2,YES
C14-2016-0079,CM_3,YES
C14-2016-0079,CM_4,YES
C14-2016-0079,CM_5,YES
C14-2016-0079,CM_6,YES
C14-2016-0079,CM_7,YES
C14-2016-0079,CM_8,YES
C14-2016-0079,CM_9,YES
C14-2016-0079,CM_10,YES
C14-2016-0079,Mayor,YES
C14-2016-0079,CM_1,YES
C14-2016-0079,CM_2,YES
C14-2016-0079,CM_3,YES
C14-2016-0079,CM_4,YES
C14-2016-0079,CM_5,YES
C14-2016-0079,CM_6,YES
C14-2016-0079,CM_7,YES
C14-2016-0079,CM_8,YES
C14-2016-0079,CM_9,YES
C14-2016-0079,CM_10,YES
C14-2016-0079,Mayor,YES
C14-2016-0079,CM_1,YES
C14-2016-0079,CM_2,YES
C14-2016-0079,CM_3,YES
C14-2016-0079,CM_4,YES
C14-2016-0079,CM_5,YES
C14-2016-0079,CM_6,YES
C14-2016-0079,CM_7,YES
C14-2016-0079,CM_8,YES
C14-2016-0079,CM_9,YES
C14-2016-0079,CM_10,YES
C14-2016-0079,Mayor,YES
C14-2016-0079,CM_1,YES
C14-2016-0079,CM_2,YES
C14-2016-0079,CM_3,YES
C14-2016-0079,CM_4,YES
C14-2016-0079,CM_5,YES
C14-2016-0079,CM_6,YES
C14-2016-0079,CM_7,YES
C14-2016-0079,CM_8,YES
C14-2016-0079,CM_9,YES
C14-2016-0079,CM_10,YES
C14-2016-0079,Mayor,YES
C14-2016-0079,CM_1,YES
C14-2016-0079,CM_2,YES
C14-2016-0079,CM_3,YES
C14-2016-0079,CM_4,YES
C14-2016-0079,CM_5,YES
C14-2016-0079,CM_6,YES
C14-2016-0079,CM_7,YES
C14-2016-0079,CM_8,YES
C14-2016-0079,CM_9,YES
C14-2016-0079,CM_10,YES
C14-2016-0096,Mayor,NO
C14-2016-0096,CM_1,YES
C14-2016-0096,CM_2,YES
C14-2016-0096,CM_3,YES
C14-2016-0096,CM_4,YES
C14-2016-0096,CM_5,YES
C14-2016-0096,CM_6,YES
C14-2016-0096,CM_7,NO
C14-2016-0096,CM_8,YES
C14-2016-0096,CM_9,NO
C14-2016-0096,CM_10,YES
C14-2016-0096,Mayor,YES
C14-2016-0096,CM_1,NO
C14-2016-0096,CM_2,YES
C14-2016-0096,CM_3,YES
C14-2016-0096,CM_4,YES
C14-2016-0096,CM_5,YES
C14-2016-0096,CM_6,YES
C14-2016-0096,CM_7,YES
C14-2016-0096,CM_8,NO
C14-2016-0096,CM_9,NO
C14-2016-0096,CM_10,YES
C14-2016-0096,Mayor,YES
C14-2016-0096,CM_1,NO
C14-2016-0096,CM_2,YES
C14-2016-0096,CM_3,YES
C14-2016-0096,CM_4,YES
C14-2016-0096,CM_5,YES
C14-2016-0096,CM_6,YES
C14-2016-0096,CM_7,NO
C14-2016-0096,CM_8,YES
C14-2016-0096,CM_9,NO
C14-2016-0096,CM_10,YES
C14-2016-0096,Mayor,YES
C14-2016-0096,CM_1,NO
C14-2016-0096,CM_2,YES
C14-2016-0096,CM_3,YES
C14-2016-0096,CM_4,YES
C14-2016-0096,CM_5,YES
C14-2016-0096,CM_6,NO
C14-2016-0096,CM_7,YES
C14-2016-0096,CM_8,YES
C14-2016-0096,CM_9,YES
C14-2016-0096,CM_10,YES
C14-2016-0096,Mayor,YES
C14-2016-0096,CM_1,YES
C14-2016-0096,CM_2,YES
C14-2016-0096,CM_3,NO
C14-2016-0096,CM_4,YES
C14-2016-0096,CM_5,YES
C14-2016-0096,CM_6,YES
C14-2016-0096,CM_7,YES
C14-2016-0096,CM_8,YES
C14-2016-0096,CM_9,NO
C14-2016-0096,CM_10,YES
C14-2016-0125,Mayor,YES
C14-2016-0125,CM_1,YES
C14-2016-0125,CM_2,NO
C14-2016-0125,CM_3,YES
C14-2016-0125,CM_4,YES
C14-2016-0125,CM_5,YES
C14-2016-0125,CM_6,YES
C14-2016-0125,CM_7,YES
C14-2016-0125,CM_8,YES
C14-2016-0125,CM_9,YES
C14-2016-0125,CM_10,YES
C14-2016-0125,Mayor,YES
C14-2016-0125,CM_1,YES
C14-2016-0125,CM_2,YES
C14-2016-0125,CM_3,YES
C14-2016-0125,CM_4,YES
C14-2016-0125,CM_5,YES
C14-2016-0125,CM_6,YES
C14-2016-0125,CM_7,NO
C14-2016-0125,CM_8,YES
C14-2016-0125,CM_9,NO
C14-2016-0125,CM_10,YES
C14-2016-0125,Mayor,NO
C14-2016-0125,CM_1,YES
C14-2016-0125,CM_2,NO
C14-2016-0125,CM_3,YES
C14-2016-0125,CM_4,YES
C14-2016-0125,CM_5,YES
C14-2016-0125,CM_6,YES
C14-2016-0125,CM_7,NO
C14-2016-0125,CM_8,YES
C14-2016-0125,CM_9,YES
C14-2016-0125,CM_10,YES
C14-2017-0052,Mayor,NO
C14-2017-0052,CM_1,YES
C14-2017-0052,CM_2,NO
C14-2017-0052,CM_3,YES
C14-2017-0052,CM_4,YES
C14-2017-0052,CM_5,YES
C14-2017-0052,CM_6,YES
C14-2017-0052,CM_7,YES
C14-2017-0052,CM_8,YES
C14-2017-0052,CM_9,YES
C14-2017-0052,CM_10,YES
C14-2017-0052,Mayor,YES
C14-2017-0052,CM_1,YES
C14-2017-0052,CM_2,YES
C14-2017-0052,CM_3,YES
C14-2017-0052,CM_4,YES
C14-2017-0052,CM_5,NO
C14-2017-0052,CM_6,YES
C14-2017-0052,CM_7,YES
C14-2017-0052,CM_8,YES
C14-2017-0052,CM_9,YES
C14-2017-0052,CM_10,YES
C14-2017-0074,Mayor,NO
C14-2017-0074,CM_1,YES
C14-2017-0074,CM_2,YES
C14-2017-0074,CM_3,YES
C14-2017-0074,CM_4,NO
C14-2017-0074,CM_5,YES
C14-2017-0074,CM_6,YES
C14-2017-0074,CM_7,YES
C14-2017-0074,CM_8,YES
C14-2017-0074,CM_9,YES
C14-2017-0074,CM_10,YES
C14-2017-0074,Mayor,YES
C14-2017-0074,CM_1,YES
C14-2017-0074,CM_2,YES
C14-2017-0074,CM_3,YES
C14-2017-0074,CM_4,YES
C14-2017-0074,CM_5,YES
C14-2017-0074,CM_6,YES
C14-2017-0074,CM_7,YES
C14-2017-0074,CM_8,NO
C14-2017-0074,CM_9,NO
C14-2017-0074,CM_10,NO
C14-2017-0074,Mayor,YES
C14-2017-0074,CM_1,YES
C14-2017-0074,CM_2,NO
C14-2017-0074,CM_3,YES
C14-2017-0074,CM_4,NO
C14-2017-0074,CM_5,NO
C14-2017-0074,CM_6,YES
C14-2017-0074,CM_7,YES
C14-2017-0074,CM_8,YES
C14-2017-0074,CM_9,YES
C14-2017-0074,CM_10,YES
C14-2017-0074,Mayor,YES
C14-2017-0074,CM_1,NO
C14-2017-0074,CM_2,NO
C14-2017-0074,CM_3,YES
C14-2017-0074,CM_4,YES
C14-2017-0074,CM_5,YES
C14-2017-0074,CM_6,YES
C14-2017-0074,CM_7,YES
C14-2017-0074,CM_8,YES
C14-2017-0074,CM_9,NO
C14-2017-0074,CM_10,YES
C14-2017-0074,Mayor,YES
C14-2017-0074,CM_1,YES
C14-2017-0074,CM_2,NO
C14-2017-0074,CM_3,YES
C14-2017-0074,CM_4,YES
C14-2017-0074,CM_5,YES
C14-2017-0074,CM_6,YES
C14-2017-0074,CM_7,NO
C14-2017-0074,CM_8,YES
C14-2017-0074,CM_9,NO
C14-2017-0074,CM_10,YES
C14-2017-0074,Mayor,YES
C14-2017-0074,CM_1,NO
C14-2017-0074,CM_2,YES
C14-2017-0074,CM_3,NO
C14-2017-0074,CM_4,YES
C14-2017-0074,CM_5,YES
C14-2017-0074,CM_6,YES
C14-2017-0074,CM_7,NO
C14-2017-0074,CM_8,YES
C14-2017-0074,CM_9,YES
C14-2017-0074,CM_10,YES
C14-2017-0092,Mayor,YES
C14-2017-0092,CM_1,NO
C14-2017-0092,CM_2,YES
C14-2017-0092,CM_3,YES
C14-2017-0092,CM_4,YES
C14-2017-0092,CM_5,NO
C14-2017-0092,CM_6,YES
C14-2017-0092,CM_7,YES
C14-2017-0092,CM_8,NO
C14-2017-0092,CM_9,YES
C14-2017-0092,CM_10,YES
C14-2017-0092,Mayor,YES
C14-2017-0092,CM_1,YES
C14-2017-0092,CM_2,YES
C14-2017-0092,CM_3,YES
C14-2017-0092,CM_4,NO
C14-2017-0092,CM_5,YES
C14-2017-0092,CM_6,YES
C14-2017-0092,CM_7,YES
C14-2017-0092,CM_8,YES
C14-2017-0092,CM_9,YES
C14-2017-0092,CM_10,YES
C14-2017-0094,Mayor,YES
C14-2017-0094,CM_1,YES
C14-2017-0094,CM_2,YES
C14-2017-0094,CM_3,YES
C14-2017-0094,CM_4,YES
C14-2017-0094,CM_5,YES
C14-2017-0094,CM_6,YES
C14-2017-0094,CM_7,YES
C14-2017-0094,CM_8,YES
C14-2017-0094,CM_9,YES
C14-2017-0094,CM_10,YES
C14-2017-0094,Mayor,YES
C14-2017-0094,CM_1,YES
C14-2017-0094,CM_2,YES
C14-2017-0094,CM_3,YES
C14-2017-0094,CM_4,YES
C14-2017-0094,CM_5,YES
C14-2017-0094,CM_6,YES
C14-2017-0094,CM_7,YES
C14-2017-0094,CM_8,YES
C14-2017-0094,CM_9,YES
C14-2017-0094,CM_10,YES
C14-2017-0094,Mayor,YES
C14-2017-0094,CM_1,YES
C14-2017-0094,CM_2,YES
C14-2017-0094,CM_3,YES
C14-2017-0094,CM_4,YES
C14-2017-0094,CM_5,YES
C14-2017-0094,CM_6,YES
C14-2017-0094,CM_7,YES
C14-2017-0094,CM_8,YES
C14-2017-0094,CM_9,YES
C14-2017-0094,CM_10,YES
C14-2017-0094,Mayor,YES
C14-2017-0094,CM_1,YES
C14-2017-0094,CM_2,YES
C14-2017-0094,CM_3,YES
C14-2017-0094,CM_4,YES
C14-2017-0094,CM_5,YES
C14-2017-0094,CM_6,YES
C14-2017-0094,CM_7,YES
C14-2017-0094,CM_8,YES
C14-2017-0094,CM_9,YES
C14-2017-0094,CM_10,YES
C14-2017-0094,Mayor,YES
C14-2017-0094,CM_1,YES
C14-2017-0094,CM_2,YES
C14-2017-0094,CM_3,YES
C14-2017-0094,CM_4,YES
C14-2017-0094,CM_5,YES
C14-2017-0094,CM_6,YES
C14-2017-0094,CM_7,YES
C14-2017-0094,CM_8,YES
C14-2017-0094,CM_9,YES
C14-2017-0094,CM_10,YES
C14-2017-0094,Mayor,YES
C14-2017-0094,CM_1,YES
C14-2017-0094,CM_2,YES
C14-2017-0094,CM_3,YES
C14-2017-0094,CM_4,YES
C14-2017-0094,CM_5,YES
C14-2017-0094,CM_6,YES
C14-2017-0094,CM_7,YES
C14-2017-0094,CM_8,YES
C14-2017-0094,CM_9,YES
C14-2017-0094,CM_10,YES
C14-2017-0094,Mayor,YES
C14-2017-0094,CM_1,YES
C14-2017-0094,CM_2,YES
C14-2017-0094,CM_3,YES
C14-2017-0094,CM_4,YES
C14-2017-0094,CM_5,YES
C14-2017-0094,CM_6,YES
C14-2017-0094,CM_7,YES
C14-2017-0094,CM_8,YES
C14-2017-0094,CM_9,YES
C14-2017-0094,CM_10,YES
C14-2017-0094,Mayor,YES
C14-2017-0094,CM_1,YES
C14-2017-0094,CM_2,YES
C14-2017-0094,CM_3,YES
C14-2017-0094,CM_4,YES
C14-2017-0094,CM_5,YES
C14-2017-0094,CM_6,YES
C14-2017-0094,CM_7,YES
C14-2017-0094,CM_8,YES
C14-2017-0094,CM_9,YES
C14-2017-0094,CM_10,YES
C14-2017-0094,Mayor,YES
C14-2017-0094,CM_1,YES
C14-2017-0094,CM_2,YES
C14-2017-0094,CM_3,YES
C14-2017-0094,CM_4,YES
C14-2017-0094,CM_5,YES
C14-2017-0094,CM_6,YES
C14-2017-0094,CM_7,YES
C14-2017-0094,CM_8,YES
C14-2017-0094,CM_9,YES
C14-2017-0094,CM_10,YES
C14-2017-0094,Mayor,YES
C14-2017-0094,CM_1,YES
C14-2017-0094,CM_2,YES
C14-2017-0094,CM_3,YES
C14-2017-0094,CM_4,YES
C14-2017-0094,CM_5,YES
C14-2017-0094,CM_6,YES
C14-2017-0094,CM_7,YES
C14-2017-0094,CM_8,YES
C14-2017-0094,CM_9,YES
C14-2017-0094,CM_10,YES
C14-2017-0094,Mayor,YES
C14-2017-0094,CM_1,YES
C14-2017-0094,CM_2,YES
C14-2017-0094,CM_3,YES
C14-2017-0094,CM_4,YES
C14-2017-0094,CM_5,YES
C14-2017-0094,CM_6,YES
C14-2017-0094,CM_7,YES
C14-2017-0094,CM_8,YES
C14-2017-0094,CM_9,YES
C14-2017-0094,CM_10,YES
C14-2017-0098,Mayor,YES
C14-2017-0098,CM_1,YES
C14-2017-0098,CM_2,NO
C14-2017-0098,CM_3,YES
C14-2017-0098,CM_4,NO
C14-2017-0098,CM_5,YES
C14-2017-0098,CM_6,YES
C14-2017-0098,CM_7,YES
C14-2017-0098,CM_8,YES
C14-2017-0098,CM_9,YES
C14-2017-0098,CM_10,YES
C14-2017-0098,Mayor,NO
C14-2017-0098,CM_1,YES
C14-2017-0098,CM_2,YES
C14-2017-0098,CM_3,YES
C14-2017-0098,CM_4,YES
C14-2017-0098,CM_5,YES
C14-2017-0098,CM_6,YES
C14-2017-0098,CM_7,YES
C14-2017-0098,CM_8,NO
C14-2017-0098,CM_9,YES
C14-2017-0098,CM_10,YES
C14-2017-0098,Mayor,NO
C14-2017-0098,CM_1,YES
C14-2017-0098,CM_2,YES
C14-2017-0098,CM_3,YES
C14-2017-0098,CM_4,YES
C14-2017-0098,CM_5,YES
C14-2017-0098,CM_6,YES
C14-2017-0098,CM_7,YES
C14-2017-0098,CM_8,YES
C14-2017-0098,CM_9,NO
C14-2017-0098,CM_10,YES
C14-2017-0123,Mayor,YES
C14-2017-0123,CM_1,YES
C14-2017-0123,CM_2,YES
C14-2017-0123,CM_3,YES
C14-2017-0123,CM_4,YES
C14-2017-0123,CM_5,YES
C14-2017-0123,CM_6,YES
C14-2017-0123,CM_7,NO
C14-2017-0123,CM_8,YES
C14-2017-0123,CM_9,YES
C14-2017-0123,CM_10,YES
C14-2017-0123,Mayor,YES
C14-2017-0123,CM_1,YES
C14-2017-0123,CM_2,NO
C14-2017-0123,CM_3,NO
C14-2017-0123,CM_4,YES
C14-2017-0123,CM_5,YES
C14-2017-0123,CM_6,YES
C14-2017-0123,CM_7,YES
C14-2017-0123,CM_8,YES
C14-2017-0123,CM_9,YES
C14-2017-0123,CM_10,NO
C14-2017-0123,Mayor,YES
C14-2017-0123,CM_1,YES
C14-2017-0123,CM_2,YES
C14-2017-0123,CM_3,YES
C14-2017-0123,CM_4,YES
C14-2017-0123,CM_5,YES
C14-2017-0123,CM_6,YES
C14-2017-0123,CM_7,YES
C14-2017-0123,CM_8,NO
C14-2017-0123,CM_9,YES
C14-2017-0123,CM_10,YES
C14-2017-0123,Mayor,YES
C14-2017-0123,CM_1,YES
C14-2017-0123,CM_2,YES
C14-2017-0123,CM_3,YES
C14-2017-0123,CM_4,YES
C14-2017-0123,CM_5,YES
C14-2017-0123,CM_6,NO
C14-2017-0123,CM_7,YES
C14-2017-0123,CM_8,YES
C14-2017-0123,CM_9,YES
C14-2017-0123,CM_10,YES
C14-2018-0002,Mayor,YES
C14-2018-0002,CM_1,YES
C14-2018-0002,CM_2,YES
C14-2018-0002,CM_3,YES
C14-2018-0002,CM_4,YES
C14-2018-0002,CM_5,YES
C14-2018-0002,CM_6,YES
C14-2018-0002,CM_7,YES
C14-2018-0002,CM_8,YES
C14-2018-0002,CM_9,NO
C14-2018-0002,CM_10,YES
C14-2018-0002,Mayor,YES
C14-2018-0002,CM_1,YES
C14-2018-0002,CM_2,YES
C14-2018-0002,CM_3,NO
C14-2018-0002,CM_4,YES
C14-2018-0002,CM_5,YES
C14-2018-0002,CM_6,YES
C14-2018-0002,CM_7,YES
C14-2018-0002,CM_8,YES
C14-2018-0002,CM_9,YES
C14-2018-0002,CM_10,YES
C14-2018-0002,Mayor,NO
C14-2018-0002,CM_1,YES
C14-2018-0002,CM_2,YES
C14-2018-0002,CM_3,YES
C14-2018-0002,CM_4,YES
C14-2018-0002,CM_5,YES
C14-2018-0002,CM_6,YES
C14-2018-0002,CM_7,YES
C14-2018-0002,CM_8,YES
C14-2018-0002,CM_9,YES
C14-2018-0002,CM_10,YES
C14-2018-0077,Mayor,YES
C14-2018-0077,CM_1,YES
C14-2018-0077,CM_2,YES
C14-2018-0077,CM_3,YES
C14-2018-0077,CM_4,YES
C14-2018-0077,CM_5,NO
C14-2018-0077,CM_6,NO
C14-2018-0077,CM_7,YES
C14-2018-0077,CM_8,YES
C14-2018-0077,CM_9,YES
C14-2018-0077,CM_10,YES
C14-2018-0077,Mayor,NO
C14-2018-0077,CM_1,YES
C14-2018-0077,CM_2,NO
C14-2018-0077,CM_3,YES
C14-2018-0077,CM_4,YES
C14-2018-0077,CM_5,YES
C14-2018-0077,CM_6,YES
C14-2018-0077,CM_7,YES
C14-2018-0077,CM_8,YES
C14-2018-0077,CM_9,YES
C14-2018-0077,CM_10,YES
C14-2018-0077,Mayor,YES
C14-2018-0077,CM_1,YES
C14-2018-0077,CM_2,YES
C14-2018-0077,CM_3,YES
C14-2018-0077,CM_4,NO
C14-2018-0077,CM_5,YES
C14-2018-0077,CM_6,YES
C14-2018-0077,CM_7,YES
C14-2018-0077,CM_8,YES
C14-2018-0077,CM_9,YES
C14-2018-0077,CM_10,YES
C14-2018-0077,Mayor,YES
C14-2018-0077,CM_1,YES
C14-2018-0077,CM_2,YES
C14-2018-0077,CM_3,YES
C14-2018-0077,CM_4,NO
C14-2018-0077,CM_5,YES
C14-2018-0077,CM_6,YES
C14-2018-0077,CM_7,NO
C14-2018-0077,CM_8,NO
C14-2018-0077,CM_9,YES
C14-2018-0077,CM_10,YES
C14-2018-0093,Mayor,YES
C14-2018-0093,CM_1,NO
C14-2018-0093,CM_2,NO
C14-2018-0093,CM_3,YES
C14-2018-0093,CM_4,NO
C14-2018-0093,CM_5,YES
C14-2018-0093,CM_6,YES
C14-2018-0093,CM_7,YES
C14-2018-0093,CM_8,YES
C14-2018-0093,CM_9,YES
C14-2018-0093,CM_10,YES
C14-2018-0093,Mayor,NO
C14-2018-0093,CM_1,YES
C14-2018-0093,CM_2,NO
C14-2018-0093,CM_3,YES
C14-2018-0093,CM_4,NO
C14-2018-0093,CM_5,YES
C14-2018-0093,CM_6,YES
C14-2018-0093,CM_7,YES
C14-2018-0093,CM_8,YES
C14-2018-0093,CM_9,YES
C14-2018-0093,CM_10,YES
C14-2018-0096,Mayor,YES
C14-2018-0096,CM_1,YES
C14-2018-0096,CM_2,YES
C14-2018-0096,CM_3,YES
C14-2018-0096,CM_4,NO
C14-2018-0096,CM_5,YES
C14-2018-0096,CM_6,YES
C14-2018-0096,CM_7,YES
C14-2018-0096,CM_8,NO
C14-2018-0096,CM_9,NO
C14-2018-0096,CM_10,YES
C14-2018-0100.SH,Mayor,YES
C14-2018-0100.SH,CM_1,YES
C14-2018-0100.SH,CM_2,YES
C14-2018-0100.SH,CM_3,YES
C14-2018-0100.SH,CM_4,YES
C14-2018-0100.SH,CM_5,YES
C14-2018-0100.SH,CM_6,YES
C14-2018-0100.SH,CM_7,YES
C14-2018-0100.SH,CM_8,YES
C14-2018-0100.SH,CM_9,YES
C14-2018-0100.SH,CM_10,YES
C14-2018-0124,Mayor,YES
C14-2018-0124,CM_1,NO
C14-2018-0124,CM_2,YES
C14-2018-0124,CM_3,YES
C14-2018-0124,CM_4,YES
C14-2018-0124,CM_5,YES
C14-2018-0124,CM_6,NO
C14-2018-0124,CM_7,YES
C14-2018-0124,CM_8,YES
C14-2018-0124,CM_9,YES
C14-2018-0124,CM_10,NO
C14-2018-0124,Mayor,YES
C14-2018-0124,CM_1,YES
C14-2018-0124,CM_2,NO
C14-2018-0124,CM_3,YES
C14-2018-0124,CM_4,YES
C14-2018-0124,CM_5,YES
C14-2018-0124,CM_6,YES
C14-2018-0124,CM_7,YES
C14-2018-0124,CM_8,YES
C14-2018-0124,CM_9,NO
C14-2018-0124,CM_10,NO
C14-2018-0124,Mayor,YES
C14-2018-0124,CM_1,NO
C14-2018-0124,CM_2,YES
C14-2018-0124,CM_3,YES
C14-2018-0124,CM_4,YES
C14-2018-0124,CM_5,YES
C14-2018-0124,CM_6,YES
C14-2018-0124,CM_7,YES
C14-2018-0124,CM_8,NO
C14-2018-0124,CM_9,NO
C14-2018-0124,CM_10,YES
C14-2018-0124,Mayor,YES
C14-2018-0124,CM_1,YES
C14-2018-0124,CM_2,YES
C14-2018-0124,CM_3,YES
C14-2018-0124,CM_4,YES
C14-2018-0124,CM_5,YES
C14-2018-0124,CM_6,NO
C14-2018-0124,CM_7,YES
C14-2018-0124,CM_8,YES
C14-2018-0124,CM_9,YES
C14-2018-0124,CM_10,NO
C14-2018-0124,Mayor,NO
C14-2018-0124,CM_1,YES
C14-2018-0124,CM_2,YES
C14-2018-0124,CM_3,YES
C14-2018-0124,CM_4,YES
C14-2018-0124,CM_5,YES
C14-2018-0124,CM_6,NO
C14-2018-0124,CM_7,YES
C14-2018-0124,CM_8,YES
C14-2018-0124,CM_9,YES
C14-2018-0124,CM_10,YES
C14-2018-0124,Mayor,YES
C14-2018-0124,CM_1,YES
C14-2018-0124,CM_2,YES
C14-2018-0124,CM_3,YES
C14-2018-0124,CM_4,YES
C14-2018-0124,CM_5,YES
C14-2018-0124,CM_6,YES
C14-2018-0124,CM_7,YES
C14-2018-0124,CM_8,YES
C14-2018-0124,CM_9,YES
C14-2018-0124,CM_10,NO
C14-2018-0140,Mayor,YES
C14-2018-0140,CM_1,NO
C14-2018-0140,CM_2,YES
C14-2018-0140,CM_3,YES
C14-2018-0140,CM_4,YES
C14-2018-0140,CM_5,YES
C14-2018-0140,CM_6,YES
C14-2018-0140,CM_7,YES
C14-2018-0140,CM_8,YES
C14-2018-0140,CM_9,YES
C14-2018-0140,CM_10,NO
C14-2018-0140,Mayor,YES
C14-2018-0140,CM_1,YES
C14-2018-0140,CM_2,YES
C14-2018-0140,CM_3,YES
C14-2018-0140,CM_4,YES
C14-2018-0140,CM_5,YES
C14-2018-0140,CM_6,NO
C14-2018-0140,CM_7,NO
C14-2018-0140,CM_8,NO
C14-2018-0140,CM_9,YES
C14-2018-0140,CM_10,YES
C14-2018-0141,Mayor,YES
C14-2018-0141,CM_1,YES
C14-2018-0141,CM_2,YES
C14-2018-0141,CM_3,YES
C14-2018-0141,CM_4,NO
C14-2018-0141,CM_5,NO
C14-2018-0141,CM_6,YES
C14-2018-0141,CM_7,YES
C14-2018-0141,CM_8,YES
C14-2018-0141,CM_9,YES
C14-2018-0141,CM_10,YES
C14-2018-0141,Mayor,YES
C14-2018-0141,CM_1,YES
C14-2018-0141,CM_2,YES
C14-2018-0141,CM_3,YES
C14-2018-0141,CM_4,YES
C14-2018-0141,CM_5,YES
C14-2018-0141,CM_6,NO
C14-2018-0141,CM_7,YES
C14-2018-0141,CM_8,YES
C14-2018-0141,CM_9,NO
C14-2018-0141,CM_10,YES
C14-2018-0141,Mayor,YES
C14-2018-0141,CM_1,YES
C14-2018-0141,CM_2,YES
C14-2018-0141,CM_3,YES
C14-2018-0141,CM_4,YES
C14-2018-0141,CM_5,YES
C14-2018-0141,CM_6,YES
C14-2018-0141,CM_7,YES
C14-2018-0141,CM_8,YES
C14-2018-0141,CM_9,NO
C14-2018-0141,CM_10,YES
C14-2018-0141,Mayor,NO
C14-2018-0141,CM_1,YES
C14-2018-0141,CM_2,YES
C14-2018-0141,CM_3,YES
C14-2018-0141,CM_4,YES
C14-2018-0141,CM_5,YES
C14-2018-0141,CM_6,YES
C14-2018-0141,CM_7,YES
C14-2018-0141,CM_8,NO
C14-2018-0141,CM_9,YES
C14-2018-0141,CM_10,YES
C14-2018-0141,Mayor,YES
C14-2018-0141,CM_1,YES
C14-2018-0141,CM_2,YES
C14-2018-0141,CM_3,YES
C14-2018-0141,CM_4,NO
C14-2018-0141,CM_5,YES
C14-2018-0141,CM_6,NO
C14-2018-0141,CM_7,YES
C14-2018-0141,CM_8,YES
C14-2018-0141,CM_9,YES
C14-2018-0141,CM_10,NO
C14-2018-0149,Mayor,YES
C14-2018-0149,CM_1,YES
C14-2018-0149,CM_2,YES
C14-2018-0149,CM_3,YES
C14-2018-0149,CM_4,YES
C14-2018-0149,CM_5,YES
C14-2018-0149,CM_6,YES
C14-2018-0149,CM_7,YES
C14-2018-0149,CM_8,YES
C14-2018-0149,CM_9,YES
C14-2018-0149,CM_10,YES
C14-2018-0150,Mayor,YES
C14-2018-0150,CM_1,NO
C14-2018-0150,CM_2,YES
C14-2018-0150,CM_3,YES
C14-2018-0150,CM_4,YES
C14-2018-0150,CM_5,NO
C14-2018-0150,CM_6,NO
C14-2018-0150,CM_7,YES
C14-2018-0150,CM_8,YES
C14-2018-0150,CM_9,YES
C14-2018-0150,CM_10,YES
C14-2018-0150,Mayor,YES
C14-2018-0150,CM_1,YES
C14-2018-0150,CM_2,NO
C14-2018-0150,CM_3,YES
C14-2018-0150,CM_4,YES
C14-2018-0150,CM_5,YES
C14-2018-0150,CM_6,NO
C14-2018-0150,CM_7,YES
C14-2018-0150,CM_8,NO
C14-2018-0150,CM_9,YES
C14-2018-0150,CM_10,YES
C14H-2018-0013,Mayor,YES
C14H-2018-0013,CM_1,YES
C14H-2018-0013,CM_2,YES
C14H-2018-0013,CM_3,YES
C14H-2018-0013,CM_4,YES
C14H-2018-0013,CM_5,YES
C14H-2018-0013,CM_6,YES
C14H-2018-0013,CM_7,YES
C14H-2018-0013,CM_8,YES
C14H-2018-0013,CM_9,NO
C14H-2018-0013,CM_10,YES
C14H-2018-0013,Mayor,YES
C14H-2018-0013,CM_1,YES
C14H-2018-0013,CM_2,NO
C14H-2018-0013,CM_3,YES
C14H-2018-0013,CM_4,YES
C14H-2018-0013,CM_5,NO
C14H-2018-0013,CM_6,YES
C14H-2018-0013,CM_7,YES
C14H-2018-0013,CM_8,YES
C14H-2018-0013,CM_9,YES
C14H-2018-0013,CM_10,YES
C14H-2018-0013,Mayor,YES
C14H-2018-0013,CM_1,YES
C14H-2018-0013,CM_2,YES
C14H-2018-0013,CM_3,NO
C14H-2018-0013,CM_4,YES
C14H-2018-0013,CM_5,YES
C14H-2018-0013,CM_6,YES
C14H-2018-0013,CM_7,YES
C14H-2018-0013,CM_8,YES
C14H-2018-0013,CM_9,NO
C14H-2018-0013,CM_10,NO
C14H-2018-0084,Mayor,YES
C14H-2018-0084,CM_1,NO
C14H-2018-0084,CM_2,YES
C14H-2018-0084,CM_3,YES
C14H-2018-0084,CM_4,YES
C14H-2018-0084,CM_5,YES
C14H-2018-0084,CM_6,YES
C14H-2018-0084,CM_7,YES
C14H-2018-0084,CM_8,YES
C14H-2018-0084,CM_9,YES
C14H-2018-0084,CM_10,YES
C14H-2018-0084,Mayor,YES
C14H-2018-0084,CM_1,YES
C14H-2018-0084,CM_2,YES
C14H-2018-0084,CM_3,YES
C14H-2018-0084,CM_4,YES
C14H-2018-0084,CM_5,YES
C14H-2018-0084,CM_6,YES
C14H-2018-0084,CM_7,YES
C14H-2018-0084,CM_8,NO
C14H-2018-0084,CM_9,NO
C14H-2018-0084,CM_10,YES
C14-2018-0121,Mayor,YES
C14-2018-0121,CM_1,YES
C14-2018-0121,CM_2,YES
C14-2018-0121,CM_3,YES
C14-2018-0121,CM_4,YES
C14-2018-0121,CM_5,YES
C14-2018-0121,CM_6,YES
C14-2018-0121,CM_7,YES
C14-2018-0121,CM_8,YES
C14-2018-0121,CM_9,YES
C14-2018-0121,CM_10,YES
C14-2019-0007,Mayor,YES
C14-2019-0007,CM_1,YES
C14-2019-0007,CM_2,YES
C14-2019-0007,CM_3,YES
C14-2019-0007,CM_4,YES
C14-2019-0007,CM_5,YES
C14-2019-0007,CM_6,YES
C14-2019-0007,CM_7,YES
C14-2019-0007,CM_8,NO
C14-2019-0007,CM_9,YES
C14-2019-0007,CM_10,YES
C14-2019-0007,Mayor,YES
C14-2019-0007,CM_1,NO
C14-2019-0007,CM_2,NO
C14-2019-0007,CM_3,YES
C14-2019-0007,CM_4,NO
C14-2019-0007,CM_5,YES
C14-2019-0007,CM_6,YES
C14-2019-0007,CM_7,YES
C14-2019-0007,CM_8,YES
C14-2019-0007,CM_9,YES
C14-2019-0007,CM_10,YES
C14-2019-0007,Mayor,YES
C14-2019-0007,CM_1,YES
C14-2019-0007,CM_2,NO
C14-2019-0007,CM_3,NO
C14-2019-0007,CM_4,YES
C14-2019-0007,CM_5,YES
C14-2019-0007,CM_6,YES
C14-2019-0007,CM_7,YES
C14-2019-0007,CM_8,YES
C14-2019-0007,CM_9,YES
C14-2019-0007,CM_10,YES
C14-2019-0007,Mayor,YES
C14-2019-0007,CM_1,YES
C14-2019-0007,CM_2,YES
C14-2019-0007,CM_3,YES
C14-2019-0007,CM_4,YES
C14-2019-0007,CM_5,YES
C14-2019-0007,CM_6,NO
C14-2019-0007,CM_7,YES
C14-2019-0007,CM_8,NO
C14-2019-0007,CM_9,YES
C14-2019-0007,CM_10,YES
C14-2019-0011,Mayor,YES
C14-2019-0011,CM_1,YES
C14-2019-0011,CM_2,YES
C14-2019-0011,CM_3,YES
C14-2019-0011,CM_4,YES
C14-2019-0011,CM_5,YES
C14-2019-0011,CM_6,NO
C14-2019-0011,CM_7,YES
C14-2019-0011,CM_8,NO
C14-2019-0011,CM_9,NO
C14-2019-0011,CM_10,YES
C14-2019-0026,Mayor,YES
C14-2019-0026,CM_1,YES
C14-2019-0026,CM_2,YES
C14-2019-0026,CM_3,YES
C14-2019-0026,CM_4,YES
C14-2019-0026,CM_5,YES
C14-2019-0026,CM_6,YES
C14-2019-0026,CM_7,YES
C14-2019-0026,CM_8,YES
C14-2019-0026,CM_9,NO
C14-2019-0026,CM_10,YES
C14-2019-0027,Mayor,YES
C14-2019-0027,CM_1,NO
C14-2019-0027,CM_2,NO
C14-2019-0027,CM_3,NO
C14-2019-0027,CM_4,YES
C14-2019-0027,CM_5,YES
C14-2019-0027,CM_6,YES
C14-2019-0027,CM_7,YES
C14-2019-0027,CM_8,YES
C14-2019-0027,CM_9,YES
C14-2019-0027,CM_10,YES
C14-2019-0049,Mayor,NO
C14-2019-0049,CM_1,NO
C14-2019-0049,CM_2,YES
C14-2019-0049,CM_3,NO
C14-2019-0049,CM_4,YES
C14-2019-0049,CM_5,YES
C14-2019-0049,CM_6,YES
C14-2019-0049,CM_7,YES
C14-2019-0049,CM_8,YES
C14-2019-0049,CM_9,YES
C14-2019-0049,CM_10,YES
C14-2019-0053,Mayor,YES
C14-2019-0053,CM_1,NO
C14-2019-0053,CM_2,YES
C14-2019-0053,CM_3,YES
C14-2019-0053,CM_4,YES
C14-2019-0053,CM_5,YES
C14-2019-0053,CM_6,YES
C14-2019-0053,CM_7,YES
C14-2019-0053,CM_8,NO
C14-2019-0053,CM_9,YES
C14-2019-0053,CM_10,YES
C14-2019-0053,Mayor,YES
C14-2019-0053,CM_1,NO
C14-2019-0053,CM_2,YES
C14-2019-0053,CM_3,YES
C14-2019-0053,CM_4,YES
C14-2019-0053,CM_5,YES
C14-2019-0053,CM_6,YES
C14-2019-0053,CM_7,YES
C14-2019-0053,CM_8,YES
C14-2019-0053,CM_9,YES
C14-2019-0053,CM_10,YES
C14-2019-0053,Mayor,YES
C14-2019-0053,CM_1,YES
C14-2019-0053,CM_2,YES
C14-2019-0053,CM_3,YES
C14-2019-0053,CM_4,NO
C14-2019-0053,CM_5,YES
C14-2019-0053,CM_6,NO
C14-2019-0053,CM_7,NO
C14-2019-0053,CM_8,YES
C14-2019-0053,CM_9,YES
C14-2019-0053,CM_10,YES
C14-2019-0053,Mayor,YES
C14-2019-0053,CM_1,YES
C14-2019-0053,CM_2,YES
C14-2019-0053,CM_3,YES
C14-2019-0053,CM_4,YES
C14-2019-0053,CM_5,NO
C14-2019-0053,CM_6,NO
C14-2019-0053,CM_7,YES
C14-2019-0053,CM_8,YES
C14-2019-0053,CM_9,YES
C14-2019-0053,CM_10,NO
C14-2019-0053,Mayor,NO
C14-2019-0053,CM_1,YES
C14-2019-0053,CM_2,YES
C14-2019-0053,CM_3,YES
C14-2019-0053,CM_4,YES
C14-2019-0053,CM_5,YES
C14-2019-0053,CM_6,NO
C14-2019-0053,CM_7,YES
C14-2019-0053,CM_8,YES
C14-2019-0053,CM_9,YES
C14-2019-0053,CM_10,YES
C14-2019-0054,Mayor,YES
C14-2019-0054,CM_1,YES
C14-2019-0054,CM_2,YES
C14-2019-0054,CM_3,YES
C14-2019-0054,CM_4,NO
C14-2019-0054,CM_5,NO
C14-2019-0054,CM_6,YES
C14-2019-0054,CM_7,YES
C14-2019-0054,CM_8,YES
C14-2019-0054,CM_9,YES
C14-2019-0054,CM_10,YES
C14-2019-0054,Mayor,YES
C14-2019-0054,CM_1,YES
C14-2019-0054,CM_2,YES
C14-2019-0054,CM_3,YES
C14-2019-0054,CM_4,YES
C14-2019-0054,CM_5,YES
C14-2019-0054,CM_6,NO
C14-2019-0054,CM_7,YES
C14-2019-0054,CM_8,NO
C14-2019-0054,CM_9,YES
C14-2019-0054,CM_10,YES
C14-2019-0054,Mayor,YES
C14-2019-0054,CM_1,YES
C14-2019-0054,CM_2,NO
C14-2019-0054,CM_3,NO
C14-2019-0054,CM_4,YES
C14-2019-0054,CM_5,YES
C14-2019-0054,CM_6,YES
C14-2019-0054,CM_7,YES
C14-2019-0054,CM_8,NO
C14-2019-0054,CM_9,YES
C14-2019-0054,CM_10,YES
C14-2019-0078,Mayor,YES
C14-2019-0078,CM_1,YES
C14-2019-0078,CM_2,YES
C14-2019-0078,CM_3,YES
C14-2019-0078,CM_4,YES
C14-2019-0078,CM_5,NO
C14-2019-0078,CM_6,YES
C14-2019-0078,CM_7,YES
C14-2019-0078,CM_8,NO
C14-2019-0078,CM_9,NO
C14-2019-0078,CM_10,YES
C14-2019-0078,Mayor,YES
C14-2019-0078,CM_1,YES
C14-2019-0078,CM_2,YES
C14-2019-0078,CM_3,NO
C14-2019-0078,CM_4,NO
C14-2019-0078,CM_5,YES
C14-2019-0078,CM_6,YES
C14-2019-0078,CM_7,YES
C14-2019-0078,CM_8,YES
C14-2019-0078,CM_9,YES
C14-2019-0078,CM_10,YES
C14-2019-0078,Mayor,YES
C14-2019-0078,CM_1,YES
C14-2019-0078,CM_2,YES
C14-2019-0078,CM_3,YES
C14-2019-0078,CM_4,YES
C14-2019-0078,CM_5,YES
C14-2019-0078,CM_6,YES
C14-2019-0078,CM_7,YES
C14-2019-0078,CM_8,NO
C14-2019-0078,CM_9,YES
C14-2019-0078,CM_10,YES
C14-2019-0090,Mayor,YES
C14-2019-0090,CM_1,YES
C14-2019-0090,CM_2,YES
C14-2019-0090,CM_3,YES
C14-2019-0090,CM_4,YES
C14-2019-0090,CM_5,YES
C14-2019-0090,CM_6,YES
C14-2019-0090,CM_7,YES
C14-2019-0090,CM_8,YES
C14-2019-0090,CM_9,YES
C14-2019-0090,CM_10,YES
C14-2019-0090,Mayor,YES
C14-2019-0090,CM_1,YES
C14-2019-0090,CM_2,YES
C14-2019-0090,CM_3,YES
C14-2019-0090,CM_4,YES
C14-2019-0090,CM_5,YES
C14-2019-0090,CM_6,YES
C14-2019-0090,CM_7,YES
C14-2019-0090,CM_8,YES
C14-2019-0090,CM_9,YES
C14-2019-0090,CM_10,YES
C14-2019-0090,Mayor,YES
C14-2019-0090,CM_1,YES
C14-2019-0090,CM_2,YES
C14-2019-0090,CM_3,YES
C14-2019-0090,CM_4,YES
C14-2019-0090,CM_5,YES
C14-2019-0090,CM_6,YES
C14-2019-0090,CM_7,YES
C14-2019-0090,CM_8,YES
C14-2019-0090,CM_9,YES
C14-2019-0090,CM_10,YES
C14-2019-0098,Mayor,NO
C14-2019-0098,CM_1,YES
C14-2019-0098,CM_2,YES
C14-2019-0098,CM_3,YES
C14-2019-0098,CM_4,NO
C14-2019-0098,CM_5,YES
C14-2019-0098,CM_6,YES
C14-2019-0098,CM_7,NO
C14-2019-0098,CM_8,YES
C14-2019-0098,CM_9,YES
C14-2019-0098,CM_10,YES
C14-2019-0098,Mayor,YES
C14-2019-0098,CM_1,YES
C14-2019-0098,CM_2,YES
C14-2019-0098,CM_3,YES
C14-2019-0098,CM_4,YES
C14-2019-0098,CM_5,YES
C14-2019-0098,CM_6,YES
C14-2019-0098,CM_7,YES
C14-2019-0098,CM_8,NO
C14-2019-0098,CM_9,YES
C14-2019-0098,CM_10,YES
C14-2019-0098,Mayor,NO
C14-2019-0098,CM_1,YES
C14-2019-0098,CM_2,YES
C14-2019-0098,CM_3,YES
C14-2019-0098,CM_4,YES
C14-2019-0098,CM_5,NO
C14-2019-0098,CM_6,YES
C14-2019-0098,CM_7,YES
C14-2019-0098,CM_8,YES
C14-2019-0098,CM_9,YES
C14-2019-0098,CM_10,YES
C14-2019-0103,Mayor,YES
C14-2019-0103,CM_1,YES
C14-2019-0103,CM_2,YES
C14-2019-0103,CM_3,YES
C14-2019-0103,CM_4,YES
C14-2019-0103,CM_5,YES
C14-2019-0103,CM_6,YES
C14-2019-0103,CM_7,YES
C14-2019-0103,CM_8,YES
C14-2019-0103,CM_9,YES
C14-2019-0103,CM_10,YES
C14-2019-0103,Mayor,YES
C14-2019-0103,CM_1,YES
C14-2019-0103,CM_2,YES
C14-2019-0103,CM_3,YES
C14-2019-0103,CM_4,YES
C14-2019-0103,CM_5,YES
C14-2019-0103,CM_6,YES
C14-2019-0103,CM_7,YES
C14-2019-0103,CM_8,YES
C14-2019-0103,CM_9,YES
C14-2019-0103,CM_10,YES
C14-2019-0103,Mayor,YES
C14-2019-0103,CM_1,YES
C14-2019-0103,CM_2,YES
C14-2019-0103,CM_3,YES
C14-2019-0103,CM_4,YES
C14-2019-0103,CM_5,YES
C14-2019-0103,CM_6,YES
C14-2019-0103,CM_7,YES
C14-2019-0103,CM_8,YES
C14-2019-0103,CM_9,YES
C14-2019-0103,CM_10,YES
C14-2019-0164,Mayor,YES
C14-2019-0164,CM_1,YES
C14-2019-0164,CM_2,YES
C14-2019-0164,CM_3,NO
C14-2019-0164,CM_4,YES
C14-2019-0164,CM_5,YES
C14-2019-0164,CM_6,YES
C14-2019-0164,CM_7,NO
C14-2019-0164,CM_8,YES
C14-2019-0164,CM_9,YES
C14-2019-0164,CM_10,YES
C14-2019-0164,Mayor,NO
C14-2019-0164,CM_1,YES
C14-2019-0164,CM_2,YES
C14-2019-0164,CM_3,YES
C14-2019-0164,CM_4,YES
C14-2019-0164,CM_5,YES
C14-2019-0164,CM_6,NO
C14-2019-0164,CM_7,YES
C14-2019-0164,CM_8,YES
C14-2019-0164,CM_9,YES
C14-2019-0164,CM_10,YES
C14H-2019-0077,Mayor,YES
C14H-2019-0077,CM_1,NO
C14H-2019-0077,CM_2,NO
C14H-2019-0077,CM_3,YES
C14H-2019-0077,CM_4,YES
C14H-2019-0077,CM_5,YES
C14H-2019-0077,CM_6,YES
C14H-2019-0077,CM_7,YES
C14H-2019-0077,CM_8,YES
C14H-2019-0077,CM_9,YES
C14H-2019-0077,CM_10,YES
C14-2020-0022,Mayor,YES
C14-2020-0022,CM_1,YES
C14-2020-0022,CM_2,YES
C14-2020-0022,CM_3,YES
C14-2020-0022,CM_4,YES
C14-2020-0022,CM_5,YES
C14-2020-0022,CM_6,YES
C14-2020-0022,CM_7,YES
C14-2020-0022,CM_8,YES
C14-2020-0022,CM_9,YES
C14-2020-0022,CM_10,YES
C14-2020-0023,Mayor,NO
C14-2020-0023,CM_1,YES
C14-2020-0023,CM_2,YES
C14-2020-0023,CM_3,YES
C14-2020-0023,CM_4,YES
C14-2020-0023,CM_5,YES
C14-2020-0023,CM_6,YES
C14-2020-0023,CM_7,YES
C14-2020-0023,CM_8,YES
C14-2020-0023,CM_9,YES
C14-2020-0023,CM_10,YES
C14-2020-0029,Mayor,YES
C14-2020-0029,CM_1,NO
C14-2020-0029,CM_2,YES
C14-2020-0029,CM_3,YES
C14-2020-0029,CM_4,YES
C14-2020-0029,CM_5,YES
C14-2020-0029,CM_6,YES
C14-2020-0029,CM_7,YES
C14-2020-0029,CM_8,YES
C14-2020-0029,CM_9,YES
C14-2020-0029,CM_10,YES
C14-2020-0030,Mayor,YES
C14-2020-0030,CM_1,YES
C14-2020-0030,CM_2,YES
C14-2020-0030,CM_3,YES
C14-2020-0030,CM_4,YES
C14-2020-0030,CM_5,NO
C14-2020-0030,CM_6,YES
C14-2020-0030,CM_7,YES
C14-2020-0030,CM_8,YES
C14-2020-0030,CM_9,NO
C14-2020-0030,CM_10,NO
C14-2020-0031.SH,Mayor,YES
C14-2020-0031.SH,CM_1,YES
C14-2020-0031.SH,CM_2,YES
C14-2020-0031.SH,CM_3,YES
C14-2020-0031.SH,CM_4,YES
C14-2020-0031.SH,CM_5,YES
C14-2020-0031.SH,CM_6,YES
C14-2020-0031.SH,CM_7,YES
C14-2020-0031.SH,CM_8,YES
C14-2020-0031.SH,CM_9,YES
C14-2020-0031.SH,CM_10,YES
C14-2020-0038,Mayor,YES
C14-2020-0038,CM_1,YES
C14-2020-0038,CM_2,YES
C14-2020-0038,CM_3,YES
C14-2020-0038,CM_4,YES
C14-2020-0038,CM_5,YES
C14-2020-0038,CM_6,YES
C14-2020-0038,CM_7,YES
C14-2020-0038,CM_8,NO
C14-2020-0038,CM_9,YES
C14-2020-0038,CM_10,YES
C14-2020-0039,Mayor,YES
C14-2020-0039,CM_1,YES
C14-2020-0039,CM_2,YES
C14-2020-0039,CM_3,YES
C14-2020-0039,CM_4,YES
C14-2020-0039,CM_5,YES
C14-2020-0039,CM_6,YES
C14-2020-0039,CM_7,YES
C14-2020-0039,CM_8,YES
C14-2020-0039,CM_9,YES
C14-2020-0039,CM_10,NO
C14-2020-0044,Mayor,YES
C14-2020-0044,CM_1,YES
C14-2020-0044,CM_2,YES
C14-2020-0044,CM_3,YES
C14-2020-0044,CM_4,YES
C14-2020-0044,CM_5,YES
C14-2020-0044,CM_6,YES
C14-2020-0044,CM_7,NO
C14-2020-0044,CM_8,YES
C14-2020-0044,CM_9,YES
C14-2020-0044,CM_10,YES
C14-2020-0048,Mayor,YES
C14-2020-0048,CM_1,YES
C14-2020-0048,CM_2,YES
C14-2020-0048,CM_3,YES
C14-2020-0048,CM_4,YES
C14-2020-0048,CM_5,YES
C14-2020-0048,CM_6,YES
C14-2020-0048,CM_7,YES
C14-2020-0048,CM_8,YES
C14-2020-0048,CM_9,YES
C14-2020-0048,CM_10,YES
C14-2020-0067,Mayor,YES
C14-2020-0067,CM_1,YES
C14-2020-0067,CM_2,YES
C14-2020-0067,CM_3,YES
C14-2020-0067,CM_4,YES
C14-2020-0067,CM_5,YES
C14-2020-0067,CM_6,YES
C14-2020-0067,CM_7,NO
C14-2020-0067,CM_8,YES
C14-2020-0067,CM_9,NO
C14-2020-0067,CM_10,YES
C14-2020-0075,Mayor,YES
C14-2020-0075,CM_1,NO
C14-2020-0075,CM_2,YES
C14-2020-0075,CM_3,YES
C14-2020-0075,CM_4,YES
C14-2020-0075,CM_5,YES
C14-2020-0075,CM_6,NO
C14-2020-0075,CM_7,YES
C14-2020-0075,CM_8,YES
C14-2020-0075,CM_9,YES
C14-2020-0075,CM_10,NO
C14-2020-0081,Mayor,YES
C14-2020-0081,CM_1,YES
C14-2020-0081,CM_2,YES
C14-2020-0081,CM_3,YES
C14-2020-0081,CM_4,YES
C14-2020-0081,CM_5,YES
C14-2020-0081,CM_6,YES
C14-2020-0081,CM_7,NO
C14-2020-0081,CM_8,YES
C14-2020-0081,CM_9,YES
C14-2020-0081,CM_10,NO
C14-2020-0089,Mayor,YES
C14-2020-0089,CM_1,YES
C14-2020-0089,CM_2,YES
C14-2020-0089,CM_3,YES
C14-2020-0089,CM_4,YES
C14-2020-0089,CM_5,YES
C14-2020-0089,CM_6,YES
C14-2020-0089,CM_7,YES
C14-2020-0089,CM_8,YES
C14-2020-0089,CM_9,YES
C14-2020-0089,CM_10,YES
C14-2020-0102,Mayor,YES
C14-2020-0102,CM_1,NO
C14-2020-0102,CM_2,YES
C14-2020-0102,CM_3,YES
C14-2020-0102,CM_4,NO
C14-2020-0102,CM_5,YES
C14-2020-0102,CM_6,YES
C14-2020-0102,CM_7,YES
C14-2020-0102,CM_8,NO
C14-2020-0102,CM_9,YES
C14-2020-0102,CM_10,YES
C14-2020-0112,Mayor,YES
C14-2020-0112,CM_1,NO
C14-2020-0112,CM_2,YES
C14-2020-0112,CM_3,YES
C14-2020-0112,CM_4,YES
C14-2020-0112,CM_5,YES
C14-2020-0112,CM_6,YES
C14-2020-0112,CM_7,YES
C14-2020-0112,CM_8,YES
C14-2020-0112,CM_9,YES
C14-2020-0112,CM_10,YES
C14-2020-0121,Mayor,NO
C14-2020-0121,CM_1,YES
C14-2020-0121,CM_2,YES
C14-2020-0121,CM_3,YES
C14-2020-0121,CM_4,YES
C14-2020-0121,CM_5,YES
C14-2020-0121,CM_6,YES
C14-2020-0121,CM_7,NO
C14-2020-0121,CM_8,YES
C14-2020-0121,CM_9,YES
C14-2020-0121,CM_10,YES
C14-2020-0143,Mayor,YES
C14-2020-0143,CM_1,YES
C14-2020-0143,CM_2,YES
C14-2020-0143,CM_3,YES
C14-2020-0143,CM_4,YES
C14-2020-0143,CM_5,YES
C14-2020-0143,CM_6,YES
C14-2020-0143,CM_7,YES
C14-2020-0143,CM_8,YES
C14-2020-0143,CM_9,YES
C14-2020-0143,CM_10,YES
C14-2020-0146,Mayor,YES
C14-2020-0146,CM_1,YES
C14-2020-0146,CM_2,YES
C14-2020-0146,CM_3,NO
C14-2020-0146,CM_4,YES
C14-2020-0146,CM_5,YES
C14-2020-0146,CM_6,YES
C14-2020-0146,CM_7,YES
C14-2020-0146,CM_8,YES
C14-2020-0146,CM_9,YES
C14-2020-0146,CM_10,NO
C14-2020-0147,Mayor,YES
C14-2020-0147,CM_1,YES
C14-2020-0147,CM_2,YES
C14-2020-0147,CM_3,NO
C14-2020-0147,CM_4,NO
C14-2020-0147,CM_5,YES
C14-2020-0147,CM_6,YES
C14-2020-0147,CM_7,YES
C14-2020-0147,CM_8,YES
C14-2020-0147,CM_9,YES
C14-2020-0147,CM_10,NO
C14-2020-0151,Mayor,YES
C14-2020-0151,CM_1,YES
C14-2020-0151,CM_2,YES
C14-2020-0151,CM_3,YES
C14-2020-0151,CM_4,YES
C14-2020-0151,CM_5,YES
C14-2020-0151,CM_6,YES
C14-2020-0151,CM_7,YES
C14-2020-0151,CM_8,YES
C14-2020-0151,CM_9,YES
C14-2020-0151,CM_10,YES
C14-2021-0007,Mayor,YES
C14-2021-0007,CM_1,YES
C14-2021-0007,CM_2,YES
C14-2021-0007,CM_3,YES
C14-2021-0007,CM_4,YES
C14-2021-0007,CM_5,YES
C14-2021-0007,CM_6,YES
C14-2021-0007,CM_7,YES
C14-2021-0007,CM_8,NO
C14-2021-0007,CM_9,YES
C14-2021-0007,CM_10,YES
C14-2021-0008.SH,Mayor,YES
C14-2021-0008.SH,CM_1,YES
C14-2021-0008.SH,CM_2,YES
C14-2021-0008.SH,CM_3,YES
C14-2021-0008.SH,CM_4,YES
C14-2021-0008.SH,CM_5,YES
C14-2021-0008.SH,CM_6,YES
C14-2021-0008.SH,CM_7,YES
C14-2021-0008.SH,CM_8,YES
C14-2021-0008.SH,CM_9,YES
C14-2021-0008.SH,CM_10,YES
C14-2021-0009,Mayor,NO
C14-2021-0009,CM_1,YES
C14-2021-0009,CM_2,NO
C14-2021-0009,CM_3,YES
C14-2021-0009,CM_4,NO
C14-2021-0009,CM_5,YES
C14-2021-0009,CM_6,YES
C14-2021-0009,CM_7,YES
C14-2021-0009,CM_8,YES
C14-2021-0009,CM_9,YES
C14-2021-0009,CM_10,YES
C14-2021-0015,Mayor,YES
C14-2021-0015,CM_1,YES
C14-2021-0015,CM_2,YES
C14-2021-0015,CM_3,YES
C14-2021-0015,CM_4,YES
C14-2021-0015,CM_5,YES
C14-2021-0015,CM_6,YES
C14-2021-0015,CM_7,YES
C14-2021-0015,CM_8,YES
C14-2021-0015,CM_9,YES
C14-2021-0015,CM_10,YES
C14-2021-0017,Mayor,NO
C14-2021-0017,CM_1,NO
C14-2021-0017,CM_2,YES
C14-2021-0017,CM_3,YES
C14-2021-0017,CM_4,YES
C14-2021-0017,CM_5,YES
C14-2021-0017,CM_6,YES
C14-2021-0017,CM_7,YES
C14-2021-0017,CM_8,NO
C14-2021-0017,CM_9,YES
C14-2021-0017,CM_10,YES
C14-2021-0023.SH,Mayor,YES
C14-2021-0023.SH,CM_1,YES
C14-2021-0023.SH,CM_2,YES
C14-2021-0023.SH,CM_3,YES
C14-2021-0023.SH,CM_4,YES
C14-2021-0023.SH,CM_5,YES
C14-2021-0023.SH,CM_6,YES
C14-2021-0023.SH,CM_7,YES
C14-2021-0023.SH,CM_8,YES
C14-2021-0023.SH,CM_9,YES
C14-2021-0023.SH,CM_10,YES
C14-2021-0033,Mayor,YES
C14-2021-0033,CM_1,YES
C14-2021-0033,CM_2,YES
C14-2021-0033,CM_3,YES
C14-2021-0033,CM_4,YES
C14-2021-0033,CM_5,YES
C14-2021-0033,CM_6,NO
C14-2021-0033,CM_7,YES
C14-2021-0033,CM_8,YES
C14-2021-0033,CM_9,YES
C14-2021-0033,CM_10,YES
C14-2021-0037,Mayor,NO
C14-2021-0037,CM_1,YES
C14-2021-0037,CM_2,YES
C14-2021-0037,CM_3,YES
C14-2021-0037,CM_4,NO
C14-2021-0037,CM_5,YES
C14-2021-0037,CM_6,YES
C14-2021-0037,CM_7,YES
C14-2021-0037,CM_8,YES
C14-2021-0037,CM_9,YES
C14-2021-0037,CM_10,YES
C14-2021-0039,Mayor,YES
C14-2021-0039,CM_1,NO
C14-2021-0039,CM_2,NO
C14-2021-0039,CM_3,NO
C14-2021-0039,CM_4,YES
C14-2021-0039,CM_5,YES
C14-2021-0039,CM_6,YES
C14-2021-0039,CM_7,YES
C14-2021-0039,CM_8,YES
C14-2021-0039,CM_9,YES
C14-2021-0039,CM_10,YES
C14-2021-0050,Mayor,YES
C14-2021-0050,CM_1,YES
C14-2021-0050,CM_2,YES
C14-2021-0050,CM_3,YES
C14-2021-0050,CM_4,YES
C14-2021-0050,CM_5,YES
C14-2021-0050,CM_6,YES
C14-2021-0050,CM_7,YES
C14-2021-0050,CM_8,YES
C14-2021-0050,CM_9,YES
C14-2021-0050,CM_10,YES
C14-2021-0055,Mayor,YES
C14-2021-0055,CM_1,YES
C14-2021-0055,CM_2,YES
C14-2021-0055,CM_3,YES
C14-2021-0055,CM_4,YES
C14-2021-0055,CM_5,YES
C14-2021-0055,CM_6,YES
C14-2021-0055,CM_7,YES
C14-2021-0055,CM_8,NO
C14-2021-0055,CM_9,YES
C14-2021-0055,CM_10,YES
C14-2021-0056,Mayor,YES
C14-2021-0056,CM_1,YES
C14-2021-0056,CM_2,YES
C14-2021-0056,CM_3,YES
C14-2021-0056,CM_4,YES
C14-2021-0056,CM_5,YES
C14-2021-0056,CM_6,YES
C14-2021-0056,CM_7,YES
C14-2021-0056,CM_8,YES
C14-2021-0056,CM_9,YES
C14-2021-0056,CM_10,YES
C14-2021-0081,Mayor,YES
C14-2021-0081,CM_1,YES
C14-2021-0081,CM_2,YES
C14-2021-0081,CM_3,YES
C14-2021-0081,CM_4,YES
C14-2021-0081,CM_5,YES
C14-2021-0081,CM_6,YES
C14-2021-0081,CM_7,YES
C14-2021-0081,CM_8,YES
C14-2021-0081,CM_9,YES
C14-2021-0081,CM_10,YES
C14-2021-0082,Mayor,YES
C14-2021-0082,CM_1,YES
C14-2021-0082,CM_2,YES
C14-2021-0082,CM_3,YES
C14-2021-0082,CM_4,YES
C14-2021-0082,CM_5,YES
C14-2021-0082,CM_6,YES
C14-2021-0082,CM_7,YES
C14-2021-0082,CM_8,YES
C14-2021-0082,CM_9,YES
C14-2021-0082,CM_10,YES
C14-2021-0100,Mayor,YES
C14-2021-0100,CM_1,YES
C14-2021-0100,CM_2,YES
C14-2021-0100,CM_3,YES
C14-2021-0100,CM_4,YES
C14-2021-0100,CM_5,YES
C14-2021-0100,CM_6,YES
C14-2021-0100,CM_7,YES
C14-2021-0100,CM_8,YES
C14-2021-0100,CM_9,YES
C14-2021-0100,CM_10,YES
C14-2021-0117,Mayor,YES
C14-2021-0117,CM_1,YES
C14-2021-0117,CM_2,YES
C14-2021-0117,CM_3,YES
C14-2021-0117,CM_4,YES
C14-2021-0117,CM_5,YES
C14-2021-0117,CM_6,YES
C14-2021-0117,CM_7,YES
C14-2021-0117,CM_8,YES
C14-2021-0117,CM_9,YES
C14-2021-0117,CM_10,YES
C14-2021-0119,Mayor,YES
C14-2021-0119,CM_1,YES
C14-2021-0119,CM_2,YES
C14-2021-0119,CM_3,YES
C14-2021-0119,CM_4,YES
C14-2021-0119,CM_5,YES
C14-2021-0119,CM_6,YES
C14-2021-0119,CM_7,YES
C14-2021-0119,CM_8,YES
C14-2021-0119,CM_9,YES
C14-2021-0119,CM_10,YES
C14-2021-0123,Mayor,YES
C14-2021-0123,CM_1,YES
C14-2021-0123,CM_2,YES
C14-2021-0123,CM_3,YES
C14-2021-0123,CM_4,YES
C14-2021-0123,CM_5,YES
C14-2021-0123,CM_6,YES
C14-2021-0123,CM_7,YES
C14-2021-0123,CM_8,YES
C14-2021-0123,CM_9,YES
C14-2021-0123,CM_10,YES
C14-2021-0125,Mayor,YES
C14-2021-0125,CM_1,YES
C14-2021-0125,CM_2,YES
C14-2021-0125,CM_3,YES
C14-2021-0125,CM_4,YES
C14-2021-0125,CM_5,YES
C14-2021-0125,CM_6,YES
C14-2021-0125,CM_7,YES
C14-2021-0125,CM_8,YES
C14-2021-0125,CM_9,YES
C14-2021-0125,CM_10,YES
C14-2021-0127,Mayor,NO
C14-2021-0127,CM_1,YES
C14-2021-0127,CM_2,NO
C14-2021-0127,CM_3,YES
C14-2021-0127,CM_4,YES
C14-2021-0127,CM_5,YES
C14-2021-0127,CM_6,YES
C14-2021-0127,CM_7,YES
C14-2021-0127,CM_8,YES
C14-2021-0127,CM_9,YES
C14-2021-0127,CM_10,YES
C14-2021-0128,Mayor,YES
C14-2021-0128,CM_1,NO
C14-2021-0128,CM_2,YES
C14-2021-0128,CM_3,YES
C14-2021-0128,CM_4,YES
C14-2021-0128,CM_5,YES
C14-2021-0128,CM_6,YES
C14-2021-0128,CM_7,YES
C14-2021-0128,CM_8,YES
C14-2021-0128,CM_9,NO
C14-2021-0128,CM_10,YES
C14-2021-0130,Mayor,YES
C14-2021-0130,CM_1,YES
C14-2021-0130,CM_2,YES
C14-2021-0130,CM_3,YES
C14-2021-0130,CM_4,YES
C14-2021-0130,CM_5,NO
C14-2021-0130,CM_6,YES
C14-2021-0130,CM_7,YES
C14-2021-0130,CM_8,YES
C14-2021-0130,CM_9,YES
C14-2021-0130,CM_10,NO
C14-2021-0136,Mayor,YES
C14-2021-0136,CM_1,YES
C14-2021-0136,CM_2,YES
C14-2021-0136,CM_3,YES
C14-2021-0136,CM_4,YES
C14-2021-0136,CM_5,YES
C14-2021-0136,CM_6,YES
C14-2021-0136,CM_7,YES
C14-2021-0136,CM_8,YES
C14-2021-0136,CM_9,YES
C14-2021-0136,CM_10,YES
C14-2021-0137,Mayor,YES
C14-2021-0137,CM_1,YES
C14-2021-0137,CM_2,YES
C14-2021-0137,CM_3,YES
C14-2021-0137,CM_4,YES
C14-2021-0137,CM_5,YES
C14-2021-0137,CM_6,YES
C14-2021-0137,CM_7,YES
C14-2021-0137,CM_8,YES
C14-2021-0137,CM_9,YES
C14-2021-0137,CM_10,YES
C14-2021-0139,Mayor,YES
C14-2021-0139,CM_1,YES
C14-2021-0139,CM_2,YES
C14-2021-0139,CM_3,YES
C14-2021-0139,CM_4,NO
C14-2021-0139,CM_5,YES
C14-2021-0139,CM_6,YES
C14-2021-0139,CM_7,YES
C14-2021-0139,CM_8,YES
C14-2021-0139,CM_9,YES
C14-2021-0139,CM_10,YES
C14-2021-0141,Mayor,YES
C14-2021-0141,CM_1,NO
C14-2021-0141,CM_2,YES
C14-2021-0141,CM_3,YES
C14-2021-0141,CM_4,YES
C14-2021-0141,CM_5,YES
C14-2021-0141,CM_6,YES
C14-2021-0141,CM_7,YES
C14-2021-0141,CM_8,YES
C14-2021-0141,CM_9,YES
C14-2021-0141,CM_10,YES
C14-2021-0150,Mayor,YES
C14-2021-0150,CM_1,YES
C14-2021-0150,CM_2,YES
C14-2021-0150,CM_3,YES
C14-2021-0150,CM_4,YES
C14-2021-0150,CM_5,YES
C14-2021-0150,CM_6,YES
C14-2021-0150,CM_7,YES
C14-2021-0150,CM_8,YES
C14-2021-0150,CM_9,YES
C14-2021-0150,CM_10,YES
C14-2021-0161,Mayor,YES
C14-2021-0161,CM_1,YES
C14-2021-0161,CM_2,YES
C14-2021-0161,CM_3,YES
C14-2021-0161,CM_4,YES
C14-2021-0161,CM_5,YES
C14-2021-0161,CM_6,YES
C14-2021-0161,CM_7,YES
C14-2021-0161,CM_8,YES
C14-2021-0161,CM_9,YES
C14-2021-0161,CM_10,YES
C14-2021-0183,Mayor,NO
C14-2021-0183,CM_1,YES
C14-2021-0183,CM_2,YES
C14-2021-0183,CM_3,YES
C14-2021-0183,CM_4,YES
C14-2021-0183,CM_5,YES
C14-2021-0183,CM_6,NO
C14-2021-0183,CM_7,NO
C14-2021-0183,CM_8,YES
C14-2021-0183,CM_9,YES
C14-2021-0183,CM_10,YES
C14-2021-0193,Mayor,YES
C14-2021-0193,CM_1,YES
C14-2021-0193,CM_2,YES
C14-2021-0193,CM_3,YES
C14-2021-0193,CM_4,YES
C14-2021-0193,CM_5,YES
C14-2021-0193,CM_6,YES
C14-2021-0193,CM_7,YES
C14-2021-0193,CM_8,YES
C14-2021-0193,CM_9,YES
C14-2021-0193,CM_10,YES
C14H-2021-0164,Mayor,YES
C14H-2021-0164,CM_1,YES
C14H-2021-0164,CM_2,YES
C14H-2021-0164,CM_3,YES
C14H-2021-0164,CM_4,YES
C14H-2021-0164,CM_5,NO
C14H-2021-0164,CM_6,YES
C14H-2021-0164,CM_7,NO
C14H-2021-0164,CM_8,NO
C14H-2021-0164,CM_9,YES
C14H-2021-0164,CM_10,YES
C14-2022-0004,Mayor,YES
C14-2022-0004,CM_1,YES
C14-2022-0004,CM_2,YES
C14-2022-0004,CM_3,YES
C14-2022-0004,CM_4,YES
C14-2022-0004,CM_5,YES
C14-2022-0004,CM_6,YES
C14-2022-0004,CM_7,YES
C14-2022-0004,CM_8,YES
C14-2022-0004,CM_9,YES
C14-2022-0004,CM_10,YES
C14-2022-0008.SH,Mayor,YES
C14-2022-0008.SH,CM_1,YES
C14-2022-0008.SH,CM_2,YES
C14-2022-0008.SH,CM_3,YES
C14-2022-0008.SH,CM_4,YES
C14-2022-0008.SH,CM_5,YES
C14-2022-0008.SH,CM_6,YES
C14-2022-0008.SH,CM_7,YES
C14-2022-0008.SH,CM_8,YES
C14-2022-0008.SH,CM_9,YES
C14-2022-0008.SH,CM_10,YES
C14-2022-0010,Mayor,YES
C14-2022-0010,CM_1,YES
C14-2022-0010,CM_2,YES
C14-2022-0010,CM_3,YES
C14-2022-0010,CM_4,YES
C14-2022-0010,CM_5,YES
C14-2022-0010,CM_6,YES
C14-2022-0010,CM_7,YES
C14-2022-0010,CM_8,YES
C14-2022-0010,CM_9,YES
C14-2022-0010,CM_10,YES
C14-2022-0018.SH,Mayor,YES
C14-2022-0018.SH,CM_1,YES
C14-2022-0018.SH,CM_2,YES
C14-2022-0018.SH,CM_3,YES
C14-2022-0018.SH,CM_4,YES
C14-2022-0018.SH,CM_5,YES
C14-2022-0018.SH,CM_6,YES
C14-2022-0018.SH,CM_7,YES
C14-2022-0018.SH,CM_8,YES
C14-2022-0018.SH,CM_9,YES
C14-2022-0018.SH,CM_10,YES
C14-2022-0033,Mayor,YES
C14-2022-0033,CM_1,YES
C14-2022-0033,CM_2,YES
C14-2022-0033,CM_3,YES
C14-2022-0033,CM_4,YES
C14-2022-0033,CM_5,YES
C14-2022-0033,CM_6,YES
C14-2022-0033,CM_7,YES
C14-2022-0033,CM_8,YES
C14-2022-0033,CM_9,YES
C14-2022-0033,CM_10,YES
C14-2022-0047,Mayor,YES
C14-2022-0047,CM_1,YES
C14-2022-0047,CM_2,YES
C14-2022-0047,CM_3,YES
C14-2022-0047,CM_4,YES
C14-2022-0047,CM_5,YES
C14-2022-0047,CM_6,YES
C14-2022-0047,CM_7,YES
C14-2022-0047,CM_8,YES
C14-2022-0047,CM_9,YES
C14-2022-0047,CM_10,YES
C14-2022-0056,Mayor,YES
C14-2022-0056,CM_1,YES
C14-2022-0056,CM_2,YES
C14-2022-0056,CM_3,YES
C14-2022-0056,CM_4,YES
C14-2022-0056,CM_5,YES
C14-2022-0056,CM_6,YES
C14-2022-0056,CM_7,YES
C14-2022-0056,CM_8,YES
C14-2022-0056,CM_9,YES
C14-2022-0056,CM_10,YES
C14-2022-0067,Mayor,YES
C14-2022-0067,CM_1,YES
C14-2022-0067,CM_2,YES
C14-2022-0067,CM_3,YES
C14-2022-0067,CM_4,YES
C14-2022-0067,CM_5,YES
C14-2022-0067,CM_6,YES
C14-2022-0067,CM_7,YES
C14-2022-0067,CM_8,YES
C14-2022-0067,CM_9,YES
C14-2022-0067,CM_10,YES
C14-2022-0076,Mayor,YES
C14-2022-0076,CM_1,NO
C14-2022-0076,CM_2,YES
C14-2022-0076,CM_3,NO
C14-2022-0076,CM_4,YES
C14-2022-0076,CM_5,YES
C14-2022-0076,CM_6,YES
C14-2022-0076,CM_7,YES
C14-2022-0076,CM_8,YES
C14-2022-0076,CM_9,YES
C14-2022-0076,CM_10,NO
C14-2022-0077,Mayor,YES
C14-2022-0077,CM_1,YES
C14-2022-0077,CM_2,YES
C14-2022-0077,CM_3,YES
C14-2022-0077,CM_4,YES
C14-2022-0077,CM_5,YES
C14-2022-0077,CM_6,YES
C14-2022-0077,CM_7,YES
C14-2022-0077,CM_8,YES
C14-2022-0077,CM_9,YES
C14-2022-0077,CM_10,YES
C14-2022-0084,Mayor,YES
C14-2022-0084,CM_1,YES
C14-2022-0084,CM_2,YES
C14-2022-0084,CM_3,YES
C14-2022-0084,CM_4,YES
C14-2022-0084,CM_5,YES
C14-2022-0084,CM_6,YES
C14-2022-0084,CM_7,YES
C14-2022-0084,CM_8,YES
C14-2022-0084,CM_9,YES
C14-2022-0084,CM_10,YES
C14-2022-0114,Mayor,YES
C14-2022-0114,CM_1,NO
C14-2022-0114,CM_2,YES
C14-2022-0114,CM_3,YES
C14-2022-0114,CM_4,YES
C14-2022-0114,CM_5,NO
C14-2022-0114,CM_6,YES
C14-2022-0114,CM_7,YES
C14-2022-0114,CM_8,YES
C14-2022-0114,CM_9,NO
C14-2022-0114,CM_10,YES
C14-2022-0133,Mayor,YES
C14-2022-0133,CM_1,YES
C14-2022-0133,CM_2,YES
C14-2022-0133,CM_3,YES
C14-2022-0133,CM_4,NO
C14-2022-0133,CM_5,YES
C14-2022-0133,CM_6,YES
C14-2022-0133,CM_7,YES
C14-2022-0133,CM_8,YES
C14-2022-0133,CM_9,YES
C14-2022-0133,CM_10,YES
C14-2022-0150,Mayor,YES
C14-2022-0150,CM_1,YES
C14-2022-0150,CM_2,NO
C14-2022-0150,CM_3,YES
C14-2022-0150,CM_4,YES
C14-2022-0150,CM_5,NO
C14-2022-0150,CM_6,NO
C14-2022-0150,CM_7,YES
C14-2022-0150,CM_8,YES
C14-2022-0150,CM_9,YES
C14-2022-0150,CM_10,YES
C14-2022-0095,Mayor,YES
C14-2022-0095,CM_1,YES
C14-2022-0095,CM_2,YES
C14-2022-0095,CM_3,YES
C14-2022-0095,CM_4,YES
C14-2022-0095,CM_5,YES
C14-2022-0095,CM_6,YES
C14-2022-0095,CM_7,YES
C14-2022-0095,CM_8,YES
C14-2022-0095,CM_9,YES
C14-2022-0095,CM_10,YES
C14-2023-0004,Mayor,YES
C14-2023-0004,CM_1,YES
C14-2023-0004,CM_2,NO
C14-2023-0004,CM_3,YES
C14-2023-0004,CM_4,YES
C14-2023-0004,CM_5,YES
C14-2023-0004,CM_6,YES
C14-2023-0004,CM_7,YES
C14-2023-0004,CM_8,YES
C14-2023-0004,CM_9,YES
C14-2023-0004,CM_10,NO
C14-2023-0006,Mayor,YES
C14-2023-0006,CM_1,YES
C14-2023-0006,CM_2,YES
C14-2023-0006,CM_3,YES
C14-2023-0006,CM_4,NO
C14-2023-0006,CM_5,YES
C14-2023-0006,CM_6,YES
C14-2023-0006,CM_7,YES
C14-2023-0006,CM_8,NO
C14-2023-0006,CM_9,NO
C14-2023-0006,CM_10,YES
C14-2023-0007.SH,Mayor,YES
C14-2023-0007.SH,CM_1,YES
C14-2023-0007.SH,CM_2,YES
C14-2023-0007.SH,CM_3,YES
C14-2023-0007.SH,CM_4,YES
C14-2023-0007.SH,CM_5,YES
C14-2023-0007.SH,CM_6,YES
C14-2023-0007.SH,CM_7,YES
C14-2023-0007.SH,CM_8,YES
C14-2023-0007.SH,CM_9,YES
C14-2023-0007.SH,CM_10,YES
C14-2023-0014,Mayor,YES
C14-2023-0014,CM_1,YES
C14-2023-0014,CM_2,YES
C14-2023-0014,CM_3,YES
C14-2023-0014,CM_4,YES
C14-2023-0014,CM_5,YES
C14-2023-0014,CM_6,YES
C14-2023-0014,CM_7,NO
C14-2023-0014,CM_8,YES
C14-2023-0014,CM_9,YES
C14-2023-0014,CM_10,YES
C14-2023-0032,Mayor,YES
C14-2023-0032,CM_1,YES
C14-2023-0032,CM_2,NO
C14-2023-0032,CM_3,YES
C14-2023-0032,CM_4,YES
C14-2023-0032,CM_5,YES
C14-2023-0032,CM_6,NO
C14-2023-0032,CM_7,YES
C14-2023-0032,CM_8,YES
C14-2023-0032,CM_9,YES
C14-2023-0032,CM_10,YES
C14-2023-0034,Mayor,YES
C14-2023-0034,CM_1,YES
C14-2023-0034,CM_2,YES
C14-2023-0034,CM_3,YES
C14-2023-0034,CM_4,YES
C14-2023-0034,CM_5,YES
C14-2023-0034,CM_6,NO
C14-2023-0034,CM_7,YES
C14-2023-0034,CM_8,YES
C14-2023-0034,CM_9,YES
C14-2023-0034,CM_10,YES
C14-2023-0035,Mayor,YES
C14-2023-0035,CM_1,YES
C14-2023-0035,CM_2,NO
C14-2023-0035,CM_3,YES
C14-2023-0035,CM_4,NO
C14-2023-0035,CM_5,YES
C14-2023-0035,CM_6,YES
C14-2023-0035,CM_7,YES
C14-2023-0035,CM_8,YES
C14-2023-0035,CM_9,YES
C14-2023-0035,CM_10,YES
C14-2023-0077,Mayor,YES
C14-2023-0077,CM_1,YES
C14-2023-0077,CM_2,NO
C14-2023-0077,CM_3,NO
C14-2023-0077,CM_4,YES
C14-2023-0077,CM_5,YES
C14-2023-0077,CM_6,YES
C14-2023-0077,CM_7,NO
C14-2023-0077,CM_8,YES
C14-2023-0077,CM_9,YES
C14-2023-0077,CM_10,YES
C14-2023-0083,Mayor,YES
C14-2023-0083,CM_1,NO
C14-2023-0083,CM_2,YES
C14-2023-0083,CM_3,YES
C14-2023-0083,CM_4,YES
C14-2023-0083,CM_5,YES
C14-2023-0083,CM_6,YES
C14-2023-0083,CM_7,NO
C14-2023-0083,CM_8,YES
C14-2023-0083,CM_9,YES
C14-2023-0083,CM_10,YES
C14-2023-0114,Mayor,YES
C14-2023-0114,CM_1,YES
C14-2023-0114,CM_2,YES
C14-2023-0114,CM_3,YES
C14-2023-0114,CM_4,YES
C14-2023-0114,CM_5,YES
C14-2023-0114,CM_6,YES
C14-2023-0114,CM_7,YES
C14-2023-0114,CM_8,YES
C14-2023-0114,CM_9,YES
C14-2023-0114,CM_10,YES
C14-2023-0119,Mayor,YES
C14-2023-0119,CM_1,YES
C14-2023-0119,CM_2,YES
C14-2023-0119,CM_3,YES
C14-2023-0119,CM_4,YES
C14-2023-0119,CM_5,YES
C14-2023-0119,CM_6,YES
C14-2023-0119,CM_7,YES
C14-2023-0119,CM_8,YES
C14-2023-0119,CM_9,YES
C14-2023-0119,CM_10,YES
C14-2023-0126,Mayor,YES
C14-2023-0126,CM_1,YES
C14-2023-0126,CM_2,YES
C14-2023-0126,CM_3,YES
C14-2023-0126,CM_4,YES
C14-2023-0126,CM_5,YES
C14-2023-0126,CM_6,YES
C14-2023-0126,CM_7,YES
C14-2023-0126,CM_8,YES
C14-2023-0126,CM_9,YES
C14-2023-0126,CM_10,YES
C14-2023-0141.SH,Mayor,YES
C14-2023-0141.SH,CM_1,YES
C14-2023-0141.SH,CM_2,YES
C14-2023-0141.SH,CM_3,YES
C14-2023-0141.SH,CM_4,YES
C14-2023-0141.SH,CM_5,YES
C14-2023-0141.SH,CM_6,YES
C14-2023-0141.SH,CM_7,YES
C14-2023-0141.SH,CM_8,YES
C14-2023-0141.SH,CM_9,YES
C14-2023-0141.SH,CM_10,YES
C14-2023-0153,Mayor,YES
C14-2023-0153,CM_1,YES
C14-2023-0153,CM_2,YES
C14-2023-0153,CM_3,NO
C14-2023-0153,CM_4,YES
C14-2023-0153,CM_5,NO
C14-2023-0153,CM_6,YES
C14-2023-0153,CM_7,YES
C14-2023-0153,CM_8,YES
C14-2023-0153,CM_9,YES
C14-2023-0153,CM_10,NO
C14-2023-0154,Mayor,NO
C14-2023-0154,CM_1,YES
C14-2023-0154,CM_2,NO
C14-2023-0154,CM_3,YES
C14-2023-0154,CM_4,YES
C14-2023-0154,CM_5,YES
C14-2023-0154,CM_6,NO
C14-2023-0154,CM_7,YES
C14-2023-0154,CM_8,YES
C14-2023-0154,CM_9,YES
C14-2023-0154,CM_10,YES
C14-2024-0019.SH,Mayor,YES
C14-2024-0019.SH,CM_1,YES
C14-2024-0019.SH,CM_2,YES
C14-2024-0019.SH,CM_3,YES
C14-2024-0019.SH,CM_4,YES
C14-2024-0019.SH,CM_5,YES
C14-2024-0019.SH,CM_6,YES
C14-2024-0019.SH,CM_7,YES
C14-2024-0019.SH,CM_8,YES
C14-2024-0019.SH,CM_9,YES
C14-2024-0019.SH,CM_10,YES
C14-2024-0051,Mayor,YES
C14-2024-0051,CM_1,YES
C14-2024-0051,CM_2,YES
C14-2024-0051,CM_3,YES
C14-2024-0051,CM_4,YES
C14-2024-0051,CM_5,YES
C14-2024-0051,CM_6,YES
C14-2024-0051,CM_7,YES
C14-2024-0051,CM_8,YES
C14-2024-0051,CM_9,YES
C14-2024-0051,CM_10,NO
C14-2024-0059,Mayor,YES
C14-2024-0059,CM_1,YES
C14-2024-0059,CM_2,YES
C14-2024-0059,CM_3,NO
C14-2024-0059,CM_4,YES
C14-2024-0059,CM_5,YES
C14-2024-0059,CM_6,YES
C14-2024-0059,CM_7,YES
C14-2024-0059,CM_8,YES
C14-2024-0059,CM_9,YES
C14-2024-0059,CM_10,YES
C14-2024-0070,Mayor,YES
C14-2024-0070,CM_1,YES
C14-2024-0070,CM_2,YES
C14-2024-0070,CM_3,YES
C14-2024-0070,CM_4,YES
C14-2024-0070,CM_5,YES
C14-2024-0070,CM_6,YES
C14-2024-0070,CM_7,YES
C14-2024-0070,CM_8,YES
C14-2024-0070,CM_9,YES
C14-2024-0070,CM_10,YES
C14-2024-0071,Mayor,YES
C14-2024-0071,CM_1,YES
C14-2024-0071,CM_2,YES
C14-2024-0071,CM_3,YES
C14-2024-0071,CM_4,YES
C14-2024-0071,CM_5,YES
C14-2024-0071,CM_6,YES
C14-2024-0071,CM_7,YES
C14-2024-0071,CM_8,YES
C14-2024-0071,CM_9,YES
C14-2024-0071,CM_10,YES
C14-2024-0080,Mayor,YES
C14-2024-0080,CM_1,YES
C14-2024-0080,CM_2,YES
C14-2024-0080,CM_3,YES
C14-2024-0080,CM_4,YES
C14-2024-0080,CM_5,YES
C14-2024-0080,CM_6,YES
C14-2024-0080,CM_7,YES
C14-2024-0080,CM_8,YES
C14-2024-0080,CM_9,YES
C14-2024-0080,CM_10,YES
C14-2024-0104,Mayor,NO
C14-2024-0104,CM_1,NO
C14-2024-0104,CM_2,YES
C14-2024-0104,CM_3,YES
C14-2024-0104,CM_4,YES
C14-2024-0104,CM_5,NO
C14-2024-0104,CM_6,YES
C14-2024-0104,CM_7,YES
C14-2024-0104,CM_8,YES
C14-2024-0104,CM_9,YES
C14-2024-0104,CM_10,YES
C14-2024-0109,Mayor,YES
C14-2024-0109,CM_1,YES
C14-2024-0109,CM_2,NO
C14-2024-0109,CM_3,YES
C14-2024-0109,CM_4,NO
C14-2024-0109,CM_5,YES
C14-2024-0109,CM_6,NO
C14-2024-0109,CM_7,YES
C14-2024-0109,CM_8,YES
C14-2024-0109,CM_9,YES
C14-2024-0109,CM_10,YES
C14-2024-0122,Mayor,YES
C14-2024-0122,CM_1,YES
C14-2024-0122,CM_2,YES
C14-2024-0122,CM_3,YES
C14-2024-0122,CM_4,YES
C14-2024-0122,CM_5,NO
C14-2024-0122,CM_6,YES
C14-2024-0122,CM_7,YES
C14-2024-0122,CM_8,YES
C14-2024-0122,CM_9,YES
C14-2024-0122,CM_10,YES
C14-2012-0020,Mayor,YES
C14-2012-0020,CM_1,YES
C14-2012-0020,CM_2,YES
C14-2012-0020,CM_3,YES
C14-2012-0020,CM_4,YES
C14-2012-0020,CM_5,YES
C14-2012-0020,CM_6,YES
C14-2012-0020,CM_7,YES
C14-2012-0020,CM_8,YES
C14-2012-0020,CM_9,YES
C14-2012-0020,CM_10,YES
C14-99-0069,Mayor,YES
C14-99-0069,CM_1,YES
C14-99-0069,CM_2,YES
C14-99-0069,CM_3,YES
C14-99-0069,CM_4,YES
C14-99-0069,CM_5,YES
C14-99-0069,CM_6,YES
C14-99-0069,CM_7,YES
C14-99-0069,CM_8,YES
C14-99-0069,CM_9,YES
C14-99-0069,CM_10,YES
C14-01-0038,Mayor,YES
C14-01-0038,CM_1,YES
C14-01-0038,CM_2,YES
C14-01-0038,CM_3,YES
C14-01-0038,CM_4,YES
C14-01-0038,CM_5,YES
C14-01-0038,CM_6,YES
C14-01-0038,CM_7,YES
C14-01-0038,CM_8,YES
C14-01-0038,CM_9,YES
C14-01-0038,CM_10,YES
C14-96-0003,Mayor,YES
C14-96-0003,CM_1,YES
C14-96-0003,CM_2,YES
C14-96-0003,CM_3,YES
C14-96-0003,CM_4,YES
C14-96-0003,CM_5,YES
C14-96-0003,CM_6,YES
C14-96-0003,CM_7,YES
C14-96-0003,CM_8,YES
C14-96-0003,CM_9,YES
C14-96-0003,CM_10,YES
