y_true,y_prob
0,0.029265532045337793
0,0.027109309987477025
0,0.03401791764021885
0,0.034647172889012694
0,0.02671594693308873
0,0.036208267475197724
0,0.026612654516695627
0,0.02886267866454705
0,0.028009279977878776
0,0.02990757570329992
0,0.0375862233315345
0,0.017713850427934014
0,0.030661382629624572
0,0.025591731480751768
0,0.027250534770406665
0,0.029616110973100126
0,0.02767057107013993
0,0.02410974642943638
0,0.032402894081731616
0,0.027812676887517394
0,0.02683147920309806
0,0.056924501984052356
0,0.04204813457572901
0,0.03505102156054066
0,0.02582719036413326
0,0.030758399279129975
0,0.049907367398148064
0,0.028240467415413386
0,0.0256111146676435
0,0.029293498190467462
0,0.027778130505685616
0,0.03693448749727099
0,0.01776693792019089
1,0.23944280641259538
0,0.029761246629355743
0,0.02467040359975883
0,0.029639185784640223
0,0.027852257526736597
0,0.03181952235670088
0,0.04682448173754696
0,0.02818096786247356
0,0.034059336062107495
0,0.032221569740199824
0,0.024965901183384924
0,0.039932104420626474
0,0.028840323343885803
0,0.037261993936478284
0,0.029824476558461602
0,0.03418989774572622
0,0.03115231608454154
0,0.03071130055864203
0,0.016316034035360305
0,0.03045426848784654
0,0.027407136735948
0,0.024670922424588924
0,0.027209749797857792
0,0.032712003041402746
0,0.01911530004908471
0,0.03036374525730053
1,0.20209534549602576
0,0.03658001476470351
1,0.3105030948777026
0,0.027170846765136918
0,0.028516239643549556
0,0.03319606118601678
0,0.015773438550815082
0,0.01790044584041902
0,0.030087975727582664
0,0.026852639933839424
1,0.21987064493881997
0,0.03663228004594995
0,0.03855257238665299
0,0.027988927678950698
0,0.043783878156620416
0,0.029120915718169556
0,0.0287859977154165
1,0.27676562039453784
0,0.02967092827520706
0,0.028158256057252327
0,0.03513129137135774
0,0.025581307926301936
0,0.04362883335616315
0,0.020629566129493234
1,0.24360307573890386
0,0.027675132237648732
0,0.046695795950458634
0,0.036039268233505006
0,0.025790831261994464
0,0.02866505515626411
1,0.27102843544421445
0,0.030024970838257975
0,0.03945392206702785
0,0.016957999274122514
0,0.027199622415013825
0,0.03785197286490457
0,0.028269816111491743
0,0.03590100115605857
0,0.031180641312164248
0,0.034656329079567005
0,0.04856690348695768
1,0.09606043028460906
0,0.027268873662922678
0,0.03054086322378175
0,0.03525928303917344
0,0.02721595636070622
0,0.025283904430086025
1,0.29356945516621835
0,0.9998816531376454
0,0.03436483268549067
0,0.052941617343537146
0,0.030109827967361842
0,0.026833346520849555
0,0.03533438211355391
0,0.03188476622991669
0,0.0384682737225802
0,0.028866144098331867
0,0.03177334482847936
0,0.03485878207132261
0,0.026701230767672238
0,0.030811435787423163
0,0.2336865482991892
0,0.04003990874089704
0,0.030500521000564145
0,0.03204823716026953
0,0.03494023741887983
0,0.028573308298841988
1,0.028383248428671407
0,0.03233874421358869
0,0.024677305521381664
0,0.03303643713316559
0,0.02840006436018472
0,0.029728956575224307
0,0.035819037959711704
1,0.20439726227568464
0,0.037114511832196606
0,0.027099418130845675
0,0.027027147738564728
0,0.029490867128480095
0,0.02918080613253868
0,0.026220230088104975
0,0.01565523310039643
0,0.021239540177344165
0,0.027350117271311463
0,0.028068649059388533
0,0.027768102141672794
0,0.028249477576565582
0,0.017915255888696767
0,0.013886392140356215
0,0.04347726723662777
0,0.02815984805755568
0,0.032033235884608394
0,0.03729366977365907
0,0.031126472447257556
0,0.029005606228947902
0,0.05162351780537551
1,0.1939538932598963
0,0.0546968903972492
0,0.027384836134048268
0,0.02823115058075834
1,0.4116913214026956
1,0.3180175751367832
1,0.19815744530288085
0,0.018123388764757265
1,0.28870528580885535
0,0.03351689097135701
0,0.02922705322632383
0,0.02945598716745487
0,0.029291280096052502
0,0.029169718155620358
1,0.23966603735702852
0,0.027124501174916223
0,0.027631446271063925
0,0.03168147899254513
0,0.03263393757256868
0,0.008979197767123033
0,0.028010214275296486
0,0.03369658986318514
0,3.5311709974325616e-08
0,0.02281530098816581
1,0.3771988986828304
0,0.04028499197139293
0,0.02947005138242457
0,0.026847512911516463
0,0.029823573712702414
0,0.027429475657015548
0,0.02835046978737473
0,0.03501701914678904
0,0.03198443957166577
0,0.03175793740241592
0,0.029974558131382313
0,0.015487455227927006
0,0.030218525259803373
0,0.03535527368820267
0,0.028299058380642204
0,0.03454567176796876
0,0.028128163965696146
0,0.0218979593722198
0,4.525869647946098e-05
0,0.0285888078498324
0,0.02774115437105487
1,0.3337601358703875
1,0.23769143401107592
0,0.015899511491439658
0,0.034613736157828874
1,0.36518116728678024
0,0.028656985237568697
0,0.038043786845812645
0,0.024181767033218244
0,0.03817979598621539
0,0.02074054245678624
0,0.015810227821868906
0,0.02816935171927271
0,0.041530332378767104
0,0.03776006307678449
0,0.027574401295890276
0,0.03928931063841115
0,0.9842953627929503
0,0.03132926286518619
0,0.02945232507185441
0,0.018813843304721897
0,0.026156565349881363
0,0.030828976385018497
0,0.03447737432871404
0,0.040486021837500205
0,0.03529274828152356
1,0.38583817703865536
0,0.007350431703277801
0,0.027043224941548424
0,0.02541916103185514
0,0.040052629773499354
0,0.029238099745400568
0,0.01606117994689442
0,0.011172693357674972
0,0.029224339894128544
1,0.2134259637687624
0,0.026766146348209757
0,0.02843918955983371
0,0.036727589504493716
0,0.026453795893233947
0,0.026469351817421927
0,0.04424482259814233
0,0.015878418281134194
0,0.03657092925792526
0,0.2699306217769268
0,0.028401526535741205
0,0.027614338275223128
0,0.019808337937454415
0,0.03994393375098544
0,0.027799074101376147
0,0.02874001107278745
1,0.09590250310535578
0,0.04214396673245726
0,0.0417464520908502
0,0.028557293140953417
0,0.03296904091417256
0,0.03187032630512616
0,0.030147785941546667
0,0.03008182921216638
0,0.06324867233568274
0,0.016884634659365502
0,0.02759301733051748
0,0.029390467662216466
0,0.024151674262842555
0,0.029321630634546528
0,0.035712303351315686
0,0.0006473778081052043
0,0.03330288944319539
0,0.02816972253164411
0,0.029348579874524352
0,0.045503797728435755
0,0.042809448697705574
0,0.012704178298279387
0,0.030821202813387613
0,0.006302734823672162
0,0.02833145524523697
0,0.015214941006433723
0,0.025052059883137315
0,0.027089140197353645
0,0.02591571577754809
0,0.030377980901643044
0,0.027253399647986648
0,0.027185939058015078
0,0.028105777596796267
0,0.028093852219281686
0,0.042963334833327614
0,0.039160143237672834
0,0.029020921353399027
0,0.0269572026910946
0,0.02780552786158436
0,0.02930385187564351
0,0.04031951745160727
0,0.02694870033423695
1,0.2481581157548664
0,0.03322026860359447
0,0.014003271002023995
0,0.03257004480512077
1,0.21046679792122644
0,0.03402996294812482
0,0.029483088121000627
0,0.03148805972962007
0,0.030542244195471885
0,0.027923604438600206
0,0.03088904129246556
0,0.030823617661472062
0,0.03512032717104677
0,0.02718559462636732
0,0.04186507979238294
0,0.030339118354350887
0,0.03233261571080557
0,0.025893238803329447
0,0.028356715879929353
0,0.04447285755552416
0,0.028482343748245893
0,0.028103724978072973
0,0.0307106085821653
0,0.02963331882462511
0,0.027563420700327818
0,0.0338829280076104
0,0.3657292719410451
0,0.030117356746367327
0,0.026431751045501783
0,0.031182730031189005
0,0.027201886472634978
0,0.027003315389315122
0,0.026802093870778917
0,0.032494612010428366
0,0.039732329527275304
0,0.03330583604066319
0,0.026892431217849747
0,0.028330670112239307
0,0.029688831925181382
0,0.027127983383670007
0,0.031137842510727282
0,0.028194882752182956
0,0.02732810377243278
0,0.027867541465133337
1,0.2725364591782568
0,0.0291547794249796
1,0.2535935737221317
0,0.0302769435844619
0,0.02801874686965804
0,0.028488549993854865
0,0.027308548388258636
1,0.38421114953459456
0,0.04672356812691537
0,0.02727071957619764
0,0.03226959428276511
0,0.028469961159892032
0,0.02757962722969316
0,0.028168760224200284
0,0.02623387595886079
0,0.0264489793091784
0,0.0291969475788712
0,0.02966012163399735
0,0.02791487071726408
0,0.029992900744806737
0,0.026501385895523866
0,0.026981786881045768
0,0.042139376110703196
0,0.03000454479751576
1,0.197491235024309
1,0.3866779534608532
0,0.03756486320831049
0,0.028562320327709324
0,0.029699394493929505
0,0.03231581005436262
0,0.023820254377307302
1,0.18441602549697408
0,0.023526962771082394
1,0.22380013936549273
1,0.2929573563117125
0,0.02771568638165462
0,0.02653814699346702
0,0.027814017012382473
0,0.05089308716041732
0,0.036021559727403334
0,0.0290431702257621
0,0.02568772344649305
0,0.06582767753777305
0,0.02911696250995744
0,0.033556207964019195
0,0.02786478441890463
0,0.030244285399103
0,0.027741479114486062
0,0.027943979007628135
0,0.02954435481276263
0,0.02497306434917411
0,0.0256375792061026
0,0.02661338948190508
1,0.18735005595430373
0,0.02926244148594341
0,0.0284979604231109
0,0.3219387895584363
0,0.028745515452547197
0,0.029663871827565743
0,0.030668134189298958
1,0.23615775436141775
1,0.21730094471293956
0,0.04294727030243895
0,0.02877861028427266
1,0.20034117733711052
0,0.028303885699342793
0,0.028812912097135324
0,0.025307128749806018
0,0.027529748813100226
1,0.26467878155791563
0,0.03062416042158476
0,0.027355832382886698
0,0.025242160072309675
0,0.011562116121678435
0,0.026299777430246293
0,0.027572649277022444
0,0.03247267260178699
0,0.03573020019340228
0,0.03258573432079202
0,0.017410340352215607
0,0.03889981456154172
0,0.013866119282347053
0,0.028240242503835066
0,0.031598802445073786
0,0.04560320814761159
0,0.0264246450519629
0,0.004383735024324507
0,0.03687704879670586
0,0.028443361455305197
0,0.04288612766197128
0,0.04482904436086015
1,0.26932640276950226
0,0.028497655962076616
0,0.04004389012748576
1,0.20340380096049238
0,0.19495881430059633
0,0.02832142362277554
0,0.23647448044433309
1,0.2721942719342335
0,0.01912155950985844
0,0.018782901592696404
0,0.0342502735112354
0,0.027207255174135404
1,0.2367633970771952
1,0.26843319462274573
1,0.27630396756203757
0,0.033332937633362106
0,0.027329799889170468
0,0.030790596198680086
0,0.034892094199313016
0,0.03443565691492708
0,0.20872968180755963
1,0.4378151110405205
0,0.029256560095958898
0,0.02810013049861548
0,0.027157322749883885
0,0.028073440242775922
0,0.03661282161923909
0,0.025275928607801562
0,0.02969507663281233
0,0.03059220231042715
0,0.026526721236046113
0,0.039623050387531354
0,0.028433492662216116
0,0.03784231528078512
0,0.03081604522234591
1,0.22799435426535897
0,0.050462646394398285
0,0.026050762992323787
0,0.03417429727516604
0,0.0294399095223759
0,0.03439201563139789
0,0.028990194079171295
0,0.03483998509970431
0,0.02663779350190462
0,0.030037659350429995
0,0.03974284532901924
0,0.04423984232858418
0,0.047518320277938085
0,0.03200730054037445
0,0.028818662741136966
0,0.627023182901025
0,0.03943419343512893
0,0.02507482755716076
0,0.03079869500608474
0,0.03214886588354387
0,0.04013574532701233
0,0.02149910165557902
0,0.027654526987095727
0,0.034083828987830946
0,0.026629563326046227
0,0.03170356282036714
0,0.04544737407108772
0,0.051772464830404284
1,0.30208719194196143
0,0.028448671475481576
1,0.19220967993269666
0,0.026578079439772417
0,0.026929116072802232
0,0.03330139273333507
0,0.03197364916768285
1,0.24076066289172757
0,0.02504181447183616
1,0.34033299778964055
0,0.03951603774347497
0,0.038036943003970876
0,0.04813838859566829
0,0.035062673745896916
0,0.02763709275965461
0,0.012523243377814398
0,0.03168224287285094
0,0.030557297178211554
0,0.02654919473541915
0,0.03712509451786198
0,0.033191849114095985
0,0.18775721950510887
0,0.026078665780517693
0,0.019591093023186228
0,0.034288027143873315
1,0.3005205064796683
0,0.038627524992697296
0,0.027320878004026775
0,0.038364805019413244
0,0.034535188853032174
0,0.029478777731041923
0,0.03980255856034724
0,0.02992730658977784
1,0.2106530635940786
0,0.033898142472841654
0,0.0938146478526603
1,0.19208484882341473
1,0.31003129520870903
0,0.012551195311422481
0,0.03157288387132893
0,0.0395023126011814
0,0.027629958158327375
0,0.028275564282679185
0,0.03169428719907448
0,0.03633031512024368
0,0.03022677531112726
0,0.027043985190594224
0,0.030896441028837984
0,0.02537878842661602
0,0.03123193508259094
1,0.22453938052273478
0,0.027373978493776478
0,0.031434943411354374
0,0.029376784860651733
0,0.031061102900107416
0,0.028123103459063933
1,0.24102860695484082
0,0.027206087017293563
0,0.04167907316597728
0,0.028336433168161975
0,0.03481570945535489
0,0.027409644006226547
1,0.18727476484254046
1,0.2011168712937875
0,0.027526338949053982
0,0.03254856763121086
0,0.028735831056690864
0,0.02798092428102289
1,0.20802717201608578
0,0.02915984620203326
0,0.019000403927413857
0,0.019204112519434758
0,0.034570844079079226
0,0.02987493052221607
0,0.026345925875101043
0,0.029463393642775216
0,0.03082904361407938
0,0.02719294250183207
0,0.02927771661432086
0,0.026925231958425874
0,0.028886853008454533
0,0.03301543405130869
0,0.02779217830031525
0,0.029309588168811067
0,0.03367762956883774
1,0.249883162301619
0,0.037592252275684544
0,0.03143374114849586
0,0.027161128375394257
1,0.2824540596837229
0,0.013465551602176551
0,0.02736095579961862
0,0.08604066497993458
0,0.05331624672415317
1,0.19229579870506444
0,0.03439951249364793
0,0.027879629577039922
0,0.028309964832184724
0,0.026000519553299815
0,0.03380843805937992
0,0.028402339481038
0,0.028413371781844884
0,0.030935881229145718
0,0.030222037270099523
0,0.03567662783885772
0,0.03436694911635641
0,0.04648954750436467
0,0.028403323927584167
0,0.025733310837880878
1,0.19232623979791016
0,0.04493497913592178
1,0.20701206754214385
0,0.03130974701249831
0,0.03526518358498984
0,0.031165076068429942
0,0.019597770863995393
0,0.018840427225093843
0,0.029798994068611098
0,0.03075138642082203
0,0.026646974195625714
0,0.02685063464392291
0,0.02759463026082226
0,0.028591216010012317
0,0.02912948953145705
0,0.03295923334545148
0,0.026580081123324908
0,0.02518454760836731
0,0.03845235465510367
0,0.03198872174339008
1,0.24115605063761386
0,0.03851949037637697
0,0.0350662110707077
0,0.02726202982358197
0,0.029457877811371845
0,0.031527105395140295
0,0.045509172422228475
0,0.027493854939801287
0,0.01666968999399931
0,0.02595720912348644
0,0.0273261677418022
0,0.027518466874325
0,0.029290514923047323
0,0.16990639245389771
0,0.030626521830938475
0,0.028795224278081517
0,0.026944072734204707
0,0.030127762249377004
0,0.9999994560197233
0,0.0153802749536182
1,0.291316644797578
0,0.028528707433213618
0,0.02792382892325865
1,0.23257128172307756
0,0.029534589707192693
0,0.03685867776007981
0,0.029147110863823582
0,0.03258274031324289
0,0.022454279427081242
0,0.0391047657026807
0,0.026980001057282044
0,0.027485331492717216
0,0.055291994301263546
0,0.030715547673148078
0,0.028606734926856642
0,0.020085448969063825
0,0.02838931204920383
1,0.19558470853953086
0,0.031742494152034284
0,0.032883489005395374
0,0.03092905072139903
0,0.035239937545947016
1,0.23567160849596253
0,0.04317687274791202
0,0.03236737569904325
0,0.03441988887443315
1,0.2711119839672538
0,0.03910033137891593
0,0.03125167693280905
0,0.022262145571801985
0,0.027454629187897105
0,0.025374732196727486
0,0.02837048498899551
1,0.09303430664253581
0,0.02491123549575091
0,0.0311617544590544
0,0.02825458389155847
0,0.026171962772434554
0,0.03677208437565014
0,0.029833036369292947
0,0.03265319993986277
1,0.2388183251284058
0,0.030430367542916222
0,0.030698121888889197
0,0.026586471916419874
0,0.027131731913503303
0,0.030431668931585703
0,0.035517345371527356
0,0.03559495132447721
0,0.02873398787784671
0,0.026831391657440334
0,0.029935958613574835
0,0.026471313854041494
0,0.029289002852449245
0,0.03236415048841359
0,0.017495232687189978
0,0.029465998523318774
0,5.8537970842316856e-05
1,0.2666445120067749
0,0.029093908713465302
0,0.02829961893146551
0,0.03644648945047914
0,0.027148286761730655
0,0.0206691991393826
0,0.03274643259816664
0,0.029665605117842216
0,0.02558005063258596
0,0.02712406588022334
0,0.0075415216480637145
0,0.03444900069282992
0,0.22930541820733744
0,0.0532003114002644
0,0.03084741983130927
0,0.0274294692967001
0,0.03471364846487414
0,0.027325804156810317
0,0.028414529378056618
0,0.02757511092427479
0,0.029848185952430443
0,0.02578359731382112
0,0.025703028294274802
0,0.02939873745572108
0,0.032340292369688564
0,0.02842379015003152
0,0.028056554499416405
0,0.028906459899813695
0,0.0542587578573386
0,0.02536475868006569
0,0.03527009129264214
0,0.029023524188648873
0,0.013619240591316804
0,0.02600517399320601
1,0.1648548405399339
0,0.03068184149572796
0,0.030878115465801572
0,0.029649887283134224
0,0.0433011592827429
0,0.027950230425108406
0,0.027022101938303608
0,0.026504821432117354
0,0.03255751647179165
0,0.013503617394894137
0,0.032840566564584936
1,0.2614419987281081
0,0.0272576505951771
0,0.015665089995957483
0,0.026164040469114316
0,0.035902260149347505
0,0.029922890436152
0,0.026633002663091005
0,0.02711202109613552
0,0.04438227285556009
0,0.027191024844573343
0,0.02940291997662521
0,0.026314727696490285
0,0.03419073719378274
0,0.018443377094263774
0,0.032357282958929416
0,0.03799050691806802
0,0.0022789396003420927
0,0.029724484560048427
0,0.025573878323402105
0,0.02567659900105174
0,0.05627909357583271
0,0.01745138668850589
0,0.02813228666738291
0,0.024756499834714542
0,0.03113027490569902
0,0.029820586835881787
0,0.026351352342177448
0,0.033013637758047505
0,0.03967215753844113
0,0.027759298638437742
0,0.03569625650848396
0,0.027945056908828227
1,0.230031483042936
0,0.031037241513034414
0,0.03759741082240907
0,0.035511472576856946
0,0.02550414675843244
1,0.41500303346291606
0,0.029252646576596743
0,0.029656881329146362
0,0.027323650071593358
0,0.029965657933120345
0,0.02909054154366371
0,0.032008475999014616
0,0.02796315208466861
0,0.036416936565727274
0,0.014419837920050249
1,0.27061444145487995
0,0.039507401318056
1,0.1910052605956868
0,0.02873899762465388
0,0.028654023819874704
0,0.029221408264925895
0,0.034105778368675926
0,0.03419493670076924
0,0.045675319047170745
0,0.030555756200207052
0,0.02811363245639365
0,0.028746659553457173
0,0.027371124504421047
0,0.025279090077095476
0,0.029168262347146617
0,0.022747835786166515
0,0.04056261580542527
0,0.027223034404871966
0,0.030498820651822935
0,0.02757044811952659
0,0.03288856284114732
0,0.03363444471367156
0,0.032676984832889576
0,0.01579448349117406
0,0.02810778680500305
0,0.02876086506122103
0,0.02836869577557282
0,0.025194241666402193
0,0.026295570723325456
0,0.02968820348944318
0,0.04241346302441934
0,0.03699948283462586
0,0.029868829642707668
0,0.0322361179512597
0,0.02618765211911562
0,0.029050515517660743
0,0.025840398171051188
0,0.05838904413480539
0,0.037019880434355515
0,0.03738503434616817
0,0.029683534838920122
0,0.029000627973772435
0,0.22002727329097965
0,0.017335589410638168
0,0.027311898778335578
0,0.02418433735355568
0,0.05684408628563264
0,0.041185161367600115
0,0.02881532189426711
0,0.02809510906820526
1,0.2287667539099385
0,0.025965845689025626
0,0.0298247494869643
0,0.03812795725889845
0,0.05474839272569452
0,0.035836893625402995
0,0.027261562351913342
0,0.025403855523984057
0,0.02514768055637873
0,0.04264871949591085
0,0.0284896126099507
0,0.030621221071627857
1,0.19356989404567856
0,0.02987003132718383
0,0.032033626774370036
0,0.03891338175736148
0,0.026923058216620614
0,0.028111929812506882
0,0.027666017447427024
0,0.025266235494091828
0,0.027691460353850405
0,0.03978039053415719
0,0.029846978647563128
0,0.0262732108144827
1,0.23989935555643344
0,0.02662807014552492
0,0.027054736371549714
0,0.03077791976938508
0,0.03383103261905483
0,0.9833862836728838
0,0.02751287104742214
0,0.025509694429802967
0,0.030368406531473633
0,0.028006269579714617
0,0.029599307858878304
0,0.05117926645277358
0,0.045431179598064864
0,0.02746888662039725
0,0.027422677297894663
0,0.999998944918889
0,0.25301523316019864
0,0.031743871344295356
0,0.028384427025058227
0,0.03999271261430613
0,0.04873396011185855
0,0.028454409223598365
0,0.039580344124911036
0,0.04300740205892129
0,0.03773726931000705
0,0.028769686589081512
0,0.03505070908576322
0,0.03743359346931665
0,0.028843998843754028
1,0.32846790369518103
0,0.029958720197990108
0,0.01755501093871241
0,0.0384472289245529
0,0.029827973503347097
0,0.027784722638523753
0,0.026696331648562062
0,0.027248732249808776
0,0.03105777856436195
0,0.03856762510784006
0,0.03401468601534898
0,0.026731582803125868
0,0.028603458085651554
0,0.026776178904958675
0,0.025193732614170867
0,0.03140163632888234
0,0.02599108107464338
0,0.028634693146001512
0,0.033640979973659495
0,0.03375203187477591
0,0.02991972827167754
0,0.014232992690225498
0,0.029227553388858248
0,0.02631147494360013
0,0.026535652985859255
1,0.26852347296158624
0,0.028787834965907366
0,0.026591481794401826
0,0.03138354445818499
0,0.03023489909184866
0,0.029695192128533998
0,0.02726481861399686
0,0.028325062399319766
0,0.047739059026060154
0,0.03248353537828663
0,0.027490332671287778
0,0.026490093507239545
0,0.025652844535725763
0,0.02953839029357635
0,0.027399861273644986
1,0.22736365253313007
0,0.02916203734564938
0,0.023006935139321606
0,0.02827424760116019
0,0.025879051668834543
1,0.25032128632149
0,0.030821612323113947
0,0.04230339450684656
1,0.1800607962535817
0,0.03339081788364301
0,0.02954582412115708
0,0.031214385738527743
0,0.03745363660601987
0,0.03940831847463324
0,0.028843498788786778
0,0.049190859071830066
0,0.03302840669935017
0,0.02802592051859332
0,0.02713776263215312
0,0.0363367805301411
0,0.02794868879808749
0,0.02997693902745625
0,0.029448432156732367
0,0.044000514565102664
1,0.2066217783490448
0,0.028009813047035273
0,0.027712935499040064
0,0.031119661413749663
0,0.01636127214607965
0,0.028842817174820755
0,0.00040371029319619426
0,0.015448866553025633
0,0.026308555816482886
0,0.08624750028817044
0,0.027123312486487135
1,0.29514609145288
0,0.027674183538045505
0,0.027239567987479046
0,0.028100418626568077
0,0.02763143105724946
1,0.23362549953724665
0,0.024757664070341755
0,0.02787492341839661
0,0.019718243536877098
0,0.029829891601919963
0,0.03341479182555911
0,0.03000089076269767
0,0.027318641936715016
0,0.026205789517169283
1,0.9999999538324932
0,0.036924307852862014
1,0.3776378318448204
0,0.04377905718363016
0,0.03652920678083965
0,0.02788287111292104
0,0.03965902511712236
0,0.026359242632998183
1,0.2856611526064983
0,0.012420632434903793
0,0.026594627803675136
0,0.027448658923607743
0,0.029224632861360577
0,0.027096679963485262
0,0.031529647918901955
0,0.026814991281455647
0,0.02893249384126734
0,0.027416020436144644
1,0.1937877826941005
0,0.02088511324591281
0,0.029428637123243607
1,0.200784730040505
0,0.030733051837420207
0,0.027042639183634844
0,0.027735063704525855
0,0.031761620631281025
0,0.030790452564641503
0,0.026602356272361877
0,0.037877247453344344
0,0.028914043183183354
0,0.035874617983919464
0,0.03678830598106839
0,0.03245434930505404
0,0.026222304856272128
0,0.02533193375220725
0,0.029487662236587622
0,0.03368362776221727
1,0.05131448778904275
0,0.02795401581793385
0,0.27685098180442963
0,0.02758953348979924
0,0.03378236779252799
0,0.026093826961209862
0,0.030131113369357417
0,0.027052316748480548
1,0.31859539031313655
0,0.03622554770919957
1,0.4026279504059521
0,0.027296241588853496
0,0.030556573690480277
0,0.02924158542127079
0,0.029312988407203124
0,0.0527972673929958
0,0.028019068275902163
0,0.03179242186006904
0,0.027557649072989784
0,0.028121895487517208
0,0.028791789189883964
0,0.02993447829101999
1,0.2316276367777426
0,0.027661117474013997
0,0.03946493772181549
0,0.03803423055033016
0,0.030591240279176313
1,0.1948704439956374
0,0.02848272721906444
0,0.0285411011875818
1,0.23226567564769254
1,0.19759390240845634
0,0.04428704529661054
1,0.20023654146710104
0,0.048452346139779834
0,0.02660373537314883
0,0.04301036561477208
0,0.027032320654085323
0,0.027360561627028993
0,0.05275497971790104
0,0.032583335429752565
0,0.026885628563979087
0,0.0283118471939304
0,0.03225786983843978
0,0.030340478214247197
0,0.02751826110822121
0,0.029841585619139778
0,0.03526675621057426
0,0.0291638227775035
1,0.5293511305768251
0,0.02818911376813265
0,0.042550459836597596
0,0.027434959179653044
0,0.034223915731426656
0,0.030929644737143745
0,0.03564927028200224
0,0.01771272155270887
0,0.02933423201856313
0,0.02822838967170556
0,0.031061889526090708
0,0.03834126076505771
0,0.03267479280581392
0,0.03204348879465018
0,0.029385232823168524
0,0.03314598206835987
0,0.028409364565316737
1,0.17455004851811307
0,0.013554783457047265
0,0.030964979495959378
0,0.02757293334844707
0,0.028788572397763255
0,0.03364272104343184
0,0.02859349564598074
0,0.035982148342100444
0,0.03148640835769309
1,0.2643378678262283
0,0.03364532069900695
0,0.028663616323169924
0,0.017729463837702072
0,0.02942032726151507
0,0.032736346922709054
0,0.026467779256688122
1,0.1798339040271923
0,0.035563806363212574
0,0.02888965362077455
0,0.035987462277411404
1,0.19070091852169405
0,0.6962363842658085
0,0.03049114400882111
0,0.03637715070806827
0,0.038482005195386505
0,0.2520941765014223
0,0.029818080462958824
0,0.0326749633021794
0,0.024211393294158876
0,0.030958130251827823
0,0.02884290733229287
0,0.029542162304004315
0,0.031000920023798527
1,0.45371382222424383
0,0.028034006658444965
0,0.012282632065930084
1,0.3807426495338875
0,0.03569089679553928
0,0.027883366301267358
0,0.032287360008080426
0,0.038140585334923566
0,0.027848664031909668
0,0.04112059952314075
0,0.027952741818444954
0,0.029244176358819436
0,0.04127108264779037
1,0.276609472800548
0,0.02850172849286691
0,0.026560486973138026
0,0.033556312345629835
0,0.030414773099646658
1,0.31514546188367815
0,0.02771924392998363
0,0.026658649070587875
0,0.03047694594180989
0,0.03037286970159862
0,0.026802333686172092
0,0.029253845799658378
0,0.028575935664630858
0,0.028514511268058533
0,0.03243229822557352
0,0.036020162697814696
0,0.02775830812747923
0,0.0275074521161669
1,0.26859992957530493
0,0.027857284010847392
0,0.036338133021866344
0,0.01773840965614997
0,0.03171193325707955
0,0.033849842334776635
0,0.02873719064096371
0,0.09570285162497393
0,0.047548543935965984
0,0.03092091783630499
1,0.20918264914925744
0,0.04754192555253314
0,0.02046418599522237
0,0.999976034166481
0,0.02922605208061096
0,0.02556974717761523
0,0.02765622355302038
0,0.02858659602533017
0,0.03191566130532754
0,0.027547882874094154
0,0.030426961325362573
0,0.0192637856886255
0,0.03698508654040346
0,0.03518875704987358
0,0.02645246733335526
0,0.028189504835636224
0,0.04838528272003581
0,0.03573261632280035
0,0.03067763079815229
0,0.028807455227928158
0,0.028910263223005928
0,0.032406526722060035
0,0.030635472721711042
0,0.04292071123934885
0,0.02972140030260567
0,0.02682850747516421
0,0.02836825218588611
0,0.029291619049315716
0,0.0429451438239608
0,0.027290479638741864
0,0.03109817419490903
0,0.03536159024384047
0,0.024965214176141236
0,0.03350080531229179
0,0.027449828052395476
0,0.03268745143626598
0,0.04732692235488507
1,0.1896748795360431
0,0.03607924562578334
1,0.3124430903256759
0,0.02708435172199624
0,0.03693415887434941
1,0.23530567593299628
0,0.009928198938088953
0,0.029861944285374697
0,0.03026092724820432
0,0.02800283402887123
0,0.029099473790154175
0,0.02843262616228188
0,0.025656238157039313
0,0.034658908028139916
0,0.02685533854408088
0,0.04606843527701499
0,0.033167057705657324
0,0.040401305592979296
0,0.025932228200619082
0,0.03047195596568047
0,0.0284673663309832
0,0.0466412104063627
0,0.026851210127760934
0,0.03461738917003813
0,0.024724192014343744
0,0.03334986538319179
0,0.032544017863467674
0,0.026429918584106486
0,0.03824846339060962
0,0.03269336500536042
0,0.03996985299766639
0,0.029028599707268347
0,0.027111174485049957
0,0.030734595258596772
0,0.030526883960151366
0,0.03035377459048283
0,0.026956221637085775
0,0.03578051441552595
0,0.04383595297036424
0,0.029117142381421563
1,0.2238841019352916
0,0.029031441584110442
1,0.2522949854927895
0,0.02765058248155357
0,0.03631227970490288
0,0.027900126151092608
0,0.027315868383372313
0,0.02682523964431522
0,0.038043778120538295
0,0.027128305082248644
0,0.042969967168587135
0,0.02692306329160928
0,0.0286573365627087
0,0.03134320770417362
0,0.024696134090043283
0,0.029047493214924277
0,0.027785417800861436
0,0.028469529634150722
0,0.026039303752749883
0,0.02775301391996425
0,0.027362836324701326
0,0.009514591551044544
0,0.02981757567811836
0,0.047428006527272755
0,0.027778500742117282
0,0.030524542779347054
0,0.031026383212158747
0,0.050185739820793045
1,0.20922161899063657
1,0.2687929940278543
0,0.03541538901636815
1,0.20845456603173496
0,0.027937854397382094
0,0.025217604435397178
0,3.745576987161276e-08
0,0.028713805675599342
0,0.028564427371248004
0,0.028109342246111217
0,0.038531757132500885
0,0.028686075583935645
0,0.031316049081004015
0,0.027584076105440846
0,0.030724655556210345
0,0.02916714880672914
0,0.027302848813882497
0,0.031489358528431224
0,0.027030377954696812
0,0.023996188463626333
0,0.028565241947742858
0,0.037366051300143976
0,0.024831062298706585
0,0.047786640953889604
1,0.38514050030631286
0,0.027447792948213798
0,0.02793768362471738
0,0.025473823504058107
0,0.02980502381332964
0,0.03778288848973599
0,0.028015225027496288
0,0.027965548351649175
0,0.030008130299251444
0,0.03435736881975451
0,0.028781623767427333
0,0.0276810753605915
0,0.03071237403920693
0,0.027959999085897434
0,0.027680405193417624
0,0.032754624344907966
0,0.02810576782789125
1,0.27855891044098924
0,0.03215186354398197
0,0.028936017024073123
0,0.049068241730997254
1,0.1923377950425197
0,0.028323110698846524
0,0.02890813686622607
0,0.011982988692036085
0,0.030034205869489558
0,0.03124850833149275
1,0.23591540606114553
0,0.042898837029972776
0,0.02617174705498613
0,0.027067541636581274
0,0.028847466067218188
0,0.027356530597245823
0,0.03082209572941823
0,0.05082093974263056
0,0.02834990825869887
0,0.028463329058995335
0,0.02592896200535767
0,0.03087043733711993
0,0.03067224349898225
0,0.0329670850655967
0,0.030537268568947847
0,0.028325574234795533
0,0.026589532499495895
0,4.484674266717841e-10
0,0.020648987607169017
0,0.027529275284978467
0,0.026981158993435395
0,0.03973391576751449
1,0.23073799842273693
0,0.03716220688785517
1,0.3106338317731345
0,0.028226264596184963
0,0.03467989447354458
0,0.030211868722900867
0,0.02791386349306741
0,0.027388390120532544
0,0.029060832563092057
0,0.02696665111893872
1,0.19674993140985517
0,0.04682409732981496
0,0.027047306377708986
0,0.035903231372311335
0,0.027160462176331272
0,0.028424694248502348
1,0.20472569676663108
0,0.010325585917571857
0,0.01848715917192913
0,0.043387900885953005
1,0.2012349768477838
0,0.038437190916178046
0,0.018529716367469893
0,0.03931836719684608
0,0.030280534368180307
1,0.21689927640566992
0,0.029958622329849513
0,0.02534815365577353
0,0.027431991671709167
0,0.0216351801262996
0,0.0584462352373279
0,0.018121674816824505
0,0.04610508922676222
0,0.04214679159789373
0,0.01846822670822527
0,0.029132217080241926
0,0.031011263710574704
1,0.26676905683775026
0,0.026875184735951775
0,0.04133270270382117
0,0.030979965319016818
0,0.025779354596386927
0,0.037466828165274725
0,0.024982222839138844
0,0.03613235781540716
0,0.03667750201327776
0,0.027674372994760915
0,0.031702724796409426
0,0.02635803073990124
0,0.02758927483746793
0,0.032893125484096994
0,0.03176829117715358
0,0.028294772653910158
0,0.032748339454743654
0,0.02675751244901973
0,0.041598189417854425
0,0.022768437568111248
0,0.03574342357299532
1,0.1820190090574241
0,0.027056479932755385
0,0.0363266634251296
0,0.01971866752300203
1,0.07685193638550172
0,0.026854125889191588
0,0.03708265347439588
0,0.0267537827719216
0,0.029371299620968013
0,0.047355438451500795
0,0.0375456405636571
0,0.025914651436345318
0,0.03364611138932103
0,0.028312309604517562
0,0.030173727920863678
0,0.026181842814442916
0,0.027612689016893784
0,0.027958656989275393
0,0.03085575412571729
0,0.030050219719895313
0,0.030071791998584955
0,0.029346986369883258
0,0.03628525498110946
0,0.046120578798360366
0,0.028552833678664957
1,0.17228731479377005
0,0.030291042634930983
0,0.027140885696154353
0,0.03303281720741539
0,0.028306162356636314
0,0.026742544415663216
0,0.03719509948643914
0,0.011986483737831666
0,0.02649125865892389
0,0.028775827822108833
0,0.033283025910703194
0,0.028517100773278257
0,0.02770993516718182
0,0.029619133671793266
0,0.030787436399687874
0,0.026762170210972012
0,0.004063110024172625
0,0.03349806205497678
1,0.22606210276671052
0,0.03445712030351798
0,0.028296106651964584
0,0.035427919659552956
0,0.0279806835447195
0,0.026778492180081995
0,0.027990897151512074
0,0.03233489558411971
0,0.02923387653111031
0,0.0202619309820957
0,0.02836672472810216
0,0.02667089677754253
0,0.026763182821625566
0,0.028264514766277903
0,0.0436309523507062
0,0.03882523576324703
0,0.02733818611886802
0,0.036907456532287976
0,0.03384911573620869
0,0.028167680470850453
0,0.025327026255174797
0,0.023809235568525208
0,0.02967488402919221
0,0.032329407833205356
0,0.03684659323488951
0,0.027286793243903464
0,0.03113331009438329
1,0.23144526813371782
0,0.05757358738470652
0,0.03338594718571994
0,0.03375133791782906
0,0.035876320890708184
0,7.961449929224164e-07
0,0.029778290394747463
0,0.029517317495281616
0,0.9999978686669055
0,0.029104769148729552
0,0.027301488701673378
0,0.045496870546740655
0,0.029087807259053307
0,0.029059233192520722
0,0.028697147554274577
0,0.030675132650451256
0,0.02786376240114901
0,0.035212234398239284
0,0.031208260252471396
0,0.028904763369333064
1,0.258323433303854
0,0.007538420856483709
0,0.033458312557631924
1,0.2325850693083242
1,0.2636557045903747
0,0.0271237804060903
0,0.027872526618939724
0,0.028532146130848327
0,0.028821753286115623
0,0.028291999968798213
0,0.02707328961957
0,0.03217754088754431
0,0.01857088348394581
0,0.05288801723459395
0,0.0259600925662576
0,0.0382603358297128
0,0.03192357057719139
0,0.016898983133948865
0,0.012907702521157189
0,0.02851556347212501
1,0.2180066603759258
0,0.03783932916922363
0,0.027404215840633378
0,0.027451114587561182
0,0.027277050360475254
1,0.31075203659523054
0,0.041895215311237
0,0.03173259765492951
0,0.04849452971710163
0,0.03089574278301256
0,0.029521062135704282
0,0.029874449852763968
0,0.02908155557676834
0,0.02789632946013791
0,0.028661832815080977
0,0.03247660075784134
0,0.03812046451700183
1,0.18256294945882698
0,0.027278439734540808
0,0.03017951362331723
0,0.034343922382432474
0,0.030373168556153927
1,0.2002918138880073
0,0.02757947137281668
0,0.028925591870432924
0,0.0301226213162386
0,0.028399795041667134
0,0.03014264256904433
0,0.033304568042191916
0,0.02755457963035173
0,0.02589355226298835
0,0.03467911627729679
0,0.030413641585230355
0,0.04143914974862557
0,0.029686411831567856
0,0.02965340039938711
0,0.03499125472774358
0,0.020054173468605187
1,0.026658067161266088
0,2.6257752864958807e-05
0,0.02813386461152495
0,0.01973337430729657
0,0.01642682962979544
0,0.040945309998143956
1,0.2923964665433777
0,0.030569388808557363
0,0.02727596824625309
0,0.02504292119871109
0,0.029181141735128098
0,0.03394376288572584
0,0.030303601433019304
1,0.20644191414139182
0,0.030078287778733125
0,0.026521468156490913
0,0.01588262130382388
0,0.014710294981874962
0,0.02854943905435801
0,0.026232075116580735
0,0.03571946556863179
0,0.04340888451981756
0,0.02784188494245493
0,0.03419896838057157
0,0.034255811053203966
0,0.03035110661919508
0,0.028031646512151735
1,0.37563679441089864
0,0.03624478151073924
0,0.032147178688190024
0,0.04112837995397476
0,0.046650657230117874
0,0.03608939593072972
0,0.027836585735650114
0,0.028794696706695433
0,0.03701915798521387
0,0.04057061123803481
0,0.018950119039740376
0,0.028738590217046837
0,0.02774976775234196
0,0.029235637471036267
0,0.04648067061690087
0,0.030889588172714484
0,0.03094664005053761
0,0.025690645253447303
0,0.045273627940567204
0,0.014872652043375486
0,0.014649482820982397
0,0.001994402757696237
0,0.03920207477764678
0,0.023403329693082817
0,0.030456073792777053
0,0.02908011455468793
0,0.030934800185725468
0,0.027845344877181478
1,0.24099489430744322
1,0.2635670978605698
0,0.029426632539059375
0,0.03423520516245394
0,0.0278367922008579
0,0.02880584687702476
0,0.028700139882191677
0,0.02848885972195596
0,0.03769034052550276
0,0.019122659594115663
0,0.028270353585570108
0,0.037872041163283736
0,0.029041337755863806
0,0.06114020084110438
0,0.03430380307001677
0,0.03627558093388968
0,0.4687715123637312
1,0.2067152041786248
0,0.06399630483316307
0,0.025557132381377683
0,0.038098449112725856
0,0.031224755532688116
0,0.019029017579337126
0,0.027839818377228574
0,0.028635249787196664
0,0.03253976846544395
0,0.027349875863524834
0,0.03039107342792352
0,0.026390561073998706
0,0.034507666430847475
0,0.03381640224030316
0,0.031228667887282523
0,0.027954435098174774
0,0.027510490544597064
0,0.051994855131574695
1,0.21434893968005345
0,0.030180347529904037
0,0.029861446982798814
0,0.047525270102585365
0,0.033878167522848265
1,0.19859446113438742
0,0.031162814385487275
0,0.027525881034136782
0,0.8708382250144667
0,0.028261103702276403
0,0.027415838459473315
0,0.027946947684740705
0,0.02675520171245182
1,0.24226452605941837
0,0.026972707952647692
0,0.02950818151535889
0,0.015375538636990227
0,0.02358858154147922
0,0.03111288865661887
0,0.026397717511090477
0,0.029378756832693
0,0.02701069760516543
0,0.03825126561632976
0,0.017929557395207765
0,0.03325168134106986
0,0.01643786576330842
0,0.0398491467719276
0,0.033057529329329094
0,0.027672264182013302
0,0.018657048749323644
0,0.028557219145194396
0,0.028366369469049052
0,0.030594510509468566
0,0.025976626100895822
0,0.04142648960756357
0,0.030082921373316328
0,0.04264096170637615
0,0.029054497386960008
0,0.02844337957379381
0,0.029531618079782555
0,0.02676835901226325
0,0.03688426257585691
0,0.015496647975061008
0,0.016153001766290927
0,0.027298615151908772
0,0.02821982246701393
0,0.03529750949171759
0,0.02842930570843045
1,0.19815433894935178
1,0.26181262204819866
0,0.03191352556978696
0,0.025348531556790344
1,0.09050926111571246
0,0.029581135732647618
0,0.010908962729336153
0,0.032512023580045575
0,0.02873524881270965
0,0.02704476545748118
0,0.034362027124888964
0,0.046737181934754686
0,0.02507100368244179
0,0.04069429441411527
0,0.03134541011744478
0,0.02752912090136231
0,0.029440408320570897
1,0.12459586607827519
0,0.049272337196256094
0,0.02777473541969376
0,0.03136898730716652
0,0.0412737854858056
0,0.03166948187233914
0,0.025655218646556458
0,0.0337906624640785
0,0.029831306103709772
0,0.027543582357804314
0,0.039527282737929444
0,0.02861922206130056
0,0.033882869473140946
0,0.02937957523240546
0,0.0297944489527889
0,0.031541822294275955
0,0.027770039220003942
0,0.01076215178805713
0,0.03559136672181623
0,0.034103111994896455
0,0.011201583895804756
0,0.02916005459426531
0,0.03045554358645216
0,0.019646920114522206
0,0.03926031626757148
1,0.18796432230642482
0,0.02797761777767154
0,0.025679562451310627
1,0.1989141170573436
0,0.03232256840310545
0,0.023947251468540588
0,0.030210042953683087
0,0.03309681517341455
0,0.0282670474380221
0,0.028737112033748843
0,0.033469680195855334
0,0.027584154645960902
1,0.42618678795536924
0,0.04135149485325394
0,0.03118689346820037
0,0.010153374966814878
0,0.029432814404104373
0,0.034326853256259504
0,0.018176081054450555
0,0.02535437030013354
0,0.22988851970174187
0,0.02837120464842601
0,0.02874838369298508
0,0.02862658428618394
0,0.03463488655382327
0,0.035500721651604075
0,0.0355341093666095
0,0.030201920842568005
0,0.029107914723446485
0,0.1986960226524333
0,0.03696376954063171
0,0.03450087549822677
0,0.04727156046882355
0,0.028326262027855854
0,0.0253421549130337
0,0.018401376218806994
0,0.027565248840194588
0,0.028321627428193982
0,0.030020489517510286
0,0.03353116543956083
1,0.2653939888807922
0,0.028628026287701103
0,0.04497578509337463
0,0.02772269106686108
0,0.0356155992233516
0,0.02684874513214545
1,0.20067636396526023
0,0.0281750111010795
1,0.22369422400568428
0,0.025223361043301373
0,0.033989912234468705
0,0.047424236674253335
0,0.03460132885045815
0,0.041597162866268335
0,0.026181082974613308
0,0.028057640274969136
0,0.029638373230712986
0,0.030062819070011466
0,0.02925898725778081
1,0.26840112421711415
0,0.030555793278140998
0,0.038647614802228676
0,0.028276314359214134
0,0.025203257686143385
0,0.027219024648163673
0,0.03621874660036127
1,0.20773823964275834
0,0.05244841324646653
0,0.029184532164427256
0,0.036544397709667754
0,0.042960188124941096
0,0.039058560450329266
0,0.02662581237642315
0,0.029945025135453777
0,0.035024406321912525
0,0.02715866308512627
0,0.014877019148966325
0,0.028953367703623948
1,0.27839557872447573
0,0.02551013338973632
0,0.029567802129437253
1,0.3795529291972193
0,0.026839148113138745
0,0.02715443167143479
0,0.034699271000183655
0,0.030109972441475508
0,0.03018631157221364
0,0.04101213953702125
0,0.035176423218723274
0,0.028644235420527134
0,0.03299958606830533
0,0.028001716244861093
0,0.045037194187908844
1,1.1191644300933977e-07
0,0.2756576399279188
0,0.015135596717201672
0,0.03497147967188674
0,0.03628649307152716
0,0.027334064003006506
0,0.027699782631836884
0,0.022758575007098818
0,0.031016196314436063
0,0.03481632235689042
0,0.0249946326818171
0,0.028230657162461703
0,0.02805894675435679
0,0.03562289736024226
0,0.030951982382194345
0,0.046447924628233224
0,0.011473172694896477
0,0.026411380062059783
0,0.012491852530653864
0,0.03296514167976223
0,0.02840059272509038
0,0.028055547592838334
1,0.3457695937445169
0,0.09732144752476064
0,0.030049021434342776
0,0.03224380640570377
0,0.040731540520458874
1,0.1787418979822856
0,0.03171434193784427
0,0.026760133070765572
0,0.02602214146431538
0,0.028681321997128636
0,0.029878648297979028
0,0.03338310818540884
0,0.015347172490958363
0,0.026118158107713473
0,0.026208367826569153
0,0.051594659038318474
0,0.027604058579225352
0,0.021039222689645715
0,0.03741469835044889
0,0.007947996495907798
0,0.034281170357052554
0,0.03288135988785438
0,0.017326227780065658
1,0.2007444271264086
0,0.03392491062663492
0,0.03883267011161791
0,0.029108673584816246
0,0.02939262077131918
0,0.5990844757603684
0,0.9999877710793388
0,0.033842753402977474
0,0.030155276850354344
0,0.21163025562892956
0,0.028650701081268597
0,0.03123161001632875
0,0.03809733948917853
0,0.028190332299587697
0,0.998754893759845
0,0.04281860866221008
0,0.034472042295684825
0,0.03131714030465409
0,0.03030023523122774
0,0.026712279065290865
0,0.05491708090280047
0,0.026532753541170188
0,0.02663941665091367
1,0.2457301498855007
0,0.02674926414548101
0,0.02697183741405221
0,0.028327763581145436
1,0.2602932576424995
0,0.027551185941078055
0,0.04483472087443293
0,0.028867724802679597
0,0.027951762822674593
0,0.026989999237449182
0,0.02799075038913811
0,0.03355890410621216
0,0.025487413453109946
0,0.02625920630818012
0,0.03040810368502668
0,0.029201892198425245
1,0.24120782208120328
0,0.030749512204836172
0,0.035323714827602146
0,0.03326515381663088
0,0.02809019509546328
1,0.19003702708105727
0,0.03386714625896379
0,0.036918882073027
0,0.027546718069881633
0,0.02586294161834939
0,0.03850735205497009
0,0.027824309778923768
0,0.040946226353789215
0,0.027910660908352675
0,0.033175697581919635
0,0.036635885562732715
0,0.041640532008350106
0,0.04267418756395531
0,0.03297211719619207
0,0.017998148412483216
0,0.026958975320925106
1,0.2600400092909071
0,0.026748222565175055
0,0.03545515640094452
0,0.03965622729668162
0,0.027921973236061978
0,0.039424272286180194
0,0.02594364195068981
0,0.02784568048644715
0,0.025132874565914263
0,0.028821771638490243
0,0.03992576147992611
0,0.0248569454256318
0,0.04908386322643978
0,0.030633391181299402
0,0.03325912025569226
0,0.027236478103834675
0,0.030179019919269336
0,0.026294742050643614
0,0.03352689687165572
0,0.0423829990370179
0,0.04292556926803352
0,0.026825084042977457
0,0.02923255969946444
0,0.04267859519402356
0,0.04247130978864539
0,0.026533816211722173
0,0.028298789582317095
0,0.027384664677640246
0,0.9987467181277416
0,0.026512102233637574
0,0.03130714617945923
0,0.023844106224974543
0,0.02914275030576432
0,0.026813516764062052
0,0.03686105830226373
0,0.03435301067695796
0,0.040903817214295694
0,0.027626763202754177
0,0.013370619963625183
0,0.034583198061120625
0,0.03191001818072095
0,0.007359653831067466
0,0.041552895701528855
0,0.026458661693515094
0,0.02858215053293485
0,0.039390614439790535
0,0.0307934281006878
0,0.02877294609790889
0,0.2291426936369223
0,0.02948404834251921
0,0.0312156542357663
0,0.016489466768843525
0,0.0285865521629504
0,0.03076720796651726
1,0.28101711130554197
0,0.03720664906665757
0,0.02779269567939656
0,0.040086803879458364
1,0.2029465985095019
1,0.2024559366422672
0,0.02629317328870808
0,0.030714934570109317
0,0.022794283549823807
0,0.026703272841736337
0,0.03160579838750871
0,0.029231583741904283
0,0.043934781562210215
0,0.028728438240208227
0,0.03348022411266333
0,0.02869210481280857
0,0.0288307072546663
0,0.051017688232707754
0,0.027683384369643807
0,0.029203381741539407
0,0.028327714772270862
0,0.03103328112728631
0,0.0367357585565649
0,0.029021164893758528
0,0.028351675797007564
0,0.04608498219535161
0,0.029367110418341454
0,0.03428602641212623
1,0.21008058320796297
0,0.03323648274483904
1,0.204560266724016
0,0.02967714272797961
0,0.028674313823325533
0,0.027096110757011134
0,0.027584473606641756
0,0.030262345371678268
0,0.04589391139752076
0,0.034194760029975145
0,0.030933602593131968
0,0.028316180121071937
0,0.00031428884941614357
0,0.026381527184296802
0,0.03437895779055563
0,0.030135502245436693
0,0.02711038292300322
1,0.2554391470916004
0,0.029287570501235507
0,0.02709430579334345
0,0.0172142454989872
0,0.025301151406764356
0,0.026199793430658536
0,0.02693678672921559
0,0.028947445215958073
0,0.03647055219533197
0,0.028680526624431633
0,0.031970931363955964
0,0.04076329995449404
0,0.04107846302551314
0,0.03401615391974921
0,0.020445326241584797
0,0.035638772119456485
0,0.019783254382562555
0,0.030409910293444576
0,0.26633235683709866
0,0.027597101812414482
0,0.027931916798155907
0,0.027972017567070708
0,0.03755426992525951
0,0.029716268153362254
1,0.19274560376186733
0,0.03017809271885802
1,0.25794251500904986
0,0.02616435066447192
0,0.02989322744433399
1,0.30320904804136745
0,0.026031695950390257
0,0.03593162722172403
0,0.028877240044089765
0,0.0291300281099973
0,0.03178175509406617
0,0.03140446187126613
0,0.0055451529990722314
0,0.036792382524670146
0,0.03291451444358003
0,0.4005411403735132
0,0.029849966360409215
1,0.29344313964639085
1,0.21889399100505852
0,0.030772122983372358
0,0.03575523267609933
0,0.05121004845196858
0,0.025771119991057627
0,0.038466880386292354
0,0.028275125382225066
0,0.025947642833175532
0,0.034291350926442574
0,0.029817666202544287
0,0.024953816317111518
0,0.026830718537883862
0,0.03635823826185195
0,0.026314362314953384
0,0.06570860252730487
0,0.028721980081279935
0,0.026685940759230965
1,0.1784898224117919
0,0.02873560314839749
0,0.02681894004779704
0,0.03049398844384797
0,0.02916511086872819
0,0.00850250725216808
1,0.2795655606692763
0,0.01994331820641604
0,0.027484165275707545
0,0.25372243803230055
0,0.025710586250864396
0,0.027966313530289562
0,0.0390084927380984
0,0.02681184364006326
0,0.02751405918098309
0,0.02567242970820736
0,0.0298598584311231
0,0.04113675837542013
0,0.02818391486705496
0,0.02945223732669555
0,0.02757677478472347
0,0.02642646872332063
0,0.03256746627674593
0,0.026434567655782257
0,0.030565544521473666
0,0.03623505280098038
0,0.03405330077100809
1,0.29140525199936723
0,0.03369899459046556
1,0.223877639293739
0,0.030674669198810345
0,0.02815015876119431
1,0.27724924723949745
0,0.03027674320926978
1,0.1858577114582986
0,0.02608689342753315
0,0.02654483101095725
0,0.0314657047045898
1,0.21754503619273458
0,0.037428641202726334
0,0.01701776034892194
0,0.028033252267633646
0,0.045183603009985696
0,0.028491297656048534
0,0.028224742517932586
0,0.04001974301303026
0,0.032819791153279175
0,0.03471346172071998
0,0.027315001728824072
0,0.2591956296529181
0,0.0271251378105485
0,0.028447618784500084
0,0.028906587896417143
1,0.24562472748460834
0,0.025434558257999073
0,0.0457979505052562
0,0.030124011391558587
0,0.026651705243147396
0,0.029679260838585093
1,0.029554279468466636
1,0.27147012781138335
0,0.027641799957690474
0,0.030622190208592654
0,0.0410505040958102
0,0.031103515800689027
1,0.28706910634282995
1,0.3247509018170246
0,0.027560493205895726
0,0.3221510674098522
0,0.028432453688631894
1,0.19877445971772345
0,0.025384251293035072
0,0.03306137719054774
0,0.027490942592738498
0,0.026898380573734428
0,0.03744595755576996
0,0.027532784846964618
0,0.04755324103593954
0,0.03333299861158
0,0.038776841361874995
0,0.03026615140332948
0,0.025976527885592224
0,0.02650967790370655
0,0.03021883880047871
0,0.035917750637228685
0,0.037742996277330465
0,0.9999999246360424
0,0.043922244918237194
0,0.029455221869274864
0,0.029859203177418598
0,0.015813463142104807
0,0.03018655193749999
0,0.027464089032139608
0,0.028990040136224055
1,0.19320826887008144
0,0.0281051007008876
1,0.24009972416569147
0,0.2020021308101401
0,0.03365466671992242
1,0.20345510791620072
0,0.045858084910495735
0,0.2743358540586288
0,0.03136148484787337
0,0.02513245689886833
0,0.04780850599367839
0,0.026749726565469895
1,0.1848901320385728
0,0.03030025493348809
0,0.012571677288332517
0,0.03822474665457263
0,0.032925022275472796
0,0.03201819983361223
0,0.03782091837002722
0,0.02742265027307469
0,0.02591348370043722
0,0.03539253002013111
0,0.017602954845021307
0,0.02969641452072769
0,0.028862115018888832
0,0.027508409213843822
0,0.03136873918939178
0,0.028267601233516338
0,0.03345807354276476
0,0.02781378935596088
0,0.02688270986636218
0,0.028217447131285125
0,0.9209322475115862
0,0.03144540724488527
0,0.032473237684873896
0,0.0537555562752375
1,0.2994876985049729
0,0.03463554820266532
0,0.015882420070347226
0,0.028113890589531048
0,0.3161812932167975
0,0.03553631048116413
0,0.0369307138033005
0,0.03394946862350717
0,0.028437741970235186
0,0.02546945326493031
0,0.03160210299702807
0,0.028409420091667654
0,0.026237852245685544
0,0.01617532636783763
0,0.03180789732221534
0,0.03517633016431163
0,0.03777523016050237
0,0.0347139999859093
0,0.019540719386599344
0,0.04233358028270143
0,0.02819820663361417
0,0.029222973174106204
0,0.02434322337662143
0,0.028627387323158626
0,0.04756270136126127
0,0.030295296047226618
0,0.02489836421292595
0,0.0001051213297375397
0,0.02777728622357894
0,0.031382234481804785
0,0.02599667486467981
0,0.005205500419712439
0,0.054071253860613906
0,0.0135472811722502
1,0.2679162675745764
0,0.0368144329582056
0,0.025904351587238854
0,0.02971096975840755
0,0.031364394719473866
0,0.03279869092347175
0,0.02676002091406369
0,0.03772672560559204
0,0.03313209173968429
0,0.023490926530079788
0,0.028333782053913778
0,0.06884811295977954
0,0.2106158800708686
0,0.04927067309900309
1,0.28007687059117337
0,0.037934709960247504
0,0.9999154436669502
0,0.026757079001361254
0,0.3398327299579842
0,0.02753091611167316
0,0.0342897235368277
0,0.04263650426421153
0,1.1814146174473878e-22
0,0.03247362720915464
0,0.005573666026483584
0,0.028617918844819196
0,0.03741439782037556
0,0.02775578113285776
0,0.03894597795155306
0,0.02961335834195318
0,0.026010901353803784
0,0.03333642941000398
0,0.029268121653780406
0,0.01596688201844351
0,0.025511490322522944
0,0.02792423057315638
0,0.031270965911459093
0,0.026060299718649746
0,0.02818834675228397
0,0.02936245081301464
0,0.027263276584516046
0,0.04237742686434752
0,0.046313442569244974
1,0.27079561197639296
0,0.025931501006569182
0,0.029997092775617566
0,0.028185023387155984
0,0.03367768388161647
0,0.027448690746819753
0,0.042500591313306336
0,0.02892935912373614
0,0.03424132082617358
0,0.012544477690970923
0,0.01782473906057473
1,0.3219816244143796
0,0.027080267599485713
0,0.032422215369992756
0,0.027655091963573235
0,0.025717340641808473
0,0.02734145999419941
0,0.049036190157176765
0,0.02789515883080159
0,0.030225715653567554
0,0.027998594304126777
0,0.006108489722643567
0,0.031007236689598882
0,0.028729008707959545
0,0.029866422960301203
0,0.03195135990723181
0,0.034701396306713025
0,0.03324247115619357
0,0.031711278038672776
0,0.030168210983353993
0,0.015619803187373773
1,0.27079648294631803
0,0.02946173359003408
0,0.010704594184149178
0,0.02792467025072636
0,0.027521118041100922
0,0.026288925270050577
0,0.027462966674046727
0,0.027692852179947717
0,0.029652169004924088
0,0.03782084896072465
0,0.025487464158522113
0,0.04311255076214385
0,0.035356660106494214
0,0.04907274744764372
0,0.02821010006139887
0,0.029586437777663323
1,0.1998862335686552
0,0.027959004049301742
0,0.032379836115148636
0,0.03786847078856574
1,0.24025062515021633
0,0.03037456237067248
0,0.028965559042721124
0,0.04346977202862561
0,0.035858916151030935
1,0.23757559086419827
0,0.026804101077256646
0,0.03560093871354352
0,0.024436956575825727
0,0.026293034424091585
0,0.027133499572503078
0,0.04940304006910822
1,0.28433038465002736
0,0.027191701626585036
0,0.02579755786568711
0,0.030624068410701807
0,0.027718250791659762
0,0.026725073203562644
0,0.03025914757904031
0,0.02728066588133715
0,0.042873069683275165
0,0.027681695409609765
1,0.1935703778707898
0,0.026228873028159877
0,0.02854534461762643
1,0.18080250195139205
0,0.02912952493068895
0,0.04011098517661604
0,0.03304680352082875
0,0.027115228939816195
1,0.27329526493437833
0,0.028222014911130473
0,0.03140444238079855
0,0.036956161614496996
0,0.033657146103591086
0,0.03152319781183796
0,0.11200736778002036
0,0.03357838014346488
0,0.04468313019016998
0,0.029831326804218617
0,0.029837866274281068
0,0.0345987236716189
0,0.03940741594379118
0,0.030289135200046093
0,0.026583393938720994
0,0.04744986651456281
0,0.03035593268429633
0,0.02688048567247081
0,0.030774650557880093
0,0.033889613285899185
1,0.17378443602080712
0,0.027706403667469074
0,0.003621826416018401
0,0.849123701675282
0,0.04587109345665154
0,0.031549759407450084
0,0.026834286647791535
0,0.04228631059744743
0,0.02714316231441973
0,0.029075860051932054
0,0.04472811364912024
0,0.04439301295866616
0,0.026854565928002488
0,0.03235937507784382
0,0.01631850618731641
0,0.029731982700719056
0,0.030205413523176197
1,0.269968211179846
0,0.03722389659258286
0,0.031624524382644334
0,0.03671861579032154
0,0.026932158775278322
0,0.0297069986033917
0,0.009345395541653296
0,0.035002780053472106
1,0.018410439281813084
0,0.03098903231343123
0,0.032685803360315666
0,0.04891919618972861
0,0.012981471040951697
0,0.028321650392274047
0,0.03465594172979559
0,2.5725797042134786e-13
0,0.029857358354824136
1,0.19769521082098981
0,0.03215049845056247
0,0.03213323188981666
0,0.029881508629982838
0,0.017085277991766096
1,0.2806868444608528
0,0.02774816691720878
0,0.03404074722079032
0,0.028794975909973042
0,0.047880374817802156
0,0.026685828517918436
0,0.02858353326404899
0,0.02953737069211608
0,0.013264435330530441
0,0.030712048220707614
0,0.05406066998793684
1,0.3308382480231017
0,0.02582590443547598
1,0.1931084834512127
0,0.025763377899769634
0,0.02524577909114605
1,0.2008244459087368
0,0.016669650912920445
1,0.45236776959764646
0,0.02706006624611687
0,0.038347968694391756
0,0.031071787233264127
0,0.028207351362908625
0,0.027488654757980933
1,0.26489286597596773
0,0.03400297141062416
0,0.048491647456936286
0,0.28030210097878216
0,0.030455315226482586
0,0.019478757293910624
0,0.029607904342962354
0,0.02892729879578658
0,0.026883494574732162
0,0.028867085659994025
0,0.029043634979136614
0,0.03141712362947495
0,0.03461933185149136
0,0.03281280893673937
0,0.03483386856891437
0,0.027612069669489925
0,0.035504052531476364
0,0.05416553398768963
1,0.31732797284411796
0,0.02735366489646416
0,0.03876489062172584
0,0.039730468757233295
0,0.028054402573847257
0,0.03225976873279188
0,0.03102092811829688
0,0.02843399569674081
0,0.02858812131814662
0,0.051708689263847966
0,0.014846601449100789
0,0.028925244888486416
1,0.2497296404650928
0,0.04501231401895902
0,0.03125160204485134
1,0.3143376747186056
0,0.038192109935936774
1,0.25730413767318794
0,0.03833548069538966
0,0.026093579304127625
0,0.03192617579797284
0,0.02711874694672731
0,0.14719394448050283
0,0.0462246559728758
0,0.039939060830290404
0,0.032540687918781876
0,0.2919427480290151
1,0.2574727056745678
0,0.02695099644825824
0,0.02745516035468759
0,0.03699159180912461
0,0.030133430538617705
0,0.030909347272587137
1,0.2066230290325316
0,0.02533921577074155
1,0.2708181165211463
0,0.02642346971714768
0,0.01532972983275674
0,0.029701300282927365
0,0.034819486175803764
0,0.04443628162019154
1,0.28011679716231164
0,0.04202652236089752
0,0.029234662682500863
0,0.031678102315618115
0,0.026522401116925498
0,0.03597081171540742
0,0.055550628506380345
0,0.0317213429419806
0,0.034922759595804855
0,0.024503875912201913
0,0.03914262489320782
0,0.02951188576793557
0,0.03351748807750344
0,0.05677602053737893
0,0.027798043551678347
0,0.05090701220359853
0,0.03624499960669981
0,0.02999923344924502
0,0.03263563157664552
0,0.042995049468557006
0,0.030500910961326094
0,0.0364842277802788
0,0.029115640256096822
0,0.019980324477724902
0,0.02944994965281395
0,0.028386276382927907
0,0.026594074641435574
0,0.040507009707612736
0,0.03705312243697746
1,0.2636286970661136
0,0.02796037775151191
0,0.025862051135613767
0,0.025212092274615936
0,0.028006984728719486
0,0.027575976407233905
0,0.03223936197741589
0,0.027079452181632466
0,0.03408725142460042
0,0.02738156752902596
0,0.03342895450046178
0,0.029194462481369136
0,0.20501379657860963
1,0.20016309171509292
0,0.013662244912747477
0,0.028588605902744684
0,0.05968589697984827
1,0.30665842721508796
0,0.020525602700653987
0,0.02780465638706684
0,0.029633997981925946
0,0.033510950879569394
0,0.02811332302538192
0,0.03606067702003153
1,0.2608084381611566
0,0.018591178769163715
0,0.03078989359872202
1,0.1958051404026574
1,0.2543859480726218
0,0.028170077439012918
1,0.24171245009395484
0,0.03570004108647273
0,0.02810825615594574
0,0.023620098764940076
1,0.21473182244180206
0,0.02950376986085958
0,0.039230889725963974
0,0.026683465751341
0,0.044667744689262726
0,0.03642478495484642
1,0.26787376238336197
0,0.025580599600107418
0,0.03026974313407508
0,0.028150016895198585
0,0.029832878519497334
0,0.028886559355506804
0,0.03006870889141046
0,0.015630078314215225
0,0.028966436689416696
0,0.025959050376524278
1,0.314452225941499
0,0.015926931283670284
0,0.027833951015353138
0,0.02583871251599407
0,0.02866834963439687
0,0.02885486939572967
0,0.04459449886344559
0,0.027745041084948952
0,0.027043273951303872
0,0.02644955562730806
0,0.029355319875271263
0,0.037678674230453735
0,0.029586363763433262
0,0.04026907590302413
0,0.2053755310212298
1,0.197411404126578
0,0.02716224898009709
0,0.029712758557044812
0,0.18968422406875898
0,0.00548741626968093
0,0.027898509616743995
0,0.026140922578757664
0,0.03285787024933247
0,0.033003017961642844
0,0.026761651306115266
0,0.03140961093750841
0,0.03898393751558686
0,0.035402078995389226
0,0.03028835746570775
0,0.029016538805616665
0,0.027222688727183555
0,0.02757692663083198
0,0.030318746815427774
0,0.044173154251600816
0,0.04560414207090212
0,0.03594043436570034
0,0.028448164894115592
0,0.03786734154027573
0,0.03802711199291539
0,0.08852763085467416
0,0.03901360087265819
0,0.025911077299142438
0,0.039769963086057195
1,0.3344172175266577
0,0.027765443147192807
0,0.027020776186544106
0,0.029143976358891325
0,0.02889115864851608
0,0.0273969177052448
0,0.03719872410365705
0,0.03630370131701498
1,0.271485877206437
0,0.03104691913639487
1,0.27172103098502154
0,0.028629361445059974
0,0.04745523331703526
0,0.027395159970077628
0,0.030371104279720347
0,0.9714125134491446
0,0.028496913387429684
0,0.03249813042911934
1,0.27514551313705515
0,0.029521581691853937
0,0.02718098540419831
1,0.25706601429532433
0,0.029148768480376862
0,0.03370284366330599
0,0.013944147605052564
0,0.031317954904039706
0,0.027553541517573905
0,0.030528349436440727
0,0.02912975123390752
0,0.03302218241149847
0,0.0435633918974983
0,0.029984496282515514
1,0.47043736120228286
0,0.02808144900380883
0,0.015012731896476362
0,0.03371494295706919
0,0.017069485968786803
0,0.03884933228256561
0,0.019847742387541705
0,0.03667840337779767
0,0.04074315866703494
0,0.02910610524078292
0,0.035291660555628414
0,0.025399020770367625
0,0.027457084177168512
0,0.020441057931630653
0,0.017894930787865696
0,0.031230885504555245
0,0.02732748508366679
0,0.027556600066478955
0,0.028045320418687365
0,0.03943450049334271
0,0.03895528655674336
0,0.029709470152006475
1,0.04749373385435785
0,0.01731393878789177
0,0.037386381439423036
0,0.028658086512765475
0,0.028181395957427417
0,0.03212871554598291
0,0.02803581922589082
0,0.02973828393163076
0,0.027719355976469198
1,0.23060683620530506
0,0.027893689247371654
0,0.03559638362594782
0,0.026791323181038797
1,0.1933505182892672
0,0.02818647277166309
0,0.027612134484283558
0,0.04294619480133062
0,0.05066972105921018
0,0.03263330675299542
0,0.02600118900603683
0,0.028739888367392257
0,0.03672770337626047
0,0.030231085946225294
0,0.02926573397346587
1,0.2001708976548964
1,0.21058163426055454
0,0.02663418976727709
0,0.04602286880926641
0,0.043395857690058486
0,0.033629038017677845
0,0.04058334580095663
0,0.024912119415220525
0,0.026264865394281987
0,0.02629020158909163
0,0.026320884182162045
0,0.028125627084788222
0,0.031103763684250895
0,0.03306850530761902
0,0.03016933931878458
0,0.027509363553366497
0,0.0314837097219105
0,0.02763319991789649
1,0.18103377523512337
0,9.216123990530566e-11
0,0.026940338475899918
0,0.027853034623239414
0,0.030095249110363553
0,0.025974561958931486
0,0.01375885586770585
0,0.027368475083710972
0,0.053331796597621245
0,0.027498028365648096
0,0.02799431506124227
0,0.03878446680374319
0,0.7536564452759804
0,0.029616137524266076
0,0.03040959790794987
1,0.20464838282231362
0,0.01738884244636033
0,0.028499066080518772
0,0.02686633430954815
0,0.03129217794282358
0,0.025079958153126095
1,0.32537012525506503
0,0.028037883271354303
0,0.028105606030881494
0,0.04080756199330619
1,0.2413053531876112
0,0.031600690257953826
0,0.02815332646724783
1,0.2609329281571717
0,0.02832344492700219
1,0.22859790762106247
0,0.01703347341125503
0,0.03365894323384796
1,0.2814220510028598
0,0.027784999976886417
0,0.02812118604153804
0,0.03142549164971246
0,0.04578866806239283
0,0.033299186164188914
0,0.03277998957903195
0,0.016463881887452726
0,0.029925378959887075
0,0.025624652412061022
0,0.029315633395771028
0,0.0251595286889133
0,0.018513645441431477
0,0.017560990736296356
0,0.038818483302170644
0,0.03530668864289567
0,0.03588050633128487
0,0.013789183497191906
0,0.026434058381817047
0,0.029298594280852422
0,0.02856424419801434
0,0.01827815191509291
0,0.03412683761156229
0,0.02849608172612308
0,0.03447151855933487
0,0.029073721038843692
0,0.04107656597399668
0,0.028864722204547607
0,0.02894400067684713
0,0.03248650277837653
0,0.02955683358389481
0,0.026088798153200678
0,0.029924480074881216
0,0.02730668573783957
1,0.3019329984495434
0,0.0274891013154076
0,0.031101588032378794
0,0.027293827874230677
0,0.024859669307896928
0,0.02828631859111228
0,0.028273987219701226
0,0.024183371715957882
0,0.017087945512329842
1,0.20420990519808588
0,0.04398380935869887
0,0.029058871201726323
0,0.03639733264098684
0,0.027916185701374715
0,0.029452354036331424
0,0.026421818354163573
0,0.02656027469023039
1,0.23517556277646584
0,0.027636312707124036
0,0.047670790255072704
0,0.03441022800138921
0,0.02743191812409393
1,0.27482271656337015
1,0.33911637982229137
0,0.037390208468413906
0,0.03421095588628662
0,0.0380847164303178
0,0.02799824838891631
0,0.058008697124485385
0,0.046480448715373934
0,0.03254378140683069
0,0.0288504518935544
0,0.02756643437817409
0,0.029653502017370055
0,0.017598378905731068
1,0.26887917752927454
0,0.03270352792044533
0,0.03132025777258755
1,0.23022122598676287
0,0.02841463798218245
0,0.028932904125160003
0,0.22872090651833898
0,0.02770137312952386
0,0.03255638254202024
0,0.030312717128886214
0,0.028577601466500496
0,0.03224957495617886
1,0.27445246317137173
0,0.03358673553825211
0,0.02960711873565458
0,0.027604624553845002
0,0.017738185333564863
0,0.028674683201084118
0,0.029791554489470566
0,0.030846923121661658
0,0.027808790235517605
0,0.038257265410241145
0,0.02763896369150469
0,0.030578932223633875
0,0.13805269353988447
0,0.03242835654644994
0,0.027743061085795134
0,0.037241309948740774
0,0.04397332406793463
0,0.01205730081018654
0,0.3788576430249327
1,0.1804727906319827
0,0.028857367787885984
0,0.02802381024570246
0,0.015282842588930947
0,0.04247041292814731
0,0.02564200322301973
0,0.036802476479610595
0,0.028203691328668717
0,0.019656115728743682
0,0.028033439442416846
0,0.04600526793946205
1,0.2310934986878474
0,0.02756176201597648
0,0.04366424240421262
0,0.03163977697451704
0,0.043964905484411995
0,0.034507294584007586
0,0.02505841673924883
0,0.04836662390945576
0,0.030827137213252642
0,0.03661781250486484
0,0.027905751995632142
0,0.031046418869022548
0,0.027376366561682363
0,0.028351027221988418
0,0.016919838263706983
0,0.029963298261510944
0,0.046328823613249796
0,0.0419254338218485
0,0.026661606366149913
0,0.03276118521172838
0,0.029331452187002557
0,0.027063637326997538
1,0.20757273618576924
0,0.029023573530699138
1,0.20377727126613218
0,0.037593287381012606
0,0.017824363404615007
0,0.027601035305794244
0,0.04710150980829296
0,0.02322046673762813
0,0.02710739924262049
0,0.03623101071040281
0,0.02750877436250966
0,0.02903836637604655
1,0.26292054099695156
0,0.02804716456873107
0,0.013242528288964725
0,0.029192856822177416
0,0.024672354178128866
0,0.029097313306458445
0,0.9566879959305633
0,0.030141199824108345
0,0.0272163599493288
0,0.04788448346309618
0,0.047649125695650024
0,0.03946196268477035
0,0.02934600670756183
0,0.02794736908846806
0,0.028406908349485938
1,0.26245977826589334
0,0.02489906426078538
0,0.027115409369872168
0,0.029750104433267883
0,0.028739106808349228
1,0.3134377276594953
1,0.34643969788490286
0,0.02662608850479839
0,0.036614602388851426
0,0.028101948438708113
0,0.04725858034633885
0,0.028111330938857544
0,0.026221139039862333
0,0.03840968522162641
0,0.027655550364076104
0,0.03908999097702255
0,0.04909189833886484
0,0.02728911537891314
0,0.02735661148180033
0,0.04394560867916644
0,0.02699699940228822
0,0.026213364669144822
0,0.02983558881797766
0,0.03207906144557542
0,0.03211480104040776
0,0.026569851793830184
0,0.034425796615580456
0,0.0318716320763643
0,0.05172317612222222
0,0.029126773607668455
1,0.35057862125102757
1,0.19339244807513312
0,0.029973044765327823
0,0.06619582579486825
0,0.02715962590637558
0,0.028013556167759867
0,0.03275358291934086
0,0.03431987144349778
0,0.032854171687790056
0,0.02589489634771743
0,0.00341328819197664
0,0.03373558860432476
0,0.025387335996094388
0,0.08545872504149231
0,0.029372275853842618
0,0.022725620112467176
0,0.03564065067022459
0,0.02977762740487214
0,0.03000880693741162
0,0.028942252172562802
0,0.03384320555491226
0,0.042352791669258906
0,0.025977880498575107
0,0.04962672498956902
1,0.39235451133142013
0,0.028412235210065688
0,0.03171424080996025
0,0.02404694753774222
0,0.03235409837412882
0,0.031193294541207207
0,0.02924452155195934
0,0.034747666027756724
0,0.007174789403645696
1,0.19119250122955106
0,0.02751710709115142
0,0.020449604975923526
0,0.04323793775040173
0,0.028445772136273965
0,0.040458004848578984
0,0.02765004203272274
1,0.22122981990338458
0,0.03178727171738739
0,0.03144279414721886
0,0.031056599680587615
0,0.10412731332637205
0,0.04254909030302759
0,0.04236186187392633
0,0.033015316071524414
0,0.031338193565022925
0,0.028200530779662763
0,0.02995539978300757
0,0.03383380121556839
0,0.028503635197457935
0,0.026295859925389957
0,0.03286665493857071
0,0.02863913247544985
0,0.027302618496389194
0,0.02955631385364093
0,0.028946319749480302
0,0.03388212414276141
0,0.025696976323466646
1,0.26203199141102634
0,0.04569309342449528
0,0.03672755787350768
0,0.028001178864127042
0,0.027485637393663886
0,0.03228005996614708
0,0.029155861716711185
0,0.03453828928198371
0,0.027310809382724135
0,0.025600560017130295
0,0.026839368012337807
0,0.04543100382615383
0,0.0288149912079849
0,0.02807516339281717
0,0.02804614417864746
0,0.027004430446819206
0,0.028382925843450955
0,0.0342824520188199
0,0.03023088411763332
0,0.03778767827652045
1,0.20505693255738652
0,0.047352555992868854
0,0.029145007665152066
0,0.027502987549542005
0,0.02889697587782084
0,0.016288757691982677
0,0.02977518695048374
0,0.04285490540193473
0,0.05133761292226363
0,0.048599347471532786
0,0.027166645208453903
0,0.05090556079011071
0,0.0011752381284694472
0,0.029164910457854184
0,0.027278986962785374
0,0.015113258373194275
1,0.18404478998344806
0,0.02879063355451676
0,0.03191574233617026
0,0.025620323377685553
0,0.18767478736377444
0,0.028779077593598195
0,0.05066507652546839
0,0.026817501875386347
0,0.028092075472280865
0,0.02813927378641268
0,0.028344530772912137
1,0.20563443607764556
0,0.025879155723599435
1,0.2673854703068295
0,0.204846446134895
0,0.015107439404720506
1,0.254570847498062
0,0.03702648084739114
0,0.030037736629451955
0,0.02747517849449665
0,0.03462517248070106
0,0.027296607165426867
0,0.016636503556054904
1,0.0750297049597048
0,0.03307399175732063
0,0.028662649672480105
0,0.02732215272514944
0,0.02936182440539637
0,0.03047903567987085
0,0.02895692812924046
1,0.2657327023461654
0,0.029146738112989172
0,0.030323883806949076
0,0.01921784986109922
0,0.029441141736982226
0,0.027134623396124425
0,0.2661560394932987
0,0.026604042921335266
0,0.036062918856514935
0,0.20302964466630716
0,0.03146298916817566
0,0.03510947328627612
0,0.03396332926817589
0,0.029285885319624564
1,0.18388921942359127
1,0.26529332087059576
1,0.23094246167428187
0,0.027693587239198483
0,0.03135039166174282
0,0.041244949802624255
0,0.044003964653274476
0,0.05225383003458157
0,0.020193201839704494
0,0.028593611950221212
0,0.046993825818430354
0,0.026594503977682777
0,0.049540964102967586
0,0.033529121869653164
0,0.2802471776556121
0,0.02698569653453253
0,0.026182961337715544
0,0.021165591956714244
0,0.02913085158913125
0,0.03229059365303574
0,0.02974729328103191
0,0.03354986447005212
0,0.028737952601077196
0,0.4288413860304815
0,0.040835461724530016
0,0.9977801868340505
0,0.03303343644697075
0,0.0453775811082591
0,0.023547912255659494
1,0.19295985344447003
0,0.0292913618681791
0,0.03214012112168309
0,0.03075699773856532
0,0.0331181965351455
0,0.038226699134927156
0,0.028580889705903605
0,0.0380560543008063
0,0.029423004195412765
1,0.26547587515073817
0,0.031159981994511837
0,0.030456395880984366
0,0.02735953577313389
0,0.031230252528117345
0,0.04052026740216212
0,0.029690969733456866
0,0.03468967723754624
0,0.03258737470247138
0,0.03240074131486246
1,0.20750427235685784
0,0.033083470509668166
0,0.03147965832611842
1,0.23558668172503716
0,0.0276660839886562
0,0.034605141891042926
0,0.0344055178507065
0,0.027122163167696108
0,0.030579525911584145
0,0.029920047241574776
0,0.02416247449231496
1,0.2796885072960917
0,0.02613282150860191
0,0.07809271208644342
0,0.02779015396843384
0,0.025675003521009244
0,0.028491317454007584
0,0.027017879262935918
0,0.029095528456795975
0,0.036820298450193106
0,0.029567918427929826
0,0.03283030904303411
0,0.02834635380283373
0,0.02760132046124839
1,0.38569327144654897
0,0.029054589867782914
1,0.23561014692199264
0,0.02780820569196132
0,0.026125053095992744
0,0.024980659963170282
0,0.04459075832164996
0,0.7277222435818193
0,0.027351210172865334
0,0.03516379426258603
0,0.02938563488251351
0,0.030444975205955994
0,0.029736512130456604
0,0.028742118357311882
0,0.024462662878835625
0,0.029828323650911284
0,0.028292216268078454
0,0.034061215683629534
0,0.02543874238643294
0,0.042931956024050755
0,0.03712548230295394
1,0.18979446119039448
0,0.04134147765579004
0,0.9606438163785094
0,0.03738129200988139
0,0.028824207599755427
1,0.270529248487146
0,0.029837489274611943
0,0.01422467913686566
0,0.027296408155078698
0,0.042916529445785744
0,0.028818716541396307
0,0.029340277506643003
0,0.027641984192610967
0,0.03747868675490584
0,0.0567846267229557
0,0.038640874277544514
0,0.026345540195794884
1,0.07861267389420552
0,0.026848643515662338
0,0.030172512654374765
0,0.049347444523146274
0,0.02853670593722311
0,0.028865210502947387
0,0.027694731594052786
0,0.03121549471330016
0,0.03394011689763821
0,0.045027238497879575
1,0.23999179573786347
0,0.03535836372443786
1,0.2468194237661006
0,0.028617901032659803
1,0.2693610768161332
1,0.19960120670516024
0,0.02763696581946416
0,0.03338033865362965
0,0.026066442911765714
0,0.030880660833884122
1,0.2881320541149799
0,0.03872242969298856
0,0.028506933127242503
0,0.029248081586733896
0,0.03173559394717812
0,0.029067980741246193
0,0.057093482996152335
0,0.03089156433526799
0,0.36534550402589444
0,0.030403273978412304
0,0.036591330707767114
0,0.03559654732107873
0,0.04209963958650764
0,0.027551571603426465
0,0.027753059756530037
0,0.04147555050516196
0,0.032509269986800586
0,0.027286710186934595
0,0.027894732534766237
1,0.2737266563252159
0,0.3177505074074368
0,0.029424745541950154
0,0.031554345922755425
0,0.028032808493659325
1,0.26178873110678624
0,0.02962381777527398
0,0.027869092470541656
0,0.027771388212104675
0,0.03254104538650017
0,0.02986325837698956
0,0.01859083946616785
0,0.027777905146726345
0,0.04050208489095396
0,0.03569210509951699
0,0.0299109100051932
0,0.025992430086820967
0,0.027121591081738634
0,0.04626826098166835
0,0.029039146586790212
0,0.03206309724137215
0,0.03310466849804919
0,0.0329707811768011
0,0.03682969567877442
0,0.02745395559523588
0,0.0313020355076824
0,0.046470094431535616
0,0.038202983312726556
1,0.28620528871444384
0,0.03889351309047608
0,0.028446225139116908
0,0.03018117186327257
1,0.3019187272558791
0,0.03258883664479643
0,0.029210149402691375
0,0.026378201339395817
1,0.2736521534557572
0,0.02817355331305914
0,0.02979056087272355
0,0.026828182230843826
0,0.030632275241756383
0,0.02579672350031595
0,0.053608604634662785
1,0.23842694046366783
0,0.036471289478505454
0,0.0248749090514127
0,0.02746139823338175
0,0.02840135424522825
0,0.0345942424499483
0,0.026304640474290982
0,0.051292706707885945
0,0.02714018024185674
0,0.025507835691961727
0,0.028228126021466567
0,0.039264471196842045
0,0.026792783495254067
0,0.03028325606066118
0,0.026392528724137585
0,0.02972244926771015
0,0.02800519263041791
0,0.04924071729771667
0,0.03188645988645261
0,0.03358602309694732
0,0.02923638793166885
1,0.2701719561161755
0,0.030850455051394176
0,0.0007369642882553969
0,0.028739701606597026
0,0.044603875656814944
0,0.0384279350888158
0,0.03884072886829751
0,0.028532927596495464
0,0.03345648914718042
0,0.03598942986570728
0,0.02638814411127567
0,0.04045477473818781
0,0.03675480502109473
0,0.04574014933070496
0,0.03379272920183626
1,0.41034922913886107
0,0.03005037564374686
0,0.04267714379377387
0,0.028134601666778877
0,0.026142949508518136
0,0.012545493673002573
0,0.02732027095771561
1,0.19830835593196988
0,0.034621524653086
0,0.027021135433951203
0,0.025762604450995985
0,0.030774387879884565
0,0.029530959133556953
0,0.03046626605175901
0,0.01856772028367993
0,0.024723549216353672
1,0.26847320409854053
0,0.03018132233917843
0,0.03682962537598296
0,0.025307178370742943
0,0.03468417385603011
0,0.02995270058484152
1,0.2073758594335119
0,0.043986776948503725
1,0.17942571662722723
0,0.028019929029197872
0,0.03486996946318261
0,0.0374394356340392
1,0.2592012605745615
0,0.0252457497556284
0,0.027165983603547474
0,0.028380491158986457
0,0.033152005361177114
0,0.026664357463332625
0,0.027466282137044874
0,0.02875712222129402
0,0.026978391762750378
0,0.02853730617095195
0,0.04167779235505739
0,0.01185519287890569
0,0.026640211839711443
0,0.033016657164113464
0,0.03995071839047379
0,0.029014343154664442
0,0.030020895660665483
0,0.028437598697339143
0,0.034207610082402945
0,0.02799716038489707
1,0.19598908985992503
0,0.046480004915343265
0,0.030114577688184416
0,0.034393593266312895
0,0.22451106938743665
0,0.028691057083734733
0,0.027837951175747725
0,0.02565674774082024
0,0.040789821574501214
0,0.030676397207869587
0,0.025607049051078506
0,0.03016021832495242
0,0.026316773847955468
0,0.030531623740975348
0,0.03524476080004069
0,0.029258735433307596
0,0.030990345643338343
0,0.026641150408575544
0,0.046810872339368835
0,0.029843147774434524
0,0.029888794129205486
0,0.26516807765242073
0,0.040012895625619584
0,0.03108082683872088
0,0.03544271224889956
0,0.030132614000901177
0,0.0270574237372116
0,0.028055253816781773
0,0.027907477680193103
0,0.03007597167547464
0,0.034391970104701165
0,0.02691354854136962
0,0.7851783159048933
0,0.027755038036289672
0,0.05154387528452042
0,0.016509043022666234
0,0.038258094400180624
0,0.039677031035787576
0,0.02609811853248238
0,0.026475993053852776
0,0.029676326590761137
0,0.034085901249400155
0,0.030302838226221835
0,0.030271740370977955
0,0.03904502352704133
0,0.044828972898328996
0,0.05839109560145947
0,0.007460049067615482
0,0.035112292218789816
0,0.03434666226792835
0,0.030290525716461254
0,0.02718958619522117
0,0.03489817591740888
0,0.03343896539898284
0,0.028778903913604072
0,0.026501650388767596
0,0.011698460795959237
0,0.0483315309348797
0,0.031074056429858887
0,0.027078035366458503
1,0.35288247697817576
0,0.02836001660584859
0,0.032226780934241125
0,0.029977159578332233
0,0.030725548870311512
0,0.04697482321418706
0,0.029688479930897852
0,0.012989471059206338
0,0.03401791764021885
1,0.2676916791034992
0,0.02926790489202601
0,0.02612377093157596
0,0.02852584394855628
0,0.013548555698114946
0,0.03742087261023356
0,0.03275881397475978
0,0.029342702066799942
1,0.30554989322234916
0,0.26348776374473276
0,0.02885517505436903
0,0.02724924967017996
0,0.027744779810450933
0,0.035970088305643994
0,0.04444637600010259
0,0.3938021940373679
0,0.024409051632541694
0,0.02730065572976784
0,0.02491159383779832
0,0.0368289186550914
0,0.028559230325185904
0,0.028904568876818998
0,0.0335238300073728
0,0.1206676523276754
0,0.01878634686072224
0,0.03994319089090077
0,0.27753087232305734
0,0.02654045181470953
0,0.02943085551383637
0,0.027088077504168803
0,0.029310583610473707
0,0.03495941228362324
0,0.03018795577761099
0,0.03835782163433725
0,0.04212691551249615
0,0.03098982433217358
0,0.027964821673555084
0,0.028992590993460545
1,0.20149978675432612
0,0.029732266415292377
0,0.02754462409739956
0,0.02772066442283755
0,0.02705750376200401
0,0.03158345319678736
0,0.027258132225466587
0,0.037413487657735875
0,0.01919758414588567
0,0.043684895405472664
0,0.027806938751895854
0,0.027178730917351426
0,0.04283408959253666
0,0.017339805726764735
0,0.04405673097841288
0,0.03241772053197866
0,0.030824869893528624
0,0.03219988586307759
0,0.043111478685057644
0,0.026144685968814682
0,0.028728681477664594
0,0.033917665415355056
1,0.28590233011271654
0,0.028180736473454423
0,0.03688982058298146
0,0.02574224223518962
0,0.028291446938166088
0,0.03681273371870692
0,0.030855096873225015
0,0.025534593037438158
0,0.029522383456538112
0,0.02713634639174108
0,0.03979005883802047
0,0.04282146206819525
0,0.03186313261730852
0,0.02844383583397314
0,0.02508205177959586
0,0.02754528428476177
0,0.038967615599440494
0,0.00013926203265667464
0,0.0429651925729247
0,0.03464478067091929
0,0.027473583098789597
0,0.02928209506372238
0,0.02786047822488936
0,0.0351083768692883
0,0.02670071456097631
0,0.033623235131392704
0,0.027958925484588667
0,0.0263466508065222
0,0.026368904916047663
0,0.027430538644870047
0,0.01810191651922379
0,0.04150253445186481
0,0.02883945274356386
0,0.02967833736553836
0,0.04531521805844529
0,0.028423925948202283
0,0.024572708575483427
0,0.029219522196620194
0,0.02698873919172746
0,0.037377107175655434
0,0.027495672619407878
0,0.03342841380459011
1,0.20289388332169508
0,0.029353250081953986
0,0.03691140592658289
0,0.02492419402002021
0,0.036625881830401066
0,0.02852773033166664
0,0.02889684499543653
0,0.024098004420280997
0,0.035328026566559645
0,0.03279041007896542
1,0.3188256579715232
0,0.030681686830655166
0,0.03417103164855001
0,0.0269139762582704
0,0.05364544919899316
0,0.029484167732749315
0,0.03209759606864956
0,0.029155354730307784
0,0.02777237917647252
0,0.03207683694997723
0,0.030076132945084825
0,0.010340304481736014
0,1.0
0,0.03028213016138234
0,0.027020134293114596
0,0.027120018004130685
0,0.027111317550299788
0,0.04170729864943357
0,0.03175900090492816
0,0.04712653490199073
0,0.02742719796069577
0,0.026898364972307874
0,0.03008619591315082
0,0.02691201022007153
0,0.03633767696793157
0,0.028682045987546208
0,0.029914711254756754
0,0.028917363751845795
0,0.001002605325614361
0,0.02882982525405088
0,0.024806969939504566
0,0.04084885503726771
0,0.03348140067896803
0,0.06183396913327793
0,0.02815312343014687
0,0.027886916074330824
0,0.027561682938335733
0,0.027079890313631238
0,0.029945154558983444
0,0.04154553389284723
0,0.02918414923912892
0,0.04113420047983712
1,0.265618139460485
0,0.026817829327193954
0,0.034456506063325266
1,0.20577260985700016
1,0.2067740511136505
0,0.03555093054147025
0,0.02949047390866426
0,0.03011135629382276
0,0.029531205115704
0,0.045106829806149544
0,0.06454807291766684
0,0.029419329482170315
1,0.2569365826951721
0,0.02861223524090991
0,0.02663977946742851
0,0.02613138899408036
0,0.03438491416933253
1,0.2329710653668823
0,0.025736901268308524
0,0.04476136698479989
0,0.031037144715697424
0,0.03553045713400774
0,0.030585689175554803
0,0.04249983454229103
0,0.03903749651204766
0,0.05304992961154993
0,0.030077614839028773
0,3.1473705486946924e-06
0,0.03156540347370272
0,0.031516667111196904
0,0.026003802824855378
0,0.028523166549603924
0,0.028318568856299447
0,0.02986550506815919
0,0.028594911194995465
0,0.028693782585524845
0,0.029211259464585988
0,0.023979063170173474
1,0.23687242713430023
0,0.037670437125125945
0,0.030665921159748432
0,0.026400291211209074
0,0.04399073737431434
0,0.027516493016925957
0,0.02927192561025631
0,0.050165514463096916
0,0.02668663782676575
0,0.028899719940623316
0,0.024800034476491897
0,0.015678448070815802
0,0.027703141523561684
1,0.3240765109759024
0,0.027136288956840397
0,0.023591977116255526
0,0.029946332381303366
0,0.03261984079006106
0,0.03188097720696904
0,0.028003906834030385
1,0.0820475313230854
1,0.2660311416571732
0,0.027484989747915915
0,0.03787284910315694
1,0.2409054601777423
0,0.028712319587045815
0,0.02951338210654329
0,0.028773321705624164
0,0.02634612578834008
0,0.026205175018494044
0,0.026269795340960883
0,0.02672029810024355
0,0.02628169037507169
0,0.027556685119615464
0,0.02478535304591536
0,0.026071602981542537
0,0.034755431584580866
0,0.017306695379642033
0,0.026487586601871907
0,0.9254798648478365
0,0.02597550409269157
0,0.04120613345373425
0,0.03483585652828331
0,0.027705598031340626
0,0.029647578295670683
0,0.029143591841659135
0,0.047719791834403676
0,0.031527612246072756
0,0.029797439753793748
0,0.03435278230441322
0,0.030317394908167716
1,0.2591558721158562
0,0.028475885698117605
0,0.028086477418938414
0,0.026913038489800752
0,0.026856825423545488
0,0.03171282825533603
0,0.02596233344977733
0,0.0297689246218023
0,0.026274278429181275
0,0.027942494783930415
0,0.02868667512987152
0,0.02798636691725021
0,0.035828252468190325
0,0.032766223814449366
0,0.030206498682075617
0,0.029597933125349918
0,0.02555428844038329
1,0.26278202199478895
0,0.027379772656254228
0,0.03450554561525065
0,0.03241245612991811
0,0.027418842416770336
0,0.028503946735294047
1,0.396102615948192
0,0.02802022488102729
1,0.19155233847459538
0,0.028614367395901407
0,0.03703915464409727
0,0.029387483319110307
0,0.02700797089447447
0,0.04753142215054304
0,0.027391960434912068
0,0.029679945737143335
0,0.029383612739569194
0,0.02783488729316611
0,0.03187841648250755
0,0.04124102558563579
0,0.03244646497229041
0,0.031488493262718645
0,0.01895812568951821
0,0.043613068335685776
1,0.24040869850718116
0,0.02664401847863102
0,0.027067760608046932
0,0.053022520696150294
0,0.028948424955058536
0,0.027417710332344254
0,0.03152850266666482
0,0.03414159460330275
0,0.04444516091386791
0,0.030320891762841622
0,0.0245292370628167
1,0.18975001222690815
0,0.03046732771529213
0,0.014683551759312222
0,0.027067120965049422
0,0.015854450690757207
0,0.02739006248299954
0,0.054619230042288774
0,0.025309411043397727
0,0.03055844269759507
0,0.046953756082107036
0,0.02765918737653343
1,0.012123635910585497
1,0.2625290579932734
0,0.029163868764743424
0,0.02502146676175309
0,0.03311072508983862
0,0.0275739889524125
0,0.03759664842745804
0,0.028798219861204795
0,0.029304101957358105
0,0.028915994223496326
0,0.0282213765720311
0,0.027568967393333827
0,0.043045089066902076
0,0.030775823968327957
0,0.035053019446600296
0,0.025384087980221275
0,0.030627717643690242
0,0.0347929233117498
0,0.03986069705480624
0,0.026411786987149587
0,0.02749362504870426
0,0.02766464376654922
0,0.026288821519329358
0,0.029243566781075248
0,0.026126712949159605
0,0.037518166829246656
0,0.028887361944088436
0,0.02872986193534519
0,0.030688029161014846
0,0.03065968156817168
0,0.0274552001428642
0,0.027812904938011578
0,0.02911113390996325
0,0.012775204943509946
0,0.015887006207777155
0,0.042718551560955616
0,0.04304202502278933
0,0.029182147298884326
0,0.02909350505404237
0,0.02647417143451881
0,0.03577291585395182
0,0.03178199995196966
0,0.034120632650787346
0,0.035184030207520436
0,0.029663533845256204
0,0.04714470688226871
0,0.027339895524030725
0,0.03695217367708476
0,0.02836990500239691
0,0.01527740409239406
0,0.028000737205497964
0,0.028676985068107563
0,0.018634258626040096
0,0.04104170146294518
0,0.047228606959393425
0,0.0300001193333889
0,0.034914309286671406
0,0.02899398543667207
0,0.02859977342019071
0,0.026179231334817147
0,0.025317650140573404
0,0.03669599688736441
0,0.026805994530895334
0,0.033138611515846864
0,0.018581376231030906
0,0.019969393779169394
0,0.035050092207954756
0,0.02672742094722405
0,0.03255957392898247
0,0.026795654616695842
0,0.03485329593838849
0,0.028934877753297204
0,0.03134963439230107
0,0.036351623020406336
0,0.028881893065938326
0,0.9955361570471717
0,0.030076355072523552
0,0.036745732082509336
0,0.02954214692453126
0,0.034499819246757546
0,0.020133660606347456
0,0.03982429626396448
0,0.0332927322801961
0,0.031908563131078024
0,0.02869102323975629
0,0.02680436811980926
0,0.03809777634513839
0,0.02925177025143474
0,0.03020777857208857
0,0.02686564865035467
0,0.029266845872363754
1,0.26680160965735505
0,0.026193626117024398
0,0.02838158294093646
1,0.19667247381545133
0,0.028216507347940033
0,0.0318890009944137
0,0.03291859574659755
0,0.052234977005396636
0,0.027648518895614725
0,0.041357799317975064
0,0.044233819336376934
0,0.028606084001426547
0,0.026746487073542928
0,0.028878792084952476
0,0.029926164532406867
0,0.03912654848204851
0,0.02719477159238944
0,0.019113494121115307
0,0.04580392096884424
0,0.02556504798189266
0,0.043683112546527215
0,0.030393773565781896
0,0.05307490743207622
0,0.028893199754891515
0,0.02688312970011162
1,0.1924712742189393
0,0.03207108763445663
0,0.026744050432616604
1,0.28069647198671716
0,0.026171004590022844
1,0.32422756633704575
0,0.027504182841222698
0,0.025550238657120264
0,0.018013349894606928
1,0.2504062157748521
0,0.04165284547939697
0,0.04252180797115204
0,0.02902944392568323
0,0.028114178040181154
0,0.02836620806376175
0,0.02793817894917432
1,0.44198328545633403
0,0.028381527878318734
0,0.028038237377792135
0,0.026940617189904606
0,0.027571686811436524
0,0.027011832149161225
0,0.03020345107910884
0,0.029978440451046202
0,0.02542009129855278
0,0.02052024454406251
0,0.029070397353277842
0,0.0656144266098555
0,0.8818448361792431
0,0.027715588403758228
1,0.1873874833383241
0,0.029985468428847584
0,0.026641081628044284
0,0.035912516777178674
1,0.2061650675397136
0,0.037516444981824194
0,0.027802039907499403
0,0.017756497556555787
0,0.031158191634470905
0,0.0291626296652586
0,0.04142863882466769
0,0.05316019109635576
0,0.029373492578024123
0,0.03496405674734481
0,0.03102715285917628
0,0.027730617486553866
0,0.030002013467351717
0,0.026760984933301982
0,0.03131666023404148
1,0.24488211412476776
0,0.0434748176501099
0,0.03707125579844321
0,0.03361403306960638
0,0.03694283334166135
1,0.3466409722969302
1,0.20383224662454158
1,0.5671818694270376
0,0.025852571522421167
0,0.028712867303392137
0,0.025283281609400663
0,0.02982368408783997
0,0.03679215862032653
0,0.0381461441854438
0,0.03795130672136906
0,0.02830545126636406
0,0.0358375928308915
1,0.42307594060257364
0,0.024636202209780383
0,0.019111205660672124
1,0.2060213165824762
0,0.044166128379979755
0,0.0010377090085545997
0,0.02976171735786314
0,0.03760876115674237
0,0.029984197233389336
0,0.02687264590028537
0,0.034735609137969754
0,0.035519053383958235
0,0.028621961654871783
0,0.02858755356563416
0,0.027833412931547147
0,0.028207991844830964
0,0.028823202324408055
0,0.03396338402551569
0,0.034430353891384394
1,0.20654471578273723
0,0.02850004883037486
0,0.02648215550917023
0,0.03017836049638686
0,0.030321402611451817
0,0.02809892429917986
0,0.027870527689483338
0,0.028866469506024672
0,0.038363133821211995
0,0.03419585304085273
0,0.036553796466892205
0,0.03891755663515621
0,0.017351834666121266
0,0.02852947889559038
0,0.027554477015203797
0,0.03026353528073196
0,0.030219959362970058
0,0.031173739599079115
0,0.037789849340210735
0,0.04790551018421469
0,0.025361916066952185
0,0.050257624993998155
0,0.26179453668348346
0,0.027743083594149315
0,0.031695681118902766
0,0.03229277007930913
0,0.03269982634870459
0,0.04903983694054197
1,0.01202095445073129
0,0.02788234281372816
0,0.02532802460194558
0,0.04152023578240836
1,0.06422074671671753
0,0.010027247914640379
0,0.028704664255467176
0,0.02628096508551281
0,1.4354506786288767e-06
0,0.02779659262960982
1,0.20430124229291075
0,0.02793142643655591
1,0.23000756176259707
0,0.029018380673852425
0,0.027167591960812344
0,0.0016877353884764375
0,0.04081581833694719
0,0.02481265214138908
0,0.9999974221585027
1,0.2601571027338193
0,0.02823856839848609
1,0.2477789581147876
0,0.040995512588982326
0,0.026135372540673604
0,0.04935087835704529
0,0.018708181435177204
0,0.03251979906915102
0,0.026137428257578095
1,0.23338399610146984
0,0.027682603047737314
0,0.02277160741470508
0,0.028985303527398882
0,0.03498677481830955
0,0.030138329779596625
0,0.0370903886181129
0,0.03921150160280266
0,0.2646319182346494
0,0.04248481821176083
0,0.025029504712564807
1,0.2357786156570106
0,0.017094697601580854
0,0.02707074004685047
0,0.028584540356834845
0,0.04825174857667455
0,0.02870853945716421
0,0.029901483491194324
1,0.04385946290218123
0,0.03861287908154882
0,0.028377291655008262
0,0.03587694764597079
0,0.03652318244909805
0,0.013340648121177443
0,0.031134168161296046
0,0.0439631618272172
0,0.01652869638528069
0,0.020438890689935454
0,0.021349342221625312
0,0.026707360156938396
0,0.03072561366207894
0,0.028307998156314976
0,0.028512871324861876
0,0.03139207146867665
0,0.03447600230823098
0,0.025527477635920608
0,0.026737115992485835
0,0.024771020618582305
0,0.028791073969826275
0,0.02697547657210849
0,0.0344767959506811
0,0.025434418638537733
0,0.030830255987662713
0,0.027408128177399398
0,0.030068827099063545
0,0.03430753117081108
0,0.026607659283672206
0,0.030390289206351544
0,0.04128617448123726
0,0.026156405552089437
0,0.026777270473217235
0,0.03391829675437271
0,0.0320658351078647
0,0.03966942808563822
0,0.04570168153504884
0,0.03063124871833685
0,0.03811654384995423
0,0.9395144959239375
0,0.030296948192314713
0,0.028293022078960565
0,0.02524305103005089
0,0.05551799015963494
0,0.028582081025723738
0,0.026188208835585494
0,0.028758961221243454
0,0.028490054123507472
0,0.027926386554201436
0,0.02896357751698602
0,0.5918708326657167
1,0.20516114732432003
0,0.026524560706165767
1,0.33279181642654065
0,0.028906062528241242
0,0.0413336734116287
0,0.04139976112776976
0,0.034522448113248914
0,0.0196630450801473
0,0.03391173880326217
0,0.025047366413207973
1,0.31711733466784175
0,0.11080799406689205
0,0.02893166073113967
0,0.028635618676574118
0,8.948479486145327e-05
0,0.02975651607950492
0,0.04718785585403624
1,0.2416761816489827
0,0.029801490269644185
0,0.0248328635951802
1,0.22182126976666106
0,0.04142364466265846
0,0.013630589772480653
0,0.25743751872427134
0,0.025844425572077404
0,0.047911241322688314
0,0.027046629560540655
0,0.032375206445833915
0,0.037379442155746595
0,0.04303154795891124
0,0.028838571318018494
0,0.02842206844844321
0,0.029828227920516502
0,0.027321299340680304
0,0.028299545993686906
0,0.030083990963272474
0,0.03621535014753754
0,0.028604012895412905
0,0.02564744491934834
0,0.02854355874897803
0,0.027792199236874635
1,0.19280837911745222
0,2.4956374170480716e-06
0,0.00049624734496624
0,0.035122577315558734
0,0.9821409919233337
0,0.027825463411854257
0,0.02829943228487364
0,0.027992737015066986
0,0.021362862218034216
0,0.17869421786505374
0,0.05125131544412794
0,0.02226827298160646
0,0.03643477350432144
0,0.029821089514545
0,0.03584947721364503
0,0.033707300810220046
0,0.025719012240331678
0,0.033927016544684184
0,0.035310846609023186
0,0.03201218455372052
0,0.03055731924948304
0,0.01702158156493715
0,0.027682471091480757
0,0.03036438886150084
0,0.04056442169241975
0,0.037627779048659195
0,0.030053945167920745
0,0.030384661915857494
0,0.030334109914802485
0,0.030483340202617806
0,0.013819940966427387
0,0.026104434435482663
0,0.025623497586024467
0,0.02806313235623651
0,0.04970288481005047
0,0.027589678208205713
0,0.027946775036484746
0,0.0030587472547199167
0,0.028246015103243982
0,0.026339399117287672
0,0.027501829372411857
0,0.03453595598546514
0,0.029111115378859062
0,0.025392620324591088
0,0.028246399983937295
0,0.028664453559506173
0,0.02836002604993338
0,0.029619167078181904
0,0.029727497779912904
0,0.028041502914896984
0,0.032454316083295465
1,0.29991223158907804
0,0.03750717844244256
0,0.03150915776428159
0,0.03543186933645046
0,0.030601604095287473
0,0.026726079797835964
0,0.03378379367555796
0,0.023871178338364923
0,0.03076268113533978
0,0.032202116982705004
0,0.04102707507112559
0,0.028940039780969908
0,0.02672165911972509
0,0.027133073577685837
0,0.02940826165144036
1,0.38443150352535277
0,0.028560047238372896
0,0.031494780596165735
0,0.03532081810720049
1,0.07091353166431671
0,0.029811571917031283
1,0.2184085050660388
0,0.033238283085236846
1,0.29774385698589195
0,0.03630856040864979
0,0.04268233593286002
0,0.02850170868788571
0,0.03585551612711326
0,0.01779231938044411
0,0.03161522915956751
0,0.0311749394385696
0,0.02878329079039694
0,0.032353295977459146
0,0.029410797149791723
0,0.026685335048629157
0,0.028185497663841336
0,0.03675594140021032
0,0.03461901860505179
0,0.030991280892368415
0,0.029562171162129853
0,0.012171151063838051
0,0.027017505172437516
0,0.029288602922647813
0,0.02558100149023462
0,0.026351242234680338
0,0.02683267919024324
1,0.3291421395456715
0,0.029866671650744168
0,0.016674310012095583
0,0.02581784087202173
0,0.031488407828066244
0,0.02933489137507107
0,0.0262184457554564
0,0.025565601090505683
0,0.027077005678735017
0,0.026006120604652763
0,0.03131861853290099
0,0.03865915868906466
0,0.02977848412825651
0,0.029592103179833105
0,0.029281259814264063
0,0.05062075011956408
0,0.02393825035186185
0,0.035157978807546335
0,0.028723471643681896
0,0.04942037544937567
0,0.035593185577774994
0,0.030618246612628526
0,0.026480988442085206
0,0.031060900192317435
0,0.03075107730080554
0,0.02558745411703068
0,0.029872429222833688
0,0.030402874245200488
0,0.03439971295290684
0,0.02720530853605859
0,0.02978698506580313
1,0.275841409959529
0,0.0282342367812607
0,0.04001498486990497
0,0.018822207367800027
0,0.028677477755695752
0,0.04171109138265945
0,0.026028431161120733
0,0.028258461885882907
0,0.03568585168022367
0,0.026729945276424083
0,0.01581830992046252
0,0.033407805288408095
0,0.02739874623140581
0,0.030746058740838005
0,0.028616467396232585
0,0.021576140301367622
0,0.03483994902276595
0,0.03200154019619649
1,0.23469622398193615
1,0.20913264304604717
0,0.03738986951230892
0,0.027629708745921206
0,0.024840612931323808
1,0.10332131901388464
0,0.047756533754997645
0,0.01655794391823263
1,0.19375602980683918
1,0.23653574251315035
0,0.03442942257468782
0,0.03312842541711762
0,0.032953976125357574
0,0.030207818514931317
0,0.03117238004503005
0,0.033687663349493926
0,0.02707074828862757
0,0.0030323610722321763
0,0.0367442985443336
0,0.045164660230459
0,0.032926611778171556
0,0.028340083254545925
0,0.02834069711786291
1,0.05122103137017844
1,0.24074234815127674
0,0.030018336093141827
0,0.03221673754353012
0,0.02877490663935453
0,0.02694431964505237
0,0.029441606704486926
0,0.03888867178401798
0,0.02990379305581151
0,0.01612122038600559
0,0.02825019589198441
0,0.027993793631494547
0,0.029645167891893053
0,0.02884922195729434
1,0.4013963569683234
0,0.019854979193248724
0,0.025093168048968054
1,0.17767278167462855
0,0.02566266715923357
1,0.34207132136615176
0,0.027188556719515637
0,0.02823464153975951
0,0.028861942940978942
0,0.03185014952299011
0,0.03668312746601017
1,0.3147045855237995
0,0.031842211446205984
0,0.02586567895093472
0,0.017588291233297925
0,0.02690168671450286
0,0.029697301182749093
0,0.03197595345728087
0,0.027314328298492677
1,0.32291744946400514
0,0.02191884469446489
0,0.041789407414399286
0,0.031401226160709464
0,0.02998858791157109
1,0.20264232541645755
0,0.03424648537172894
0,0.027382057438440584
0,0.04215203275612491
0,0.014183476463348456
0,0.029727887186368134
0,0.027397542686513808
0,0.04065185503934991
0,0.03523990258980919
0,0.03463059709301608
0,0.026154271336794526
0,0.036719678356903505
0,0.027877077316979398
0,0.03355841164233482
0,0.028981871391759145
0,0.04490041811516413
0,0.014125594495272927
0,0.03983203708562644
0,0.03346144496126084
0,0.03508248033444759
0,0.19109037773206025
0,0.032215212759200716
0,0.042147518296127055
0,0.034658084918130334
0,0.027954242767030752
0,0.0322803667210725
0,0.044584524750003525
0,0.026287198558990907
0,0.028100924892236093
0,0.03171971634976222
0,0.03080998785598193
0,0.029419684338953502
0,0.02870595011633723
0,0.03614538804607264
0,0.03912716416739278
1,0.2223882442940054
0,0.003725414594196612
0,0.019069987925110353
0,0.027452495072339305
0,0.02622815714909006
0,0.028278658882370685
1,0.2633206084790152
0,0.03403509428897765
0,0.03108255769723921
0,0.0322363643336888
0,0.0514371331196033
0,0.25333480221140603
0,0.027681435516787485
0,0.0334771811379702
0,0.028262842947113946
0,0.027867161194982136
0,0.027797389157790925
0,0.029152999169380932
1,0.24610680000107404
1,0.1981806872940589
0,0.01718984342437769
0,0.04371310170057427
0,0.024753322563287126
0,0.026191245898195274
0,0.029997316505289626
0,0.0313141833726973
0,0.04156441623735275
0,0.036027948697868246
0,0.03383688180403629
0,0.04445560156279176
0,0.03697642163487877
0,0.013661133317978464
0,0.029161785486787335
0,0.032985192230475927
0,0.031440638658629595
1,0.2333176925398772
0,0.03333914740135949
0,0.033008481075153126
0,0.04403397324626456
0,0.03646468795352181
0,0.027912187964260416
0,0.00830280812256874
0,0.017011348344684547
0,0.030000705600565086
0,0.028740449072801846
0,0.027789750971168353
0,0.027730096609985246
0,0.03525235770145944
0,0.029618060403925475
0,0.031332842357177974
0,0.02988435713126785
0,0.04348875038374695
0,0.030897341855445255
0,0.3581416967544275
0,0.037469519464940204
0,0.03186752274999565
0,0.01630881868330671
0,0.028678261008897865
1,0.26616847312134817
0,0.029450099149233418
0,0.02881488487206877
0,0.02980556200236589
0,0.030696170123366152
0,0.0363380787542902
0,0.027110500044471752
0,0.02809353425207526
1,0.2555838920354714
0,0.03331410484061655
0,0.02437034031762385
0,0.05255779070406625
0,0.030365473410539943
0,0.05179865397465119
0,0.030191568622809146
0,0.0283367318541269
0,0.025722421105726225
0,0.04135046467582531
0,0.030991958853124012
0,0.028368498623769618
0,0.04359439854676589
0,0.04228019907661937
0,0.014846559603322592
0,0.026491115702274293
0,0.02749324535398093
0,0.02859265959342395
0,0.027016542353247314
0,0.025011571481805307
1,0.40724332945422204
0,0.03032010053351058
0,0.028647629581065516
0,0.027567045540756934
1,0.20511628467884535
0,0.02817997294358821
0,0.030092207164356143
0,0.026636807913729698
0,0.025579596758765408
0,0.029634789851258413
1,0.2596175736488177
0,0.028413952219709552
0,0.02400619396800379
0,0.030551486349613532
0,0.23365121977939843
0,0.032259253294635484
1,0.24060361848591552
0,0.007359775755576846
0,0.03627062972842202
0,0.02805916741907101
0,0.028039432112980472
0,0.03148621114386199
0,0.02855508368297149
0,0.03947900978738119
0,0.0168746722124851
0,0.0163807602063132
0,0.03369856564795884
0,0.025898420006276908
0,0.027396591322821212
0,0.03160573225627551
0,0.02846801007112588
0,0.02662750896862433
0,0.029414670776281435
0,0.0287843759468944
0,0.027597201382743314
0,0.028580820822241216
0,0.22113371592150016
0,0.02772945160400572
0,0.029361702947520912
0,0.033853839627012126
0,0.03238641454843425
1,0.2212184008567615
0,0.03784307920615168
1,0.2616012464582987
0,0.029835392999109183
0,0.0345555373344373
0,0.028982753711557924
0,0.22773729646547958
0,0.0439444567372274
0,0.025994471087691696
0,0.018501406395138274
0,0.030444172923139865
0,0.02965237995059605
0,0.027740425520376494
0,0.040154271063959086
0,0.027861219623978622
0,0.08665029436097875
1,0.19680208509512528
0,0.026306648838891458
0,0.04441122218339672
0,0.02903641320741988
0,0.025489757108103746
0,0.026850575071517824
0,0.03305285036420147
0,0.028344720786250607
0,0.02517841340451041
1,0.20226688672581267
1,0.2540243436397713
0,0.030555412789984752
0,0.028865721366053948
0,0.013402171344787115
0,0.03292064844157815
0,0.050690173269106714
0,0.028558551924134545
0,0.029437025041386206
0,0.009305277443938
0,0.05421112463413266
0,0.026777384641874184
0,0.038169258274003165
0,0.04023991362441975
1,0.2205779681954593
0,0.02626677323593098
1,0.34714780244791416
0,0.02594624335983092
0,0.02645072249789171
0,0.04267632557549403
0,0.029463207436244893
0,0.027373055299326706
0,0.026508010917444536
0,0.028840357150069395
0,0.03125006011333478
0,0.027437323390332478
0,0.03567421227942984
0,0.025877000332965194
0,0.02792268872114352
0,0.02770738756189045
0,0.0254148718976606
0,0.026265825396028144
0,0.08363925384842304
0,0.0291759481239784
0,0.03297099972547125
0,0.028443741122340764
0,0.02897437021006533
0,0.026171541593321
0,0.028566030082298407
0,0.026514846786137813
0,0.02708770364687635
0,0.03618722027107318
0,0.014499015897517184
0,0.028531485288162614
0,0.033846339595786916
0,0.029655978684905878
0,0.027515148081394766
0,0.03679729713260628
0,0.026567546801337237
0,0.029752730013614316
0,4.7471493314013405e-05
0,0.04401774752142593
0,0.027609646422455073
0,0.045413150842561735
0,0.030444909227977955
0,0.018079047085983242
0,0.026506499758508356
0,0.03300613107311123
0,0.031308492440347085
0,0.03543535697466084
0,0.00027348573161641016
0,0.04549164217342267
0,0.024948442987073334
0,0.026684920154259342
0,0.033880742786927154
0,0.018585095618808896
0,0.028441321961597547
0,0.02506088215461522
0,0.028337995559338226
0,0.02810258334059712
0,0.03074361403173833
0,0.028811914709343203
0,0.03387080662593751
0,0.03674153077587903
0,0.02939059476154627
0,0.030283398277796025
0,0.017837975458165827
0,0.027991418123432553
1,0.19307982399062237
0,0.02781446951007788
0,0.029101944728902124
0,0.038268578882926646
0,0.03698539649234544
0,0.02809364105448994
0,0.02882993873610614
0,0.028502521115683882
0,0.03767255633830301
0,0.052700427295107835
1,0.2538463780897839
1,0.1689467147359562
1,0.30932736731131416
0,0.04201750041301536
0,0.027470761614836435
0,0.028600969850936145
0,0.030382129371828617
0,0.011442979583514317
0,0.030292135151193757
0,0.02829037757055431
0,0.0262752115067664
0,0.06393057375802036
0,0.02863724267364271
0,0.02718674576979194
0,0.026428537513676496
0,0.030575913599105328
0,0.027112580015030644
0,0.02859498362988825
0,0.027964869672629396
0,0.025507964221401714
0,0.03184842189343711
1,0.294424339338692
0,0.025456736566064668
0,0.3152761788060004
0,0.02990849787498023
0,0.026714599757099698
0,0.02768780598035232
0,0.027297589577132377
0,0.032766369269768586
0,0.9724058783163201
0,0.02480992246400163
0,0.028081512448395553
0,0.014818472454400775
0,0.059702210363606796
0,0.029425433256671046
0,0.02650094533544381
0,0.025228021777928395
0,0.044478587328849684
0,0.03185953268533515
0,0.03625927696843414
0,0.02944260266159132
0,0.030417462971956168
0,0.026781256559893718
0,0.03367422549015981
0,0.043310276456156795
0,0.027870311291820347
0,0.04694636500685461
0,0.03068387791573413
0,0.02843353218016397
0,0.02710349838132958
0,0.025156115024434357
0,0.027347924064476958
0,0.02576609599601337
0,0.033671651800441404
0,0.03218037916372602
0,0.03568280073925462
0,0.02731071715022388
0,0.02806618080207269
0,0.014272874554404194
0,0.027983424572103108
0,0.0531481797718023
0,0.02967625235853951
0,0.0374727699083789
0,0.026609871555302863
0,0.03511924355585646
0,0.029237496634524372
0,0.0329984529582187
0,0.028102035533399315
0,0.026158207792225007
0,0.02619602536255315
0,0.5733137561582964
1,0.23328442840193586
0,0.0339318432454595
0,0.027056337933358703
0,0.02905745607411771
0,0.02910322343225052
0,0.024939551301892397
0,0.03270514904691647
0,0.036343021598062596
0,0.028803314046933134
0,0.034086574368087236
0,1.4810064670768044e-06
0,0.02814562999121079
0,0.031795679126110865
0,0.028952947921488916
0,0.027038384379432467
0,0.03167507973771155
1,0.26397604223937104
0,0.04194230646689554
0,0.02945453582236361
0,0.02885355994291074
0,0.029502329672448886
0,0.03217200147012807
0,0.02769684949395585
0,0.03286866708380913
0,0.026384753911597232
0,0.0265727413059317
0,0.04835046212169503
0,0.020933874149771065
0,0.026838320295937145
1,0.31785414606425805
0,0.0251012783971656
0,0.02740974967238453
0,0.02825003349224318
0,0.04070064256813819
0,0.02633554885029907
0,0.026584585447473833
0,0.03382116993152289
1,0.28160303308831774
0,0.03475387194098852
0,0.017191035731562408
0,0.028070857336472504
1,0.3186319849416832
0,0.040215469205729465
0,0.012715576890108722
0,0.03135581795736342
0,0.03537168638497387
0,0.03526895556624269
0,0.042769337902860395
0,0.028496456300819387
0,0.02195919901790033
0,0.018764420231324554
0,0.04489434519474932
0,0.026539122101190808
0,0.044014527137746964
0,0.03255413169185569
0,0.029332840373759064
1,0.1895286926913795
0,0.02877290279089509
0,0.23874400374094026
0,0.01643087485213112
0,0.029488920697444795
0,0.030594213523228362
0,0.02799051727364396
0,0.028766173483020182
0,0.040679758665937635
0,0.02591557810104707
0,0.03678731753749501
0,0.028528110265855614
0,0.028009039410321658
0,0.021009622309332704
0,0.03342772049365396
0,0.02921716836979434
0,0.035613962996280314
0,0.026504574978687995
0,0.027649573304834717
0,0.0340737456183474
0,0.02573597241717152
0,0.027618955667249413
1,0.19417099092207388
0,0.02564859297604384
0,0.029113321502982268
1,0.2021400230486701
0,0.03476420283694085
0,0.42174996944273885
0,0.027516268125541036
0,0.02535433715941545
0,0.025835925831093374
0,0.03195375344724088
0,0.040622325082152896
0,0.027982915498652536
0,0.036632048665047545
1,0.21158194874157643
0,0.028899703631060703
0,0.04178764543030592
0,0.02556874623560793
0,0.03896324920497677
0,0.023921643101072358
1,0.2872668881471022
0,0.032644963529152235
0,0.018004984569575208
0,0.02710715638068648
0,0.03753398555050982
0,0.027049005747612778
0,0.024262189005655074
0,0.027999497028550927
1,0.2661504747497201
0,0.030577319957769047
0,0.041179701073271485
0,0.03501141914860882
0,0.029483238206911802
0,0.030275158628002855
0,0.01478720702315991
0,0.02839744405797661
0,0.026855527807162098
0,0.025852463443710894
0,0.03955945084920583
0,0.026548154571504914
0,0.03577351928187617
0,0.026845193838464194
0,0.016004740286932825
0,0.028888953390742204
0,0.02857311679819275
0,0.03048179755250415
0,0.040477436998903646
0,0.029799095308582647
0,0.027544537084734377
0,0.02791575909323275
0,0.029206960156736857
1,0.2669510679103341
0,0.02914481961566442
0,0.027572723590791368
0,0.029725142535010244
0,0.039393902915158395
0,0.03688230351606944
0,0.05458576616546694
0,0.030134750108884403
0,0.03005722229895287
0,0.028385994451038333
0,0.03866440458744222
1,0.2355688423872958
0,0.030103624047211838
0,0.024996428107932633
0,0.02992883805118236
0,0.02655115001197727
0,0.02617884043249032
0,0.033917386614185495
0,0.028140274645397548
0,0.030949727178319193
0,0.029660461294081453
1,0.26637465984124187
0,0.03348681725635227
0,0.02957266865966678
1,0.19508738330925735
0,0.028976185583207636
0,0.03284503993809525
0,0.028260804971856207
0,0.043891978793034254
0,0.030359125032162818
0,0.01989122990586549
0,0.02845340493361187
0,0.02671223703119541
0,0.039489564167931986
0,0.02736220338827536
0,0.03978062048885924
0,0.03266861312833993
0,0.055955990613485655
0,0.05561795048184341
0,0.026847989441503704
0,0.02766899391652337
1,0.25574130627585834
0,0.016947930730488846
0,0.03166767873082761
0,0.0286196744309006
0,0.033415233644642606
0,0.02739958131765466
1,0.21208924475379232
0,0.038674721150305805
0,0.027731609850014678
0,0.03264503505553217
0,0.027440649763593856
0,0.0292956325451117
0,0.027968717757479094
0,0.0404998427373457
0,0.016370782970920063
0,0.03609616432769446
0,0.026940023436746015
0,0.026902626438936053
0,0.02716506132093901
0,0.0013156246766511826
0,0.012400843113010485
0,0.030152143617523483
0,0.03479665060549829
0,0.04726183042713237
0,0.04347392596640019
0,0.028270813700736162
0,0.046712801359864026
0,0.03430242092854876
1,0.24592782172245106
0,0.030857684075605064
0,0.02914246530195676
0,0.029819242663472544
0,0.025559443681501707
0,0.03029588264942662
0,0.027783086437170944
0,0.04307993757599135
0,0.03128976641411214
0,0.026024697655544438
0,0.027721390961783537
0,0.024639584886498755
0,0.041839514353806555
0,0.046818011052281214
0,0.029331220545904386
0,0.033838002262280925
0,0.03730085113016258
0,0.028669057538738503
0,0.03373611515108148
0,0.027871898380498222
0,0.0287319502008412
1,0.26389500815178474
0,0.03864765023503758
0,0.027535290518087913
0,0.038675716164693584
0,0.029045447418137756
0,0.032022004625897334
0,0.03725596032254011
0,0.0287111398288417
1,0.26344459799311243
0,0.026629504230701366
0,0.02640652999996229
0,0.027852394505614025
0,0.02645829609497853
0,0.02632776172028305
0,0.027791055398452554
0,0.035135449640313704
0,0.043540797963410406
0,0.02987591952427042
0,0.03157818132135558
0,3.351189969658934e-05
0,0.029249232818028992
0,0.02989629527390472
0,0.031043665296812812
0,0.030124363600279425
0,0.037212871470607596
0,0.026196263322197103
0,0.02703588817516368
1,0.24072456818326055
0,0.02845417277158749
0,0.02533847349293225
0,0.03357250688845194
0,0.030720555864397876
0,0.029240394299223166
0,0.03475072161673963
0,0.03439855624424354
0,0.02876363862631967
0,0.030125997570059272
0,0.02898299358627467
0,0.027745318440493015
0,0.030105093765669815
0,0.02173084587096668
0,0.027427656267713887
0,0.03639974775421413
0,0.030389919057066547
0,0.02692538461085937
0,0.030245247786211016
0,0.02866099274914274
0,0.027111265276373413
0,0.020937021314984053
0,0.02723942386956322
0,0.04018293709172497
0,0.02768796764708681
0,0.01680705855967819
0,0.016178953944869987
0,0.0307311374247273
0,0.01737739081755458
0,0.030158711131277764
0,0.027944777613991507
1,0.2243467737582498
0,0.024755614821080883
0,0.02736460037298722
0,0.02974994270761514
0,0.03036752985715097
0,0.025958854075640712
0,0.03519259401217744
0,0.02883335174456043
0,0.028049300111628952
0,0.031200207650856224
0,0.027392731402727837
0,0.018500176866352896
0,0.02909287032216301
0,0.02668201568234709
0,0.02680055513737919
0,0.03345876360630703
0,0.02768850400210172
1,0.2561704290521094
0,0.026199138010465386
0,0.03672986700435218
0,0.02723236142054316
0,0.04191579590861095
0,0.01780360589542862
1,0.22791809231790655
0,0.025368427977270996
0,0.02740198704435647
0,0.03300806252420437
0,0.026943590639302323
0,0.02579997872252047
0,0.030607893697093838
0,0.0316091986254112
1,0.03408686604048001
0,0.030234999145136793
0,0.029836652472621933
1,0.9104161733646666
0,0.030632288073509942
0,0.025323166206759302
0,0.01745109234599985
0,0.027464120872735677
0,0.03759400765796271
1,0.24891175716612052
0,0.04079959882615468
0,0.03177340625632547
0,0.02812893957543377
0,0.03765014806946686
0,0.02717177475313207
0,0.03320507621842807
0,0.027857574562672297
0,0.030681603072521144
0,0.03217523090615467
0,0.03133694874567291
0,0.02408454577855994
1,0.273976987467688
0,0.029225955265496286
0,0.052786537501793754
0,0.03029746696811829
1,0.10225637298991792
0,0.028949140406926848
0,0.03622179170550076
0,0.047274126832905064
0,0.029177692383377543
0,0.024149626171919604
0,0.0313780566810186
0,0.03006538883098541
0,0.030253070357904126
0,0.02985492580959368
0,0.032295525506106176
0,0.028839340268536708
0,0.029344020314592427
1,0.22844819566492675
0,0.029375046054076457
0,0.0487223780439731
0,0.03406004593348886
0,0.02643900349814579
0,0.0344155904285759
0,0.028393484652280067
0,0.0293355549890541
0,0.031373587790925396
1,0.18408901187371854
1,0.18135568299404986
0,0.027054257450689095
0,0.036022122693329314
0,0.02749995670106433
0,0.035820096047905196
0,0.02805766303118076
0,0.029227047730078358
0,0.02597998863780705
0,0.011652088263331533
0,0.027046830329616765
0,0.026754213063628778
0,0.027798280747988676
0,0.04961979867977211
1,0.23121875167190417
0,0.02754063456194258
0,0.028029066122326175
0,0.02737556588767899
0,0.028018630807172058
0,0.030398641778176538
0,0.04500667756471901
0,0.004898664988264286
0,0.02744372556603142
0,0.028664086798943254
0,0.02783383045467112
0,0.028442319661052772
0,0.030356617796676418
0,0.03713313279928668
1,0.32894717325806605
1,0.2634923905685489
0,0.027598972113394227
0,0.0158925370216373
0,0.031104311998704785
0,0.02874653182800081
0,0.026416333314525395
0,0.033822500248684856
0,0.037367920885988753
0,0.026763593853599454
0,0.03042119779850398
0,0.029141733411073813
0,0.03668990290999117
0,0.025174935807620785
0,0.026593527662164346
0,0.03402445034401705
0,0.02865287168467992
0,0.03108407906293985
0,0.01860313655286614
0,0.028791749813790048
0,0.038789177877259995
0,0.026560032358402173
1,0.061030191846832185
0,0.028294783305986934
0,0.018451925001879376
0,0.03489274001032032
0,0.030066086709486607
0,0.03238723828597638
0,0.045223065710548516
0,0.034242243292938755
0,0.035547426327868815
0,0.02888927486744074
0,0.02759283861036274
0,0.02551420662191024
0,0.028077862984180794
0,0.02958446640789736
0,0.02839365936295997
1,0.22982935777156063
0,0.05638437619086327
0,0.029785224231766598
0,0.025518077798112205
0,0.03756047278279947
0,0.041234415325384334
0,0.03145346115493663
0,0.029298994342965907
0,0.04029994584559239
0,0.0280774148646567
0,0.027534469766696094
0,0.015668546132347565
0,0.03227996407671813
0,0.05389700327824474
0,0.031150518505567024
0,0.026213927242812823
0,0.028412823029771488
0,0.025389306385924234
0,0.0293207315242179
0,0.9999960760404455
0,0.03295685966014108
1,0.2399944919131894
0,0.014848833392258889
0,0.025960495738069432
0,0.028387326048294362
0,0.026883788894841856
0,0.02803000755626446
0,0.030684825039659837
0,0.026282828302879598
0,0.03370265731415191
0,0.026748061191643618
0,0.04221268102617144
0,0.23986670730037174
0,0.026280121989478742
0,0.027760527273630604
0,0.0291724442937769
0,0.04915508751997932
0,0.030670570649670954
0,0.04043133376210515
1,0.2647541684110539
0,0.026438052296830553
0,6.708165812312367e-08
0,0.04354967530031334
0,0.040527447105070794
0,0.0256525480662484
0,0.024897267690721633
0,0.03227996826605637
0,0.027305623852802916
0,0.012984349020586124
0,0.06290630864168066
0,0.02697436776140481
0,0.028290773893563697
0,0.025798422218021456
0,0.02843703137648779
1,0.18764440264634152
0,0.028826366762553575
0,0.018767238715182558
0,0.03115015153655999
0,0.02823210187562313
0,0.02560158967958559
0,0.02730739896083125
0,0.0291540050577743
0,0.03952408767097579
0,0.027515565550840632
0,0.03197075289051679
0,0.028436133072328507
0,0.01954966520964992
0,0.027883130015387315
0,0.040132539869272836
0,0.02248067960917168
0,0.027518962154681744
0,0.03659942541870096
0,0.032005746099665125
0,0.02871642770679819
0,0.0357642273729562
1,0.23970931236595036
0,0.028215833991432432
0,0.013861523292636046
0,0.03300818856457567
0,0.014001361835237603
0,0.02844037535204636
0,0.027799899695512578
0,0.031725395585339614
1,0.23522477559075455
0,0.04672302654676955
0,0.029200853025939492
0,0.01736201689867345
0,0.036842782703203694
1,0.2843397481360372
0,0.026387767784327432
0,0.02589187845376186
0,0.027631130786261008
0,0.002336186179953408
1,0.17513270044137363
1,0.26750374126214865
0,0.027627499760095965
0,0.032101455356181245
1,0.1969979995185098
0,0.0640193589745907
0,0.03687759074896199
0,0.03266703848483719
0,0.027647065541472966
0,0.024807642428856073
0,0.02701157523766081
0,0.0335699310341496
0,0.03669941036139258
0,0.01568761017717263
0,0.20002071632114143
0,0.03232550434368202
0,0.027684098728389537
0,1.0
0,0.025896035264607428
0,0.027415713698852893
0,0.02742327423507662
0,0.0528706434534555
0,0.030795171482346985
0,0.02861119489802635
0,0.04400401480180759
0,0.028132623190475357
0,0.02666721442615936
0,0.03291037908900117
0,0.028034776904495542
0,0.026711974561685677
0,0.02104151913433746
0,0.03211341662615503
0,0.027028755158176786
0,0.030615270664489377
0,0.046621718169220554
0,0.028983842389199453
0,0.02721661086366311
0,0.02564597668621696
0,0.03127931115956598
1,0.18140933333135031
0,0.031325119017766426
0,0.018920126946261707
1,0.18118785549083521
0,0.02735646359011934
1,0.17110447177911706
0,0.02856311169175655
0,0.03358001895227337
0,0.019243013518045842
0,0.029712182470006367
0,0.049421495504255133
0,0.025877974707157386
0,0.03617861939722556
0,0.04019084587430253
0,0.025482000382716235
0,0.02704237140149506
0,0.05428238731038722
1,0.2846126079232001
0,0.030698683232163765
0,0.02896493372471187
0,0.026817070982732713
0,0.03310315988293546
0,0.025543676849433233
0,0.043590052223232624
0,0.03483393269492908
0,0.036710099460186475
0,0.016915127598353005
0,0.028593324294662277
0,0.02557037835502443
0,0.007990247093774935
0,0.9999999948641001
0,0.02893254868501186
0,0.03516700165201558
0,0.030816268190315046
0,0.033289923951639454
0,0.027020563069229918
0,0.028098259364580144
0,0.02842249433795386
0,0.02835874866253477
0,0.043278389172907265
0,0.030424929552659442
0,0.035380937009040964
0,0.027023098644388465
0,0.02826868593370501
0,0.026768401714547103
0,0.030682949876979674
0,0.027426770267190936
0,0.030744830701141666
0,0.014962911996284594
0,0.027416347440842318
0,0.02921628335481619
0,0.03347005330032793
0,0.04144362950316538
0,0.03337768953482201
0,0.027629079820015823
0,0.02880574015697862
1,0.4036028397106674
0,0.026014296148316365
0,0.025107009863885303
0,0.020878659187565998
0,0.05073555619295831
0,0.039865058896535764
0,0.027703552933723164
1,0.2572768928479879
0,0.04081589300949663
0,0.027199005765090614
0,0.026906012286135955
0,0.02868943386219382
0,0.04418180216712651
0,0.028639742261850232
1,0.26145709890390867
0,0.028230174380998625
0,0.0316831708902484
0,0.029779713288205865
1,0.17192222852488875
0,0.03247707413398867
0,0.028390077797088156
0,0.035559578825274614
0,0.04092349178846771
0,0.028017676352967695
0,0.03028875836630467
0,0.028648579153452876
0,0.029473091168344092
0,0.02700348139223097
0,0.10789252097915529
0,0.02715281108199641
0,0.02982990367666013
0,0.028564549763028226
0,0.028316360929922662
0,0.03632209825977094
0,0.024814936772101996
0,0.028453968864155046
0,0.029890241151971458
0,0.02589507000120165
0,0.02860318730915774
0,0.02112331878647911
0,0.027104323933621978
0,0.025259391418982573
0,0.007805959237645645
0,0.02784292493605673
0,0.030063690696566014
0,0.029312902760592348
0,0.027447614744352748
0,0.025582810814814807
0,0.03259771488934397
0,0.032977855262292924
0,0.03176388493607681
0,0.03669398265956161
0,0.05038347909033927
0,0.027710728479960887
0,0.017989419370642166
0,0.0265529659989516
0,0.03694626995627161
0,0.028087598895488945
0,0.027892256910267556
1,0.2702050062303149
0,0.026252976246090017
0,0.03793966127915267
0,0.02758462549393979
0,0.04595614136163255
0,0.02597984120215762
0,0.030034835325083446
0,0.02747747280505473
0,0.029178453642382248
1,0.23153629143628238
0,0.026813848445832174
0,0.029561201206773857
0,0.028309788981860155
0,0.04430318398330592
0,0.028002244712814987
1,0.27158097517646673
0,0.02894734385102992
0,0.02739002397745443
0,0.041327174100375175
0,0.030537670013507504
0,0.0266547251917501
0,0.02995675336764888
0,0.029138850710154002
0,0.03446330642469711
0,0.024102316547996768
0,0.019196470857863464
0,0.036396971510928314
0,0.025965480500120566
0,0.04572803770177653
0,0.02827338294717309
0,0.04947159775539764
0,0.4089027222354646
0,0.027015212166482932
0,0.029736892622687163
0,0.028607572621130443
0,0.027967728901067836
0,0.028850770031989076
0,0.026118369984047485
0,0.03003090208842792
0,0.03579108569304422
0,0.043814332855149636
0,0.03592659786030499
0,0.02929064075581432
0,0.03593572388554559
0,0.029293155402675804
0,0.027450778825670725
0,0.02792650062749539
0,0.02910353753762417
0,0.026249070095103275
0,0.026782229091042643
1,0.24037142091748662
0,0.031306691111659866
0,0.037611039385610584
0,0.026381453697470657
0,0.036781704169386864
0,0.0284669158861367
0,0.0055026527596783595
0,0.01548358773379471
0,0.023781434925449443
0,0.03257260756573575
1,0.07236287907818309
0,0.025858082618505557
0,0.04334701064851355
0,0.027593694638135064
0,0.02752661258467184
0,0.02934927095696369
0,0.02859798010701969
0,0.010686430495002066
0,0.03982449683242774
0,0.0273098142377443
1,0.26793714765316495
1,0.27894465822126846
0,0.03635680987303687
0,0.03027443504969535
0,0.027983812868249785
0,0.02920757617713209
0,0.04195512213629101
1,0.18151475831552055
0,0.028552204402662314
0,0.030191319492757475
0,0.0259309420743239
0,0.02801728516572489
0,0.028704602352751574
0,0.04220139467644859
0,0.028850365470709297
0,0.02707740216092307
0,0.02848069611775554
0,0.03047347215847408
0,0.030751267835632395
1,0.28936304713652056
0,0.01837182948398542
0,0.027258274464049707
0,0.02641480348081731
0,0.04750351734953513
0,0.03309317216996776
0,0.026125191097232544
0,0.026906276024315275
1,0.44417283759304865
0,0.03148100131451903
0,0.028199079468201268
0,0.02850110959351806
0,0.029194052400874512
0,0.013391129465918696
0,0.021349641108270683
0,0.04405753427930271
0,0.032115286919108636
0,0.042724070295282905
0,0.039097572487582874
0,0.1359473466731911
0,0.026407211538630453
0,0.0335825529957035
0,0.03138333835535094
0,0.02108812893097724
0,0.029428461770043043
0,0.030801766509960384
0,0.03076809225795178
0,0.031087400288607327
0,0.02727169910583783
0,0.026774989529260062
0,0.030564041552859824
0,0.017767353995765803
0,0.02992355742562052
0,0.026059200666537895
1,0.1977343722151014
0,0.028359679084474784
0,0.025234314000827558
0,0.026818208896150022
0,0.04130141792051509
0,0.03335857382049183
0,0.031534057310990224
0,0.03762272494356216
1,0.17608160376154952
0,0.03537105542191444
0,0.0479234887834355
0,0.3518394806361111
0,0.03023317901189967
0,0.02687570539169956
0,0.02754728330131556
0,0.028653188952844997
0,0.03532858010645576
0,0.016124208149916663
0,0.026535254212145254
0,0.02812685965203146
0,0.038197744428817376
0,0.029117088883238825
0,0.03112707417737293
1,0.3288619203343759
0,0.028718280599326206
0,0.03908086189816939
0,0.03945786621812664
0,0.031220446586378507
0,0.03382065963292196
0,0.03733477909096862
0,0.028489343498219494
0,0.018631546920738228
0,0.04984847866323178
0,0.026900775497049195
0,0.02881719057031094
1,0.31880328996486496
1,0.04216087049981171
0,0.030549789868979004
0,0.037625082761311955
0,0.05630292976666882
0,0.034060275370109035
0,0.030423679871118884
0,0.027652398609039414
0,0.02917002367335987
0,0.034893749144447275
0,0.030653441434935084
0,0.02939388167581331
0,0.03226830625355587
0,0.043741096006085695
0,0.4509811498182445
0,0.030559029819988637
0,0.028831854645642994
0,0.03103022715167235
0,0.02645482440126201
0,0.029261732069235324
0,0.018727256886111286
0,0.02840258579517453
0,0.041177938393439806
0,0.02889820318950385
0,0.026557890377261435
0,0.04590927077718069
0,0.028233988205096306
0,0.02773642752157444
0,0.0281744798751326
0,0.039047854903684315
0,0.027125842884750447
0,0.028444866151596398
0,0.025416707058816147
0,0.030439556676107298
0,0.03881561451461782
0,0.032937205452650345
0,0.018905916168678025
0,0.03386326689147281
0,0.02920970530488069
0,0.026763533304594512
0,0.029519515046480507
0,0.029378000491245188
0,0.028861706544308374
1,0.20160027289395577
1,0.18318182396545393
0,0.026717487916858327
0,0.0252298676167381
0,0.025038962741430113
0,0.03123309696200293
1,0.26317994281074325
1,0.2772104557617984
0,0.02647369060573264
0,0.026401387788854792
0,0.038849439113479906
0,0.027852792938321966
0,0.0159265052943752
0,0.02822010974337926
1,0.2068745691952087
0,0.030152596369779208
0,0.036390892918661884
0,0.02601182438413875
0,0.02706690513790592
0,0.037196474154060216
0,0.032232885396471116
0,0.024791047354264146
0,0.026682872092265535
0,0.03318108600016852
0,0.04036076566673529
0,0.03338867484593596
0,0.026485568833670422
0,0.0301082501100778
0,0.02811299161215056
0,0.032553278510645586
1,0.34981640219010574
0,0.03276011336564024
0,0.05206024085931397
0,0.04399649313107519
0,0.028837892738319413
1,0.21074398131710578
0,0.027177080158836884
0,0.030045256191761523
0,0.03097377657735462
0,0.028207703462830063
0,0.04922695799122228
0,0.029987459192060254
0,0.032519776565595335
0,0.0294698962472701
0,0.0267308632718017
0,0.03248371521325929
0,0.03342736228844272
0,0.05466741058556962
0,0.0267366301314543
0,0.027295469699837295
0,0.02866534890589191
0,0.028486874796780998
0,0.029746464952058484
1,0.16588499694818729
0,0.028008811420660886
0,0.03417069428319764
0,0.026854008287086104
0,0.02914433642663823
0,0.03326034873181356
0,0.036262847154474843
1,0.14739020193095373
0,0.02649015345446063
0,0.03426432657293787
0,0.02924440394895069
0,0.025829305721148155
0,0.02777753914341551
0,0.028382405194303968
1,0.2807962490768655
0,0.019480970484419262
0,0.029358549460096802
0,0.04278505080499937
0,0.03454575128606124
0,0.016608427931441697
0,0.03585569745388632
0,0.013155863190624211
1,0.24402383076580803
0,0.0346319062957324
0,0.020492019434938943
0,0.04849982161797391
0,0.017379963937776
0,0.02907568968246277
0,0.03606451847434979
0,0.015703708942658004
0,0.027623475347393543
1,0.3160346040783419
1,0.040158080121642806
0,0.04607201350110838
0,0.02931710566665092
0,0.03597166328999049
0,0.015494706160006522
0,0.03632126478027235
0,0.030003804501889126
0,0.028100263574304854
0,0.02997367427848527
1,0.19616380872633096
0,0.038175832253112746
1,0.32426141778911727
0,0.03626406784410652
0,0.02891446409164771
0,0.02900614321495906
0,0.03040382570646036
0,0.012862567257906115
1,0.0427274832810054
0,0.02679771964660811
0,0.029266048933243666
0,0.0415477412363332
0,0.027362764940181996
0,0.03481412317026301
0,0.02968789120803751
1,0.26911921490554214
0,0.03521369641166282
0,0.03910089684033764
0,0.028526986996371222
0,0.027666025063583934
0,0.04109366124659465
0,0.027531985712156787
0,0.019702332084756163
1,0.26852796865078155
1,0.26492986912779365
0,0.028936695750355554
0,0.02683431738923812
0,0.04681484052741729
0,0.035699749201636384
1,0.0738694355367008
0,0.028154143522485218
0,0.005222391941004384
0,0.025745011607264646
0,0.016352395676636326
0,0.028371087168564322
0,0.027707777355644597
0,0.026540011777844347
0,0.02701574015996831
0,0.028275395600005672
0,0.02771414527650984
0,0.02833699525829706
0,0.026322277346837997
0,0.029733262016284893
0,0.028924928046014448
0,0.04086849495575749
0,0.030773991422452344
0,0.054929679208646394
0,0.03817693531750328
0,0.013985847856719004
0,0.037729270378519086
0,0.03965802173906333
0,0.02553633872448718
0,0.028334125840036552
0,0.19489734097105102
0,0.02864374867700003
0,0.03964671839197387
0,0.019108479525310567
1,0.305177274679296
0,0.03845060486938311
1,0.39417829934435605
0,0.05242325204368364
0,0.046553900269694144
0,0.02675889704377441
0,0.02432722319060438
0,0.05005035460165894
0,0.032154326789097916
0,0.03128846835530624
0,0.028520899787764332
0,0.026761355957757894
0,0.03440388622605243
1,0.19720553542788377
1,0.5246460249418277
0,0.029844618110645295
0,0.030145540458191834
0,0.03613792147797103
0,0.04734743681320995
0,0.028420049775290543
0,0.014998339789229556
0,0.02675685548939117
0,0.02848199986577399
0,0.04742125330670992
0,0.030031750680747628
1,0.3774164073760371
0,0.021595257291944638
0,0.02724896706267917
1,0.18583523702363935
0,0.02835283875271493
0,0.027009732672207357
0,0.25351174137734767
0,0.03239658566985666
0,0.018861823246838515
0,0.029170919145167
0,0.03459369776384959
0,0.028714128585584038
0,0.035047524012148515
0,0.02627842786928948
0,0.028625558353312697
0,0.02838712589384683
0,0.02892910670288701
0,0.02418816194317838
0,0.020258996767976826
0,0.03433186820460843
0,0.025665029113356334
0,0.02774419617205171
0,0.030069183897688444
0,0.0411197129219749
0,0.008374440350779527
0,0.018969915597432826
0,0.028659977234668083
0,0.04017758111802946
0,0.029355853161873897
0,0.02689080984541887
0,0.0421774243724431
0,0.026202008823393404
0,0.026439397029071086
0,0.04607985718104943
1,0.18363788778896795
0,0.030063139952612276
0,0.013007603676862278
0,0.030238385854124798
0,0.016964351756720494
1,0.2705408700631489
0,0.030139752790271177
0,0.026152124008263448
0,0.03312383888908388
0,0.028132533966659625
0,0.0359355215196188
0,0.025310538847590283
0,0.02799530442510481
0,0.028586186783589405
0,0.025805454554634955
1,0.2699369882499988
0,0.02560869916794096
0,0.029853082969402464
0,0.03800516144673722
0,0.03176015150589444
0,0.029535520802732695
0,0.029360600081349032
0,0.2000951953928568
0,0.029118816880612464
0,0.02981389630120423
0,0.030008698500814182
0,0.0332468043777896
0,0.027800308876848485
0,0.03149562057479215
1,0.23325481330220074
0,0.029284301046612785
1,0.24159719045013725
0,0.030079848463783854
0,0.026556001258538835
0,0.024585905678127185
0,0.029362669103188875
0,0.029243562973896978
0,0.026193317864446522
0,0.025911818980133002
0,0.03268763330433992
0,0.029281920557362184
0,0.02769641049230344
0,0.025628075146798355
0,0.03647796442886367
0,0.03167940778256969
0,0.045034625603701674
0,0.029811743018128316
0,0.028878641641261953
0,0.039101388406244476
1,0.23238796951772164
0,0.03031077333376452
0,0.02897670464089421
0,0.01562701928371203
0,0.028901309538536948
0,0.025333984948347755
0,0.028032352952357543
0,0.026406605087138612
0,0.005798041748024308
0,0.027430657110468465
0,0.02923434678165648
0,0.029166752178571016
0,0.029486175264396283
0,0.03831942604097104
0,0.030314038610606883
0,0.026968084555698418
0,0.027405737019777974
0,0.02588001522401986
0,0.05646566663496879
0,0.03170023646726295
0,0.034199984247209984
0,0.03423877036974925
0,0.02901730249331633
0,0.03377172499601482
0,0.02445939437147626
0,0.02483481730865768
0,0.027317419243064883
0,0.02688809314835445
0,0.02929342149718738
0,0.027796954245823673
0,0.04745399394396492
1,0.28777583277015095
0,0.0345979770942845
0,0.03887333514458404
0,0.03412639408331372
0,0.04172585568854079
0,0.027722692673453272
0,0.04021405664199073
0,0.027489229587443577
0,0.06514820026433435
0,0.029448715803058776
0,0.029394304681484542
0,0.028798804176849425
0,0.028160787639728468
0,0.030526679336924187
0,0.0024442371030745183
1,0.22429848486155
0,0.027829720404959804
0,0.050826563965707575
0,0.027205336930130445
0,0.030903858993414347
0,0.038132445275341195
0,0.027201408962829524
1,0.9090332228153489
0,0.02789011076058265
0,0.029127529153425466
0,0.03171083330291316
0,0.02802604838197845
0,0.014767220433640616
0,0.027971479119287008
0,0.034324308509386704
0,0.031644340532380355
0,0.0327992430516
1,0.26952871558999675
0,0.08376847265862863
0,0.04568156531476214
0,0.028197097814219738
0,0.03533007927664555
0,0.02758534177341279
0,0.03558503620531334
0,0.036569282830832
0,0.027469512400892473
0,0.041326139484675076
0,0.029085790268454627
0,0.03280843768269149
0,0.02730772787276142
0,0.027447289366096396
0,0.03102920205606363
0,0.030431153645571328
0,0.04100687465423756
0,0.034561396424102546
0,0.02658394765606888
0,0.049159921897584155
0,0.037860462511081064
0,0.040464919410826895
0,0.028785309088257043
1,0.176640115832031
0,0.029976993190099378
0,0.028443984078881882
1,0.4638975251226633
0,0.02901989178744271
0,0.028053954817941096
0,0.028171751681288416
1,0.2572187647093565
0,0.027023630705743398
0,0.031497821530674194
0,0.03088794889823708
1,0.18754269953204708
0,0.030569306672098222
1,0.3753020216300823
0,0.02789793819361586
0,0.028961658982235447
0,0.028539413075940986
0,0.0296510517031251
0,0.017320235590157385
0,0.027591798697278413
0,0.05643526503317604
1,0.197052711416097
0,0.15794052215386994
0,0.02721512158588699
1,0.28263232648896874
0,0.018478119589931473
0,0.02432962164496243
0,0.03258304186267937
0,0.028548679466008385
0,0.02566888008520497
0,0.03017523540558073
0,0.029293892252933138
0,0.032263325845257686
0,0.027809862668308493
0,0.02703754941179748
0,0.03360364107187795
0,0.029635512321369285
1,0.9999999921303303
0,0.03258311043971888
1,0.9999528608673457
0,0.03571379870148178
0,0.0344417664748743
0,0.031021118927882913
0,0.026407916081414233
0,0.027769222131081107
0,5.031899773407857e-10
0,0.03525407269519883
0,0.027583613859912495
0,0.02574367248061063
0,0.030616745556960933
0,0.02072100735900844
0,0.027763622622836957
0,0.036322953664626435
0,0.04871394732256138
0,0.0428577122176268
0,0.033768352579119136
0,0.030557944314301536
0,0.017182686757720732
0,0.030153562030860347
0,0.028250665915487132
0,0.0251135999271226
0,0.03118936621373309
0,0.025793020291228406
0,0.02876964453593094
0,0.035910275687842
0,0.03366951027457624
0,0.02896735459966432
0,0.02782888588771371
0,0.01612141703220319
0,0.03810830657519756
1,0.17864544571844565
0,0.04564970850293313
0,0.03068359427158785
0,0.03835491078514143
0,0.03097098854583061
0,0.0273438274708816
0,0.039319356704565024
0,0.024952698200339848
0,0.03254433689489472
0,0.036727969078370185
0,0.02872621717967787
0,0.02902225077197149
0,0.027367398170798318
0,0.03464369625117595
0,0.029485416881140557
1,0.2293824489601163
0,0.03093129687359308
0,0.036819505763620836
0,0.0363757968189371
0,0.030482564684502136
0,0.02876974737888974
0,0.02621831792720547
0,0.029195737525312376
0,0.0366103892267913
0,0.02696690800600273
0,0.02558662971216524
0,0.007600193792153704
0,0.02962043569140753
0,0.027433895627744124
0,0.04363317093380776
0,0.02681691464969795
0,0.03203302519416751
0,0.02483812099133589
0,0.030138656887705315
0,0.0281900751178366
0,0.025557361349843852
0,0.3656921345692002
0,0.030283330232286163
0,0.036580216946254754
0,0.02840082545538348
0,0.03440485647929262
0,0.016379223676028936
0,0.028657276003413557
0,0.04060648571717727
1,0.30512055464024324
0,0.030007043371722743
0,0.036460150595513954
0,0.039162877487328614
0,0.02618706083423454
0,0.006567652310118186
0,0.025821163533895238
0,0.04063021329466138
0,0.03628276641729668
1,0.17321427337782078
0,0.013660041086302411
0,0.03688711426917398
0,0.028739368850860397
0,0.0373361758592891
0,0.028158060733316448
0,0.03621006623013117
0,0.027400636428706684
0,0.030769525839967293
0,0.028573138305762965
0,0.0329991757097874
0,0.029025501923752427
0,0.025786657762027855
0,0.029741889331985735
0,0.026989103503417017
0,0.025724430634239327
0,0.03025193286848483
1,0.3190819658140751
0,0.026564449376594825
0,0.03534220693156388
0,0.01735114359305124
0,0.0407733974849456
0,0.07050978237290337
0,0.040873457754478815
0,0.02751594554509479
0,0.026378324950957356
0,0.026968163150527174
0,0.02735015413672223
0,0.03976792935045629
0,0.04236196826612287
0,0.025330654917884804
0,0.03349981673045065
1,0.17810649839182427
0,0.02951169713035468
0,0.029522597349406196
0,0.027303869435945573
1,0.33830578513662757
0,0.045689714746557454
0,0.026605222209670754
0,0.030263568516622652
0,0.028166006463513922
0,0.030676673254971427
0,0.04802183714415426
0,0.029298431969026862
0,0.0393580416349621
0,0.03888927552330309
0,0.030551361890857102
0,0.03336098120713376
0,0.02791193607732933
0,0.029300956588732958
0,0.02827530225176163
0,0.03649798375671604
0,0.017438088911205626
0,0.028786415148736075
1,0.20213306332368217
0,0.02670548161282243
0,0.015081748811220902
0,0.02990235706811237
0,0.036407103275173325
0,0.04040524224980396
0,0.039575755577612
0,0.02647963589006602
0,0.026825184794743495
0,0.02651958848244687
0,0.032462078234299495
0,0.024298788971810405
0,0.04861898474295788
1,0.2721494748747802
0,0.028115084383437895
0,0.030690387360157525
0,0.014976791829123199
0,0.026590112567980155
0,0.03191879402886727
0,0.02665097736624451
0,0.029933842219810866
1,0.1870614667801238
0,0.014594622834448713
0,0.02955388628362691
0,0.02633876552042735
1,0.33736405251909085
0,0.027951257952429028
0,0.026782104415601596
0,0.028358859112662383
0,0.03033391706250073
1,0.1777007204133982
0,0.038779569647205324
0,0.029025393994289765
0,0.02861256325471814
1,0.30357764186604924
0,0.03598999751815197
0,0.02708936680051462
0,0.03708364103432078
0,0.02951816610347883
0,0.03773551399368803
0,0.04221679726182044
0,0.015245700778306222
0,0.03666320938890902
1,0.17461666688207997
0,0.04684652302781459
0,0.03054122147644283
0,0.02620370917635623
0,0.02420057226888919
0,0.03305648812805085
1,0.17220940180854247
0,0.02967975219596009
0,0.035445517216495685
0,0.025873910293000835
0,0.03110845901389347
0,0.025680573582611416
0,0.026181786585560286
0,0.027785786521500568
0,0.03611535638795099
0,0.02630909938316614
0,0.031170237547533276
0,0.017608332035791003
1,0.19784973467872474
1,0.26142510377243516
0,0.029246098238028935
0,1.2739728964306066e-05
0,0.027613102322767105
0,0.029972239804334742
0,0.05222481532776339
0,0.04549658064175057
0,0.028179726871700925
0,0.02521683412735994
0,0.030841019329382963
0,0.03521903062414061
0,0.9999993815542169
0,0.0274005546234269
0,0.028647339324859404
0,0.02587804194555268
1,0.20019166371097485
0,0.032558182016227274
0,0.03116529113229002
0,0.02968317646774978
0,0.027151487755645992
0,0.02852881501548319
0,0.014504595449304191
0,0.025771916510902868
0,0.02903391153961131
0,0.028433215214791748
0,0.02683867776825541
0,0.03930506238292595
0,0.029846072552772638
1,0.1903819899363114
0,0.029623587322517807
0,0.042291853212060034
0,0.025680787222614194
0,0.038477909351517015
0,0.03136924176568891
1,0.18204135591765414
0,0.0178111869749891
0,0.0342888472050547
0,0.03395063568694177
0,0.02981285282795004
0,0.041923398815225034
0,0.029947372157390323
0,0.018645196568877496
0,0.028229828958029907
0,0.025388116538772425
0,0.02575262308131181
1,0.2622545698809318
0,0.037339765484347504
0,0.03430776419008513
0,0.027892949433306568
0,0.03608324654120217
0,0.029257000652587063
0,0.03604951955988303
0,0.03681926901774765
0,0.03143531952460728
0,0.03961542844104532
1,0.25476459428093934
0,0.028009625619770377
0,0.030463503781722752
0,0.02863617036131675
0,0.02934956598775015
0,0.0303590535319413
0,0.026487476324854042
0,0.031252376196217374
0,0.02792130670634332
0,0.029257723077813474
0,0.01815520201541168
0,0.028174117161928316
0,0.03126799446703672
0,0.029154863779910653
0,0.03244821927736105
0,0.025692045105316884
0,0.028517562309571837
1,0.2363283868722919
0,0.02510574537434791
0,0.03333256360397251
0,0.029509899583823794
0,0.024454402114657305
0,0.046868745924669705
1,0.20276840287992423
0,0.0328406517571854
0,0.029489274662270692
0,0.018120733061684557
0,0.04271104483565231
0,0.032325475910571874
0,0.026907703999526623
0,0.025432009027667398
1,0.332809233520386
0,0.026965375320872897
0,0.02700794309225396
0,0.03177890864020083
0,0.03301667096065685
0,0.19522802184475652
0,0.02534601023435609
0,0.031969171113771296
0,0.033715938151306454
0,0.03650639404082785
0,0.027526916538704607
0,0.044624261171819606
0,0.030336782794684256
0,0.028487189043598683
1,0.234372966281417
1,0.23055756867139904
0,0.008052505967472113
0,0.02881385947977404
0,0.025516650309426653
0,0.03432814940845373
0,0.05388007043433492
0,0.02729837853835544
0,0.0326637976058389
0,0.008873112228826316
0,0.028979133179235186
0,0.017452567684641034
0,0.01575656182788643
0,0.037667934515915616
0,0.03186856129729614
0,0.020772785672764946
0,0.03839992513569445
0,0.027743445337989413
0,0.01522155123404609
0,0.026075425531968163
0,0.042468061785193176
1,0.2657106757300377
0,0.026472831126240503
0,0.3599333264148397
0,0.0312511906153141
0,0.02805466017884747
0,0.040374226917621145
0,0.025875029907408618
0,0.037798015606497856
0,0.02734199259963982
0,0.03831362771910811
0,0.037888424728118784
0,0.028054140908028446
0,0.0271359970634866
0,0.035404672218852115
0,0.02825703959457582
0,0.029301727536142238
1,0.3228589122035587
0,0.02693017973109789
0,0.04027421778387479
0,0.04960328492751692
0,0.03475717526601368
0,0.027584649875923854
1,0.22814229284038365
0,0.036810882394376285
0,0.027393212970564795
1,0.3570727954550419
0,0.027856527782815527
1,0.17487291675949904
0,0.03870190783559009
0,0.01827942686159689
0,0.027249314447143323
0,0.03143898697044784
0,0.02779393420615942
0,0.026446880570776272
0,0.027342950046679415
1,0.26627249701407124
0,0.02930951779385267
0,0.9999990357885311
1,0.18199155320686353
0,0.029126199270767886
0,0.029650481491920413
0,0.03147375001733135
0,0.03900503405073406
0,0.0309721222444506
0,0.21433091264943308
0,0.030267208497957315
0,0.027814304305281937
1,0.2670334466311341
1,0.20207108736708854
0,0.028316375689878326
1,0.20312421619074508
0,0.028653951239836807
0,0.026105125434162147
0,0.030632219490059988
0,0.1556145530952507
0,0.03283582072740296
0,0.026674283275342915
0,0.037758482155238395
0,0.027886849825115634
0,0.030307622259572474
0,0.029811908086335603
0,0.025998364889787434
0,0.02865223508498554
0,0.028492369239781025
0,0.02740599916337618
0,0.025417733210807706
1,0.20689682885966382
1,0.251731137158016
0,0.03241038499369573
0,0.028836498902418378
0,0.059762119888811874
0,0.029773086739341866
0,0.03641278293308903
0,0.02763955559154295
0,0.03592997856532227
0,0.024597483300099383
0,0.02989542359725566
1,0.2680258234870543
0,0.042526241820168995
0,0.04150240997049122
0,0.02580737598990555
0,0.029014761281503026
0,0.029608552537722575
0,0.02997203358519098
0,0.03942056777790153
0,0.027741358540998892
0,0.039736376549922
0,0.013873104150262472
0,0.028891918298349445
0,0.055565340421009045
0,0.031188061830326172
0,0.01909114844055088
0,0.026254452769895263
1,0.325802971040181
0,0.03089448910201187
0,0.027332938093705843
0,0.029639451069316976
0,0.3867503308759791
0,0.028731446209304103
1,0.18643766598038117
0,0.0444386809888585
0,0.03440178393622378
0,0.02854691323031051
0,0.029723469475487777
1,5.946948911321738e-11
0,0.018500782962072655
0,0.027954880906463263
0,0.031272802268012746
0,0.047129077721810485
0,0.018403150580292495
0,0.012277843108958944
1,0.3273211094629831
0,0.0289353416627891
0,0.02555788535002523
0,0.026569854298943717
0,0.02898138663018601
0,0.027108340057847572
0,0.01175147087898526
0,0.02647132844648686
0,0.02564924466850316
0,0.9999997476129505
0,0.028702746162379337
0,0.035186994023964316
0,0.02038662055184672
0,0.028021144516647216
0,0.056031794439807346
0,0.027138863415297237
0,0.05824635480896201
0,0.04092750347720601
0,0.033143499892880866
0,0.04119965922131264
0,0.03165056662635485
0,0.02874141785367621
1,0.26995430271629833
0,0.031084659803839346
0,0.03653721797960771
0,0.02374972562693731
0,0.030530128562417068
0,0.027387278310446808
0,0.028727868199230372
0,0.044384537981835226
0,0.031663931109708957
0,0.0334508499034732
0,0.031096992480102583
0,0.028214206232869042
0,0.03693864747047978
0,0.027335865472405067
0,0.0054898863534442715
0,0.03955115853902382
0,0.026928171934573666
1,0.23982545573122238
0,0.028705014070563053
0,0.026880550376600785
0,0.017733898814992006
0,0.034767223073301136
0,0.027227719626449237
0,0.02663144478765436
0,0.026608641121157104
0,0.046075445282191124
0,0.043494820366501714
0,0.026369881242676713
0,0.03333510554718041
0,0.019763291240176815
0,0.02794950251424352
0,0.025483547917311472
0,0.027446279842258118
0,0.03434732058351398
0,0.02963379573287439
0,0.03238570196642022
0,4.507620298703857e-10
0,0.07541388434279125
0,0.030887767802603952
0,0.029147826861994505
0,0.03547340836728944
0,0.028585012055520182
0,0.027689694690147624
1,0.18949604553239513
0,0.027734730997700498
0,0.029005502987725206
0,0.03131424371554682
1,0.24686769350700033
0,0.04574948486029647
0,0.04464928265208134
0,0.018567381400719132
0,0.028876280610736597
0,0.04653893611803969
0,0.02785165111559082
0,0.02805599374808175
0,0.02931257204823448
0,0.02653296945892696
0,0.02837014981120034
0,0.027919196804873765
0,0.031084438097805325
0,0.035927085075849755
0,0.02767293455864339
0,0.029843337171198123
0,0.024756659931937732
0,0.02901497622448203
0,0.043326796739789876
0,0.028633186993067408
1,0.3671450232750485
0,0.03290310418916394
0,0.029340618282901222
0,0.03204200475216404
0,0.04701461427875387
0,0.018610389741581506
0,0.0314764019457153
0,0.03744470722136108
0,0.03521383816122673
0,0.012154473538645471
0,0.02831205585170065
0,0.027717152877919086
0,0.015508823532901988
0,0.028160721574361995
0,0.02814340051469624
0,0.03533177251884265
0,0.029540814920733318
0,0.025804708345534978
0,0.027516723492574228
0,0.026872839568403802
0,0.03063391465104137
0,0.04114891986552311
0,0.03030478503150967
0,0.027413718994503816
0,0.0009471140472411543
0,0.030264825821353095
0,0.04175225135020769
0,0.02809607951173724
0,0.0323013323446256
0,0.029424487652948004
0,0.033364196122693514
0,0.015132895922824172
0,0.03112726202373281
0,0.025197256295353142
0,0.020626745359213886
0,0.028598045926141596
0,0.03215558630494354
0,0.026527079096344153
1,0.18582497451633023
0,0.043767590693462956
0,0.029112862828084833
0,0.029325771128185744
0,0.00858766952888373
1,0.23725966039480098
0,0.030014195413261224
0,0.03171617098784357
0,0.03991736359629251
0,0.02923754273443894
0,0.016965298071215305
0,0.03161766540950633
0,0.02905130445150124
0,0.030228741844391605
0,0.026856010706496725
0,0.030440573898672905
0,0.04717038601896436
0,0.03463748140313419
0,0.030048924148965185
0,0.01667498240389391
0,0.028428655409502384
0,0.03048015237724356
0,0.0299914207280638
0,0.0310375157737428
0,0.03191916284789481
0,0.026049971316947987
0,0.025985194656331305
0,0.025947492563275568
0,0.02786001773570189
0,0.027811044727550947
0,0.025398797240947093
0,0.027386301493871525
0,0.03399578351805584
0,0.0285688164270596
0,0.05375342189724751
0,0.028231428157780236
0,0.027998566728084366
0,0.03151448034460349
0,0.02924782562249879
0,0.026608948338551677
0,0.02763509982399063
0,0.015450505768731422
0,0.030303314188344508
0,0.026159950553404376
0,0.03742545026656181
0,0.03690280846331376
1,0.19774293895824674
0,0.02947250552133423
0,0.027969803472613148
0,0.027953684406633254
0,0.04391190375537223
0,0.029258946203899745
0,0.02708063429011414
0,0.028972972489859913
0,0.024380488007819473
0,0.035059499723217875
0,0.05497591280538282
0,0.019419284898321
0,0.026448307081362976
0,0.02951238681551254
0,0.02843539370057191
0,0.02904459350322836
0,0.02718040935409361
0,0.0444777159121079
0,0.03981012217287603
0,0.027709512825451494
0,0.031883235482131435
0,0.030917722766744028
0,0.03325329948443479
0,0.02644746854650512
1,0.2586664953344173
0,0.030034609587814082
0,0.027784565253217916
0,0.039200081243922505
0,0.029862032781900076
0,0.028811969748264384
1,0.09368095932579071
0,0.02838145843382186
0,0.03241635200707429
0,0.036706744042083024
0,0.02976007371202125
0,0.029706666157942416
0,0.027502655156624638
0,0.026334063304180703
0,0.029191355975706764
0,0.02678717422852552
0,0.01941421889653486
0,0.03238909317049558
0,0.03629491900209667
0,0.0268446866036957
0,0.048185834459160325
0,0.0272955337923257
1,0.20396684933145223
0,0.025919084935873065
0,0.029058379304870274
0,0.04840623262813873
0,0.03154638402038629
0,0.04001400949463142
0,0.025818208162176493
1,0.20353193181940213
0,0.04236514080532716
1,0.23368876846308495
0,0.026444451301146615
0,0.02699436836064983
0,0.026475568651357487
0,0.04878600110983938
0,0.025746483865231283
0,0.02738359270185281
0,0.03306153867870674
0,0.04268528783070363
0,0.031583021589235885
0,0.03464576943508992
0,0.027673486668948005
0,0.08512254933400767
0,0.028887854794361362
1,0.278268575639007
0,0.04143274819750856
0,0.03044273027310572
0,0.03000989869823105
1,0.20048850072745175
1,0.2519358432907979
0,0.0278627412270422
0,0.0301588911364014
0,0.02713901763856089
0,0.03541533098578073
0,0.029940683484967222
0,0.04894140853448942
0,0.0277296773845716
0,0.02077877351932557
