y_true,y_prob_base,y_prob_aug
0,0.013380353208955522,0.013963621598505267
0,0.013380353208955522,0.013963621598505267
0,0.0076060066214740565,0.009324303156037207
0,0.011588707257963422,0.009786720687341474
0,0.013380353208955522,0.013963621598505267
0,0.013380353208955522,0.013963621598505267
0,0.013380353208955522,0.013963621598505267
0,0.013380353208955522,0.013963621598505267
0,0.013380353208955522,0.013963621598505267
0,0.013380353208955522,0.013963621598505267
0,0.07554817555000279,0.07273042348307376
0,0.03728287662436008,0.037914921076106854
0,0.013380353208955522,0.013963621598505267
0,0.013380353208955522,0.013963621598505267
0,0.013380353208955522,0.013963621598505267
0,0.013380353208955522,0.013963621598505267
0,0.013380353208955522,0.013963621598505267
0,0.013380353208955522,0.013963621598505267
0,0.013380353208955522,0.013963621598505267
0,0.013380353208955522,0.013963621598505267
0,0.013380353208955522,0.013963621598505267
0,0.06631650793921437,0.07201287591974151
0,0.015635008327295183,0.054597999125505246
0,0.013380353208955522,0.013963621598505267
0,0.013380353208955522,0.013963621598505267
0,0.013380353208955522,0.013963621598505267
0,0.008097841925253873,0.02358681648162324
0,0.013380353208955522,0.013963621598505267
0,0.013380353208955522,0.013963621598505267
0,0.013380353208955522,0.013963621598505267
0,0.013380353208955522,0.013963621598505267
0,0.018510101062312108,0.01991054977738671
0,0.03728287662436008,0.037914921076106854
1,0.9900270865689677,0.990718171760401
0,0.013380353208955522,0.013963621598505267
0,0.013380353208955522,0.013963621598505267
0,0.013380353208955522,0.013963621598505267
0,0.013380353208955522,0.013963621598505267
0,0.1433836911758419,0.12682391489926076
0,0.013380353208955522,0.013963621598505267
0,0.013380353208955522,0.013963621598505267
0,0.07554817555000279,0.07273042348307376
0,0.013380353208955522,0.013963621598505267
0,0.013380353208955522,0.013963621598505267
0,0.03873310869260298,0.040050365546474384
0,0.013380353208955522,0.013963621598505267
0,0.016545968824263603,0.029631652477667227
0,0.013380353208955522,0.013963621598505267
0,0.012290755730711596,0.011920818637666843
0,0.013380353208955522,0.013963621598505267
0,0.013380353208955522,0.013963621598505267
0,0.03728287662436008,0.037914921076106854
0,0.013380353208955522,0.013963621598505267
0,0.013380353208955522,0.013963621598505267
0,0.013380353208955522,0.013963621598505267
0,0.013380353208955522,0.013963621598505267
0,0.013380353208955522,0.013963621598505267
0,0.017803028746173004,0.01882787811132649
0,0.013380353208955522,0.013963621598505267
1,0.988293474895606,0.9891062678572778
0,0.013380353208955522,0.013963621598505267
1,0.9983568848237082,0.997950079278069
0,0.013380353208955522,0.013963621598505267
0,0.013380353208955522,0.013963621598505267
0,0.0076060066214740565,0.009324303156037207
0,0.017803028746173004,0.01882787811132649
0,0.017803028746173004,0.01882787811132649
0,0.013380353208955522,0.013963621598505267
0,0.013380353208955522,0.013963621598505267
1,0.9985261564938184,0.9993373282775083
0,0.013380353208955522,0.013963621598505267
0,0.00641756783178709,0.006896781466784354
0,0.013380353208955522,0.013963621598505267
0,0.015872651061186946,0.03743591467554046
0,0.013380353208955522,0.013963621598505267
0,0.013380353208955522,0.013963621598505267
1,0.9863581871997545,0.9886765262925944
0,0.013380353208955522,0.013963621598505267
0,0.013380353208955522,0.013963621598505267
0,0.07554817555000279,0.07273042348307376
0,0.013380353208955522,0.013963621598505267
0,0.008902014435712731,0.00986414094801043
0,0.03728287662436008,0.037914921076106854
1,0.9976323045308433,0.9974597789470463
0,0.013380353208955522,0.013963621598505267
0,0.006483912303470062,0.013044255283853409
0,0.015939605778591884,0.013523601060379227
0,0.013380353208955522,0.013963621598505267
0,0.013380353208955522,0.013963621598505267
1,0.9863581871997545,0.9886765262925944
0,0.013380353208955522,0.013963621598505267
0,0.07554817555000279,0.07273042348307376
0,0.017803028746173004,0.01882787811132649
0,0.013380353208955522,0.013963621598505267
0,0.013380353208955522,0.013963621598505267
0,0.013380353208955522,0.013963621598505267
0,0.013380353208955522,0.013963621598505267
0,0.013380353208955522,0.013963621598505267
0,0.013380353208955522,0.013963621598505267
0,0.05381826318443013,0.051145854067730215
1,0.9925193989777981,0.9931334283787953
0,0.013380353208955522,0.013963621598505267
0,0.013380353208955522,0.013963621598505267
0,0.07554817555000279,0.07273042348307376
0,0.013380353208955522,0.013963621598505267
0,0.013380353208955522,0.013963621598505267
1,0.985573579994853,0.98664565903306
0,0.0614491968416044,0.05092907916489487
0,0.015939605778591884,0.013523601060379227
0,0.010855506951491393,0.011392045773605045
0,0.013380353208955522,0.013963621598505267
0,0.013380353208955522,0.013963621598505267
0,0.015939605778591884,0.013523601060379227
0,0.013380353208955522,0.013963621598505267
0,0.03873310869260298,0.040050365546474384
0,0.013380353208955522,0.013963621598505267
0,0.013380353208955522,0.013963621598505267
0,0.028159707171295418,0.028261489475335425
0,0.013380353208955522,0.013963621598505267
0,0.013380353208955522,0.013963621598505267
0,0.9757325512440445,0.9780345060580027
0,0.013380353208955522,0.013963621598505267
0,0.013380353208955522,0.013963621598505267
0,0.013380353208955522,0.013963621598505267
0,0.07554817555000279,0.07273042348307376
0,0.013380353208955522,0.013963621598505267
1,0.013380353208955522,0.013963621598505267
0,0.028159707171295418,0.028261489475335425
0,0.013380353208955522,0.013963621598505267
0,0.013380353208955522,0.013963621598505267
0,0.013380353208955522,0.013963621598505267
0,0.013380353208955522,0.013963621598505267
0,0.0259315908674821,0.025575186601986825
1,0.9859002889777229,0.9860909311993099
0,0.013380353208955522,0.013963621598505267
0,0.013380353208955522,0.013963621598505267
0,0.013380353208955522,0.013963621598505267
0,0.013380353208955522,0.013963621598505267
0,0.013380353208955522,0.013963621598505267
0,0.013380353208955522,0.013963621598505267
0,0.03728287662436008,0.037914921076106854
0,0.03728287662436008,0.037914921076106854
0,0.013380353208955522,0.013963621598505267
0,0.013380353208955522,0.013963621598505267
0,0.013380353208955522,0.013963621598505267
0,0.013380353208955522,0.013963621598505267
0,0.03728287662436008,0.037914921076106854
0,0.017803028746173004,0.01882787811132649
0,0.03873310869260298,0.040050365546474384
0,0.013380353208955522,0.013963621598505267
0,0.013380353208955522,0.013963621598505267
0,0.013380353208955522,0.013963621598505267
0,0.013380353208955522,0.013963621598505267
0,0.013380353208955522,0.013963621598505267
0,0.010660452696828665,0.013137175946607708
1,0.9866719994395371,0.9850615071313441
0,0.007161264344558299,0.014283531399389872
0,0.013380353208955522,0.013963621598505267
0,0.013380353208955522,0.013963621598505267
1,0.9965911902824677,0.996644065105104
1,0.9977100820874614,0.9979364103099526
1,0.9859002889777229,0.9860909311993099
0,0.017803028746173004,0.01882787811132649
1,0.983196292613706,0.9861202122152033
0,0.013380353208955522,0.013963621598505267
0,0.013380353208955522,0.013963621598505267
0,0.013380353208955522,0.013963621598505267
0,0.013380353208955522,0.013963621598505267
0,0.013380353208955522,0.013963621598505267
1,0.9900270865689677,0.990718171760401
0,0.013380353208955522,0.013963621598505267
0,0.013380353208955522,0.013963621598505267
0,0.013380353208955522,0.013963621598505267
0,0.013380353208955522,0.013963621598505267
0,0.020108614858781064,0.025362035275601144
0,0.013380353208955522,0.013963621598505267
0,0.07554817555000279,0.07273042348307376
0,0.013380353208955522,0.013963621598505267
0,0.013380353208955522,0.013963621598505267
1,0.9980820212932497,0.9978684611166789
0,0.010118804772906461,0.016975411430886655
0,0.013380353208955522,0.013963621598505267
0,0.013380353208955522,0.013963621598505267
0,0.013380353208955522,0.013963621598505267
0,0.013380353208955522,0.013963621598505267
0,0.013380353208955522,0.013963621598505267
0,0.013380353208955522,0.013963621598505267
0,0.011588707257963422,0.009786720687341474
0,0.0076060066214740565,0.009324303156037207
0,0.013380353208955522,0.013963621598505267
0,0.011225951045353953,0.02356829340591677
0,0.013380353208955522,0.013963621598505267
0,0.07554817555000279,0.07273042348307376
0,0.013380353208955522,0.013963621598505267
0,0.013380353208955522,0.013963621598505267
0,0.013380353208955522,0.013963621598505267
0,0.015428441696496493,0.013215446320193973
0,0.013380353208955522,0.013963621598505267
0,0.013380353208955522,0.013963621598505267
0,0.013380353208955522,0.013963621598505267
1,0.9820379430513937,0.9907113832842288
1,0.998038143065762,0.9980154318222443
0,0.017803028746173004,0.01882787811132649
0,0.0076060066214740565,0.009324303156037207
1,0.9991159408507527,0.9990453318692162
0,0.013380353208955522,0.013963621598505267
0,0.07554817555000279,0.07273042348307376
0,0.013380353208955522,0.013963621598505267
0,0.013380353208955522,0.013963621598505267
0,0.017803028746173004,0.01882787811132649
0,0.017803028746173004,0.01882787811132649
0,0.013380353208955522,0.013963621598505267
0,0.00641756783178709,0.006896781466784354
0,0.07554817555000279,0.07273042348307376
0,0.013380353208955522,0.013963621598505267
0,0.05381826318443013,0.051145854067730215
0,0.14010747779367086,0.12516904618870692
0,0.013380353208955522,0.013963621598505267
0,0.013380353208955522,0.013963621598505267
0,0.03728287662436008,0.037914921076106854
0,0.013380353208955522,0.013963621598505267
0,0.013380353208955522,0.013963621598505267
0,0.013380353208955522,0.013963621598505267
0,0.07554817555000279,0.07273042348307376
0,0.00641756783178709,0.006896781466784354
1,0.983196292613706,0.9861202122152033
0,0.03728287662436008,0.037914921076106854
0,0.013380353208955522,0.013963621598505267
0,0.013380353208955522,0.013963621598505267
0,0.03873310869260298,0.040050365546474384
0,0.013380353208955522,0.013963621598505267
0,0.017803028746173004,0.01882787811132649
0,0.017803028746173004,0.01882787811132649
0,0.013380353208955522,0.013963621598505267
1,0.9859002889777229,0.9860909311993099
0,0.013380353208955522,0.013963621598505267
0,0.013380353208955522,0.013963621598505267
0,0.015939605778591884,0.013523601060379227
0,0.013380353208955522,0.013963621598505267
0,0.013380353208955522,0.013963621598505267
0,0.03873310869260298,0.040050365546474384
0,0.017803028746173004,0.01882787811132649
0,0.07554817555000279,0.07273042348307376
0,0.996029058128508,0.996275565727829
0,0.013380353208955522,0.013963621598505267
0,0.013380353208955522,0.013963621598505267
0,0.015428441696496493,0.013215446320193973
0,0.08892648446874814,0.07057108625479315
0,0.013380353208955522,0.013963621598505267
0,0.013380353208955522,0.013963621598505267
1,0.9944590374465092,0.9972079353892787
0,0.01649019801366004,0.029576620300006167
0,0.05198575980269021,0.045954316937033175
0,0.013380353208955522,0.013963621598505267
0,0.013380353208955522,0.013963621598505267
0,0.013380353208955522,0.013963621598505267
0,0.013380353208955522,0.013963621598505267
0,0.013380353208955522,0.013963621598505267
0,0.13307033375532765,0.12156761948403365
0,0.03728287662436008,0.037914921076106854
0,0.013380353208955522,0.013963621598505267
0,0.013380353208955522,0.013963621598505267
0,0.013380353208955522,0.013963621598505267
0,0.013380353208955522,0.013963621598505267
0,0.013380353208955522,0.013963621598505267
0,0.013380353208955522,0.013963621598505267
0,0.011588707257963422,0.009786720687341474
0,0.013380353208955522,0.013963621598505267
0,0.013380353208955522,0.013963621598505267
0,0.01057462656955043,0.01739499487397002
0,0.07554817555000279,0.07273042348307376
0,0.017803028746173004,0.01882787811132649
0,0.013380353208955522,0.013963621598505267
0,0.013380353208955522,0.013963621598505267
0,0.013380353208955522,0.013963621598505267
0,0.017803028746173004,0.01882787811132649
0,0.013380353208955522,0.013963621598505267
0,0.013380353208955522,0.013963621598505267
0,0.013380353208955522,0.013963621598505267
0,0.013380353208955522,0.013963621598505267
0,0.013380353208955522,0.013963621598505267
0,0.013380353208955522,0.013963621598505267
0,0.013380353208955522,0.013963621598505267
0,0.013380353208955522,0.013963621598505267
0,0.022497641472786333,0.01798831346003344
0,0.013380353208955522,0.013963621598505267
0,0.013380353208955522,0.013963621598505267
0,0.013380353208955522,0.013963621598505267
0,0.013380353208955522,0.013963621598505267
0,0.013380353208955522,0.013963621598505267
0,0.016559919388839623,0.02964540523924307
0,0.013380353208955522,0.013963621598505267
1,0.9900270865689677,0.990718171760401
0,0.00641756783178709,0.006896781466784354
0,0.017803028746173004,0.01882787811132649
0,0.013380353208955522,0.013963621598505267
1,0.9846118584751069,0.9862242087062209
0,0.013380353208955522,0.013963621598505267
0,0.013380353208955522,0.013963621598505267
0,0.013380353208955522,0.013963621598505267
0,0.013380353208955522,0.013963621598505267
0,0.013380353208955522,0.013963621598505267
0,0.013380353208955522,0.013963621598505267
0,0.013380353208955522,0.013963621598505267
0,0.013380353208955522,0.013963621598505267
0,0.013380353208955522,0.013963621598505267
0,0.03873310869260298,0.040050365546474384
0,0.013380353208955522,0.013963621598505267
0,0.013380353208955522,0.013963621598505267
0,0.013380353208955522,0.013963621598505267
0,0.013380353208955522,0.013963621598505267
0,0.009600456621941287,0.008425936452466115
0,0.013380353208955522,0.013963621598505267
0,0.013380353208955522,0.013963621598505267
0,0.013380353208955522,0.013963621598505267
0,0.013380353208955522,0.013963621598505267
0,0.013380353208955522,0.013963621598505267
0,0.00641756783178709,0.006896781466784354
0,0.013380353208955522,0.013963621598505267
0,0.013380353208955522,0.013963621598505267
0,0.013380353208955522,0.013963621598505267
0,0.013380353208955522,0.013963621598505267
0,0.013380353208955522,0.013963621598505267
0,0.013380353208955522,0.013963621598505267
0,0.013380353208955522,0.013963621598505267
0,0.013380353208955522,0.013963621598505267
0,0.013380353208955522,0.013963621598505267
0,0.013380353208955522,0.013963621598505267
0,0.013380353208955522,0.013963621598505267
0,0.013380353208955522,0.013963621598505267
0,0.013380353208955522,0.013963621598505267
0,0.013380353208955522,0.013963621598505267
0,0.013380353208955522,0.013963621598505267
0,0.013380353208955522,0.013963621598505267
0,0.013380353208955522,0.013963621598505267
0,0.013380353208955522,0.013963621598505267
1,0.9835816294331023,0.9817041920237872
0,0.013380353208955522,0.013963621598505267
1,0.9949308509275717,0.9945593308350235
0,0.013380353208955522,0.013963621598505267
0,0.013380353208955522,0.013963621598505267
0,0.013380353208955522,0.013963621598505267
0,0.013380353208955522,0.013963621598505267
1,0.983196292613706,0.9861202122152033
0,0.010855506951491393,0.011392045773605045
0,0.013380353208955522,0.013963621598505267
0,0.005160111020605343,0.010000145247666452
0,0.013380353208955522,0.013963621598505267
0,0.013380353208955522,0.013963621598505267
0,0.013380353208955522,0.013963621598505267
0,0.013380353208955522,0.013963621598505267
0,0.013380353208955522,0.013963621598505267
0,0.013380353208955522,0.013963621598505267
0,0.013380353208955522,0.013963621598505267
0,0.013380353208955522,0.013963621598505267
0,0.013380353208955522,0.013963621598505267
0,0.013380353208955522,0.013963621598505267
0,0.013380353208955522,0.013963621598505267
0,0.05198575980269021,0.045954316937033175
0,0.013380353208955522,0.013963621598505267
1,0.9846118584751069,0.9862242087062209
1,0.983196292613706,0.9861202122152033
0,0.013380353208955522,0.013963621598505267
0,0.013380353208955522,0.013963621598505267
0,0.00641756783178709,0.006896781466784354
0,0.07554817555000279,0.07273042348307376
0,0.013380353208955522,0.013963621598505267
1,0.9866719994395371,0.9850615071313441
0,0.03728287662436008,0.037914921076106854
1,0.9980441224918843,0.9971155375137234
1,0.9983568848237082,0.997950079278069
0,0.013380353208955522,0.013963621598505267
0,0.013380353208955522,0.013963621598505267
0,0.013380353208955522,0.013963621598505267
0,0.05198575980269021,0.045954316937033175
0,0.013380353208955522,0.013963621598505267
0,0.013380353208955522,0.013963621598505267
0,0.013380353208955522,0.013963621598505267
0,0.010164290075589544,0.017017653365756717
0,0.013380353208955522,0.013963621598505267
0,0.018510101062312108,0.01991054977738671
0,0.013380353208955522,0.013963621598505267
0,0.018510101062312108,0.01991054977738671
0,0.013380353208955522,0.013963621598505267
0,0.013380353208955522,0.013963621598505267
0,0.013380353208955522,0.013963621598505267
0,0.013380353208955522,0.013963621598505267
0,0.013380353208955522,0.013963621598505267
0,0.013380353208955522,0.013963621598505267
1,0.9883288071935492,0.9842303828113439
0,0.013380353208955522,0.013963621598505267
0,0.013380353208955522,0.013963621598505267
0,0.013380353208955522,0.013963621598505267
0,0.013380353208955522,0.013963621598505267
0,0.013380353208955522,0.013963621598505267
0,0.013380353208955522,0.013963621598505267
1,0.9900270865689677,0.990718171760401
1,0.988293474895606,0.9891062678572778
0,0.05381826318443013,0.051145854067730215
0,0.013380353208955522,0.013963621598505267
1,0.9846118584751069,0.9862242087062209
0,0.013380353208955522,0.013963621598505267
0,0.013380353208955522,0.013963621598505267
0,0.013380353208955522,0.013963621598505267
0,0.013380353208955522,0.013963621598505267
1,0.9863581871997545,0.9886765262925944
0,0.013380353208955522,0.013963621598505267
0,0.013380353208955522,0.013963621598505267
0,0.013380353208955522,0.013963621598505267
0,0.017803028746173004,0.01882787811132649
0,0.013380353208955522,0.013963621598505267
0,0.013380353208955522,0.013963621598505267
0,0.013380353208955522,0.013963621598505267
0,0.013380353208955522,0.013963621598505267
0,0.013380353208955522,0.013963621598505267
0,0.03728287662436008,0.037914921076106854
0,0.0076060066214740565,0.009324303156037207
0,0.03032312138508404,0.025746094740712114
0,0.013380353208955522,0.013963621598505267
0,0.013380353208955522,0.013963621598505267
0,0.08892648446874814,0.07057108625479315
0,0.013380353208955522,0.013963621598505267
0,0.03728287662436008,0.037914921076106854
0,0.015939605778591884,0.013523601060379227
0,0.013380353208955522,0.013963621598505267
0,0.009600456621941287,0.008425936452466115
0,0.010120458284373465,0.016976948516194617
1,0.9863581871997545,0.9886765262925944
0,0.013380353208955522,0.013963621598505267
0,0.07554817555000279,0.07273042348307376
1,0.988293474895606,0.9891062678572778
0,0.9866719994395371,0.9850615071313441
0,0.013380353208955522,0.013963621598505267
0,0.9900270865689677,0.990718171760401
1,0.9863581871997545,0.9886765262925944
0,0.017803028746173004,0.01882787811132649
0,0.017803028746173004,0.01882787811132649
0,0.013380353208955522,0.013963621598505267
0,0.013380353208955522,0.013963621598505267
1,0.9900270865689677,0.990718171760401
1,0.9863581871997545,0.9886765262925944
1,0.9868404249625159,0.9923847941329361
0,0.013380353208955522,0.013963621598505267
0,0.013380353208955522,0.013963621598505267
0,0.013380353208955522,0.013963621598505267
0,0.013380353208955522,0.013963621598505267
0,0.011588707257963422,0.009786720687341474
0,0.988293474895606,0.9891062678572778
1,0.9965911902824677,0.996644065105104
0,0.013380353208955522,0.013963621598505267
0,0.013380353208955522,0.013963621598505267
0,0.013380353208955522,0.013963621598505267
0,0.013380353208955522,0.013963621598505267
0,0.013380353208955522,0.013963621598505267
0,0.013380353208955522,0.013963621598505267
0,0.013380353208955522,0.013963621598505267
0,0.013380353208955522,0.013963621598505267
0,0.013380353208955522,0.013963621598505267
0,0.0259315908674821,0.025575186601986825
0,0.013380353208955522,0.013963621598505267
0,0.011588707257963422,0.009786720687341474
0,0.013380353208955522,0.013963621598505267
1,0.9900270865689677,0.990718171760401
0,0.05198575980269021,0.045954316937033175
0,0.013380353208955522,0.013963621598505267
0,0.013380353208955522,0.013963621598505267
0,0.013380353208955522,0.013963621598505267
0,0.018510101062312108,0.01991054977738671
0,0.013380353208955522,0.013963621598505267
0,0.07554817555000279,0.07273042348307376
0,0.013380353208955522,0.013963621598505267
0,0.013380353208955522,0.013963621598505267
0,0.010855506951491393,0.011392045773605045
0,0.05381826318443013,0.051145854067730215
0,0.007161264344558299,0.014283531399389872
0,0.013380353208955522,0.013963621598505267
0,0.013380353208955522,0.013963621598505267
0,0.013380353208955522,0.013963621598505267
0,0.010855506951491393,0.011392045773605045
0,0.013380353208955522,0.013963621598505267
0,0.013380353208955522,0.013963621598505267
0,0.013380353208955522,0.013963621598505267
0,0.007161264344558299,0.014283531399389872
0,0.013380353208955522,0.013963621598505267
0,0.013380353208955522,0.013963621598505267
0,0.07554817555000279,0.07273042348307376
0,0.013380353208955522,0.013963621598505267
0,0.013380353208955522,0.013963621598505267
0,0.010660452696828665,0.013137175946607708
0,0.05198575980269021,0.045954316937033175
1,0.9977100820874614,0.9979364103099526
0,0.013380353208955522,0.013963621598505267
1,0.9866719994395371,0.9850615071313441
0,0.013380353208955522,0.013963621598505267
0,0.013380353208955522,0.013963621598505267
0,0.015939605778591884,0.013523601060379227
0,0.07554817555000279,0.07273042348307376
1,0.9900270865689677,0.990718171760401
0,0.013380353208955522,0.013963621598505267
1,0.9977100820874614,0.9979364103099526
0,0.013380353208955522,0.013963621598505267
0,0.013380353208955522,0.013963621598505267
0,0.010855506951491393,0.011392045773605045
0,0.0076060066214740565,0.009324303156037207
0,0.013380353208955522,0.013963621598505267
0,0.017803028746173004,0.01882787811132649
0,0.013380353208955522,0.013963621598505267
0,0.013380353208955522,0.013963621598505267
0,0.013380353208955522,0.013963621598505267
0,0.07554817555000279,0.07273042348307376
0,0.00641756783178709,0.006896781466784354
0,0.9866719994395371,0.9850615071313441
0,0.013380353208955522,0.013963621598505267
0,0.03728287662436008,0.037914921076106854
0,0.013380353208955522,0.013963621598505267
1,0.9989447726762322,0.9991513871793225
0,0.07554817555000279,0.07273042348307376
0,0.013380353208955522,0.013963621598505267
0,0.03873310869260298,0.040050365546474384
0,0.013380353208955522,0.013963621598505267
0,0.013380353208955522,0.013963621598505267
0,0.010121370681186704,0.016977796621946085
0,0.013380353208955522,0.013963621598505267
1,0.988293474895606,0.9891062678572778
0,0.07554817555000279,0.07273042348307376
0,0.017803028746173004,0.01882787811132649
1,0.9859002889777229,0.9860909311993099
1,0.996621028978283,0.9968300557861445
0,0.017803028746173004,0.01882787811132649
0,0.013380353208955522,0.013963621598505267
0,0.07554817555000279,0.07273042348307376
0,0.013380353208955522,0.013963621598505267
0,0.013380353208955522,0.013963621598505267
0,0.00641756783178709,0.006896781466784354
0,0.015939605778591884,0.013523601060379227
0,0.013380353208955522,0.013963621598505267
0,0.013380353208955522,0.013963621598505267
0,0.013380353208955522,0.013963621598505267
0,0.03728287662436008,0.037914921076106854
0,0.013380353208955522,0.013963621598505267
1,0.9900270865689677,0.990718171760401
0,0.013380353208955522,0.013963621598505267
0,0.013380353208955522,0.013963621598505267
0,0.013380353208955522,0.013963621598505267
0,0.013380353208955522,0.013963621598505267
0,0.013380353208955522,0.013963621598505267
1,0.9970879719736984,0.9953115271407368
0,0.013380353208955522,0.013963621598505267
0,0.010120800424173447,0.016977266551469906
0,0.013380353208955522,0.013963621598505267
0,0.07554817555000279,0.07273042348307376
0,0.013380353208955522,0.013963621598505267
1,0.9866719994395371,0.9850615071313441
1,0.988293474895606,0.9891062678572778
0,0.013380353208955522,0.013963621598505267
0,0.013380353208955522,0.013963621598505267
0,0.013380353208955522,0.013963621598505267
0,0.013380353208955522,0.013963621598505267
1,0.9859002889777229,0.9860909311993099
0,0.013380353208955522,0.013963621598505267
0,0.017803028746173004,0.01882787811132649
0,0.017803028746173004,0.01882787811132649
0,0.07554817555000279,0.07273042348307376
0,0.013380353208955522,0.013963621598505267
0,0.013380353208955522,0.013963621598505267
0,0.013380353208955522,0.013963621598505267
0,0.013380353208955522,0.013963621598505267
0,0.013380353208955522,0.013963621598505267
0,0.013380353208955522,0.013963621598505267
0,0.013380353208955522,0.013963621598505267
0,0.013380353208955522,0.013963621598505267
0,0.015939605778591884,0.013523601060379227
0,0.013380353208955522,0.013963621598505267
0,0.013380353208955522,0.013963621598505267
0,0.013380353208955522,0.013963621598505267
1,0.9863581871997545,0.9886765262925944
0,0.0259315908674821,0.025575186601986825
0,0.013380353208955522,0.013963621598505267
0,0.013380353208955522,0.013963621598505267
1,0.9980168516215049,0.9973761766595501
0,0.017803028746173004,0.01882787811132649
0,0.013380353208955522,0.013963621598505267
0,0.021190035729187786,0.018237410562750984
0,0.010855506951491393,0.011392045773605045
1,0.9970153384360304,0.998754919793226
0,0.013380353208955522,0.013963621598505267
0,0.013380353208955522,0.013963621598505267
0,0.013380353208955522,0.013963621598505267
0,0.013380353208955522,0.013963621598505267
0,0.026036774685828747,0.02364003553835029
0,0.013380353208955522,0.013963621598505267
0,0.013380353208955522,0.013963621598505267
0,0.013380353208955522,0.013963621598505267
0,0.013380353208955522,0.013963621598505267
0,0.013380353208955522,0.013963621598505267
0,0.0259315908674821,0.025575186601986825
0,0.03873310869260298,0.040050365546474384
0,0.013380353208955522,0.013963621598505267
0,0.013380353208955522,0.013963621598505267
1,0.9846118584751069,0.9862242087062209
0,0.022497641472786333,0.01798831346003344
1,0.9846118584751069,0.9862242087062209
0,0.013380353208955522,0.013963621598505267
0,0.07554817555000279,0.07273042348307376
0,0.013380353208955522,0.013963621598505267
0,0.021190035729187786,0.018237410562750984
0,0.017803028746173004,0.01882787811132649
0,0.013380353208955522,0.013963621598505267
0,0.013380353208955522,0.013963621598505267
0,0.013380353208955522,0.013963621598505267
0,0.013380353208955522,0.013963621598505267
0,0.013380353208955522,0.013963621598505267
0,0.013380353208955522,0.013963621598505267
0,0.013380353208955522,0.013963621598505267
0,0.013380353208955522,0.013963621598505267
0,0.013380353208955522,0.013963621598505267
0,0.013380353208955522,0.013963621598505267
0,0.07554817555000279,0.07273042348307376
0,0.013380353208955522,0.013963621598505267
1,0.9900270865689677,0.990718171760401
0,0.018510101062312108,0.01991054977738671
0,0.00641756783178709,0.006896781466784354
0,0.013380353208955522,0.013963621598505267
0,0.013380353208955522,0.013963621598505267
0,0.013380353208955522,0.013963621598505267
0,0.011924310698917478,0.030913270893083513
0,0.013380353208955522,0.013963621598505267
0,0.017803028746173004,0.01882787811132649
0,0.013380353208955522,0.013963621598505267
0,0.013380353208955522,0.013963621598505267
0,0.013380353208955522,0.013963621598505267
0,0.013380353208955522,0.013963621598505267
0,0.9846118584751069,0.9862242087062209
0,0.013380353208955522,0.013963621598505267
0,0.013380353208955522,0.013963621598505267
0,0.013380353208955522,0.013963621598505267
0,0.013380353208955522,0.013963621598505267
0,0.013380353208955522,0.013963621598505267
0,0.03728287662436008,0.037914921076106854
1,0.99287557444038,0.9915192323487269
0,0.013380353208955522,0.013963621598505267
0,0.013380353208955522,0.013963621598505267
1,0.9900270865689677,0.990718171760401
0,0.013380353208955522,0.013963621598505267
0,0.0076060066214740565,0.009324303156037207
0,0.013380353208955522,0.013963621598505267
0,0.013380353208955522,0.013963621598505267
0,0.021190035729187786,0.018237410562750984
0,0.03873310869260298,0.040050365546474384
0,0.013380353208955522,0.013963621598505267
0,0.013380353208955522,0.013963621598505267
0,0.05198575980269021,0.045954316937033175
0,0.013380353208955522,0.013963621598505267
0,0.013380353208955522,0.013963621598505267
0,0.017803028746173004,0.01882787811132649
0,0.013380353208955522,0.013963621598505267
1,0.9846118584751069,0.9862242087062209
0,0.011588707257963422,0.009786720687341474
0,0.013380353208955522,0.013963621598505267
0,0.013380353208955522,0.013963621598505267
0,0.013380353208955522,0.013963621598505267
1,0.9900270865689677,0.990718171760401
0,0.010120914472603666,0.0169773725638659
0,0.013380353208955522,0.013963621598505267
0,0.015939605778591884,0.013523601060379227
1,0.9863581871997545,0.9886765262925944
0,0.00756779504406156,0.014273697882092568
0,0.00641756783178709,0.006896781466784354
0,0.03728287662436008,0.037914921076106854
0,0.013380353208955522,0.013963621598505267
0,0.013380353208955522,0.013963621598505267
0,0.013380353208955522,0.013963621598505267
1,0.989757902032656,0.9916185520618371
0,0.013380353208955522,0.013963621598505267
0,0.013380353208955522,0.013963621598505267
0,0.013380353208955522,0.013963621598505267
0,0.013380353208955522,0.013963621598505267
0,0.07554817555000279,0.07273042348307376
0,0.013380353208955522,0.013963621598505267
0,0.013380353208955522,0.013963621598505267
1,0.9953073650008142,0.9954588462102198
0,0.013380353208955522,0.013963621598505267
0,0.013380353208955522,0.013963621598505267
0,0.013380353208955522,0.013963621598505267
0,0.013380353208955522,0.013963621598505267
0,0.013380353208955522,0.013963621598505267
0,0.013380353208955522,0.013963621598505267
0,0.00641756783178709,0.006896781466784354
0,0.013380353208955522,0.013963621598505267
0,0.013380353208955522,0.013963621598505267
0,0.013380353208955522,0.013963621598505267
0,0.013380353208955522,0.013963621598505267
0,0.013380353208955522,0.013963621598505267
0,0.0076060066214740565,0.009324303156037207
0,0.03728287662436008,0.037914921076106854
0,0.013380353208955522,0.013963621598505267
0,0.013380353208955522,0.013963621598505267
1,0.9863581871997545,0.9886765262925944
0,0.013380353208955522,0.013963621598505267
0,0.013380353208955522,0.013963621598505267
0,0.008902014435712731,0.00986414094801043
0,0.013380353208955522,0.013963621598505267
0,0.017803028746173004,0.01882787811132649
0,0.013380353208955522,0.013963621598505267
0,0.013380353208955522,0.013963621598505267
0,0.013380353208955522,0.013963621598505267
0,0.013380353208955522,0.013963621598505267
0,0.017803028746173004,0.01882787811132649
0,0.013380353208955522,0.013963621598505267
0,0.9966704001540214,0.9955612629889523
0,0.05198575980269021,0.045954316937033175
0,0.013380353208955522,0.013963621598505267
0,0.013380353208955522,0.013963621598505267
0,0.00641756783178709,0.006896781466784354
0,0.013380353208955522,0.013963621598505267
0,0.013380353208955522,0.013963621598505267
0,0.013380353208955522,0.013963621598505267
0,0.013380353208955522,0.013963621598505267
0,0.013380353208955522,0.013963621598505267
0,0.013380353208955522,0.013963621598505267
0,0.013380353208955522,0.013963621598505267
0,0.015121997779431804,0.018842071649385273
0,0.013380353208955522,0.013963621598505267
0,0.013380353208955522,0.013963621598505267
0,0.013380353208955522,0.013963621598505267
0,0.008097841925253873,0.02358681648162324
0,0.013380353208955522,0.013963621598505267
0,0.00749232532874585,0.018585353721930622
0,0.013380353208955522,0.013963621598505267
0,0.017803028746173004,0.01882787811132649
0,0.013380353208955522,0.013963621598505267
1,0.9846118584751069,0.9862242087062209
0,0.013380353208955522,0.013963621598505267
0,0.013380353208955522,0.013963621598505267
0,0.013380353208955522,0.013963621598505267
0,0.002878847893231153,0.0133277625987292
0,0.013380353208955522,0.013963621598505267
0,0.013380353208955522,0.013963621598505267
0,0.013380353208955522,0.013963621598505267
0,0.013380353208955522,0.013963621598505267
0,0.017803028746173004,0.01882787811132649
0,0.013380353208955522,0.013963621598505267
1,0.9863581871997545,0.9886765262925944
0,0.013380353208955522,0.013963621598505267
0,0.017803028746173004,0.01882787811132649
0,0.013380353208955522,0.013963621598505267
0,0.013380353208955522,0.013963621598505267
0,0.013380353208955522,0.013963621598505267
0,0.013380353208955522,0.013963621598505267
0,0.013380353208955522,0.013963621598505267
0,0.03873310869260298,0.040050365546474384
0,0.013380353208955522,0.013963621598505267
0,0.013380353208955522,0.013963621598505267
0,0.013380353208955522,0.013963621598505267
0,0.013380353208955522,0.013963621598505267
0,0.03728287662436008,0.037914921076106854
0,0.013380353208955522,0.013963621598505267
0,0.015939605778591884,0.013523601060379227
0,0.00641756783178709,0.006896781466784354
0,0.013380353208955522,0.013963621598505267
0,0.013380353208955522,0.013963621598505267
0,0.013380353208955522,0.013963621598505267
0,0.05198575980269021,0.045954316937033175
0,0.09300149897326244,0.09810197228189368
0,0.013380353208955522,0.013963621598505267
0,0.013380353208955522,0.013963621598505267
0,0.013380353208955522,0.013963621598505267
0,0.013380353208955522,0.013963621598505267
0,0.013380353208955522,0.013963621598505267
0,0.013380353208955522,0.013963621598505267
0,0.07554817555000279,0.07273042348307376
0,0.013380353208955522,0.013963621598505267
0,0.013380353208955522,0.013963621598505267
0,0.013380353208955522,0.013963621598505267
1,0.9900270865689677,0.990718171760401
0,0.013380353208955522,0.013963621598505267
0,0.07554817555000279,0.07273042348307376
0,0.013380353208955522,0.013963621598505267
0,0.013380353208955522,0.013963621598505267
1,0.9965911902824677,0.996644065105104
0,0.013380353208955522,0.013963621598505267
0,0.013380353208955522,0.013963621598505267
0,0.013380353208955522,0.013963621598505267
0,0.013380353208955522,0.013963621598505267
0,0.013380353208955522,0.013963621598505267
0,0.07554817555000279,0.07273042348307376
0,0.013380353208955522,0.013963621598505267
0,0.00641756783178709,0.006896781466784354
0,0.017803028746173004,0.01882787811132649
1,0.9863581871997545,0.9886765262925944
0,0.03873310869260298,0.040050365546474384
1,0.9883288071935492,0.9842303828113439
0,0.013380353208955522,0.013963621598505267
0,0.013380353208955522,0.013963621598505267
0,0.013380353208955522,0.013963621598505267
0,0.028159707171295418,0.028261489475335425
0,0.07554817555000279,0.07273042348307376
0,0.08892648446874814,0.07057108625479315
0,0.013380353208955522,0.013963621598505267
0,0.013380353208955522,0.013963621598505267
0,0.013380353208955522,0.013963621598505267
0,0.013380353208955522,0.013963621598505267
0,0.013380353208955522,0.013963621598505267
0,0.013380353208955522,0.013963621598505267
0,0.013380353208955522,0.013963621598505267
0,0.013380353208955522,0.013963621598505267
0,0.013380353208955522,0.013963621598505267
0,0.013380353208955522,0.013963621598505267
0,0.013380353208955522,0.013963621598505267
0,0.013380353208955522,0.013963621598505267
0,0.013380353208955522,0.013963621598505267
0,0.013380353208955522,0.013963621598505267
0,0.03728287662436008,0.037914921076106854
0,0.013380353208955522,0.013963621598505267
0,0.013380353208955522,0.013963621598505267
0,0.013380353208955522,0.013963621598505267
0,0.013380353208955522,0.013963621598505267
0,0.013380353208955522,0.013963621598505267
0,0.013380353208955522,0.013963621598505267
0,0.00641756783178709,0.006896781466784354
0,0.013380353208955522,0.013963621598505267
0,0.00641756783178709,0.006896781466784354
0,0.013380353208955522,0.013963621598505267
0,0.013380353208955522,0.013963621598505267
0,0.013380353208955522,0.013963621598505267
0,0.013380353208955522,0.013963621598505267
0,0.010855506951491393,0.011392045773605045
0,0.013380353208955522,0.013963621598505267
0,0.010326120394757027,0.017167266326992885
0,0.013380353208955522,0.013963621598505267
0,0.013380353208955522,0.013963621598505267
0,0.9900270865689677,0.990718171760401
0,0.09300149897326244,0.09810197228189368
0,0.013380353208955522,0.013963621598505267
0,0.013380353208955522,0.013963621598505267
0,0.017803028746173004,0.01882787811132649
0,0.007530153594418313,0.016197894825936726
0,0.013380353208955522,0.013963621598505267
0,0.013380353208955522,0.013963621598505267
1,0.988293474895606,0.9891062678572778
0,0.013380353208955522,0.013963621598505267
0,0.013380353208955522,0.013963621598505267
0,0.00641756783178709,0.006896781466784354
0,0.0060350836726025675,0.010575617004172096
0,0.07554817555000279,0.07273042348307376
0,0.013380353208955522,0.013963621598505267
0,0.013380353208955522,0.013963621598505267
0,0.013380353208955522,0.013963621598505267
0,0.007161264344558299,0.014283531399389872
0,0.013380353208955522,0.013963621598505267
0,0.013380353208955522,0.013963621598505267
1,0.988293474895606,0.9891062678572778
0,0.013380353208955522,0.013963621598505267
0,0.013380353208955522,0.013963621598505267
0,0.013380353208955522,0.013963621598505267
0,0.013380353208955522,0.013963621598505267
0,0.013380353208955522,0.013963621598505267
0,0.013380353208955522,0.013963621598505267
0,0.013380353208955522,0.013963621598505267
0,0.013380353208955522,0.013963621598505267
0,0.07554817555000279,0.07273042348307376
0,0.013380353208955522,0.013963621598505267
0,0.013380353208955522,0.013963621598505267
1,0.9864838630646375,0.9844643151452775
0,0.013380353208955522,0.013963621598505267
0,0.013380353208955522,0.013963621598505267
0,0.013380353208955522,0.013963621598505267
0,0.013380353208955522,0.013963621598505267
0,0.013380353208955522,0.013963621598505267
0,0.013380353208955522,0.013963621598505267
0,0.013380353208955522,0.013963621598505267
0,0.013380353208955522,0.013963621598505267
0,0.013380353208955522,0.013963621598505267
0,0.013380353208955522,0.013963621598505267
0,0.013380353208955522,0.013963621598505267
0,0.010660452696828665,0.013137175946607708
0,0.013380353208955522,0.013963621598505267
0,0.013380353208955522,0.013963621598505267
0,0.07554817555000279,0.07273042348307376
0,0.998038143065762,0.9980154318222443
0,0.013380353208955522,0.013963621598505267
0,0.013380353208955522,0.013963621598505267
0,0.010118804772906461,0.016975411430886655
0,0.010119660004477215,0.016976206458313048
0,0.013380353208955522,0.013963621598505267
0,0.013380353208955522,0.013963621598505267
0,0.03873310869260298,0.040050365546474384
0,0.00641756783178709,0.006896781466784354
0,0.013380353208955522,0.013963621598505267
0,0.07554817555000279,0.07273042348307376
0,0.07554817555000279,0.07273042348307376
0,0.013380353208955522,0.013963621598505267
1,0.9977100820874614,0.9979364103099526
0,0.013380353208955522,0.013963621598505267
0,0.017803028746173004,0.01882787811132649
0,0.03873310869260298,0.040050365546474384
0,0.013380353208955522,0.013963621598505267
0,0.013380353208955522,0.013963621598505267
0,0.013380353208955522,0.013963621598505267
0,0.013380353208955522,0.013963621598505267
0,0.013380353208955522,0.013963621598505267
0,0.01167491044719121,0.02491663385381458
0,0.011588707257963422,0.009786720687341474
0,0.013380353208955522,0.013963621598505267
0,0.028159707171295418,0.028261489475335425
0,0.013380353208955522,0.013963621598505267
0,0.013380353208955522,0.013963621598505267
0,0.013380353208955522,0.013963621598505267
0,0.013380353208955522,0.013963621598505267
0,0.013380353208955522,0.013963621598505267
0,0.013380353208955522,0.013963621598505267
0,0.018510101062312108,0.01991054977738671
0,0.013380353208955522,0.013963621598505267
0,0.03728287662436008,0.037914921076106854
0,0.015872651061186946,0.03743591467554046
0,0.013380353208955522,0.013963621598505267
0,0.013380353208955522,0.013963621598505267
1,0.9863581871997545,0.9886765262925944
0,0.013380353208955522,0.013963621598505267
0,0.013380353208955522,0.013963621598505267
0,0.013380353208955522,0.013963621598505267
0,0.013380353208955522,0.013963621598505267
0,0.013380353208955522,0.013963621598505267
0,0.013380353208955522,0.013963621598505267
0,0.013380353208955522,0.013963621598505267
0,0.009600456621941287,0.008425936452466115
0,0.013380353208955522,0.013963621598505267
0,0.013380353208955522,0.013963621598505267
0,0.013380353208955522,0.013963621598505267
0,0.013380353208955522,0.013963621598505267
0,0.013380353208955522,0.013963621598505267
0,0.013380353208955522,0.013963621598505267
1,0.9900270865689677,0.990718171760401
0,0.013380353208955522,0.013963621598505267
0,0.013380353208955522,0.013963621598505267
0,0.013380353208955522,0.013963621598505267
0,0.013380353208955522,0.013963621598505267
1,0.9969712013808034,0.99839199342009
0,0.013380353208955522,0.013963621598505267
0,0.016111423193041992,0.01896315923197983
1,0.9883288071935492,0.9842303828113439
0,0.00641756783178709,0.006896781466784354
0,0.013380353208955522,0.013963621598505267
0,0.013380353208955522,0.013963621598505267
0,0.013380353208955522,0.013963621598505267
0,0.015939605778591884,0.013523601060379227
0,0.013380353208955522,0.013963621598505267
0,0.016473469880927724,0.029560097414322112
0,0.02615549383909582,0.02370027219074436
0,0.013380353208955522,0.013963621598505267
0,0.013380353208955522,0.013963621598505267
0,0.03873310869260298,0.040050365546474384
0,0.013380353208955522,0.013963621598505267
0,0.013380353208955522,0.013963621598505267
0,0.013380353208955522,0.013963621598505267
0,0.03873310869260298,0.040050365546474384
1,0.9846118584751069,0.9862242087062209
0,0.013380353208955522,0.013963621598505267
0,0.013380353208955522,0.013963621598505267
0,0.013380353208955522,0.013963621598505267
0,0.03728287662436008,0.037914921076106854
0,0.013380353208955522,0.013963621598505267
0,0.017803028746173004,0.01882787811132649
0,0.03728287662436008,0.037914921076106854
0,0.013380353208955522,0.013963621598505267
0,0.10073896892789469,0.04509028691664419
0,0.013380353208955522,0.013963621598505267
1,0.9966704001540214,0.9955612629889523
0,0.013380353208955522,0.013963621598505267
0,0.013380353208955522,0.013963621598505267
0,0.013380353208955522,0.013963621598505267
0,0.013380353208955522,0.013963621598505267
1,0.9900270865689677,0.990718171760401
0,0.013380353208955522,0.013963621598505267
0,0.013380353208955522,0.013963621598505267
0,0.008558763503216951,0.009322564387661176
0,0.013380353208955522,0.013963621598505267
0,0.013380353208955522,0.013963621598505267
0,0.013380353208955522,0.013963621598505267
0,0.013380353208955522,0.013963621598505267
0,0.013380353208955522,0.013963621598505267
1,0.9900270865689677,0.990718171760401
0,0.02608466934449287,0.023664350801280484
1,0.9819802453256102,0.9906945986728958
0,0.015939605778591884,0.013523601060379227
0,0.07554817555000279,0.07273042348307376
0,0.013380353208955522,0.013963621598505267
0,0.018510101062312108,0.01991054977738671
0,0.013380353208955522,0.013963621598505267
1,0.9826341314583594,0.9829609696372549
0,0.017803028746173004,0.01882787811132649
0,0.013380353208955522,0.013963621598505267
0,0.013380353208955522,0.013963621598505267
0,0.013380353208955522,0.013963621598505267
0,0.013380353208955522,0.013963621598505267
0,0.013380353208955522,0.013963621598505267
0,0.013380353208955522,0.013963621598505267
0,0.013380353208955522,0.013963621598505267
0,0.013380353208955522,0.013963621598505267
1,0.9942268470140956,0.9930881499210122
0,0.03728287662436008,0.037914921076106854
0,0.013380353208955522,0.013963621598505267
1,0.9846118584751069,0.9862242087062209
0,0.013380353208955522,0.013963621598505267
0,0.013380353208955522,0.013963621598505267
0,0.013380353208955522,0.013963621598505267
0,0.013380353208955522,0.013963621598505267
0,0.013380353208955522,0.013963621598505267
0,0.013380353208955522,0.013963621598505267
0,0.013380353208955522,0.013963621598505267
0,0.013380353208955522,0.013963621598505267
0,0.008423158550947087,0.01750117699415577
0,0.07554817555000279,0.07273042348307376
0,0.013380353208955522,0.013963621598505267
0,0.013380353208955522,0.013963621598505267
0,0.013380353208955522,0.013963621598505267
0,0.013380353208955522,0.013963621598505267
0,0.013380353208955522,0.013963621598505267
1,0.9952096061031028,0.9952350991156806
0,0.013380353208955522,0.013963621598505267
0,0.9863581871997545,0.9886765262925944
0,0.013380353208955522,0.013963621598505267
0,0.013380353208955522,0.013963621598505267
0,0.013380353208955522,0.013963621598505267
0,0.013380353208955522,0.013963621598505267
0,0.013380353208955522,0.013963621598505267
1,0.991472309627616,0.9977079096266322
0,0.013380353208955522,0.013963621598505267
1,0.9980820212932497,0.9978684611166789
0,0.013380353208955522,0.013963621598505267
0,0.013380353208955522,0.013963621598505267
0,0.013380353208955522,0.013963621598505267
0,0.013380353208955522,0.013963621598505267
0,0.022497641472786333,0.01798831346003344
0,0.013380353208955522,0.013963621598505267
0,0.013380353208955522,0.013963621598505267
0,0.013380353208955522,0.013963621598505267
0,0.013380353208955522,0.013963621598505267
0,0.013380353208955522,0.013963621598505267
0,0.013380353208955522,0.013963621598505267
1,0.9928398548612748,0.9918447623563728
0,0.013380353208955522,0.013963621598505267
0,0.07554817555000279,0.07273042348307376
0,0.013380353208955522,0.013963621598505267
0,0.013380353208955522,0.013963621598505267
1,0.9846118584751069,0.9862242087062209
0,0.013380353208955522,0.013963621598505267
0,0.013380353208955522,0.013963621598505267
1,0.9985659885023133,0.9979579482665675
1,0.9859002889777229,0.9860909311993099
0,0.010303495370007593,0.017146412458485808
1,0.988293474895606,0.9891062678572778
0,0.08892648446874814,0.07057108625479315
0,0.013380353208955522,0.013963621598505267
0,0.010118086434699861,0.016974743637080437
0,0.013380353208955522,0.013963621598505267
0,0.013380353208955522,0.013963621598505267
0,0.010855506951491393,0.011392045773605045
0,0.013380353208955522,0.013963621598505267
0,0.013380353208955522,0.013963621598505267
0,0.013380353208955522,0.013963621598505267
0,0.011588707257963422,0.009786720687341474
0,0.013380353208955522,0.013963621598505267
0,0.013380353208955522,0.013963621598505267
0,0.013380353208955522,0.013963621598505267
0,0.013380353208955522,0.013963621598505267
0,0.013380353208955522,0.013963621598505267
1,0.9991117331900788,0.9990427993101021
0,0.013380353208955522,0.013963621598505267
0,0.010140778367504738,0.01699582871144391
0,0.013380353208955522,0.013963621598505267
0,0.013380353208955522,0.013963621598505267
0,0.013380353208955522,0.013963621598505267
0,0.07554817555000279,0.07273042348307376
0,0.013380353208955522,0.013963621598505267
0,0.013380353208955522,0.013963621598505267
0,0.013380353208955522,0.013963621598505267
0,0.013380353208955522,0.013963621598505267
0,0.07554817555000279,0.07273042348307376
0,0.013380353208955522,0.013963621598505267
0,0.013380353208955522,0.013963621598505267
0,0.013380353208955522,0.013963621598505267
0,0.015939605778591884,0.013523601060379227
0,0.013380353208955522,0.013963621598505267
1,0.9883288071935492,0.9842303828113439
0,0.017803028746173004,0.01882787811132649
0,0.013380353208955522,0.013963621598505267
0,0.013380353208955522,0.013963621598505267
0,0.013380353208955522,0.013963621598505267
0,0.013380353208955522,0.013963621598505267
0,0.013380353208955522,0.013963621598505267
0,0.005160111020605343,0.010000145247666452
0,0.013380353208955522,0.013963621598505267
1,0.9826341314583594,0.9829609696372549
0,0.00641756783178709,0.006896781466784354
0,0.013380353208955522,0.013963621598505267
0,0.017803028746173004,0.01882787811132649
0,0.013380353208955522,0.013963621598505267
0,0.00641756783178709,0.006896781466784354
0,0.013380353208955522,0.013963621598505267
1,0.9883288071935492,0.9842303828113439
0,0.015939605778591884,0.013523601060379227
0,0.013380353208955522,0.013963621598505267
0,0.07554817555000279,0.07273042348307376
1,0.9942268470140956,0.9930881499210122
0,0.013380353208955522,0.013963621598505267
0,0.013380353208955522,0.013963621598505267
0,0.00641756783178709,0.006896781466784354
0,0.013380353208955522,0.013963621598505267
0,0.9863581871997545,0.9886765262925944
0,0.013380353208955522,0.013963621598505267
0,0.013380353208955522,0.013963621598505267
0,0.013380353208955522,0.013963621598505267
0,0.00641756783178709,0.006896781466784354
0,0.013380353208955522,0.013963621598505267
0,0.013380353208955522,0.013963621598505267
0,0.013380353208955522,0.013963621598505267
1,0.9980820212932497,0.9978684611166789
0,0.013380353208955522,0.013963621598505267
0,0.017803028746173004,0.01882787811132649
1,0.9877049681860305,0.9886174599411427
0,0.013380353208955522,0.013963621598505267
0,0.013380353208955522,0.013963621598505267
0,0.013380353208955522,0.013963621598505267
0,0.013380353208955522,0.013963621598505267
0,0.013380353208955522,0.013963621598505267
0,0.013380353208955522,0.013963621598505267
0,0.013380353208955522,0.013963621598505267
0,0.013380353208955522,0.013963621598505267
0,0.05381826318443013,0.051145854067730215
1,0.99287557444038,0.9915192323487269
0,0.013380353208955522,0.013963621598505267
0,0.013380353208955522,0.013963621598505267
0,0.07554817555000279,0.07273042348307376
0,0.013380353208955522,0.013963621598505267
1,0.99287557444038,0.9915192323487269
0,0.013380353208955522,0.013963621598505267
0,0.013380353208955522,0.013963621598505267
0,0.013380353208955522,0.013963621598505267
0,0.013380353208955522,0.013963621598505267
0,0.013380353208955522,0.013963621598505267
0,0.013380353208955522,0.013963621598505267
0,0.013380353208955522,0.013963621598505267
0,0.013380353208955522,0.013963621598505267
0,0.013380353208955522,0.013963621598505267
0,0.013380353208955522,0.013963621598505267
0,0.013380353208955522,0.013963621598505267
0,0.013380353208955522,0.013963621598505267
1,0.9863581871997545,0.9886765262925944
0,0.013380353208955522,0.013963621598505267
0,0.015939605778591884,0.013523601060379227
0,0.017803028746173004,0.01882787811132649
0,0.03873310869260298,0.040050365546474384
0,0.013380353208955522,0.013963621598505267
0,0.013380353208955522,0.013963621598505267
0,0.013380353208955522,0.013963621598505267
0,0.010855506951491393,0.011392045773605045
0,0.013380353208955522,0.013963621598505267
1,0.9846118584751069,0.9862242087062209
0,0.03109329971162062,0.022965578269976108
0,0.017803028746173004,0.01882787811132649
0,0.013380353208955522,0.013963621598505267
0,0.013380353208955522,0.013963621598505267
0,0.013380353208955522,0.013963621598505267
0,0.013380353208955522,0.013963621598505267
0,0.013380353208955522,0.013963621598505267
0,0.1301514417793317,0.1539629003073768
0,0.013380353208955522,0.013963621598505267
0,0.013380353208955522,0.013963621598505267
0,0.03728287662436008,0.037914921076106854
0,0.07554817555000279,0.07273042348307376
0,0.0076060066214740565,0.009324303156037207
0,0.013380353208955522,0.013963621598505267
0,0.013380353208955522,0.013963621598505267
0,0.03873310869260298,0.040050365546474384
0,0.013380353208955522,0.013963621598505267
0,0.013380353208955522,0.013963621598505267
0,0.013380353208955522,0.013963621598505267
0,0.013380353208955522,0.013963621598505267
0,0.013380353208955522,0.013963621598505267
0,0.013380353208955522,0.013963621598505267
0,0.05381826318443013,0.051145854067730215
0,0.013380353208955522,0.013963621598505267
0,0.013380353208955522,0.013963621598505267
0,0.013380353208955522,0.013963621598505267
0,0.013380353208955522,0.013963621598505267
0,0.015872651061186946,0.03743591467554046
0,0.013380353208955522,0.013963621598505267
0,0.013380353208955522,0.013963621598505267
0,0.013380353208955522,0.013963621598505267
0,0.013380353208955522,0.013963621598505267
0,0.013380353208955522,0.013963621598505267
0,0.013380353208955522,0.013963621598505267
0,0.013380353208955522,0.013963621598505267
0,0.010855506951491393,0.011392045773605045
1,0.988293474895606,0.9891062678572778
0,0.015121997779431804,0.018842071649385273
1,0.996621028978283,0.9968300557861445
0,0.013380353208955522,0.013963621598505267
0,0.013380353208955522,0.013963621598505267
1,0.9900270865689677,0.990718171760401
0,0.017803028746173004,0.01882787811132649
0,0.013380353208955522,0.013963621598505267
0,0.013380353208955522,0.013963621598505267
0,0.013380353208955522,0.013963621598505267
0,0.013380353208955522,0.013963621598505267
0,0.013380353208955522,0.013963621598505267
0,0.013380353208955522,0.013963621598505267
0,0.013380353208955522,0.013963621598505267
0,0.013380353208955522,0.013963621598505267
0,0.010855506951491393,0.011392045773605045
0,0.018510101062312108,0.01991054977738671
0,0.08892648446874814,0.07057108625479315
0,0.013380353208955522,0.013963621598505267
0,0.013380353208955522,0.013963621598505267
0,0.013380353208955522,0.013963621598505267
0,0.03141160937471086,0.023097584976900457
0,0.013380353208955522,0.013963621598505267
0,0.011588707257963422,0.009786720687341474
0,0.013380353208955522,0.013963621598505267
0,0.00641756783178709,0.006896781466784354
0,0.013380353208955522,0.013963621598505267
0,0.013380353208955522,0.013963621598505267
0,0.00641756783178709,0.006896781466784354
0,0.011588707257963422,0.009786720687341474
0,0.05198575980269021,0.045954316937033175
0,0.013380353208955522,0.013963621598505267
0,0.013380353208955522,0.013963621598505267
0,0.013380353208955522,0.013963621598505267
0,0.013380353208955522,0.013963621598505267
0,0.013380353208955522,0.013963621598505267
0,0.013380353208955522,0.013963621598505267
0,0.018510101062312108,0.01991054977738671
0,0.03873310869260298,0.040050365546474384
0,0.013380353208955522,0.013963621598505267
1,0.9837268263984971,0.9801898404548952
0,0.013380353208955522,0.013963621598505267
1,0.9966017013461985,0.9963079392406056
0,0.013380353208955522,0.013963621598505267
0,0.013380353208955522,0.013963621598505267
0,0.013380353208955522,0.013963621598505267
0,0.013380353208955522,0.013963621598505267
0,0.013380353208955522,0.013963621598505267
0,0.07125302509285644,0.0743080308767092
0,0.013380353208955522,0.013963621598505267
0,0.011588707257963422,0.009786720687341474
0,0.013380353208955522,0.013963621598505267
0,0.013380353208955522,0.013963621598505267
0,0.013380353208955522,0.013963621598505267
0,0.013380353208955522,0.013963621598505267
0,0.013380353208955522,0.013963621598505267
0,0.013380353208955522,0.013963621598505267
0,0.013380353208955522,0.013963621598505267
0,0.013380353208955522,0.013963621598505267
0,0.013380353208955522,0.013963621598505267
0,0.013380353208955522,0.013963621598505267
0,0.03728287662436008,0.037914921076106854
0,0.013380353208955522,0.013963621598505267
0,0.010660452696828665,0.013137175946607708
0,0.013380353208955522,0.013963621598505267
0,0.013380353208955522,0.013963621598505267
0,0.013380353208955522,0.013963621598505267
0,0.010855506951491393,0.011392045773605045
1,0.988293474895606,0.9891062678572778
1,0.9863581871997545,0.9886765262925944
0,0.00641756783178709,0.006896781466784354
1,0.988293474895606,0.9891062678572778
0,0.013380353208955522,0.013963621598505267
0,0.013380353208955522,0.013963621598505267
0,0.013380353208955522,0.013963621598505267
0,0.013380353208955522,0.013963621598505267
0,0.013380353208955522,0.013963621598505267
0,0.013380353208955522,0.013963621598505267
0,0.07554817555000279,0.07273042348307376
0,0.013380353208955522,0.013963621598505267
0,0.013380353208955522,0.013963621598505267
0,0.013380353208955522,0.013963621598505267
0,0.013380353208955522,0.013963621598505267
0,0.013380353208955522,0.013963621598505267
0,0.013380353208955522,0.013963621598505267
0,0.013380353208955522,0.013963621598505267
0,0.013380353208955522,0.013963621598505267
0,0.013380353208955522,0.013963621598505267
0,0.013380353208955522,0.013963621598505267
0,0.07554817555000279,0.07273042348307376
0,0.013380353208955522,0.013963621598505267
0,0.010660452696828665,0.013137175946607708
1,0.9965911902824677,0.996644065105104
0,0.013380353208955522,0.013963621598505267
0,0.013380353208955522,0.013963621598505267
0,0.013380353208955522,0.013963621598505267
0,0.013380353208955522,0.013963621598505267
0,0.013380353208955522,0.013963621598505267
0,0.013380353208955522,0.013963621598505267
0,0.013380353208955522,0.013963621598505267
0,0.013380353208955522,0.013963621598505267
0,0.07554817555000279,0.07273042348307376
0,0.013380353208955522,0.013963621598505267
0,0.013380353208955522,0.013963621598505267
0,0.013380353208955522,0.013963621598505267
0,0.013380353208955522,0.013963621598505267
0,0.013380353208955522,0.013963621598505267
0,0.013380353208955522,0.013963621598505267
0,0.013380353208955522,0.013963621598505267
1,0.9863581871997545,0.9886765262925944
0,0.013380353208955522,0.013963621598505267
0,0.013380353208955522,0.013963621598505267
0,0.016564648556494678,0.02965006617093536
1,0.9859002889777229,0.9860909311993099
0,0.013380353208955522,0.013963621598505267
0,0.013380353208955522,0.013963621598505267
0,0.03728287662436008,0.037914921076106854
0,0.013380353208955522,0.013963621598505267
0,0.00641756783178709,0.006896781466784354
1,0.9976323045308433,0.9974597789470463
0,0.009070957536364766,0.009029137755971497
0,0.013380353208955522,0.013963621598505267
0,0.013380353208955522,0.013963621598505267
0,0.013380353208955522,0.013963621598505267
0,0.013380353208955522,0.013963621598505267
0,0.013380353208955522,0.013963621598505267
0,0.010855506951491393,0.011392045773605045
0,0.013380353208955522,0.013963621598505267
0,0.013380353208955522,0.013963621598505267
0,0.013380353208955522,0.013963621598505267
0,0.013380353208955522,0.013963621598505267
0,0.018510101062312108,0.01991054977738671
0,0.0076060066214740565,0.009324303156037207
0,0.028159707171295418,0.028261489475335425
0,0.013380353208955522,0.013963621598505267
0,0.013380353208955522,0.013963621598505267
0,0.013380353208955522,0.013963621598505267
0,0.021190035729187786,0.018237410562750984
0,0.013380353208955522,0.013963621598505267
0,0.013380353208955522,0.013963621598505267
0,0.0259315908674821,0.025575186601986825
1,0.9822433621503397,0.9803785374195613
0,0.013380353208955522,0.013963621598505267
1,0.9891283886672434,0.9955067248742576
0,0.013380353208955522,0.013963621598505267
0,0.0076060066214740565,0.009324303156037207
0,0.013380353208955522,0.013963621598505267
0,0.013380353208955522,0.013963621598505267
0,0.013380353208955522,0.013963621598505267
0,0.013380353208955522,0.013963621598505267
0,0.013380353208955522,0.013963621598505267
1,0.988293474895606,0.9891062678572778
0,0.010119660004477215,0.016976206458313048
0,0.013380353208955522,0.013963621598505267
0,0.028159707171295418,0.028261489475335425
0,0.013380353208955522,0.013963621598505267
0,0.013380353208955522,0.013963621598505267
1,0.988293474895606,0.9891062678572778
0,0.013380353208955522,0.013963621598505267
0,0.017803028746173004,0.01882787811132649
0,0.08892648446874814,0.07057108625479315
1,0.9859002889777229,0.9860909311993099
0,0.007161264344558299,0.014283531399389872
0,0.017803028746173004,0.01882787811132649
0,0.013380353208955522,0.013963621598505267
0,0.013380353208955522,0.013963621598505267
1,0.9900270865689677,0.990718171760401
0,0.013380353208955522,0.013963621598505267
0,0.013380353208955522,0.013963621598505267
0,0.013380353208955522,0.013963621598505267
0,0.013380353208955522,0.013963621598505267
0,0.010855506951491393,0.011392045773605045
0,0.017803028746173004,0.01882787811132649
0,0.010855506951491393,0.011392045773605045
0,0.015939605778591884,0.013523601060379227
0,0.013380353208955522,0.013963621598505267
0,0.013380353208955522,0.013963621598505267
0,0.013380353208955522,0.013963621598505267
1,0.9863581871997545,0.9886765262925944
0,0.013380353208955522,0.013963621598505267
0,0.013380353208955522,0.013963621598505267
0,0.013380353208955522,0.013963621598505267
0,0.013380353208955522,0.013963621598505267
0,0.07554817555000279,0.07273042348307376
0,0.013380353208955522,0.013963621598505267
0,0.07554817555000279,0.07273042348307376
0,0.05381826318443013,0.051145854067730215
0,0.013380353208955522,0.013963621598505267
0,0.00641756783178709,0.006896781466784354
0,0.013380353208955522,0.013963621598505267
0,0.013380353208955522,0.013963621598505267
0,0.0259315908674821,0.025575186601986825
0,0.013380353208955522,0.013963621598505267
0,0.013380353208955522,0.013963621598505267
0,0.013380353208955522,0.013963621598505267
0,0.013380353208955522,0.013963621598505267
0,0.009600456621941287,0.008425936452466115
0,0.017803028746173004,0.01882787811132649
0,0.018510101062312108,0.01991054977738671
1,0.9911840702941898,0.9963406902905778
0,0.013380353208955522,0.013963621598505267
0,0.015939605778591884,0.013523601060379227
0,0.020108614858781064,0.025362035275601144
1,0.9933048912257645,0.9974756518141494
0,0.013380353208955522,0.013963621598505267
0,0.011588707257963422,0.009786720687341474
0,0.013380353208955522,0.013963621598505267
0,0.013380353208955522,0.013963621598505267
0,0.010660452696828665,0.013137175946607708
0,0.07554817555000279,0.07273042348307376
0,0.013380353208955522,0.013963621598505267
0,0.00749232532874585,0.018585353721930622
0,0.013380353208955522,0.013963621598505267
0,0.013380353208955522,0.013963621598505267
0,0.013380353208955522,0.013963621598505267
0,0.013380353208955522,0.013963621598505267
0,0.013380353208955522,0.013963621598505267
0,0.013380353208955522,0.013963621598505267
0,0.013380353208955522,0.013963621598505267
0,0.00641756783178709,0.006896781466784354
0,0.013380353208955522,0.013963621598505267
0,0.011588707257963422,0.009786720687341474
0,0.08892648446874814,0.07057108625479315
0,0.013380353208955522,0.013963621598505267
1,0.9883288071935492,0.9842303828113439
0,0.013380353208955522,0.013963621598505267
0,0.013380353208955522,0.013963621598505267
0,0.013380353208955522,0.013963621598505267
0,0.013380353208955522,0.013963621598505267
0,0.013380353208955522,0.013963621598505267
0,0.0076060066214740565,0.009324303156037207
0,0.03728287662436008,0.037914921076106854
0,0.013380353208955522,0.013963621598505267
0,0.013380353208955522,0.013963621598505267
0,0.013380353208955522,0.013963621598505267
0,0.013380353208955522,0.013963621598505267
0,0.013380353208955522,0.013963621598505267
0,0.013380353208955522,0.013963621598505267
0,0.013380353208955522,0.013963621598505267
0,0.013380353208955522,0.013963621598505267
0,0.017803028746173004,0.01882787811132649
0,0.07554817555000279,0.07273042348307376
1,0.9983618943704423,0.9970206395916364
0,0.013380353208955522,0.013963621598505267
0,0.013380353208955522,0.013963621598505267
0,0.013380353208955522,0.013963621598505267
0,0.013380353208955522,0.013963621598505267
0,0.013380353208955522,0.013963621598505267
0,0.013380353208955522,0.013963621598505267
0,0.013380353208955522,0.013963621598505267
0,0.013380353208955522,0.013963621598505267
0,0.017803028746173004,0.01882787811132649
0,0.013380353208955522,0.013963621598505267
0,0.013380353208955522,0.013963621598505267
0,0.013380353208955522,0.013963621598505267
0,0.013380353208955522,0.013963621598505267
0,0.010855506951491393,0.011392045773605045
0,0.026046880505801517,0.023645167672965147
0,0.013380353208955522,0.013963621598505267
0,0.015872651061186946,0.03743591467554046
0,0.013380353208955522,0.013963621598505267
0,0.013380353208955522,0.013963621598505267
0,0.013380353208955522,0.013963621598505267
0,0.013380353208955522,0.013963621598505267
0,0.013380353208955522,0.013963621598505267
0,0.013380353208955522,0.013963621598505267
0,0.018510101062312108,0.01991054977738671
0,0.013380353208955522,0.013963621598505267
0,0.013380353208955522,0.013963621598505267
1,0.9900270865689677,0.990718171760401
0,0.010855506951491393,0.011392045773605045
0,0.00641756783178709,0.006896781466784354
0,0.013380353208955522,0.013963621598505267
0,0.011588707257963422,0.009786720687341474
0,0.010660452696828665,0.013137175946607708
0,0.013380353208955522,0.013963621598505267
0,0.013380353208955522,0.013963621598505267
0,0.013380353208955522,0.013963621598505267
0,0.013380353208955522,0.013963621598505267
0,0.013380353208955522,0.013963621598505267
0,0.010126137794165433,0.016982227272026643
0,0.013380353208955522,0.013963621598505267
0,0.013380353208955522,0.013963621598505267
0,0.013380353208955522,0.013963621598505267
0,0.013380353208955522,0.013963621598505267
0,0.013380353208955522,0.013963621598505267
0,0.018510101062312108,0.01991054977738671
0,0.011588707257963422,0.009786720687341474
0,0.013380353208955522,0.013963621598505267
1,0.9926560789527583,0.9963450172161895
0,0.017803028746173004,0.01882787811132649
0,0.0076060066214740565,0.009324303156037207
1,0.9900270865689677,0.990718171760401
1,0.9863581871997545,0.9886765262925944
0,0.013380353208955522,0.013963621598505267
0,0.013380353208955522,0.013963621598505267
0,0.013380353208955522,0.013963621598505267
0,0.013380353208955522,0.013963621598505267
0,0.013380353208955522,0.013963621598505267
0,0.013380353208955522,0.013963621598505267
0,0.013380353208955522,0.013963621598505267
0,0.021190035729187786,0.018237410562750984
0,0.0568713045869251,0.11765258042150675
0,0.013380353208955522,0.013963621598505267
0,0.07554817555000279,0.07273042348307376
0,0.013380353208955522,0.013963621598505267
0,0.006884668376613047,0.013502623443237237
0,0.017803028746173004,0.01882787811132649
0,0.013380353208955522,0.013963621598505267
1,0.9980441224918843,0.9971155375137234
0,0.03873310869260298,0.040050365546474384
0,0.013380353208955522,0.013963621598505267
0,0.013380353208955522,0.013963621598505267
0,0.013380353208955522,0.013963621598505267
1,0.9936424314721035,0.9952070836104364
0,0.007161264344558299,0.014283531399389872
0,0.013380353208955522,0.013963621598505267
0,0.016111423193041992,0.01896315923197983
0,0.00641756783178709,0.006896781466784354
0,0.013380353208955522,0.013963621598505267
0,0.013380353208955522,0.013963621598505267
0,0.013380353208955522,0.013963621598505267
0,0.013380353208955522,0.013963621598505267
0,0.013380353208955522,0.013963621598505267
0,0.013380353208955522,0.013963621598505267
0,0.013380353208955522,0.013963621598505267
1,0.9911840702941898,0.9963406902905778
0,0.013380353208955522,0.013963621598505267
0,0.013380353208955522,0.013963621598505267
0,0.013380353208955522,0.013963621598505267
0,0.013380353208955522,0.013963621598505267
1,0.9859002889777229,0.9860909311993099
0,0.013380353208955522,0.013963621598505267
0,0.013380353208955522,0.013963621598505267
0,0.013380353208955522,0.013963621598505267
0,0.013380353208955522,0.013963621598505267
0,0.013380353208955522,0.013963621598505267
0,0.013380353208955522,0.013963621598505267
0,0.013380353208955522,0.013963621598505267
0,0.013380353208955522,0.013963621598505267
0,0.018510101062312108,0.01991054977738671
0,0.018510101062312108,0.01991054977738671
0,0.05381826318443013,0.051145854067730215
0,0.013380353208955522,0.013963621598505267
0,0.013380353208955522,0.013963621598505267
0,0.07554817555000279,0.07273042348307376
0,0.017803028746173004,0.01882787811132649
1,0.013380353208955522,0.013963621598505267
0,0.01755593367089672,0.01033721859986741
0,0.013380353208955522,0.013963621598505267
0,0.017803028746173004,0.01882787811132649
0,0.017803028746173004,0.01882787811132649
0,0.008321516205690705,0.02881202604254219
1,0.9835816294331023,0.9817041920237872
0,0.013380353208955522,0.013963621598505267
0,0.013380353208955522,0.013963621598505267
0,0.013380353208955522,0.013963621598505267
0,0.013380353208955522,0.013963621598505267
0,0.013380353208955522,0.013963621598505267
0,0.013380353208955522,0.013963621598505267
1,0.9859002889777229,0.9860909311993099
0,0.011588707257963422,0.009786720687341474
0,0.013380353208955522,0.013963621598505267
0,0.03728287662436008,0.037914921076106854
0,0.017803028746173004,0.01882787811132649
0,0.013380353208955522,0.013963621598505267
0,0.013380353208955522,0.013963621598505267
0,0.013380353208955522,0.013963621598505267
0,0.022497641472786333,0.01798831346003344
0,0.013380353208955522,0.013963621598505267
0,0.00641756783178709,0.006896781466784354
0,0.026089394420697302,0.023666748603560748
0,0.00641756783178709,0.006896781466784354
0,0.013380353208955522,0.013963621598505267
1,0.9965911902824677,0.996644065105104
0,0.013380353208955522,0.013963621598505267
0,0.00641756783178709,0.006896781466784354
0,0.07554817555000279,0.07273042348307376
0,0.010855506951491393,0.011392045773605045
0,0.07554817555000279,0.07273042348307376
0,0.013380353208955522,0.013963621598505267
0,0.013380353208955522,0.013963621598505267
0,0.011588707257963422,0.009786720687341474
0,0.015872651061186946,0.03743591467554046
0,0.006884668376613047,0.013502623443237237
0,0.013380353208955522,0.013963621598505267
0,0.013380353208955522,0.013963621598505267
0,0.013380353208955522,0.013963621598505267
0,0.010855506951491393,0.011392045773605045
0,0.013380353208955522,0.013963621598505267
0,0.013380353208955522,0.013963621598505267
0,0.013380353208955522,0.013963621598505267
0,0.010855506951491393,0.011392045773605045
0,0.03728287662436008,0.037914921076106854
0,0.03728287662436008,0.037914921076106854
0,0.013380353208955522,0.013963621598505267
0,0.07554817555000279,0.07273042348307376
0,0.017803028746173004,0.01882787811132649
0,0.013380353208955522,0.013963621598505267
0,0.013380353208955522,0.013963621598505267
0,0.013380353208955522,0.013963621598505267
0,0.013380353208955522,0.013963621598505267
1,0.998038143065762,0.9980154318222443
1,0.9863581871997545,0.9886765262925944
0,0.013380353208955522,0.013963621598505267
0,0.013380353208955522,0.013963621598505267
0,0.013380353208955522,0.013963621598505267
0,0.013380353208955522,0.013963621598505267
0,0.013380353208955522,0.013963621598505267
0,0.013380353208955522,0.013963621598505267
0,0.013380353208955522,0.013963621598505267
0,0.017803028746173004,0.01882787811132649
0,0.013380353208955522,0.013963621598505267
0,0.010127520532305314,0.016983512242737593
0,0.013380353208955522,0.013963621598505267
0,0.05198575980269021,0.045954316937033175
0,0.026084124786377817,0.023664074446148663
0,0.07554817555000279,0.07273042348307376
0,0.1523025879879545,0.13126444216073407
1,0.9846118584751069,0.9862242087062209
0,0.010855506951491393,0.011392045773605045
0,0.013380353208955522,0.013963621598505267
0,0.009600456621941287,0.008425936452466115
0,0.013380353208955522,0.013963621598505267
0,0.006884668376613047,0.013502623443237237
0,0.013380353208955522,0.013963621598505267
0,0.013380353208955522,0.013963621598505267
0,0.013380353208955522,0.013963621598505267
0,0.013380353208955522,0.013963621598505267
0,0.013380353208955522,0.013963621598505267
0,0.013380353208955522,0.013963621598505267
0,0.028159707171295418,0.028261489475335425
0,0.00641756783178709,0.006896781466784354
0,0.013380353208955522,0.013963621598505267
0,0.013380353208955522,0.013963621598505267
0,0.013380353208955522,0.013963621598505267
0,0.08892648446874814,0.07057108625479315
1,0.9757325512440445,0.9780345060580027
0,0.013380353208955522,0.013963621598505267
0,0.013380353208955522,0.013963621598505267
0,0.010855506951491393,0.011392045773605045
0,0.07554817555000279,0.07273042348307376
1,0.988293474895606,0.9891062678572778
0,0.013380353208955522,0.013963621598505267
0,0.013380353208955522,0.013963621598505267
0,0.023496872889960975,0.06666951673539111
0,0.013380353208955522,0.013963621598505267
0,0.013380353208955522,0.013963621598505267
0,0.013380353208955522,0.013963621598505267
0,0.013380353208955522,0.013963621598505267
1,0.9900270865689677,0.990718171760401
0,0.013380353208955522,0.013963621598505267
0,0.013380353208955522,0.013963621598505267
0,0.017803028746173004,0.01882787811132649
0,0.013380353208955522,0.013963621598505267
0,0.013380353208955522,0.013963621598505267
0,0.013380353208955522,0.013963621598505267
0,0.013380353208955522,0.013963621598505267
0,0.013380353208955522,0.013963621598505267
0,0.013380353208955522,0.013963621598505267
0,0.017803028746173004,0.01882787811132649
0,0.0076060066214740565,0.009324303156037207
0,0.017803028746173004,0.01882787811132649
0,0.05381826318443013,0.051145854067730215
0,0.011588707257963422,0.009786720687341474
0,0.013380353208955522,0.013963621598505267
0,0.017803028746173004,0.01882787811132649
0,0.013380353208955522,0.013963621598505267
0,0.013380353208955522,0.013963621598505267
0,0.013380353208955522,0.013963621598505267
0,0.013380353208955522,0.013963621598505267
0,0.03873310869260298,0.040050365546474384
0,0.013380353208955522,0.013963621598505267
0,0.007161264344558299,0.014283531399389872
0,0.013380353208955522,0.013963621598505267
0,0.013380353208955522,0.013963621598505267
0,0.013380353208955522,0.013963621598505267
0,0.013380353208955522,0.013963621598505267
0,0.013380353208955522,0.013963621598505267
0,0.017803028746173004,0.01882787811132649
0,0.03728287662436008,0.037914921076106854
0,0.013380353208955522,0.013963621598505267
0,0.013380353208955522,0.013963621598505267
0,0.013380353208955522,0.013963621598505267
0,0.013380353208955522,0.013963621598505267
1,0.9859002889777229,0.9860909311993099
1,0.9863581871997545,0.9886765262925944
0,0.013380353208955522,0.013963621598505267
0,0.013380353208955522,0.013963621598505267
1,0.9912151866976223,0.9919375501744125
0,0.013380353208955522,0.013963621598505267
0,0.03728287662436008,0.037914921076106854
0,0.013380353208955522,0.013963621598505267
0,0.013380353208955522,0.013963621598505267
0,0.013380353208955522,0.013963621598505267
0,0.013380353208955522,0.013963621598505267
0,0.013380353208955522,0.013963621598505267
0,0.013380353208955522,0.013963621598505267
0,0.03873310869260298,0.040050365546474384
0,0.013380353208955522,0.013963621598505267
0,0.013380353208955522,0.013963621598505267
0,0.013380353208955522,0.013963621598505267
1,0.9891675272445345,0.9980893649817005
0,0.03873310869260298,0.040050365546474384
0,0.013380353208955522,0.013963621598505267
0,0.013380353208955522,0.013963621598505267
0,0.011588707257963422,0.009786720687341474
0,0.013380353208955522,0.013963621598505267
0,0.013380353208955522,0.013963621598505267
0,0.011588707257963422,0.009786720687341474
0,0.013380353208955522,0.013963621598505267
0,0.013380353208955522,0.013963621598505267
0,0.007161264344558299,0.014283531399389872
0,0.013380353208955522,0.013963621598505267
0,0.015121997779431804,0.018842071649385273
0,0.013380353208955522,0.013963621598505267
0,0.013380353208955522,0.013963621598505267
0,0.013380353208955522,0.013963621598505267
0,0.013380353208955522,0.013963621598505267
0,0.017803028746173004,0.01882787811132649
0,0.03873310869260298,0.040050365546474384
0,0.015939605778591884,0.013523601060379227
0,0.013380353208955522,0.013963621598505267
0,0.013380353208955522,0.013963621598505267
0,0.013380353208955522,0.013963621598505267
0,0.017803028746173004,0.01882787811132649
0,0.010079248840768766,0.01837727541240025
1,0.9929187060329655,0.9921315340487937
0,0.013380353208955522,0.013963621598505267
0,0.013380353208955522,0.013963621598505267
1,0.9942268470140956,0.9930881499210122
0,0.013380353208955522,0.013963621598505267
0,0.013380353208955522,0.013963621598505267
0,0.013380353208955522,0.013963621598505267
0,0.018510101062312108,0.01991054977738671
0,0.013380353208955522,0.013963621598505267
0,0.013380353208955522,0.013963621598505267
0,0.013380353208955522,0.013963621598505267
0,0.013380353208955522,0.013963621598505267
1,0.983196292613706,0.9861202122152033
0,0.05381826318443013,0.051145854067730215
0,0.013380353208955522,0.013963621598505267
0,0.017803028746173004,0.01882787811132649
0,0.013380353208955522,0.013963621598505267
0,0.07554817555000279,0.07273042348307376
0,0.017803028746173004,0.01882787811132649
0,0.013380353208955522,0.013963621598505267
0,0.9900270865689677,0.990718171760401
0,0.013380353208955522,0.013963621598505267
0,0.013380353208955522,0.013963621598505267
0,0.013380353208955522,0.013963621598505267
0,0.013380353208955522,0.013963621598505267
0,0.015939605778591884,0.013523601060379227
0,0.015939605778591884,0.013523601060379227
0,0.013380353208955522,0.013963621598505267
0,0.013380353208955522,0.013963621598505267
0,0.9846118584751069,0.9862242087062209
0,0.028159707171295418,0.028261489475335425
0,0.015939605778591884,0.013523601060379227
0,0.010855506951491393,0.011392045773605045
0,0.013380353208955522,0.013963621598505267
0,0.013380353208955522,0.013963621598505267
0,0.017803028746173004,0.01882787811132649
0,0.013380353208955522,0.013963621598505267
0,0.013380353208955522,0.013963621598505267
0,0.013380353208955522,0.013963621598505267
0,0.011588707257963422,0.009786720687341474
1,0.9863581871997545,0.9886765262925944
0,0.013380353208955522,0.013963621598505267
0,0.013380353208955522,0.013963621598505267
0,0.013380353208955522,0.013963621598505267
0,0.013380353208955522,0.013963621598505267
0,0.013380353208955522,0.013963621598505267
1,0.988293474895606,0.9891062678572778
0,0.013380353208955522,0.013963621598505267
1,0.9900270865689677,0.990718171760401
0,0.013380353208955522,0.013963621598505267
0,0.018510101062312108,0.01991054977738671
0,0.010855506951491393,0.011392045773605045
0,0.013380353208955522,0.013963621598505267
0,0.013380353208955522,0.013963621598505267
0,0.013380353208955522,0.013963621598505267
0,0.013380353208955522,0.013963621598505267
0,0.013380353208955522,0.013963621598505267
0,0.013380353208955522,0.013963621598505267
0,0.013380353208955522,0.013963621598505267
1,0.9863581871997545,0.9886765262925944
0,0.013380353208955522,0.013963621598505267
0,0.00641756783178709,0.006896781466784354
0,0.013380353208955522,0.013963621598505267
0,0.013380353208955522,0.013963621598505267
0,0.013380353208955522,0.013963621598505267
0,0.013380353208955522,0.013963621598505267
1,0.9859002889777229,0.9860909311993099
0,0.05198575980269021,0.045954316937033175
0,0.013380353208955522,0.013963621598505267
0,0.011588707257963422,0.009786720687341474
0,0.07554817555000279,0.07273042348307376
0,0.07554817555000279,0.07273042348307376
0,0.013380353208955522,0.013963621598505267
0,0.013380353208955522,0.013963621598505267
0,0.018510101062312108,0.01991054977738671
0,0.013380353208955522,0.013963621598505267
0,0.017803028746173004,0.01882787811132649
0,0.013380353208955522,0.013963621598505267
1,0.9853106429431978,0.9884192986770267
0,0.013380353208955522,0.013963621598505267
0,0.013380353208955522,0.013963621598505267
1,0.9980820212932497,0.9978684611166789
0,0.013380353208955522,0.013963621598505267
0,0.013380353208955522,0.013963621598505267
0,0.018510101062312108,0.01991054977738671
0,0.013380353208955522,0.013963621598505267
0,0.013380353208955522,0.013963621598505267
0,0.015939605778591884,0.013523601060379227
0,0.07554817555000279,0.07273042348307376
0,0.013380353208955522,0.013963621598505267
0,0.013380353208955522,0.013963621598505267
0,0.013380353208955522,0.013963621598505267
0,0.03873310869260298,0.040050365546474384
1,0.9970879719736984,0.9953115271407368
0,0.9863581871997545,0.9886765262925944
0,0.017803028746173004,0.01882787811132649
0,0.03873310869260298,0.040050365546474384
0,0.026043992738410793,0.023643701237469693
0,0.013380353208955522,0.013963621598505267
0,0.013380353208955522,0.013963621598505267
0,0.013380353208955522,0.013963621598505267
0,0.013380353208955522,0.013963621598505267
0,0.0076060066214740565,0.009324303156037207
0,0.013380353208955522,0.013963621598505267
0,0.013380353208955522,0.013963621598505267
0,0.013380353208955522,0.013963621598505267
0,0.013380353208955522,0.013963621598505267
0,0.013380353208955522,0.013963621598505267
0,0.05198575980269021,0.045954316937033175
0,0.0259315908674821,0.025575186601986825
0,0.013380353208955522,0.013963621598505267
0,0.03728287662436008,0.037914921076106854
0,0.013380353208955522,0.013963621598505267
0,0.013380353208955522,0.013963621598505267
0,0.013380353208955522,0.013963621598505267
1,0.987480384514574,0.9901318366550416
0,0.013380353208955522,0.013963621598505267
0,0.013380353208955522,0.013963621598505267
0,0.013380353208955522,0.013963621598505267
0,0.0568713045869251,0.11765258042150675
1,0.9883288071935492,0.9842303828113439
0,0.00641756783178709,0.006896781466784354
0,0.013380353208955522,0.013963621598505267
0,0.013380353208955522,0.013963621598505267
0,0.013380353208955522,0.013963621598505267
0,0.013380353208955522,0.013963621598505267
0,0.013380353208955522,0.013963621598505267
0,0.03728287662436008,0.037914921076106854
0,0.013380353208955522,0.013963621598505267
0,0.013380353208955522,0.013963621598505267
0,0.05198575980269021,0.045954316937033175
0,0.013380353208955522,0.013963621598505267
0,0.08217623160121089,0.06386817650206902
0,0.007161264344558299,0.014283531399389872
0,0.017803028746173004,0.01882787811132649
0,0.015121997779431804,0.018842071649385273
0,0.013380353208955522,0.013963621598505267
0,0.013380353208955522,0.013963621598505267
1,0.9866719994395371,0.9850615071313441
0,0.00641756783178709,0.006896781466784354
0,0.00641756783178709,0.006896781466784354
0,0.013380353208955522,0.013963621598505267
0,0.013380353208955522,0.013963621598505267
0,0.017803028746173004,0.01882787811132649
0,0.017803028746173004,0.01882787811132649
0,0.0076060066214740565,0.009324303156037207
0,0.013380353208955522,0.013963621598505267
0,0.013380353208955522,0.013963621598505267
0,0.013380353208955522,0.013963621598505267
0,0.013380353208955522,0.013963621598505267
0,0.05381826318443013,0.051145854067730215
0,0.013380353208955522,0.013963621598505267
0,0.015939605778591884,0.013523601060379227
0,0.03873310869260298,0.040050365546474384
0,0.07554817555000279,0.07273042348307376
0,0.013380353208955522,0.013963621598505267
0,0.013380353208955522,0.013963621598505267
0,0.013380353208955522,0.013963621598505267
0,0.01604274436580806,0.013979981098646808
0,0.013380353208955522,0.013963621598505267
0,0.013380353208955522,0.013963621598505267
1,0.998038143065762,0.9980154318222443
0,0.013380353208955522,0.013963621598505267
0,0.013380353208955522,0.013963621598505267
0,0.013380353208955522,0.013963621598505267
1,0.9863581871997545,0.9886765262925944
0,0.013380353208955522,0.013963621598505267
0,0.010660452696828665,0.013137175946607708
0,0.013380353208955522,0.013963621598505267
0,0.013380353208955522,0.013963621598505267
0,0.013380353208955522,0.013963621598505267
0,0.013380353208955522,0.013963621598505267
0,0.013380353208955522,0.013963621598505267
0,0.013380353208955522,0.013963621598505267
0,0.013380353208955522,0.013963621598505267
0,0.013380353208955522,0.013963621598505267
0,0.013380353208955522,0.013963621598505267
1,0.9900270865689677,0.990718171760401
0,0.013380353208955522,0.013963621598505267
0,0.013380353208955522,0.013963621598505267
0,0.00641756783178709,0.006896781466784354
0,0.013380353208955522,0.013963621598505267
1,0.9883288071935492,0.9842303828113439
0,0.013380353208955522,0.013963621598505267
0,0.010157548794446039,0.017011398097306105
0,0.013380353208955522,0.013963621598505267
0,0.013380353208955522,0.013963621598505267
0,0.013380353208955522,0.013963621598505267
0,0.013380353208955522,0.013963621598505267
0,0.013380353208955522,0.013963621598505267
0,0.013380353208955522,0.013963621598505267
0,0.013380353208955522,0.013963621598505267
0,0.011588707257963422,0.009786720687341474
0,0.03873310869260298,0.040050365546474384
0,0.009600456621941287,0.008425936452466115
0,0.015939605778591884,0.013523601060379227
0,0.07554817555000279,0.07273042348307376
0,0.013380353208955522,0.013963621598505267
1,0.9985659885023133,0.9979579482665675
0,0.013380353208955522,0.013963621598505267
0,0.011588707257963422,0.009786720687341474
0,0.013380353208955522,0.013963621598505267
0,0.013380353208955522,0.013963621598505267
0,0.013380353208955522,0.013963621598505267
0,0.013380353208955522,0.013963621598505267
0,0.013380353208955522,0.013963621598505267
0,0.013380353208955522,0.013963621598505267
0,0.013380353208955522,0.013963621598505267
0,0.026046880505801517,0.023645167672965147
0,0.013380353208955522,0.013963621598505267
0,0.010855506951491393,0.011392045773605045
0,0.013380353208955522,0.013963621598505267
0,0.015939605778591884,0.013523601060379227
0,0.013380353208955522,0.013963621598505267
0,0.013380353208955522,0.013963621598505267
0,0.013380353208955522,0.013963621598505267
0,0.00641756783178709,0.006896781466784354
0,0.013380353208955522,0.013963621598505267
0,0.08892648446874814,0.07057108625479315
0,0.013380353208955522,0.013963621598505267
0,0.013380353208955522,0.013963621598505267
0,0.011445117309170496,0.008158975081282636
0,0.08892648446874814,0.07057108625479315
0,0.013380353208955522,0.013963621598505267
0,0.013380353208955522,0.013963621598505267
0,0.013380353208955522,0.013963621598505267
0,0.013380353208955522,0.013963621598505267
0,0.013380353208955522,0.013963621598505267
0,0.013380353208955522,0.013963621598505267
0,0.017803028746173004,0.01882787811132649
0,0.013380353208955522,0.013963621598505267
0,0.013380353208955522,0.013963621598505267
0,0.013380353208955522,0.013963621598505267
0,0.011588707257963422,0.009786720687341474
0,0.009070957536364766,0.009029137755971497
0,0.013380353208955522,0.013963621598505267
0,0.017803028746173004,0.01882787811132649
0,0.013380353208955522,0.013963621598505267
0,0.013380353208955522,0.013963621598505267
0,0.03728287662436008,0.037914921076106854
0,0.013380353208955522,0.013963621598505267
0,0.013380353208955522,0.013963621598505267
0,0.013380353208955522,0.013963621598505267
0,0.024645513232695107,0.017276932680583997
0,0.013380353208955522,0.013963621598505267
0,0.013380353208955522,0.013963621598505267
0,0.9864838630646375,0.9844643151452775
0,0.013380353208955522,0.013963621598505267
0,0.013380353208955522,0.013963621598505267
0,0.017803028746173004,0.01882787811132649
0,0.013380353208955522,0.013963621598505267
0,0.013380353208955522,0.013963621598505267
1,0.9863581871997545,0.9886765262925944
0,0.013380353208955522,0.013963621598505267
0,0.013380353208955522,0.013963621598505267
0,0.015939605778591884,0.013523601060379227
1,0.9970506729964265,0.9962587793027101
1,0.9846118584751069,0.9862242087062209
0,0.013380353208955522,0.013963621598505267
0,0.011588707257963422,0.009786720687341474
0,0.013380353208955522,0.013963621598505267
0,0.013380353208955522,0.013963621598505267
0,0.013380353208955522,0.013963621598505267
0,0.013380353208955522,0.013963621598505267
0,0.010855506951491393,0.011392045773605045
0,0.013380353208955522,0.013963621598505267
0,0.0076060066214740565,0.009324303156037207
0,0.013380353208955522,0.013963621598505267
0,0.013380353208955522,0.013963621598505267
0,0.010855506951491393,0.011392045773605045
0,0.013380353208955522,0.013963621598505267
0,0.013380353208955522,0.013963621598505267
0,0.013380353208955522,0.013963621598505267
0,0.013380353208955522,0.013963621598505267
0,0.013380353208955522,0.013963621598505267
0,0.013380353208955522,0.013963621598505267
0,0.013380353208955522,0.013963621598505267
0,0.05381826318443013,0.051145854067730215
0,0.013380353208955522,0.013963621598505267
0,0.013380353208955522,0.013963621598505267
1,0.9859002889777229,0.9860909311993099
0,0.00641756783178709,0.006896781466784354
1,0.9859002889777229,0.9860909311993099
0,0.013380353208955522,0.013963621598505267
0,0.013380353208955522,0.013963621598505267
0,0.013380353208955522,0.013963621598505267
0,0.013380353208955522,0.013963621598505267
0,0.013380353208955522,0.013963621598505267
0,0.010610299778031051,0.017427489083578843
0,0.013380353208955522,0.013963621598505267
0,0.013380353208955522,0.013963621598505267
0,0.013380353208955522,0.013963621598505267
0,0.013380353208955522,0.013963621598505267
0,0.013380353208955522,0.013963621598505267
0,0.07554817555000279,0.07273042348307376
0,0.013380353208955522,0.013963621598505267
0,0.013380353208955522,0.013963621598505267
1,0.9863581871997545,0.9886765262925944
0,0.013380353208955522,0.013963621598505267
0,0.013380353208955522,0.013963621598505267
0,0.017803028746173004,0.01882787811132649
0,0.013380353208955522,0.013963621598505267
0,0.013380353208955522,0.013963621598505267
0,0.013380353208955522,0.013963621598505267
0,0.013380353208955522,0.013963621598505267
0,0.00641756783178709,0.006896781466784354
0,0.013380353208955522,0.013963621598505267
0,0.013380353208955522,0.013963621598505267
0,0.01012308164412,0.01697938693195717
0,0.03873310869260298,0.040050365546474384
0,0.013380353208955522,0.013963621598505267
0,0.017803028746173004,0.01882787811132649
0,0.07554817555000279,0.07273042348307376
0,0.017803028746173004,0.01882787811132649
0,0.013380353208955522,0.013963621598505267
0,0.9863581871997545,0.9886765262925944
0,0.013380353208955522,0.013963621598505267
0,0.013380353208955522,0.013963621598505267
0,0.013380353208955522,0.013963621598505267
0,0.07554817555000279,0.07273042348307376
0,0.013380353208955522,0.013963621598505267
1,0.988293474895606,0.9891062678572778
0,0.013380353208955522,0.013963621598505267
1,0.9863581871997545,0.9886765262925944
0,0.013380353208955522,0.013963621598505267
0,0.013380353208955522,0.013963621598505267
1,0.9975149069740874,0.997253138266172
0,0.013380353208955522,0.013963621598505267
0,0.028159707171295418,0.028261489475335425
0,0.013380353208955522,0.013963621598505267
0,0.013380353208955522,0.013963621598505267
0,0.013380353208955522,0.013963621598505267
0,0.013380353208955522,0.013963621598505267
0,0.03728287662436008,0.037914921076106854
0,0.07554817555000279,0.07273042348307376
0,0.013380353208955522,0.013963621598505267
0,0.9968991251883845,0.9987850992390711
0,0.013380353208955522,0.013963621598505267
1,0.9966704001540214,0.9955612629889523
1,0.9900270865689677,0.990718171760401
0,0.013380353208955522,0.013963621598505267
0,0.013380353208955522,0.013963621598505267
0,0.010855506951491393,0.011392045773605045
0,0.013380353208955522,0.013963621598505267
0,0.09549117107337264,0.13247271499454205
0,0.013380353208955522,0.013963621598505267
0,0.013380353208955522,0.013963621598505267
0,0.013380353208955522,0.013963621598505267
0,0.013380353208955522,0.013963621598505267
0,0.013380353208955522,0.013963621598505267
0,0.013380353208955522,0.013963621598505267
0,0.07554817555000279,0.07273042348307376
0,0.013380353208955522,0.013963621598505267
0,0.013380353208955522,0.013963621598505267
0,0.013380353208955522,0.013963621598505267
0,0.013380353208955522,0.013963621598505267
1,0.9877251660394587,0.9916095040937467
0,0.013380353208955522,0.013963621598505267
0,0.013380353208955522,0.013963621598505267
0,0.016111423193041992,0.01896315923197983
0,0.013380353208955522,0.013963621598505267
0,0.017803028746173004,0.01882787811132649
1,0.9863581871997545,0.9886765262925944
0,0.08217623160121089,0.06386817650206902
0,0.013380353208955522,0.013963621598505267
0,0.997478304753843,0.9975177951540811
0,0.013380353208955522,0.013963621598505267
0,0.013380353208955522,0.013963621598505267
0,0.07554817555000279,0.07273042348307376
0,0.013380353208955522,0.013963621598505267
0,0.013380353208955522,0.013963621598505267
0,0.013380353208955522,0.013963621598505267
0,0.013380353208955522,0.013963621598505267
0,0.015939605778591884,0.013523601060379227
0,0.013380353208955522,0.013963621598505267
0,0.013380353208955522,0.013963621598505267
0,0.013380353208955522,0.013963621598505267
0,0.013380353208955522,0.013963621598505267
0,0.013380353208955522,0.013963621598505267
0,0.013380353208955522,0.013963621598505267
0,0.013380353208955522,0.013963621598505267
0,0.07554817555000279,0.07273042348307376
0,0.00641756783178709,0.006896781466784354
1,0.996621028978283,0.9968300557861445
0,0.013380353208955522,0.013963621598505267
1,0.9900270865689677,0.990718171760401
0,0.013380353208955522,0.013963621598505267
0,0.013380353208955522,0.013963621598505267
1,0.9810529755597988,0.9831237253344035
0,0.013380353208955522,0.013963621598505267
1,0.9866719994395371,0.9850615071313441
0,0.013380353208955522,0.013963621598505267
0,0.013380353208955522,0.013963621598505267
0,0.013380353208955522,0.013963621598505267
1,0.9933508752398047,0.9931786869225149
0,0.011588707257963422,0.009786720687341474
0,0.03728287662436008,0.037914921076106854
0,0.013380353208955522,0.013963621598505267
0,0.016761720119385162,0.02984376557612192
0,0.013380353208955522,0.013963621598505267
0,0.013380353208955522,0.013963621598505267
0,0.03873310869260298,0.040050365546474384
0,0.013380353208955522,0.013963621598505267
0,0.013380353208955522,0.013963621598505267
0,0.013380353208955522,0.013963621598505267
0,0.9863581871997545,0.9886765262925944
0,0.013380353208955522,0.013963621598505267
0,0.013380353208955522,0.013963621598505267
0,0.013380353208955522,0.013963621598505267
1,0.9863581871997545,0.9886765262925944
0,0.013380353208955522,0.013963621598505267
0,0.07554817555000279,0.07273042348307376
0,0.013380353208955522,0.013963621598505267
0,0.013380353208955522,0.013963621598505267
0,0.013380353208955522,0.013963621598505267
1,0.013380353208955522,0.013963621598505267
1,0.9863581871997545,0.9886765262925944
0,0.013380353208955522,0.013963621598505267
0,0.013380353208955522,0.013963621598505267
0,0.010855506951491393,0.011392045773605045
0,0.013380353208955522,0.013963621598505267
1,0.9970153384360304,0.998754919793226
1,0.9917263592298472,0.9931830134039398
0,0.013380353208955522,0.013963621598505267
0,0.9977100820874614,0.9979364103099526
0,0.013380353208955522,0.013963621598505267
1,0.9846118584751069,0.9862242087062209
0,0.013380353208955522,0.013963621598505267
0,0.013380353208955522,0.013963621598505267
0,0.013380353208955522,0.013963621598505267
0,0.013380353208955522,0.013963621598505267
0,0.010660452696828665,0.013137175946607708
0,0.013380353208955522,0.013963621598505267
0,0.010855506951491393,0.011392045773605045
0,0.00641756783178709,0.006896781466784354
0,0.03873310869260298,0.040050365546474384
0,0.013380353208955522,0.013963621598505267
0,0.013380353208955522,0.013963621598505267
0,0.013380353208955522,0.013963621598505267
0,0.013380353208955522,0.013963621598505267
0,0.011588707257963422,0.009786720687341474
0,0.013380353208955522,0.013963621598505267
0,0.013380353208955522,0.013963621598505267
0,0.05198575980269021,0.045954316937033175
0,0.013380353208955522,0.013963621598505267
0,0.013380353208955522,0.013963621598505267
0,0.019750618440541268,0.029184032174143854
0,0.013380353208955522,0.013963621598505267
0,0.013380353208955522,0.013963621598505267
0,0.013380353208955522,0.013963621598505267
1,0.9911840702941898,0.9963406902905778
0,0.013380353208955522,0.013963621598505267
1,0.9900270865689677,0.990718171760401
0,0.9970879719736984,0.9953115271407368
0,0.07125302509285644,0.0743080308767092
1,0.9846118584751069,0.9862242087062209
0,0.010660452696828665,0.013137175946607708
0,0.996621028978283,0.9968300557861445
0,0.00641756783178709,0.006896781466784354
0,0.013380353208955522,0.013963621598505267
0,0.010660452696828665,0.013137175946607708
0,0.013380353208955522,0.013963621598505267
1,0.9866719994395371,0.9850615071313441
0,0.013380353208955522,0.013963621598505267
0,0.017803028746173004,0.01882787811132649
0,0.013380353208955522,0.013963621598505267
0,0.013380353208955522,0.013963621598505267
0,0.013380353208955522,0.013963621598505267
0,0.011588707257963422,0.009786720687341474
0,0.013380353208955522,0.013963621598505267
0,0.013380353208955522,0.013963621598505267
0,0.013380353208955522,0.013963621598505267
0,0.017803028746173004,0.01882787811132649
0,0.013380353208955522,0.013963621598505267
0,0.013380353208955522,0.013963621598505267
0,0.013380353208955522,0.013963621598505267
0,0.013380353208955522,0.013963621598505267
0,0.013380353208955522,0.013963621598505267
0,0.01485143325776784,0.02170340534895081
0,0.013380353208955522,0.013963621598505267
0,0.013380353208955522,0.013963621598505267
0,0.013380353208955522,0.013963621598505267
0,0.013380353208955522,0.013963621598505267
0,0.013380353208955522,0.013963621598505267
0,0.018510101062312108,0.01991054977738671
0,0.010140778367504738,0.01699582871144391
1,0.9977100820874614,0.9979364103099526
0,0.028159707171295418,0.028261489475335425
0,0.017803028746173004,0.01882787811132649
0,0.013380353208955522,0.013963621598505267
0,0.9773797480019408,0.9674160901693222
0,0.013380353208955522,0.013963621598505267
0,0.07554817555000279,0.07273042348307376
0,0.013380353208955522,0.013963621598505267
0,0.013380353208955522,0.013963621598505267
0,0.013380353208955522,0.013963621598505267
0,0.013380353208955522,0.013963621598505267
0,0.013380353208955522,0.013963621598505267
0,0.013380353208955522,0.013963621598505267
0,0.017803028746173004,0.01882787811132649
0,0.013380353208955522,0.013963621598505267
0,0.011588707257963422,0.009786720687341474
0,0.07554817555000279,0.07273042348307376
0,0.00641756783178709,0.006896781466784354
0,0.021190035729187786,0.018237410562750984
0,0.03122861730995553,0.023021764792011318
0,0.013380353208955522,0.013963621598505267
0,0.013380353208955522,0.013963621598505267
0,0.013380353208955522,0.013963621598505267
0,0.013380353208955522,0.013963621598505267
0,0.03873310869260298,0.040050365546474384
0,0.013380353208955522,0.013963621598505267
0,0.013380353208955522,0.013963621598505267
0,0.16172181475716266,0.13586054523934452
0,0.013380353208955522,0.013963621598505267
0,0.00641756783178709,0.006896781466784354
0,0.013380353208955522,0.013963621598505267
0,0.013380353208955522,0.013963621598505267
0,0.010855506951491393,0.011392045773605045
0,0.03728287662436008,0.037914921076106854
1,0.9863581871997545,0.9886765262925944
0,0.0076060066214740565,0.009324303156037207
0,0.013380353208955522,0.013963621598505267
0,0.013380353208955522,0.013963621598505267
0,0.013380353208955522,0.013963621598505267
0,0.013380353208955522,0.013963621598505267
0,0.013380353208955522,0.013963621598505267
0,0.00641756783178709,0.006896781466784354
0,0.013380353208955522,0.013963621598505267
0,0.013380353208955522,0.013963621598505267
0,0.013380353208955522,0.013963621598505267
0,0.010119660004477215,0.016976206458313048
0,0.988293474895606,0.9891062678572778
0,0.010119660004477215,0.016976206458313048
1,0.988929514076436,0.996108135655506
0,0.07554817555000279,0.07273042348307376
0,0.013380353208955522,0.013963621598505267
0,0.013380353208955522,0.013963621598505267
0,0.013380353208955522,0.013963621598505267
0,0.013380353208955522,0.013963621598505267
0,0.00641756783178709,0.006896781466784354
0,0.03873310869260298,0.040050365546474384
0,0.024918606072847536,0.06879057432855852
0,0.026070716474326926,0.02365726914949656
0,0.017803028746173004,0.01882787811132649
0,0.013380353208955522,0.013963621598505267
0,0.05381826318443013,0.051145854067730215
0,0.013380353208955522,0.013963621598505267
0,0.03873310869260298,0.040050365546474384
0,0.013380353208955522,0.013963621598505267
0,0.013380353208955522,0.013963621598505267
0,0.013380353208955522,0.013963621598505267
0,0.013380353208955522,0.013963621598505267
0,0.03728287662436008,0.037914921076106854
0,0.013380353208955522,0.013963621598505267
0,0.013380353208955522,0.013963621598505267
0,0.013380353208955522,0.013963621598505267
0,0.013380353208955522,0.013963621598505267
0,0.013380353208955522,0.013963621598505267
0,0.013380353208955522,0.013963621598505267
0,0.013380353208955522,0.013963621598505267
0,0.010119660004477215,0.016976206458313048
0,0.08892648446874814,0.07057108625479315
1,0.9863581871997545,0.9886765262925944
0,0.013380353208955522,0.013963621598505267
0,0.013380353208955522,0.013963621598505267
0,0.013380353208955522,0.013963621598505267
0,0.018510101062312108,0.01991054977738671
0,0.013380353208955522,0.013963621598505267
0,0.015872651061186946,0.03743591467554046
0,0.013380353208955522,0.013963621598505267
0,0.00641756783178709,0.006896781466784354
0,0.03728287662436008,0.037914921076106854
0,0.020108614858781064,0.025362035275601144
1,0.9966704001540214,0.9955612629889523
0,0.013380353208955522,0.013963621598505267
0,0.013380353208955522,0.013963621598505267
0,0.013380353208955522,0.013963621598505267
0,0.013380353208955522,0.013963621598505267
0,0.013380353208955522,0.013963621598505267
0,0.010855506951491393,0.011392045773605045
0,0.013380353208955522,0.013963621598505267
0,0.013380353208955522,0.013963621598505267
0,0.013380353208955522,0.013963621598505267
0,0.017803028746173004,0.01882787811132649
0,0.013380353208955522,0.013963621598505267
0,0.013380353208955522,0.013963621598505267
0,0.013380353208955522,0.013963621598505267
0,0.015939605778591884,0.013523601060379227
0,0.013380353208955522,0.013963621598505267
0,0.013380353208955522,0.013963621598505267
0,0.015121997779431804,0.018842071649385273
0,0.013380353208955522,0.013963621598505267
0,0.03728287662436008,0.037914921076106854
1,0.9863581871997545,0.9886765262925944
0,0.013380353208955522,0.013963621598505267
0,0.03728287662436008,0.037914921076106854
0,0.013380353208955522,0.013963621598505267
0,0.013380353208955522,0.013963621598505267
0,0.013380353208955522,0.013963621598505267
0,0.013380353208955522,0.013963621598505267
0,0.013380353208955522,0.013963621598505267
0,0.013380353208955522,0.013963621598505267
0,0.07554817555000279,0.07273042348307376
0,0.07554817555000279,0.07273042348307376
0,0.015872651061186946,0.03743591467554046
0,0.015939605778591884,0.013523601060379227
0,0.010855506951491393,0.011392045773605045
0,0.013380353208955522,0.013963621598505267
0,0.013380353208955522,0.013963621598505267
1,0.9846118584751069,0.9862242087062209
0,0.013380353208955522,0.013963621598505267
0,0.013380353208955522,0.013963621598505267
0,0.0076060066214740565,0.009324303156037207
1,0.9900270865689677,0.990718171760401
0,0.013380353208955522,0.013963621598505267
0,0.013380353208955522,0.013963621598505267
0,0.013380353208955522,0.013963621598505267
0,0.018510101062312108,0.01991054977738671
1,0.9900270865689677,0.990718171760401
0,0.013380353208955522,0.013963621598505267
0,0.018510101062312108,0.01991054977738671
0,0.013380353208955522,0.013963621598505267
0,0.013380353208955522,0.013963621598505267
0,0.013380353208955522,0.013963621598505267
0,0.08892648446874814,0.07057108625479315
1,0.9863581871997545,0.9886765262925944
0,0.013380353208955522,0.013963621598505267
0,0.013380353208955522,0.013963621598505267
0,0.013380353208955522,0.013963621598505267
0,0.013380353208955522,0.013963621598505267
0,0.013380353208955522,0.013963621598505267
0,0.013380353208955522,0.013963621598505267
0,0.013380353208955522,0.013963621598505267
0,0.016111423193041992,0.01896315923197983
0,0.013380353208955522,0.013963621598505267
1,0.9942268470140956,0.9930881499210122
0,0.013380353208955522,0.013963621598505267
0,0.013380353208955522,0.013963621598505267
1,0.9942268470140956,0.9930881499210122
0,0.013380353208955522,0.013963621598505267
0,0.026046880505801517,0.023645167672965147
0,0.013380353208955522,0.013963621598505267
0,0.013380353208955522,0.013963621598505267
1,0.988929514076436,0.996108135655506
0,0.013380353208955522,0.013963621598505267
0,0.013380353208955522,0.013963621598505267
0,0.07554817555000279,0.07273042348307376
0,0.013380353208955522,0.013963621598505267
0,0.013380353208955522,0.013963621598505267
0,0.029825339117894673,0.03721728584941332
0,0.013380353208955522,0.013963621598505267
0,0.03873310869260298,0.040050365546474384
0,0.013380353208955522,0.013963621598505267
0,0.013380353208955522,0.013963621598505267
0,0.013380353208955522,0.013963621598505267
0,0.02258560670804316,0.01661594258113113
0,0.013380353208955522,0.013963621598505267
0,0.013380353208955522,0.013963621598505267
0,0.09640204996614893,0.10326342910910641
0,0.013380353208955522,0.013963621598505267
0,0.013380353208955522,0.013963621598505267
0,0.013380353208955522,0.013963621598505267
0,0.012708632935418138,0.009396583323520379
1,0.9883288071935492,0.9842303828113439
0,0.013380353208955522,0.013963621598505267
0,0.013380353208955522,0.013963621598505267
0,0.010855506951491393,0.011392045773605045
0,0.013380353208955522,0.013963621598505267
0,0.07554817555000279,0.07273042348307376
0,0.013380353208955522,0.013963621598505267
0,0.05198575980269021,0.045954316937033175
0,0.013380353208955522,0.013963621598505267
0,0.013380353208955522,0.013963621598505267
0,0.013380353208955522,0.013963621598505267
0,0.03873310869260298,0.040050365546474384
0,0.013380353208955522,0.013963621598505267
0,0.013380353208955522,0.013963621598505267
0,0.017803028746173004,0.01882787811132649
0,0.013380353208955522,0.013963621598505267
0,0.013380353208955522,0.013963621598505267
1,0.996621028978283,0.9968300557861445
0,0.018510101062312108,0.01991054977738671
0,0.013380353208955522,0.013963621598505267
0,0.015872651061186946,0.03743591467554046
0,0.013380353208955522,0.013963621598505267
0,0.013380353208955522,0.013963621598505267
0,0.017803028746173004,0.01882787811132649
0,0.013380353208955522,0.013963621598505267
1,0.9846118584751069,0.9862242087062209
0,0.013380353208955522,0.013963621598505267
0,0.011588707257963422,0.009786720687341474
0,0.010266791733745218,0.017112538691269278
0,0.017803028746173004,0.01882787811132649
0,0.013380353208955522,0.013963621598505267
0,0.0259315908674821,0.025575186601986825
0,0.017803028746173004,0.01882787811132649
0,0.013380353208955522,0.013963621598505267
1,0.9859002889777229,0.9860909311993099
0,0.013380353208955522,0.013963621598505267
0,0.013380353208955522,0.013963621598505267
0,0.013380353208955522,0.013963621598505267
0,0.017803028746173004,0.01882787811132649
1,0.9948945954606889,0.9949704602753163
0,0.013380353208955522,0.013963621598505267
0,0.00641756783178709,0.006896781466784354
0,0.013380353208955522,0.013963621598505267
0,0.03873310869260298,0.040050365546474384
0,0.013380353208955522,0.013963621598505267
0,0.013380353208955522,0.013963621598505267
0,0.013380353208955522,0.013963621598505267
0,0.020108614858781064,0.025362035275601144
0,0.013380353208955522,0.013963621598505267
0,0.0060350836726025675,0.010575617004172096
1,0.9977100820874614,0.9979364103099526
0,0.013380353208955522,0.013963621598505267
1,0.988293474895606,0.9891062678572778
0,0.013380353208955522,0.013963621598505267
0,0.013380353208955522,0.013963621598505267
1,0.9859002889777229,0.9860909311993099
0,0.017803028746173004,0.01882787811132649
1,0.9965911902824677,0.996644065105104
0,0.013380353208955522,0.013963621598505267
0,0.013380353208955522,0.013963621598505267
0,0.013380353208955522,0.013963621598505267
0,0.013380353208955522,0.013963621598505267
0,0.013380353208955522,0.013963621598505267
1,0.9863581871997545,0.9886765262925944
0,0.013380353208955522,0.013963621598505267
0,0.010660452696828665,0.013137175946607708
0,0.9966704001540214,0.9955612629889523
0,0.013380353208955522,0.013963621598505267
0,0.03728287662436008,0.037914921076106854
0,0.013380353208955522,0.013963621598505267
0,0.013380353208955522,0.013963621598505267
0,0.013380353208955522,0.013963621598505267
0,0.013380353208955522,0.013963621598505267
0,0.013380353208955522,0.013963621598505267
0,0.0076060066214740565,0.009324303156037207
0,0.013380353208955522,0.013963621598505267
0,0.013380353208955522,0.013963621598505267
0,0.07554817555000279,0.07273042348307376
0,0.013380353208955522,0.013963621598505267
0,0.018510101062312108,0.01991054977738671
0,0.016473469880927724,0.029560097414322112
1,0.9885527992945665,0.988307243294179
0,0.013380353208955522,0.013963621598505267
0,0.03873310869260298,0.040050365546474384
0,0.013380353208955522,0.013963621598505267
0,0.013380353208955522,0.013963621598505267
0,0.013380353208955522,0.013963621598505267
0,0.013380353208955522,0.013963621598505267
0,0.013380353208955522,0.013963621598505267
0,0.013380353208955522,0.013963621598505267
0,0.010855506951491393,0.011392045773605045
0,0.03728287662436008,0.037914921076106854
0,0.013380353208955522,0.013963621598505267
1,0.9792873170684473,0.9812536067787853
0,0.05401594609146768,0.04736288578723243
0,0.013380353208955522,0.013963621598505267
1,0.9977100820874614,0.9979364103099526
0,0.015872651061186946,0.03743591467554046
1,0.9863581871997545,0.9886765262925944
0,0.013380353208955522,0.013963621598505267
0,0.013380353208955522,0.013963621598505267
0,0.013380353208955522,0.013963621598505267
0,0.013380353208955522,0.013963621598505267
0,0.017803028746173004,0.01882787811132649
0,0.05198575980269021,0.045954316937033175
0,0.015121997779431804,0.018842071649385273
0,0.013380353208955522,0.013963621598505267
0,0.9970879719736984,0.9953115271407368
1,0.9966704001540214,0.9955612629889523
0,0.013380353208955522,0.013963621598505267
0,0.013380353208955522,0.013963621598505267
0,0.012064585854800962,0.012978250807921215
0,0.013380353208955522,0.013963621598505267
0,0.013380353208955522,0.013963621598505267
1,0.988293474895606,0.9891062678572778
0,0.013380353208955522,0.013963621598505267
1,0.9863581871997545,0.9886765262925944
0,0.013380353208955522,0.013963621598505267
0,0.03728287662436008,0.037914921076106854
0,0.013380353208955522,0.013963621598505267
0,0.013380353208955522,0.013963621598505267
0,0.03873310869260298,0.040050365546474384
1,0.9863581871997545,0.9886765262925944
0,0.010855506951491393,0.011392045773605045
0,0.013380353208955522,0.013963621598505267
0,0.013380353208955522,0.013963621598505267
0,0.013380353208955522,0.013963621598505267
0,0.0076060066214740565,0.009324303156037207
0,0.010855506951491393,0.011392045773605045
0,0.013380353208955522,0.013963621598505267
0,0.013380353208955522,0.013963621598505267
0,0.013380353208955522,0.013963621598505267
0,0.08892648446874814,0.07057108625479315
0,0.013380353208955522,0.013963621598505267
0,0.013380353208955522,0.013963621598505267
0,0.01012308164412,0.01697938693195717
0,0.013380353208955522,0.013963621598505267
0,0.010660452696828665,0.013137175946607708
0,0.018510101062312108,0.01991054977738671
0,0.013380353208955522,0.013963621598505267
0,0.013380353208955522,0.013963621598505267
0,0.007161264344558299,0.014283531399389872
0,0.03873310869260298,0.040050365546474384
0,0.009600456621941287,0.008425936452466115
0,0.013380353208955522,0.013963621598505267
0,0.017803028746173004,0.01882787811132649
0,0.013380353208955522,0.013963621598505267
0,0.013380353208955522,0.013963621598505267
0,0.013380353208955522,0.013963621598505267
0,0.013380353208955522,0.013963621598505267
0,0.013380353208955522,0.013963621598505267
1,0.9863581871997545,0.9886765262925944
0,0.013380353208955522,0.013963621598505267
0,0.013380353208955522,0.013963621598505267
0,0.013380353208955522,0.013963621598505267
0,0.013380353208955522,0.013963621598505267
0,0.013380353208955522,0.013963621598505267
0,0.013380353208955522,0.013963621598505267
0,0.013380353208955522,0.013963621598505267
0,0.018510101062312108,0.01991054977738671
0,0.013380353208955522,0.013963621598505267
0,0.013380353208955522,0.013963621598505267
0,0.013380353208955522,0.013963621598505267
0,0.9846118584751069,0.9862242087062209
1,0.9846118584751069,0.9862242087062209
0,0.03728287662436008,0.037914921076106854
0,0.013380353208955522,0.013963621598505267
0,0.010660452696828665,0.013137175946607708
1,0.9818302078676748,0.9887213248875314
0,0.03728287662436008,0.037914921076106854
0,0.013380353208955522,0.013963621598505267
0,0.013380353208955522,0.013963621598505267
0,0.013380353208955522,0.013963621598505267
0,0.013380353208955522,0.013963621598505267
0,0.07554817555000279,0.07273042348307376
1,0.9863581871997545,0.9886765262925944
0,0.017803028746173004,0.01882787811132649
0,0.013380353208955522,0.013963621598505267
1,0.988293474895606,0.9891062678572778
1,0.9837268263984971,0.9801898404548952
0,0.013380353208955522,0.013963621598505267
1,0.988293474895606,0.9891062678572778
0,0.07554817555000279,0.07273042348307376
0,0.013380353208955522,0.013963621598505267
0,0.013380353208955522,0.013963621598505267
1,0.9900270865689677,0.990718171760401
0,0.013380353208955522,0.013963621598505267
0,0.013380353208955522,0.013963621598505267
0,0.013380353208955522,0.013963621598505267
0,0.010660452696828665,0.013137175946607708
0,0.03873310869260298,0.040050365546474384
1,0.9863581871997545,0.9886765262925944
0,0.013380353208955522,0.013963621598505267
0,0.013380353208955522,0.013963621598505267
0,0.013380353208955522,0.013963621598505267
0,0.013380353208955522,0.013963621598505267
0,0.013380353208955522,0.013963621598505267
0,0.013380353208955522,0.013963621598505267
0,0.017803028746173004,0.01882787811132649
0,0.013380353208955522,0.013963621598505267
0,0.013380353208955522,0.013963621598505267
1,0.991462896583631,0.9899450650947421
0,0.019750618440541268,0.029184032174143854
0,0.013380353208955522,0.013963621598505267
0,0.013380353208955522,0.013963621598505267
0,0.013380353208955522,0.013963621598505267
0,0.013380353208955522,0.013963621598505267
0,0.010660452696828665,0.013137175946607708
0,0.013380353208955522,0.013963621598505267
0,0.013380353208955522,0.013963621598505267
0,0.013380353208955522,0.013963621598505267
0,0.013380353208955522,0.013963621598505267
0,0.07554817555000279,0.07273042348307376
0,0.013380353208955522,0.013963621598505267
0,0.007161264344558299,0.014283531399389872
0,0.988293474895606,0.9891062678572778
1,0.9846118584751069,0.9862242087062209
0,0.013380353208955522,0.013963621598505267
0,0.013380353208955522,0.013963621598505267
0,0.9942268470140956,0.9930881499210122
0,0.020108614858781064,0.025362035275601144
0,0.013380353208955522,0.013963621598505267
0,0.013380353208955522,0.013963621598505267
0,0.013380353208955522,0.013963621598505267
0,0.00641756783178709,0.006896781466784354
0,0.013380353208955522,0.013963621598505267
0,0.013380353208955522,0.013963621598505267
0,0.013380353208955522,0.013963621598505267
0,0.018510101062312108,0.01991054977738671
0,0.013380353208955522,0.013963621598505267
0,0.013380353208955522,0.013963621598505267
0,0.013380353208955522,0.013963621598505267
0,0.013380353208955522,0.013963621598505267
0,0.013380353208955522,0.013963621598505267
0,0.010131640754588922,0.016987340678885583
0,0.015872651061186946,0.03743591467554046
0,0.013380353208955522,0.013963621598505267
0,0.013380353208955522,0.013963621598505267
0,0.018510101062312108,0.01991054977738671
0,0.013380353208955522,0.013963621598505267
0,0.01774707263314755,0.030797288585338638
0,0.018510101062312108,0.01991054977738671
0,0.013380353208955522,0.013963621598505267
0,0.013380353208955522,0.013963621598505267
1,0.996621028978283,0.9968300557861445
0,0.013380353208955522,0.013963621598505267
0,0.013380353208955522,0.013963621598505267
0,0.013380353208955522,0.013963621598505267
0,0.013380353208955522,0.013963621598505267
0,0.013380353208955522,0.013963621598505267
0,0.018510101062312108,0.01991054977738671
0,0.07554817555000279,0.07273042348307376
1,0.9863581871997545,0.9886765262925944
0,0.011588707257963422,0.009786720687341474
1,0.9863581871997545,0.9886765262925944
0,0.013380353208955522,0.013963621598505267
0,0.010855506951491393,0.011392045773605045
0,0.013380353208955522,0.013963621598505267
0,0.013380353208955522,0.013963621598505267
0,0.1422894714771801,0.12627268590895216
0,0.013380353208955522,0.013963621598505267
0,0.013380353208955522,0.013963621598505267
1,0.9983311100521822,0.9983113314026514
0,0.013380353208955522,0.013963621598505267
0,0.013380353208955522,0.013963621598505267
1,0.9901798493096684,0.9887508402014813
0,0.013380353208955522,0.013963621598505267
0,0.07554817555000279,0.07273042348307376
0,0.013380353208955522,0.013963621598505267
0,0.013380353208955522,0.013963621598505267
0,0.013380353208955522,0.013963621598505267
0,0.013380353208955522,0.013963621598505267
0,0.013380353208955522,0.013963621598505267
0,0.07554817555000279,0.07273042348307376
0,0.010855506951491393,0.011392045773605045
0,0.013380353208955522,0.013963621598505267
1,0.9965911902824677,0.996644065105104
0,0.013380353208955522,0.013963621598505267
0,0.013380353208955522,0.013963621598505267
0,0.07554817555000279,0.07273042348307376
0,0.017803028746173004,0.01882787811132649
0,0.010660452696828665,0.013137175946607708
0,0.03728287662436008,0.037914921076106854
0,0.005160111020605343,0.010000145247666452
0,0.07554817555000279,0.07273042348307376
0,0.013380353208955522,0.013963621598505267
0,0.018510101062312108,0.01991054977738671
0,0.013380353208955522,0.013963621598505267
0,0.013380353208955522,0.013963621598505267
0,0.08217623160121089,0.06386817650206902
0,0.017803028746173004,0.01882787811132649
0,0.013380353208955522,0.013963621598505267
0,0.013380353208955522,0.013963621598505267
0,0.013380353208955522,0.013963621598505267
0,0.017803028746173004,0.01882787811132649
0,0.0568713045869251,0.11765258042150675
0,0.03873310869260298,0.040050365546474384
0,0.013380353208955522,0.013963621598505267
1,0.010118006622102488,0.01697466943903053
0,0.03728287662436008,0.037914921076106854
0,0.0076060066214740565,0.009324303156037207
0,0.013380353208955522,0.013963621598505267
0,0.013380353208955522,0.013963621598505267
0,0.013380353208955522,0.013963621598505267
0,0.013380353208955522,0.013963621598505267
0,0.013380353208955522,0.013963621598505267
0,0.013380353208955522,0.013963621598505267
1,0.9900270865689677,0.990718171760401
0,0.013380353208955522,0.013963621598505267
0,0.07554817555000279,0.07273042348307376
0,0.013380353208955522,0.013963621598505267
1,0.9942268470140956,0.9930881499210122
0,0.013380353208955522,0.013963621598505267
0,0.013380353208955522,0.013963621598505267
0,0.013380353208955522,0.013963621598505267
0,0.05381826318443013,0.051145854067730215
0,0.028159707171295418,0.028261489475335425
0,0.013380353208955522,0.013963621598505267
0,0.013380353208955522,0.013963621598505267
0,0.07554817555000279,0.07273042348307376
0,0.013380353208955522,0.013963621598505267
0,0.013380353208955522,0.013963621598505267
1,0.9859002889777229,0.9860909311993099
1,0.988293474895606,0.9891062678572778
0,0.013380353208955522,0.013963621598505267
0,0.08892648446874814,0.07057108625479315
0,0.010119660004477215,0.016976206458313048
0,0.07554817555000279,0.07273042348307376
0,0.008097841925253873,0.02358681648162324
0,0.013380353208955522,0.013963621598505267
0,0.013380353208955522,0.013963621598505267
0,0.013380353208955522,0.013963621598505267
0,0.013380353208955522,0.013963621598505267
0,0.013380353208955522,0.013963621598505267
0,0.0076060066214740565,0.009324303156037207
0,0.015939605778591884,0.013523601060379227
0,0.013380353208955522,0.013963621598505267
0,0.013380353208955522,0.013963621598505267
0,0.013380353208955522,0.013963621598505267
0,0.013380353208955522,0.013963621598505267
1,0.9866719994395371,0.9850615071313441
0,0.025168181668776036,0.03733146994979803
0,0.013380353208955522,0.013963621598505267
0,0.013380353208955522,0.013963621598505267
0,0.013380353208955522,0.013963621598505267
0,0.013380353208955522,0.013963621598505267
0,0.03728287662436008,0.037914921076106854
0,0.013380353208955522,0.013963621598505267
0,0.05198575980269021,0.045954316937033175
0,0.013380353208955522,0.013963621598505267
0,0.013380353208955522,0.013963621598505267
0,0.05453756121463237,0.04761938742910259
0,0.013380353208955522,0.013963621598505267
0,0.013380353208955522,0.013963621598505267
0,0.013380353208955522,0.013963621598505267
1,0.9859002889777229,0.9860909311993099
0,0.017803028746173004,0.01882787811132649
0,0.013380353208955522,0.013963621598505267
0,0.013380353208955522,0.013963621598505267
0,0.011588707257963422,0.009786720687341474
0,0.013380353208955522,0.013963621598505267
1,0.996621028978283,0.9968300557861445
0,0.013380353208955522,0.013963621598505267
0,0.013380353208955522,0.013963621598505267
0,0.013380353208955522,0.013963621598505267
1,0.9900270865689677,0.990718171760401
0,0.00641756783178709,0.006896781466784354
0,0.013380353208955522,0.013963621598505267
1,0.9792873170684473,0.9812536067787853
0,0.013380353208955522,0.013963621598505267
1,0.9970153384360304,0.998754919793226
0,0.017803028746173004,0.01882787811132649
0,0.00641756783178709,0.006896781466784354
1,0.9863581871997545,0.9886765262925944
0,0.013380353208955522,0.013963621598505267
0,0.013380353208955522,0.013963621598505267
0,0.013380353208955522,0.013963621598505267
0,0.008902014435712731,0.00986414094801043
0,0.07554817555000279,0.07273042348307376
0,0.013380353208955522,0.013963621598505267
0,0.03728287662436008,0.037914921076106854
0,0.013380353208955522,0.013963621598505267
0,0.013380353208955522,0.013963621598505267
0,0.013380353208955522,0.013963621598505267
0,0.013380353208955522,0.013963621598505267
0,0.017803028746173004,0.01882787811132649
0,0.03728287662436008,0.037914921076106854
0,0.07554817555000279,0.07273042348307376
0,0.013380353208955522,0.013963621598505267
0,0.015939605778591884,0.013523601060379227
0,0.017803028746173004,0.01882787811132649
0,0.013380353208955522,0.013963621598505267
0,0.013380353208955522,0.013963621598505267
0,0.013380353208955522,0.013963621598505267
0,0.03728287662436008,0.037914921076106854
0,0.015939605778591884,0.013523601060379227
0,0.013380353208955522,0.013963621598505267
0,0.03873310869260298,0.040050365546474384
0,0.013380353208955522,0.013963621598505267
0,0.03873310869260298,0.040050365546474384
0,0.013380353208955522,0.013963621598505267
0,0.013380353208955522,0.013963621598505267
0,0.011588707257963422,0.009786720687341474
0,0.013380353208955522,0.013963621598505267
0,0.013380353208955522,0.013963621598505267
0,0.013380353208955522,0.013963621598505267
0,0.013380353208955522,0.013963621598505267
1,0.9982858299942143,0.9981385227833933
0,0.013380353208955522,0.013963621598505267
0,0.013380353208955522,0.013963621598505267
0,0.013380353208955522,0.013963621598505267
0,0.013380353208955522,0.013963621598505267
0,0.013380353208955522,0.013963621598505267
0,0.013380353208955522,0.013963621598505267
0,0.021190035729187786,0.018237410562750984
0,0.013380353208955522,0.013963621598505267
1,0.988293474895606,0.9891062678572778
0,0.010660452696828665,0.013137175946607708
0,0.013380353208955522,0.013963621598505267
0,0.013380353208955522,0.013963621598505267
0,0.013380353208955522,0.013963621598505267
0,0.013380353208955522,0.013963621598505267
0,0.013380353208955522,0.013963621598505267
0,0.013380353208955522,0.013963621598505267
1,0.9900270865689677,0.990718171760401
0,0.013380353208955522,0.013963621598505267
0,0.010855506951491393,0.011392045773605045
0,0.013380353208955522,0.013963621598505267
0,0.013380353208955522,0.013963621598505267
1,0.9980820212932497,0.9978684611166789
1,0.996621028978283,0.9968300557861445
0,0.015939605778591884,0.013523601060379227
0,0.011588707257963422,0.009786720687341474
0,0.03873310869260298,0.040050365546474384
0,0.013380353208955522,0.013963621598505267
0,0.05198575980269021,0.045954316937033175
0,0.007161264344558299,0.014283531399389872
0,0.0076060066214740565,0.009324303156037207
0,0.013380353208955522,0.013963621598505267
0,0.013380353208955522,0.013963621598505267
0,0.013380353208955522,0.013963621598505267
0,0.020108614858781064,0.025362035275601144
1,0.9863581871997545,0.9886765262925944
0,0.013380353208955522,0.013963621598505267
0,0.013380353208955522,0.013963621598505267
1,0.9757325512440445,0.9780345060580027
0,0.013380353208955522,0.013963621598505267
0,0.013380353208955522,0.013963621598505267
0,0.9900270865689677,0.990718171760401
0,0.013380353208955522,0.013963621598505267
0,0.013380353208955522,0.013963621598505267
0,0.013380353208955522,0.013963621598505267
0,0.013380353208955522,0.013963621598505267
0,0.013380353208955522,0.013963621598505267
1,0.9863581871997545,0.9886765262925944
0,0.013380353208955522,0.013963621598505267
0,0.013380353208955522,0.013963621598505267
0,0.013380353208955522,0.013963621598505267
0,0.006884668376613047,0.013502623443237237
0,0.013380353208955522,0.013963621598505267
0,0.013380353208955522,0.013963621598505267
0,0.013380353208955522,0.013963621598505267
0,0.013380353208955522,0.013963621598505267
0,0.07554817555000279,0.07273042348307376
0,0.013380353208955522,0.013963621598505267
0,0.013380353208955522,0.013963621598505267
0,0.03728287662436008,0.037914921076106854
0,0.013380353208955522,0.013963621598505267
0,0.013380353208955522,0.013963621598505267
0,0.018510101062312108,0.01991054977738671
0,0.0076060066214740565,0.009324303156037207
0,0.03728287662436008,0.037914921076106854
0,0.9987211311841863,0.9988491816212496
1,0.9911840702941898,0.9963406902905778
0,0.013380353208955522,0.013963621598505267
0,0.013380353208955522,0.013963621598505267
0,0.017803028746173004,0.01882787811132649
0,0.07554817555000279,0.07273042348307376
0,0.013380353208955522,0.013963621598505267
0,0.07554817555000279,0.07273042348307376
0,0.013380353208955522,0.013963621598505267
0,0.017803028746173004,0.01882787811132649
0,0.013380353208955522,0.013963621598505267
0,0.013380353208955522,0.013963621598505267
1,0.9900270865689677,0.990718171760401
0,0.013380353208955522,0.013963621598505267
0,0.008097841925253873,0.02358681648162324
0,0.00641756783178709,0.006896781466784354
0,0.015939605778591884,0.013523601060379227
0,0.013380353208955522,0.013963621598505267
0,0.013380353208955522,0.013963621598505267
0,0.010855506951491393,0.011392045773605045
0,0.013380353208955522,0.013963621598505267
0,0.013380353208955522,0.013963621598505267
0,0.013380353208955522,0.013963621598505267
0,0.013380353208955522,0.013963621598505267
0,0.013380353208955522,0.013963621598505267
0,0.013380353208955522,0.013963621598505267
0,0.017803028746173004,0.01882787811132649
0,0.013380353208955522,0.013963621598505267
0,0.013380353208955522,0.013963621598505267
0,0.07554817555000279,0.07273042348307376
0,0.013380353208955522,0.013963621598505267
0,0.013380353208955522,0.013963621598505267
0,0.013380353208955522,0.013963621598505267
0,0.013380353208955522,0.013963621598505267
1,0.988293474895606,0.9891062678572778
0,0.013380353208955522,0.013963621598505267
1,0.9846118584751069,0.9862242087062209
0,0.010855506951491393,0.011392045773605045
0,0.017803028746173004,0.01882787811132649
0,0.013380353208955522,0.013963621598505267
0,0.054134042395859644,0.04742104738907882
0,0.013380353208955522,0.013963621598505267
0,0.013380353208955522,0.013963621598505267
0,0.018510101062312108,0.01991054977738671
0,0.013380353208955522,0.013963621598505267
0,0.013380353208955522,0.013963621598505267
1,0.9863581871997545,0.9886765262925944
0,0.013380353208955522,0.013963621598505267
0,0.017803028746173004,0.01882787811132649
0,0.013380353208955522,0.013963621598505267
0,0.013380353208955522,0.013963621598505267
0,0.013380353208955522,0.013963621598505267
0,0.017803028746173004,0.01882787811132649
0,0.013380353208955522,0.013963621598505267
0,0.013380353208955522,0.013963621598505267
0,0.05198575980269021,0.045954316937033175
0,0.03873310869260298,0.040050365546474384
0,0.013380353208955522,0.013963621598505267
0,0.013380353208955522,0.013963621598505267
0,0.013380353208955522,0.013963621598505267
0,0.013380353208955522,0.013963621598505267
1,0.9863581871997545,0.9886765262925944
0,0.013380353208955522,0.013963621598505267
0,0.013380353208955522,0.013963621598505267
0,0.013380353208955522,0.013963621598505267
0,0.013380353208955522,0.013963621598505267
1,0.9811915606069984,0.9743747243043988
1,0.9839598205704251,0.9781181757216226
0,0.013380353208955522,0.013963621598505267
0,0.016111423193041992,0.01896315923197983
0,0.013380353208955522,0.013963621598505267
0,0.010855506951491393,0.011392045773605045
0,0.013380353208955522,0.013963621598505267
0,0.013380353208955522,0.013963621598505267
0,0.011588707257963422,0.009786720687341474
0,0.013380353208955522,0.013963621598505267
0,0.02607349987581474,0.02365868196880731
0,0.03873310869260298,0.040050365546474384
0,0.013380353208955522,0.013963621598505267
0,0.013380353208955522,0.013963621598505267
0,0.016635646815681956,0.029719968278009205
0,0.013380353208955522,0.013963621598505267
0,0.013380353208955522,0.013963621598505267
0,0.013380353208955522,0.013963621598505267
0,0.011588707257963422,0.009786720687341474
0,0.013380353208955522,0.013963621598505267
0,0.013380353208955522,0.013963621598505267
0,0.07554817555000279,0.07273042348307376
0,0.00641756783178709,0.006896781466784354
0,0.010855506951491393,0.011392045773605045
0,0.013380353208955522,0.013963621598505267
1,0.9773797480019408,0.9674160901693222
1,0.9866719994395371,0.9850615071313441
0,0.013380353208955522,0.013963621598505267
0,0.017803028746173004,0.01882787811132649
0,0.013380353208955522,0.013963621598505267
0,0.013380353208955522,0.013963621598505267
0,0.011588707257963422,0.009786720687341474
0,0.015939605778591884,0.013523601060379227
0,0.00641756783178709,0.006896781466784354
0,0.013380353208955522,0.013963621598505267
0,0.03728287662436008,0.037914921076106854
0,0.013380353208955522,0.013963621598505267
0,0.013380353208955522,0.013963621598505267
0,0.013380353208955522,0.013963621598505267
0,0.013380353208955522,0.013963621598505267
0,0.013380353208955522,0.013963621598505267
0,0.013380353208955522,0.013963621598505267
0,0.013380353208955522,0.013963621598505267
0,0.013380353208955522,0.013963621598505267
0,0.013380353208955522,0.013963621598505267
0,0.07554817555000279,0.07273042348307376
0,0.013380353208955522,0.013963621598505267
0,0.013380353208955522,0.013963621598505267
0,0.08892648446874814,0.07057108625479315
1,0.983196292613706,0.9861202122152033
0,0.013380353208955522,0.013963621598505267
0,0.013380353208955522,0.013963621598505267
0,0.013380353208955522,0.013963621598505267
0,0.07554817555000279,0.07273042348307376
0,0.013380353208955522,0.013963621598505267
0,0.013380353208955522,0.013963621598505267
0,0.016473469880927724,0.029560097414322112
0,0.03728287662436008,0.037914921076106854
1,0.9866719994395371,0.9850615071313441
0,0.013380353208955522,0.013963621598505267
0,0.03728287662436008,0.037914921076106854
0,0.07554817555000279,0.07273042348307376
0,0.013380353208955522,0.013963621598505267
0,0.026072884432808568,0.0236583695832902
0,0.013380353208955522,0.013963621598505267
1,0.9915795324567258,0.9889544268027652
0,0.013380353208955522,0.013963621598505267
0,0.013380353208955522,0.013963621598505267
0,0.05440308242866195,0.04755335440895149
0,0.023375839380950433,0.06648613437905877
0,0.010660452696828665,0.013137175946607708
0,0.05198575980269021,0.045954316937033175
0,0.00749232532874585,0.018585353721930622
0,0.00641756783178709,0.006896781466784354
0,0.013380353208955522,0.013963621598505267
0,0.013380353208955522,0.013963621598505267
0,0.018510101062312108,0.01991054977738671
0,0.013380353208955522,0.013963621598505267
0,0.013380353208955522,0.013963621598505267
0,0.013380353208955522,0.013963621598505267
0,0.013380353208955522,0.013963621598505267
0,0.013380353208955522,0.013963621598505267
0,0.013380353208955522,0.013963621598505267
0,0.013380353208955522,0.013963621598505267
0,0.026098086377510658,0.02367115896708246
0,0.013380353208955522,0.013963621598505267
1,0.9863581871997545,0.9886765262925944
0,0.03728287662436008,0.037914921076106854
0,0.013380353208955522,0.013963621598505267
0,0.013380353208955522,0.013963621598505267
0,0.013380353208955522,0.013963621598505267
0,0.013380353208955522,0.013963621598505267
0,0.013380353208955522,0.013963621598505267
0,0.07554817555000279,0.07273042348307376
0,0.013380353208955522,0.013963621598505267
0,0.013380353208955522,0.013963621598505267
0,0.013380353208955522,0.013963621598505267
0,0.03873310869260298,0.040050365546474384
0,0.013380353208955522,0.013963621598505267
0,0.013380353208955522,0.013963621598505267
0,0.013380353208955522,0.013963621598505267
0,0.013380353208955522,0.013963621598505267
0,0.013380353208955522,0.013963621598505267
0,0.013380353208955522,0.013963621598505267
0,0.013380353208955522,0.013963621598505267
0,0.013380353208955522,0.013963621598505267
1,0.9846118584751069,0.9862242087062209
0,0.05381826318443013,0.051145854067730215
0,0.013380353208955522,0.013963621598505267
0,0.013380353208955522,0.013963621598505267
0,0.013380353208955522,0.013963621598505267
0,0.03728287662436008,0.037914921076106854
0,0.013380353208955522,0.013963621598505267
0,0.013380353208955522,0.013963621598505267
0,0.010855506951491393,0.011392045773605045
0,0.010855506951491393,0.011392045773605045
0,0.013380353208955522,0.013963621598505267
0,0.05198575980269021,0.045954316937033175
0,0.013380353208955522,0.013963621598505267
0,0.013380353208955522,0.013963621598505267
0,0.013380353208955522,0.013963621598505267
0,0.09300149897326244,0.09810197228189368
1,0.9877251660394587,0.9916095040937467
0,0.013380353208955522,0.013963621598505267
0,0.00641756783178709,0.006896781466784354
0,0.013380353208955522,0.013963621598505267
0,0.988293474895606,0.9891062678572778
0,0.013380353208955522,0.013963621598505267
0,0.05198575980269021,0.045954316937033175
0,0.013380353208955522,0.013963621598505267
0,0.013380353208955522,0.013963621598505267
0,0.013380353208955522,0.013963621598505267
0,0.013380353208955522,0.013963621598505267
1,0.988293474895606,0.9891062678572778
0,0.013380353208955522,0.013963621598505267
1,0.988929514076436,0.996108135655506
0,0.9846118584751069,0.9862242087062209
0,0.015428441696496493,0.013215446320193973
1,0.9900270865689677,0.990718171760401
0,0.013380353208955522,0.013963621598505267
0,0.013380353208955522,0.013963621598505267
0,0.013380353208955522,0.013963621598505267
0,0.013380353208955522,0.013963621598505267
0,0.013380353208955522,0.013963621598505267
0,0.017803028746173004,0.01882787811132649
1,0.9914103514991492,0.9913443749120048
0,0.013380353208955522,0.013963621598505267
0,0.013380353208955522,0.013963621598505267
0,0.013380353208955522,0.013963621598505267
0,0.013380353208955522,0.013963621598505267
0,0.013380353208955522,0.013963621598505267
0,0.013380353208955522,0.013963621598505267
1,0.9917263592298472,0.9931830134039398
0,0.013380353208955522,0.013963621598505267
0,0.013380353208955522,0.013963621598505267
0,0.03728287662436008,0.037914921076106854
0,0.013380353208955522,0.013963621598505267
0,0.013380353208955522,0.013963621598505267
0,0.9863581871997545,0.9886765262925944
0,0.013380353208955522,0.013963621598505267
0,0.018510101062312108,0.01991054977738671
0,0.9942268470140956,0.9930881499210122
0,0.013380353208955522,0.013963621598505267
0,0.018510101062312108,0.01991054977738671
0,0.0076060066214740565,0.009324303156037207
0,0.013380353208955522,0.013963621598505267
1,0.9866719994395371,0.9850615071313441
1,0.9863581871997545,0.9886765262925944
1,0.9900270865689677,0.990718171760401
0,0.013380353208955522,0.013963621598505267
0,0.013380353208955522,0.013963621598505267
0,0.015635008327295183,0.054597999125505246
0,0.01038663358405877,0.017222942644063766
0,0.1322519563131519,0.1211444343923956
0,0.013380353208955522,0.013963621598505267
0,0.013380353208955522,0.013963621598505267
0,0.010855506951491393,0.011392045773605045
0,0.013380353208955522,0.013963621598505267
0,0.05198575980269021,0.045954316937033175
0,0.0259315908674821,0.025575186601986825
0,0.006884668376613047,0.013502623443237237
0,0.013380353208955522,0.013963621598505267
0,0.013380353208955522,0.013963621598505267
0,0.013380353208955522,0.013963621598505267
0,0.013380353208955522,0.013963621598505267
0,0.013380353208955522,0.013963621598505267
0,0.013380353208955522,0.013963621598505267
0,0.00641756783178709,0.006896781466784354
0,0.013380353208955522,0.013963621598505267
0,0.9965911902824677,0.996644065105104
0,0.010855506951491393,0.011392045773605045
0,0.01940636438194185,0.03235084577202203
0,0.00641756783178709,0.006896781466784354
0,0.013380353208955522,0.013963621598505267
0,0.013380353208955522,0.013963621598505267
1,0.9846118584751069,0.9862242087062209
0,0.013380353208955522,0.013963621598505267
0,0.013380353208955522,0.013963621598505267
0,0.013380353208955522,0.013963621598505267
0,0.028159707171295418,0.028261489475335425
0,0.013380353208955522,0.013963621598505267
0,0.013380353208955522,0.013963621598505267
0,0.013380353208955522,0.013963621598505267
0,0.013380353208955522,0.013963621598505267
1,0.9863581871997545,0.9886765262925944
0,0.011588707257963422,0.009786720687341474
0,0.013380353208955522,0.013963621598505267
0,0.013380353208955522,0.013963621598505267
0,0.013380353208955522,0.013963621598505267
0,0.026683491982476132,0.023966768962358047
0,0.013380353208955522,0.013963621598505267
0,0.013380353208955522,0.013963621598505267
0,0.013380353208955522,0.013963621598505267
0,0.00641756783178709,0.006896781466784354
1,0.988293474895606,0.9891062678572778
0,0.013380353208955522,0.013963621598505267
0,0.013380353208955522,0.013963621598505267
1,0.9900270865689677,0.990718171760401
0,0.013380353208955522,0.013963621598505267
0,0.013380353208955522,0.013963621598505267
0,0.00641756783178709,0.006896781466784354
0,0.013380353208955522,0.013963621598505267
0,0.013380353208955522,0.013963621598505267
0,0.013380353208955522,0.013963621598505267
0,0.013380353208955522,0.013963621598505267
1,0.9863581871997545,0.9886765262925944
0,0.013380353208955522,0.013963621598505267
0,0.013380353208955522,0.013963621598505267
0,0.013380353208955522,0.013963621598505267
0,0.013380353208955522,0.013963621598505267
0,0.013380353208955522,0.013963621598505267
0,0.013380353208955522,0.013963621598505267
0,0.013380353208955522,0.013963621598505267
0,0.013380353208955522,0.013963621598505267
0,0.013380353208955522,0.013963621598505267
0,0.00641756783178709,0.006896781466784354
0,0.013380353208955522,0.013963621598505267
0,0.013380353208955522,0.013963621598505267
1,0.996621028978283,0.9968300557861445
0,0.013380353208955522,0.013963621598505267
1,0.9970879719736984,0.9953115271407368
0,0.013380353208955522,0.013963621598505267
0,0.013380353208955522,0.013963621598505267
0,0.013380353208955522,0.013963621598505267
0,0.013380353208955522,0.013963621598505267
0,0.013380353208955522,0.013963621598505267
0,0.013380353208955522,0.013963621598505267
0,0.01012935762509557,0.016985219321832293
0,0.013380353208955522,0.013963621598505267
0,0.011588707257963422,0.009786720687341474
0,0.013380353208955522,0.013963621598505267
0,0.013380353208955522,0.013963621598505267
0,0.013380353208955522,0.013963621598505267
0,0.013380353208955522,0.013963621598505267
0,0.013380353208955522,0.013963621598505267
0,0.013380353208955522,0.013963621598505267
0,0.013380353208955522,0.013963621598505267
0,0.015872651061186946,0.03743591467554046
0,0.08892648446874814,0.07057108625479315
1,0.9911840702941898,0.9963406902905778
0,0.007161264344558299,0.014283531399389872
0,0.13972235950393724,0.1600195036074942
0,0.013380353208955522,0.013963621598505267
0,0.013380353208955522,0.013963621598505267
1,0.9863581871997545,0.9886765262925944
0,0.013380353208955522,0.013963621598505267
0,0.017803028746173004,0.01882787811132649
0,0.013380353208955522,0.013963621598505267
0,0.015939605778591884,0.013523601060379227
0,0.013380353208955522,0.013963621598505267
0,0.013380353208955522,0.013963621598505267
0,0.013380353208955522,0.013963621598505267
0,0.015872651061186946,0.03743591467554046
0,0.03873310869260298,0.040050365546474384
0,0.03873310869260298,0.040050365546474384
0,0.013380353208955522,0.013963621598505267
1,0.9742546289252986,0.9845522540703064
0,0.013380353208955522,0.013963621598505267
0,0.013380353208955522,0.013963621598505267
0,0.08892648446874814,0.07057108625479315
0,0.013380353208955522,0.013963621598505267
0,0.013380353208955522,0.013963621598505267
0,0.013380353208955522,0.013963621598505267
0,0.0076060066214740565,0.009324303156037207
0,0.013380353208955522,0.013963621598505267
0,0.010119660004477215,0.016976206458313048
1,0.9864838630646375,0.9844643151452775
0,0.07554817555000279,0.07273042348307376
1,0.9900270865689677,0.990718171760401
0,0.013380353208955522,0.013963621598505267
1,0.9863581871997545,0.9886765262925944
1,0.9859002889777229,0.9860909311993099
0,0.013380353208955522,0.013963621598505267
0,0.00641756783178709,0.006896781466784354
0,0.013380353208955522,0.013963621598505267
0,0.013380353208955522,0.013963621598505267
1,0.991472309627616,0.9977079096266322
0,0.03873310869260298,0.040050365546474384
0,0.013380353208955522,0.013963621598505267
0,0.013380353208955522,0.013963621598505267
0,0.013380353208955522,0.013963621598505267
0,0.013380353208955522,0.013963621598505267
0,0.05381826318443013,0.051145854067730215
0,0.013380353208955522,0.013963621598505267
0,0.9965911902824677,0.996644065105104
0,0.013380353208955522,0.013963621598505267
0,0.07554817555000279,0.07273042348307376
0,0.0259315908674821,0.025575186601986825
0,0.08892648446874814,0.07057108625479315
0,0.013380353208955522,0.013963621598505267
0,0.013380353208955522,0.013963621598505267
0,0.016470338694513854,0.029557003808510292
0,0.013380353208955522,0.013963621598505267
0,0.013380353208955522,0.013963621598505267
0,0.013380353208955522,0.013963621598505267
1,0.9863581871997545,0.9886765262925944
0,0.9877049681860305,0.9886174599411427
0,0.013380353208955522,0.013963621598505267
0,0.013380353208955522,0.013963621598505267
0,0.013380353208955522,0.013963621598505267
1,0.9863581871997545,0.9886765262925944
0,0.013380353208955522,0.013963621598505267
0,0.013380353208955522,0.013963621598505267
0,0.013380353208955522,0.013963621598505267
0,0.013380353208955522,0.013963621598505267
0,0.013380353208955522,0.013963621598505267
0,0.017803028746173004,0.01882787811132649
0,0.013380353208955522,0.013963621598505267
0,0.010660452696828665,0.013137175946607708
0,0.07554817555000279,0.07273042348307376
0,0.013380353208955522,0.013963621598505267
0,0.013380353208955522,0.013963621598505267
0,0.013380353208955522,0.013963621598505267
0,0.018510101062312108,0.01991054977738671
0,0.013380353208955522,0.013963621598505267
0,0.015121997779431804,0.018842071649385273
0,0.013380353208955522,0.013963621598505267
0,0.013380353208955522,0.013963621598505267
0,0.07554817555000279,0.07273042348307376
0,0.013380353208955522,0.013963621598505267
0,0.013380353208955522,0.013963621598505267
0,0.08892648446874814,0.07057108625479315
0,0.013380353208955522,0.013963621598505267
1,0.9826341314583594,0.9829609696372549
0,0.0076060066214740565,0.009324303156037207
0,0.013380353208955522,0.013963621598505267
0,0.013380353208955522,0.013963621598505267
1,0.9977100820874614,0.9979364103099526
0,0.013380353208955522,0.013963621598505267
0,0.013380353208955522,0.013963621598505267
0,0.013380353208955522,0.013963621598505267
1,0.9863581871997545,0.9886765262925944
0,0.013380353208955522,0.013963621598505267
0,0.013380353208955522,0.013963621598505267
0,0.013380353208955522,0.013963621598505267
0,0.013380353208955522,0.013963621598505267
0,0.013380353208955522,0.013963621598505267
0,0.007161264344558299,0.014283531399389872
1,0.9900270865689677,0.990718171760401
0,0.015939605778591884,0.013523601060379227
0,0.013380353208955522,0.013963621598505267
0,0.013380353208955522,0.013963621598505267
0,0.013380353208955522,0.013963621598505267
0,0.00641756783178709,0.006896781466784354
0,0.013380353208955522,0.013963621598505267
0,0.010855506951491393,0.011392045773605045
0,0.013380353208955522,0.013963621598505267
0,0.013380353208955522,0.013963621598505267
0,0.013380353208955522,0.013963621598505267
0,0.020108614858781064,0.025362035275601144
0,0.013380353208955522,0.013963621598505267
0,0.013380353208955522,0.013963621598505267
0,0.013380353208955522,0.013963621598505267
0,0.013380353208955522,0.013963621598505267
0,0.013380353208955522,0.013963621598505267
0,0.010855506951491393,0.011392045773605045
0,0.013380353208955522,0.013963621598505267
0,0.013380353208955522,0.013963621598505267
0,0.013380353208955522,0.013963621598505267
1,0.9976323045308433,0.9974597789470463
0,0.013380353208955522,0.013963621598505267
0,0.018510101062312108,0.01991054977738671
0,0.013380353208955522,0.013963621598505267
0,0.010660452696828665,0.013137175946607708
0,0.013380353208955522,0.013963621598505267
0,0.015121997779431804,0.018842071649385273
0,0.013380353208955522,0.013963621598505267
0,0.00641756783178709,0.006896781466784354
0,0.013380353208955522,0.013963621598505267
0,0.013380353208955522,0.013963621598505267
0,0.018510101062312108,0.01991054977738671
0,0.013380353208955522,0.013963621598505267
0,0.08892648446874814,0.07057108625479315
0,0.013380353208955522,0.013963621598505267
1,0.9965911902824677,0.996644065105104
0,0.013380353208955522,0.013963621598505267
0,0.00641756783178709,0.006896781466784354
0,0.013380353208955522,0.013963621598505267
0,0.013380353208955522,0.013963621598505267
0,0.017803028746173004,0.01882787811132649
0,0.013380353208955522,0.013963621598505267
1,0.988293474895606,0.9891062678572778
0,0.018510101062312108,0.01991054977738671
0,0.013380353208955522,0.013963621598505267
0,0.013380353208955522,0.013963621598505267
0,0.013380353208955522,0.013963621598505267
0,0.013380353208955522,0.013963621598505267
0,0.013380353208955522,0.013963621598505267
0,0.017803028746173004,0.01882787811132649
0,0.013380353208955522,0.013963621598505267
1,0.9863581871997545,0.9886765262925944
0,0.013380353208955522,0.013963621598505267
0,0.013380353208955522,0.013963621598505267
0,0.013380353208955522,0.013963621598505267
0,0.013380353208955522,0.013963621598505267
0,0.013380353208955522,0.013963621598505267
1,0.9846118584751069,0.9862242087062209
0,0.010855506951491393,0.011392045773605045
1,0.9911840702941898,0.9963406902905778
0,0.013380353208955522,0.013963621598505267
0,0.07554817555000279,0.07273042348307376
0,0.07554817555000279,0.07273042348307376
1,0.9863581871997545,0.9886765262925944
0,0.013380353208955522,0.013963621598505267
0,0.013380353208955522,0.013963621598505267
0,0.013380353208955522,0.013963621598505267
0,0.013380353208955522,0.013963621598505267
0,0.013380353208955522,0.013963621598505267
0,0.013380353208955522,0.013963621598505267
0,0.013380353208955522,0.013963621598505267
0,0.013380353208955522,0.013963621598505267
0,0.013380353208955522,0.013963621598505267
0,0.018510101062312108,0.01991054977738671
0,0.017803028746173004,0.01882787811132649
0,0.013380353208955522,0.013963621598505267
0,0.013380353208955522,0.013963621598505267
0,0.015872651061186946,0.03743591467554046
0,0.013380353208955522,0.013963621598505267
0,0.013380353208955522,0.013963621598505267
0,0.013380353208955522,0.013963621598505267
0,0.013380353208955522,0.013963621598505267
0,0.013380353208955522,0.013963621598505267
1,0.9846118584751069,0.9862242087062209
0,0.03873310869260298,0.040050365546474384
0,0.013380353208955522,0.013963621598505267
0,0.013380353208955522,0.013963621598505267
0,0.9980441224918843,0.9971155375137234
0,0.013380353208955522,0.013963621598505267
0,0.013380353208955522,0.013963621598505267
0,0.013380353208955522,0.013963621598505267
0,0.09640204996614893,0.10326342910910641
0,0.013380353208955522,0.013963621598505267
0,0.013380353208955522,0.013963621598505267
0,0.013380353208955522,0.013963621598505267
0,0.013380353208955522,0.013963621598505267
0,0.013380353208955522,0.013963621598505267
0,0.018510101062312108,0.01991054977738671
0,0.013380353208955522,0.013963621598505267
0,0.013380353208955522,0.013963621598505267
0,0.013380353208955522,0.013963621598505267
0,0.010121370681186704,0.016977796621946085
0,0.013380353208955522,0.013963621598505267
0,0.013380353208955522,0.013963621598505267
0,0.9863581871997545,0.9886765262925944
0,0.013380353208955522,0.013963621598505267
0,0.013380353208955522,0.013963621598505267
0,0.018510101062312108,0.01991054977738671
0,0.013380353208955522,0.013963621598505267
0,0.013380353208955522,0.013963621598505267
0,0.013380353208955522,0.013963621598505267
0,0.013380353208955522,0.013963621598505267
0,0.013380353208955522,0.013963621598505267
0,0.013380353208955522,0.013963621598505267
0,0.013380353208955522,0.013963621598505267
0,0.05381826318443013,0.051145854067730215
0,0.013380353208955522,0.013963621598505267
0,0.05198575980269021,0.045954316937033175
0,0.03728287662436008,0.037914921076106854
0,0.015121997779431804,0.018842071649385273
0,0.015939605778591884,0.013523601060379227
0,0.013380353208955522,0.013963621598505267
0,0.013380353208955522,0.013963621598505267
0,0.013380353208955522,0.013963621598505267
0,0.00641756783178709,0.006896781466784354
0,0.013380353208955522,0.013963621598505267
0,0.005160111020605343,0.010000145247666452
0,0.011588707257963422,0.009786720687341474
0,0.051470653662488375,0.06003837134144213
0,0.013380353208955522,0.013963621598505267
0,0.013380353208955522,0.013963621598505267
0,0.028159707171295418,0.028261489475335425
0,0.013380353208955522,0.013963621598505267
0,0.013380353208955522,0.013963621598505267
0,0.013380353208955522,0.013963621598505267
0,0.07554817555000279,0.07273042348307376
0,0.011588707257963422,0.009786720687341474
0,0.013380353208955522,0.013963621598505267
0,0.013380353208955522,0.013963621598505267
0,0.03873310869260298,0.040050365546474384
0,0.010855506951491393,0.011392045773605045
0,0.013380353208955522,0.013963621598505267
0,0.013380353208955522,0.013963621598505267
1,0.9983568848237082,0.997950079278069
0,0.013380353208955522,0.013963621598505267
0,0.010660452696828665,0.013137175946607708
0,0.013380353208955522,0.013963621598505267
0,0.013380353208955522,0.013963621598505267
0,0.05198575980269021,0.045954316937033175
0,0.013380353208955522,0.013963621598505267
0,0.008558763503216951,0.009322564387661176
0,0.018510101062312108,0.01991054977738671
1,0.9863581871997545,0.9886765262925944
0,0.013380353208955522,0.013963621598505267
0,0.013380353208955522,0.013963621598505267
0,0.013380353208955522,0.013963621598505267
0,0.021190035729187786,0.018237410562750984
0,0.015939605778591884,0.013523601060379227
0,0.012764292040688963,0.01818694633502836
0,0.013380353208955522,0.013963621598505267
1,0.9978331982598453,0.9974016032307473
0,0.9863581871997545,0.9886765262925944
0,0.013380353208955522,0.013963621598505267
0,0.013380353208955522,0.013963621598505267
0,0.013380353208955522,0.013963621598505267
0,0.015121997779431804,0.018842071649385273
0,0.01656293770951661,0.029648380078382115
0,0.9980820212932497,0.9978684611166789
0,0.013380353208955522,0.013963621598505267
0,0.013380353208955522,0.013963621598505267
0,0.013380353208955522,0.013963621598505267
0,0.013380353208955522,0.013963621598505267
0,0.013380353208955522,0.013963621598505267
0,0.013380353208955522,0.013963621598505267
0,0.07554817555000279,0.07273042348307376
0,0.03165852466935888,0.023199598803747702
0,0.017803028746173004,0.01882787811132649
0,0.013380353208955522,0.013963621598505267
0,0.9877049681860305,0.9886174599411427
0,0.013380353208955522,0.013963621598505267
0,0.013380353208955522,0.013963621598505267
0,0.013380353208955522,0.013963621598505267
0,0.013380353208955522,0.013963621598505267
0,0.00641756783178709,0.006896781466784354
0,0.013380353208955522,0.013963621598505267
0,0.03873310869260298,0.040050365546474384
0,0.030816527983159463,0.02477845824620181
0,0.015939605778591884,0.013523601060379227
0,0.013380353208955522,0.013963621598505267
0,0.013380353208955522,0.013963621598505267
1,0.9846118584751069,0.9862242087062209
0,0.013380353208955522,0.013963621598505267
0,0.013380353208955522,0.013963621598505267
0,0.013380353208955522,0.013963621598505267
0,0.013380353208955522,0.013963621598505267
0,0.013380353208955522,0.013963621598505267
0,0.013380353208955522,0.013963621598505267
0,0.013380353208955522,0.013963621598505267
0,0.006884668376613047,0.013502623443237237
0,0.010660452696828665,0.013137175946607708
0,0.013380353208955522,0.013963621598505267
0,0.013380353208955522,0.013963621598505267
0,0.01648771403469063,0.029574167274813754
0,0.017803028746173004,0.01882787811132649
0,0.08892648446874814,0.07057108625479315
0,0.00641756783178709,0.006896781466784354
0,0.013380353208955522,0.013963621598505267
0,0.013380353208955522,0.013963621598505267
0,0.015939605778591884,0.013523601060379227
0,0.013380353208955522,0.013963621598505267
0,0.013380353208955522,0.013963621598505267
0,0.013380353208955522,0.013963621598505267
1,0.9792873170684473,0.9812536067787853
0,0.013380353208955522,0.013963621598505267
0,0.07554817555000279,0.07273042348307376
0,0.013380353208955522,0.013963621598505267
0,0.013380353208955522,0.013963621598505267
0,0.011588707257963422,0.009786720687341474
0,0.013380353208955522,0.013963621598505267
0,0.013380353208955522,0.013963621598505267
0,0.013380353208955522,0.013963621598505267
0,0.013380353208955522,0.013963621598505267
0,0.009600456621941287,0.008425936452466115
0,0.007161264344558299,0.014283531399389872
0,0.013380353208955522,0.013963621598505267
0,0.013380353208955522,0.013963621598505267
0,0.013380353208955522,0.013963621598505267
0,0.013380353208955522,0.013963621598505267
0,0.013380353208955522,0.013963621598505267
0,0.010855506951491393,0.011392045773605045
0,0.07554817555000279,0.07273042348307376
0,0.07554817555000279,0.07273042348307376
0,0.013380353208955522,0.013963621598505267
0,0.013380353208955522,0.013963621598505267
0,0.013380353208955522,0.013963621598505267
0,0.013380353208955522,0.013963621598505267
0,0.013380353208955522,0.013963621598505267
0,0.00641756783178709,0.006896781466784354
0,0.013380353208955522,0.013963621598505267
0,0.013380353208955522,0.013963621598505267
0,0.013380353208955522,0.013963621598505267
0,0.013380353208955522,0.013963621598505267
0,0.017803028746173004,0.01882787811132649
0,0.007161264344558299,0.014283531399389872
0,0.013380353208955522,0.013963621598505267
0,0.013380353208955522,0.013963621598505267
0,0.01012308164412,0.01697938693195717
0,0.013380353208955522,0.013963621598505267
0,0.013380353208955522,0.013963621598505267
0,0.013380353208955522,0.013963621598505267
0,0.013380353208955522,0.013963621598505267
0,0.005160111020605343,0.010000145247666452
0,0.013380353208955522,0.013963621598505267
0,0.00641756783178709,0.006896781466784354
1,0.988293474895606,0.9891062678572778
0,0.013380353208955522,0.013963621598505267
0,0.010287634270297235,0.017131780858925513
0,0.013380353208955522,0.013963621598505267
0,0.026074385052657405,0.023659131259841638
0,0.013380353208955522,0.013963621598505267
0,0.013380353208955522,0.013963621598505267
0,0.00641756783178709,0.006896781466784354
0,0.013380353208955522,0.013963621598505267
0,0.07554817555000279,0.07273042348307376
1,0.9935683888011682,0.9944541296885693
0,0.013380353208955522,0.013963621598505267
0,0.00641756783178709,0.006896781466784354
0,0.013380353208955522,0.013963621598505267
0,0.08892648446874814,0.07057108625479315
0,0.013380353208955522,0.013963621598505267
0,0.0076060066214740565,0.009324303156037207
0,0.013380353208955522,0.013963621598505267
0,0.013380353208955522,0.013963621598505267
0,0.07554817555000279,0.07273042348307376
0,0.013380353208955522,0.013963621598505267
0,0.07554817555000279,0.07273042348307376
0,0.15844374881051956,0.13427123773062336
0,0.013380353208955522,0.013963621598505267
0,0.013380353208955522,0.013963621598505267
0,0.013380353208955522,0.013963621598505267
0,0.013380353208955522,0.013963621598505267
0,0.03873310869260298,0.040050365546474384
0,0.013380353208955522,0.013963621598505267
0,0.05198575980269021,0.045954316937033175
0,0.013380353208955522,0.013963621598505267
0,0.013380353208955522,0.013963621598505267
0,0.013380353208955522,0.013963621598505267
0,0.013380353208955522,0.013963621598505267
0,0.013380353208955522,0.013963621598505267
0,0.013380353208955522,0.013963621598505267
0,0.013380353208955522,0.013963621598505267
0,0.013380353208955522,0.013963621598505267
0,0.00641756783178709,0.006896781466784354
0,0.013380353208955522,0.013963621598505267
0,0.013380353208955522,0.013963621598505267
0,0.015872651061186946,0.03743591467554046
0,0.00641756783178709,0.006896781466784354
0,0.010660452696828665,0.013137175946607708
0,0.013380353208955522,0.013963621598505267
0,0.013380353208955522,0.013963621598505267
0,0.013380353208955522,0.013963621598505267
0,0.013380353208955522,0.013963621598505267
0,0.013380353208955522,0.013963621598505267
0,0.07554817555000279,0.07273042348307376
0,0.013380353208955522,0.013963621598505267
0,0.03873310869260298,0.040050365546474384
1,0.9863581871997545,0.9886765262925944
0,0.013380353208955522,0.013963621598505267
0,0.013380353208955522,0.013963621598505267
1,0.988293474895606,0.9891062678572778
1,0.988293474895606,0.9891062678572778
0,0.013380353208955522,0.013963621598505267
0,0.013380353208955522,0.013963621598505267
0,0.013380353208955522,0.013963621598505267
0,0.013380353208955522,0.013963621598505267
0,0.008097841925253873,0.02358681648162324
0,0.05198575980269021,0.045954316937033175
0,0.013380353208955522,0.013963621598505267
1,0.9863581871997545,0.9886765262925944
0,0.013380353208955522,0.013963621598505267
0,0.013380353208955522,0.013963621598505267
0,0.013380353208955522,0.013963621598505267
0,0.07554817555000279,0.07273042348307376
1,0.9900270865689677,0.990718171760401
0,0.013380353208955522,0.013963621598505267
0,0.05198575980269021,0.045954316937033175
0,0.013380353208955522,0.013963621598505267
0,0.00749232532874585,0.018585353721930622
0,0.013380353208955522,0.013963621598505267
0,0.015872651061186946,0.03743591467554046
0,0.03873310869260298,0.040050365546474384
0,0.014732957078357905,0.05511311076908713
0,0.013380353208955522,0.013963621598505267
0,0.15221344966454495,0.1312205054289113
0,0.013380353208955522,0.013963621598505267
0,0.013380353208955522,0.013963621598505267
0,0.013380353208955522,0.013963621598505267
0,0.013380353208955522,0.013963621598505267
0,0.013380353208955522,0.013963621598505267
0,0.013380353208955522,0.013963621598505267
0,0.013380353208955522,0.013963621598505267
0,0.028159707171295418,0.028261489475335425
0,0.013380353208955522,0.013963621598505267
0,0.013380353208955522,0.013963621598505267
1,0.9859002889777229,0.9860909311993099
0,0.013380353208955522,0.013963621598505267
0,0.013380353208955522,0.013963621598505267
0,0.013380353208955522,0.013963621598505267
0,0.010120230197890392,0.01697673649626219
0,0.013380353208955522,0.013963621598505267
0,0.013380353208955522,0.013963621598505267
0,0.010144906100290767,0.016999661892828723
0,0.013380353208955522,0.013963621598505267
0,0.013380353208955522,0.013963621598505267
0,0.013380353208955522,0.013963621598505267
0,0.017803028746173004,0.01882787811132649
0,0.013380353208955522,0.013963621598505267
1,0.9966704001540214,0.9955612629889523
0,0.013380353208955522,0.013963621598505267
0,0.013380353208955522,0.013963621598505267
0,0.013380353208955522,0.013963621598505267
0,0.07554817555000279,0.07273042348307376
0,0.013380353208955522,0.013963621598505267
0,0.013380353208955522,0.013963621598505267
1,0.9894128930768931,0.9896977372181164
1,0.9863581871997545,0.9886765262925944
0,0.013380353208955522,0.013963621598505267
0,0.05381826318443013,0.051145854067730215
1,0.9898204517835795,0.9902631316831765
0,0.013380353208955522,0.013963621598505267
0,0.013380353208955522,0.013963621598505267
0,0.013380353208955522,0.013963621598505267
0,0.013380353208955522,0.013963621598505267
0,0.013380353208955522,0.013963621598505267
0,0.013380353208955522,0.013963621598505267
0,0.013380353208955522,0.013963621598505267
0,0.013380353208955522,0.013963621598505267
0,0.013380353208955522,0.013963621598505267
0,0.013380353208955522,0.013963621598505267
0,0.013380353208955522,0.013963621598505267
0,0.015872651061186946,0.03743591467554046
0,0.017803028746173004,0.01882787811132649
0,0.013380353208955522,0.013963621598505267
0,0.0076060066214740565,0.009324303156037207
0,0.013380353208955522,0.013963621598505267
0,0.03873310869260298,0.040050365546474384
0,0.01129287404349745,0.03869963878022828
0,0.013380353208955522,0.013963621598505267
0,0.013380353208955522,0.013963621598505267
0,0.013380353208955522,0.013963621598505267
0,0.010660452696828665,0.013137175946607708
0,0.013380353208955522,0.013963621598505267
0,0.013380353208955522,0.013963621598505267
0,0.013380353208955522,0.013963621598505267
0,0.013380353208955522,0.013963621598505267
1,0.9863581871997545,0.9886765262925944
0,0.013380353208955522,0.013963621598505267
0,0.013380353208955522,0.013963621598505267
0,0.013380353208955522,0.013963621598505267
0,0.013380353208955522,0.013963621598505267
0,0.013380353208955522,0.013963621598505267
0,0.013380353208955522,0.013963621598505267
0,0.013380353208955522,0.013963621598505267
0,0.013380353208955522,0.013963621598505267
0,0.013380353208955522,0.013963621598505267
0,0.013380353208955522,0.013963621598505267
0,0.013380353208955522,0.013963621598505267
0,0.013380353208955522,0.013963621598505267
0,0.013380353208955522,0.013963621598505267
0,0.015939605778591884,0.013523601060379227
0,0.013380353208955522,0.013963621598505267
0,0.013380353208955522,0.013963621598505267
1,0.9863581871997545,0.9886765262925944
0,0.013380353208955522,0.013963621598505267
0,0.07554817555000279,0.07273042348307376
0,0.00641756783178709,0.006896781466784354
0,0.013380353208955522,0.013963621598505267
0,0.013380353208955522,0.013963621598505267
1,0.99287557444038,0.9915192323487269
0,0.013380353208955522,0.013963621598505267
1,0.9942268470140956,0.9930881499210122
0,0.013380353208955522,0.013963621598505267
0,0.013380353208955522,0.013963621598505267
0,0.013380353208955522,0.013963621598505267
0,0.013380353208955522,0.013963621598505267
0,0.010855506951491393,0.011392045773605045
0,0.013380353208955522,0.013963621598505267
0,0.013380353208955522,0.013963621598505267
0,0.013380353208955522,0.013963621598505267
0,0.013380353208955522,0.013963621598505267
0,0.013380353208955522,0.013963621598505267
0,0.013380353208955522,0.013963621598505267
0,0.015939605778591884,0.013523601060379227
0,0.013380353208955522,0.013963621598505267
0,0.017803028746173004,0.01882787811132649
0,0.022028610794757427,0.019286795621933153
1,0.9900270865689677,0.990718171760401
0,0.013380353208955522,0.013963621598505267
0,0.013380353208955522,0.013963621598505267
0,0.03873310869260298,0.040050365546474384
0,0.013380353208955522,0.013963621598505267
0,0.013380353208955522,0.013963621598505267
0,0.013380353208955522,0.013963621598505267
0,0.013380353208955522,0.013963621598505267
0,0.008097841925253873,0.02358681648162324
0,0.013380353208955522,0.013963621598505267
0,0.14566468196129365,0.1081832818838913
1,0.9911840702941898,0.9963406902905778
0,0.013380353208955522,0.013963621598505267
0,0.09211947536948262,0.12605651183156602
0,0.013380353208955522,0.013963621598505267
0,0.017803028746173004,0.01882787811132649
0,0.013380353208955522,0.013963621598505267
0,0.05198575980269021,0.045954316937033175
0,0.013380353208955522,0.013963621598505267
0,0.013380353208955522,0.013963621598505267
0,0.013380353208955522,0.013963621598505267
0,0.013380353208955522,0.013963621598505267
1,0.9925193989777981,0.9931334283787953
1,0.9863581871997545,0.9886765262925944
0,0.013380353208955522,0.013963621598505267
0,0.013380353208955522,0.013963621598505267
0,0.013380353208955522,0.013963621598505267
0,0.013380353208955522,0.013963621598505267
0,0.013380353208955522,0.013963621598505267
0,0.013380353208955522,0.013963621598505267
0,0.013380353208955522,0.013963621598505267
0,0.013380353208955522,0.013963621598505267
0,0.013380353208955522,0.013963621598505267
0,0.013380353208955522,0.013963621598505267
0,0.08892648446874814,0.07057108625479315
0,0.013380353208955522,0.013963621598505267
0,0.02603042440775375,0.023636810180655596
0,0.013380353208955522,0.013963621598505267
0,0.013380353208955522,0.013963621598505267
0,0.07554817555000279,0.07273042348307376
0,0.08892648446874814,0.07057108625479315
0,0.013380353208955522,0.013963621598505267
0,0.013380353208955522,0.013963621598505267
0,0.013380353208955522,0.013963621598505267
0,0.013380353208955522,0.013963621598505267
0,0.013380353208955522,0.013963621598505267
0,0.013380353208955522,0.013963621598505267
0,0.008902014435712731,0.00986414094801043
0,0.013380353208955522,0.013963621598505267
0,0.013380353208955522,0.013963621598505267
0,0.013380353208955522,0.013963621598505267
0,0.013380353208955522,0.013963621598505267
0,0.013380353208955522,0.013963621598505267
0,0.013380353208955522,0.013963621598505267
0,0.013380353208955522,0.013963621598505267
0,0.017803028746173004,0.01882787811132649
0,0.013380353208955522,0.013963621598505267
0,0.007161264344558299,0.014283531399389872
0,0.010150907792494121,0.01700523407100442
0,0.013380353208955522,0.013963621598505267
0,0.013380353208955522,0.013963621598505267
0,0.013380353208955522,0.013963621598505267
0,0.013380353208955522,0.013963621598505267
0,0.013380353208955522,0.013963621598505267
0,0.013380353208955522,0.013963621598505267
0,0.015939605778591884,0.013523601060379227
0,0.013380353208955522,0.013963621598505267
0,0.05198575980269021,0.045954316937033175
0,0.013380353208955522,0.013963621598505267
0,0.07554817555000279,0.07273042348307376
0,0.013380353208955522,0.013963621598505267
0,0.017803028746173004,0.01882787811132649
0,0.013380353208955522,0.013963621598505267
0,0.013380353208955522,0.013963621598505267
0,0.03728287662436008,0.037914921076106854
0,0.03873310869260298,0.040050365546474384
0,0.03873310869260298,0.040050365546474384
0,0.013380353208955522,0.013963621598505267
0,0.013380353208955522,0.013963621598505267
0,0.013380353208955522,0.013963621598505267
0,0.013380353208955522,0.013963621598505267
0,0.013380353208955522,0.013963621598505267
0,0.013380353208955522,0.013963621598505267
0,0.03873310869260298,0.040050365546474384
0,0.013380353208955522,0.013963621598505267
0,0.013380353208955522,0.013963621598505267
0,0.017803028746173004,0.01882787811132649
0,0.017803028746173004,0.01882787811132649
0,0.013380353208955522,0.013963621598505267
0,0.013380353208955522,0.013963621598505267
0,0.013380353208955522,0.013963621598505267
0,0.013380353208955522,0.013963621598505267
0,0.013380353208955522,0.013963621598505267
0,0.013380353208955522,0.013963621598505267
0,0.013380353208955522,0.013963621598505267
0,0.0076060066214740565,0.009324303156037207
0,0.013380353208955522,0.013963621598505267
0,0.0076060066214740565,0.009324303156037207
0,0.013380353208955522,0.013963621598505267
0,0.013380353208955522,0.013963621598505267
0,0.013380353208955522,0.013963621598505267
0,0.02675895447423874,0.024004672596298175
0,0.017803028746173004,0.01882787811132649
0,0.015872651061186946,0.03743591467554046
0,0.015939605778591884,0.013523601060379227
0,0.013380353208955522,0.013963621598505267
0,0.013380353208955522,0.013963621598505267
0,0.013380353208955522,0.013963621598505267
0,0.015121997779431804,0.018842071649385273
0,0.013380353208955522,0.013963621598505267
0,0.013380353208955522,0.013963621598505267
0,0.013380353208955522,0.013963621598505267
0,0.013380353208955522,0.013963621598505267
1,0.9863581871997545,0.9886765262925944
0,0.013380353208955522,0.013963621598505267
0,0.013380353208955522,0.013963621598505267
1,0.9983618943704423,0.9970206395916364
0,0.013380353208955522,0.013963621598505267
0,0.013380353208955522,0.013963621598505267
0,0.00641756783178709,0.006896781466784354
0,0.010855506951491393,0.011392045773605045
0,0.013380353208955522,0.013963621598505267
0,0.00641756783178709,0.006896781466784354
0,0.015939605778591884,0.013523601060379227
0,0.013380353208955522,0.013963621598505267
0,0.013380353208955522,0.013963621598505267
0,0.013380353208955522,0.013963621598505267
0,0.013380353208955522,0.013963621598505267
0,0.013380353208955522,0.013963621598505267
0,0.013380353208955522,0.013963621598505267
0,0.017803028746173004,0.01882787811132649
0,0.015872651061186946,0.03743591467554046
0,0.011588707257963422,0.009786720687341474
0,0.010124792893859584,0.0169809773888571
0,0.013380353208955522,0.013963621598505267
0,0.08892648446874814,0.07057108625479315
0,0.013380353208955522,0.013963621598505267
0,0.013380353208955522,0.013963621598505267
1,0.9859002889777229,0.9860909311993099
0,0.013380353208955522,0.013963621598505267
0,0.013380353208955522,0.013963621598505267
1,0.9952096061031028,0.9952350991156806
0,0.013380353208955522,0.013963621598505267
1,0.996621028978283,0.9968300557861445
0,0.013380353208955522,0.013963621598505267
0,0.013380353208955522,0.013963621598505267
0,0.017803028746173004,0.01882787811132649
1,0.998038143065762,0.9980154318222443
0,0.1301370672183346,0.1539536713772963
0,0.013380353208955522,0.013963621598505267
0,0.013380353208955522,0.013963621598505267
0,0.013380353208955522,0.013963621598505267
0,0.013380353208955522,0.013963621598505267
0,0.013380353208955522,0.013963621598505267
1,0.983196292613706,0.9861202122152033
0,0.013380353208955522,0.013963621598505267
0,0.013380353208955522,0.013963621598505267
0,0.013380353208955522,0.013963621598505267
0,0.013380353208955522,0.013963621598505267
0,0.013380353208955522,0.013963621598505267
0,0.013380353208955522,0.013963621598505267
0,0.013380353208955522,0.013963621598505267
0,0.013380353208955522,0.013963621598505267
0,0.021190035729187786,0.018237410562750984
0,0.013380353208955522,0.013963621598505267
0,0.010660452696828665,0.013137175946607708
0,0.017803028746173004,0.01882787811132649
0,0.013380353208955522,0.013963621598505267
1,0.9866719994395371,0.9850615071313441
0,0.013380353208955522,0.013963621598505267
0,0.013380353208955522,0.013963621598505267
0,0.018510101062312108,0.01991054977738671
1,0.988293474895606,0.9891062678572778
0,0.05198575980269021,0.045954316937033175
0,0.013380353208955522,0.013963621598505267
0,0.017803028746173004,0.01882787811132649
0,0.013380353208955522,0.013963621598505267
0,0.013380353208955522,0.013963621598505267
0,0.008097841925253873,0.02358681648162324
0,0.05198575980269021,0.045954316937033175
0,0.013380353208955522,0.013963621598505267
0,0.013380353208955522,0.013963621598505267
0,0.013380353208955522,0.013963621598505267
0,0.013380353208955522,0.013963621598505267
0,0.013380353208955522,0.013963621598505267
0,0.013380353208955522,0.013963621598505267
0,0.013380353208955522,0.013963621598505267
1,0.998038143065762,0.9980154318222443
0,0.013380353208955522,0.013963621598505267
0,0.007161264344558299,0.014283531399389872
0,0.013380353208955522,0.013963621598505267
0,0.018510101062312108,0.01991054977738671
1,0.9980820212932497,0.9978684611166789
1,0.9846118584751069,0.9862242087062209
1,0.9900270865689677,0.990718171760401
0,0.013380353208955522,0.013963621598505267
0,0.013380353208955522,0.013963621598505267
0,0.013380353208955522,0.013963621598505267
0,0.013380353208955522,0.013963621598505267
0,0.07554817555000279,0.07273042348307376
0,0.07554817555000279,0.07273042348307376
0,0.02614713402645214,0.02369603435301686
0,0.013380353208955522,0.013963621598505267
0,0.013380353208955522,0.013963621598505267
1,0.9965911902824677,0.996644065105104
0,0.013380353208955522,0.013963621598505267
0,0.017803028746173004,0.01882787811132649
1,0.9846118584751069,0.9862242087062209
0,0.010855506951491393,0.011392045773605045
0,0.013380353208955522,0.013963621598505267
0,0.013380353208955522,0.013963621598505267
0,0.011588707257963422,0.009786720687341474
0,0.013380353208955522,0.013963621598505267
0,0.013380353208955522,0.013963621598505267
0,0.015939605778591884,0.013523601060379227
0,0.015872651061186946,0.03743591467554046
0,0.013380353208955522,0.013963621598505267
0,0.013380353208955522,0.013963621598505267
0,0.013380353208955522,0.013963621598505267
0,0.013380353208955522,0.013963621598505267
0,0.013380353208955522,0.013963621598505267
0,0.00641756783178709,0.006896781466784354
0,0.07554817555000279,0.07273042348307376
1,0.9846118584751069,0.9862242087062209
0,0.013380353208955522,0.013963621598505267
0,0.013380353208955522,0.013963621598505267
0,0.013380353208955522,0.013963621598505267
0,0.013380353208955522,0.013963621598505267
0,0.013380353208955522,0.013963621598505267
0,0.013380353208955522,0.013963621598505267
0,0.013380353208955522,0.013963621598505267
0,0.013380353208955522,0.013963621598505267
0,0.013380353208955522,0.013963621598505267
0,0.07554817555000279,0.07273042348307376
0,0.010128450222576933,0.016984376154721908
0,0.017803028746173004,0.01882787811132649
0,0.013380353208955522,0.013963621598505267
0,0.013380353208955522,0.013963621598505267
0,0.013380353208955522,0.013963621598505267
0,0.013380353208955522,0.013963621598505267
0,0.013380353208955522,0.013963621598505267
0,0.013380353208955522,0.013963621598505267
0,0.010855506951491393,0.011392045773605045
0,0.013380353208955522,0.013963621598505267
0,0.054273178560331925,0.04748950446591209
0,0.9863581871997545,0.9886765262925944
0,0.013380353208955522,0.013963621598505267
0,0.013380353208955522,0.013963621598505267
0,0.013380353208955522,0.013963621598505267
0,0.013380353208955522,0.013963621598505267
0,0.010660452696828665,0.013137175946607708
1,0.9863581871997545,0.9886765262925944
0,0.013380353208955522,0.013963621598505267
0,0.013380353208955522,0.013963621598505267
0,0.08892648446874814,0.07057108625479315
1,0.016999250615872465,0.030075876813093885
0,0.013380353208955522,0.013963621598505267
0,0.013380353208955522,0.013963621598505267
0,0.013380353208955522,0.013963621598505267
0,0.010121370681186704,0.016977796621946085
0,0.013380353208955522,0.013963621598505267
1,0.988293474895606,0.9891062678572778
0,0.013380353208955522,0.013963621598505267
1,0.9900270865689677,0.990718171760401
0,0.013380353208955522,0.013963621598505267
0,0.013380353208955522,0.013963621598505267
0,0.021190035729187786,0.018237410562750984
0,0.015872651061186946,0.03743591467554046
0,0.013380353208955522,0.013963621598505267
0,0.03873310869260298,0.040050365546474384
1,0.9803840292188359,0.9770330947984113
0,0.013380353208955522,0.013963621598505267
1,0.9954741346693947,0.9948789293766448
0,0.08892648446874814,0.07057108625479315
0,0.013380353208955522,0.013963621598505267
0,0.0568713045869251,0.11765258042150675
0,0.03728287662436008,0.037914921076106854
0,0.0076060066214740565,0.009324303156037207
0,0.013380353208955522,0.013963621598505267
1,0.9900270865689677,0.990718171760401
0,0.013380353208955522,0.013963621598505267
0,0.013380353208955522,0.013963621598505267
0,0.013380353208955522,0.013963621598505267
0,0.07554817555000279,0.07273042348307376
0,0.013380353208955522,0.013963621598505267
0,0.0076060066214740565,0.009324303156037207
0,0.013380353208955522,0.013963621598505267
0,0.9863581871997545,0.9886765262925944
0,0.010119660004477215,0.016976206458313048
0,0.013380353208955522,0.013963621598505267
1,0.9900270865689677,0.990718171760401
0,0.03728287662436008,0.037914921076106854
0,0.013380353208955522,0.013963621598505267
0,0.013380353208955522,0.013963621598505267
0,0.01167491044719121,0.02491663385381458
0,0.013380353208955522,0.013963621598505267
0,0.013380353208955522,0.013963621598505267
1,0.08892648446874814,0.07057108625479315
0,0.05381826318443013,0.051145854067730215
0,0.013380353208955522,0.013963621598505267
0,0.018510101062312108,0.01991054977738671
0,0.018510101062312108,0.01991054977738671
0,0.017803028746173004,0.01882787811132649
0,0.013380353208955522,0.013963621598505267
0,0.05403206837622378,0.047370828961605944
0,0.017803028746173004,0.01882787811132649
0,0.03728287662436008,0.037914921076106854
0,0.015428441696496493,0.013215446320193973
0,0.013380353208955522,0.013963621598505267
0,0.013380353208955522,0.013963621598505267
0,0.013380353208955522,0.013963621598505267
0,0.013380353208955522,0.013963621598505267
0,0.013380353208955522,0.013963621598505267
0,0.015939605778591884,0.013523601060379227
0,0.013380353208955522,0.013963621598505267
0,0.013380353208955522,0.013963621598505267
0,0.013380353208955522,0.013963621598505267
0,0.013380353208955522,0.013963621598505267
0,0.013380353208955522,0.013963621598505267
0,0.00641756783178709,0.006896781466784354
0,0.013380353208955522,0.013963621598505267
0,0.013380353208955522,0.013963621598505267
0,0.013380353208955522,0.013963621598505267
0,0.013380353208955522,0.013963621598505267
0,0.015939605778591884,0.013523601060379227
0,0.013380353208955522,0.013963621598505267
0,0.013380353208955522,0.013963621598505267
0,0.011588707257963422,0.009786720687341474
0,0.013380353208955522,0.013963621598505267
0,0.013380353208955522,0.013963621598505267
0,0.011588707257963422,0.009786720687341474
0,0.00641756783178709,0.006896781466784354
0,0.03873310869260298,0.040050365546474384
0,0.03873310869260298,0.040050365546474384
0,0.013380353208955522,0.013963621598505267
0,0.07554817555000279,0.07273042348307376
0,0.010855506951491393,0.011392045773605045
0,0.013380353208955522,0.013963621598505267
0,0.013380353208955522,0.013963621598505267
0,0.013380353208955522,0.013963621598505267
0,0.05198575980269021,0.045954316937033175
0,0.013380353208955522,0.013963621598505267
0,0.013380353208955522,0.013963621598505267
0,0.013380353208955522,0.013963621598505267
0,0.013380353208955522,0.013963621598505267
0,0.013380353208955522,0.013963621598505267
0,0.013380353208955522,0.013963621598505267
0,0.013380353208955522,0.013963621598505267
1,0.9846118584751069,0.9862242087062209
0,0.013380353208955522,0.013963621598505267
1,0.9970879719736984,0.9953115271407368
0,0.00641756783178709,0.006896781466784354
0,0.08892648446874814,0.07057108625479315
0,0.08892648446874814,0.07057108625479315
0,0.011588707257963422,0.009786720687341474
0,0.017803028746173004,0.01882787811132649
0,0.018510101062312108,0.01991054977738671
0,0.013380353208955522,0.013963621598505267
1,0.9977100820874614,0.9979364103099526
0,0.01778373188743586,0.030832298710058645
0,0.013380353208955522,0.013963621598505267
0,0.013380353208955522,0.013963621598505267
0,0.013380353208955522,0.013963621598505267
0,0.013380353208955522,0.013963621598505267
0,0.08892648446874814,0.07057108625479315
1,0.9900270865689677,0.990718171760401
0,0.013380353208955522,0.013963621598505267
0,0.013380353208955522,0.013963621598505267
1,0.988293474895606,0.9891062678572778
0,0.013380353208955522,0.013963621598505267
0,0.017803028746173004,0.01882787811132649
0,0.9835816294331023,0.9817041920237872
0,0.013380353208955522,0.013963621598505267
0,0.3161477292972768,0.30776919609002257
0,0.013380353208955522,0.013963621598505267
0,0.011588707257963422,0.009786720687341474
0,0.013380353208955522,0.013963621598505267
0,0.03873310869260298,0.040050365546474384
0,0.013380353208955522,0.013963621598505267
0,0.013380353208955522,0.013963621598505267
0,0.013380353208955522,0.013963621598505267
0,0.013380353208955522,0.013963621598505267
0,0.013380353208955522,0.013963621598505267
0,0.013380353208955522,0.013963621598505267
0,0.009600456621941287,0.008425936452466115
0,0.013380353208955522,0.013963621598505267
0,0.013380353208955522,0.013963621598505267
0,0.013380353208955522,0.013963621598505267
0,0.013380353208955522,0.013963621598505267
1,0.988293474895606,0.9891062678572778
0,0.013380353208955522,0.013963621598505267
0,0.019750618440541268,0.029184032174143854
0,0.013380353208955522,0.013963621598505267
0,0.013380353208955522,0.013963621598505267
0,0.013380353208955522,0.013963621598505267
0,0.013380353208955522,0.013963621598505267
0,0.013380353208955522,0.013963621598505267
0,0.013380353208955522,0.013963621598505267
0,0.9942268470140956,0.9930881499210122
0,0.05198575980269021,0.045954316937033175
0,0.013380353208955522,0.013963621598505267
0,0.013380353208955522,0.013963621598505267
0,0.013380353208955522,0.013963621598505267
0,0.013380353208955522,0.013963621598505267
0,0.013380353208955522,0.013963621598505267
0,0.013380353208955522,0.013963621598505267
0,0.07554817555000279,0.07273042348307376
0,0.05381826318443013,0.051145854067730215
0,0.011588707257963422,0.009786720687341474
0,0.013380353208955522,0.013963621598505267
0,0.017803028746173004,0.01882787811132649
0,0.013380353208955522,0.013963621598505267
0,0.013380353208955522,0.013963621598505267
0,0.08892648446874814,0.07057108625479315
0,0.013380353208955522,0.013963621598505267
0,0.013380353208955522,0.013963621598505267
0,0.013380353208955522,0.013963621598505267
0,0.013380353208955522,0.013963621598505267
0,0.013380353208955522,0.013963621598505267
0,0.017803028746173004,0.01882787811132649
0,0.013380353208955522,0.013963621598505267
0,0.013380353208955522,0.013963621598505267
0,0.013380353208955522,0.013963621598505267
0,0.010855506951491393,0.011392045773605045
0,0.013380353208955522,0.013963621598505267
0,0.013380353208955522,0.013963621598505267
0,0.14347735987166912,0.12687103393526158
0,0.013380353208955522,0.013963621598505267
0,0.013380353208955522,0.013963621598505267
0,0.013380353208955522,0.013963621598505267
0,0.1463017161357148,0.12828685198172535
0,0.013380353208955522,0.013963621598505267
0,0.013380353208955522,0.013963621598505267
0,0.013380353208955522,0.013963621598505267
0,0.013380353208955522,0.013963621598505267
0,0.013380353208955522,0.013963621598505267
0,0.013380353208955522,0.013963621598505267
0,0.013380353208955522,0.013963621598505267
0,0.013380353208955522,0.013963621598505267
0,0.013380353208955522,0.013963621598505267
1,0.9970879719736984,0.9953115271407368
0,0.026096230293703022,0.023670217229076272
0,0.013380353208955522,0.013963621598505267
0,0.07554817555000279,0.07273042348307376
0,0.013380353208955522,0.013963621598505267
0,0.013380353208955522,0.013963621598505267
0,0.018510101062312108,0.01991054977738671
0,0.013380353208955522,0.013963621598505267
0,0.013380353208955522,0.013963621598505267
0,0.013380353208955522,0.013963621598505267
0,0.03873310869260298,0.040050365546474384
0,0.013380353208955522,0.013963621598505267
0,0.013380353208955522,0.013963621598505267
0,0.013380353208955522,0.013963621598505267
0,0.013380353208955522,0.013963621598505267
1,0.9965911902824677,0.996644065105104
0,0.013380353208955522,0.013963621598505267
0,0.028159707171295418,0.028261489475335425
0,0.013380353208955522,0.013963621598505267
1,0.9899943015631928,0.9889322603319115
0,0.013380353208955522,0.013963621598505267
1,0.988293474895606,0.9891062678572778
0,0.013380353208955522,0.013963621598505267
1,0.9989447726762322,0.9991513871793225
0,0.07554817555000279,0.07273042348307376
0,0.03873310869260298,0.040050365546474384
0,0.013380353208955522,0.013963621598505267
0,0.002878847893231153,0.0133277625987292
0,0.03728287662436008,0.037914921076106854
0,0.013380353208955522,0.013963621598505267
0,0.013380353208955522,0.013963621598505267
0,0.013380353208955522,0.013963621598505267
0,0.016111423193041992,0.01896315923197983
0,0.013380353208955522,0.013963621598505267
0,0.013380353208955522,0.013963621598505267
0,0.013380353208955522,0.013963621598505267
0,0.015939605778591884,0.013523601060379227
0,0.07554817555000279,0.07273042348307376
0,0.013380353208955522,0.013963621598505267
0,0.013380353208955522,0.013963621598505267
0,0.017803028746173004,0.01882787811132649
0,0.013380353208955522,0.013963621598505267
0,0.013380353208955522,0.013963621598505267
0,0.013380353208955522,0.013963621598505267
0,0.013380353208955522,0.013963621598505267
0,0.013380353208955522,0.013963621598505267
1,0.9947673452799504,0.9952811759684514
0,0.013380353208955522,0.013963621598505267
0,0.017803028746173004,0.01882787811132649
0,0.013380353208955522,0.013963621598505267
0,0.013380353208955522,0.013963621598505267
0,0.013380353208955522,0.013963621598505267
0,0.013380353208955522,0.013963621598505267
0,0.013380353208955522,0.013963621598505267
0,0.013380353208955522,0.013963621598505267
0,0.013380353208955522,0.013963621598505267
0,0.018510101062312108,0.01991054977738671
0,0.015939605778591884,0.013523601060379227
0,0.013380353208955522,0.013963621598505267
0,0.013380353208955522,0.013963621598505267
0,0.013380353208955522,0.013963621598505267
0,0.03873310869260298,0.040050365546474384
0,0.013380353208955522,0.013963621598505267
0,0.00641756783178709,0.006896781466784354
0,0.013380353208955522,0.013963621598505267
0,0.022015147313880285,0.06439220334171539
0,0.013380353208955522,0.013963621598505267
0,0.013380353208955522,0.013963621598505267
0,0.013380353208955522,0.013963621598505267
0,0.013380353208955522,0.013963621598505267
0,0.018510101062312108,0.01991054977738671
0,0.013380353208955522,0.013963621598505267
0,0.013380353208955522,0.013963621598505267
0,0.013380353208955522,0.013963621598505267
0,0.013380353208955522,0.013963621598505267
0,0.013380353208955522,0.013963621598505267
0,0.013380353208955522,0.013963621598505267
1,0.9863581871997545,0.9886765262925944
0,0.013380353208955522,0.013963621598505267
0,0.028159707171295418,0.028261489475335425
0,0.03728287662436008,0.037914921076106854
0,0.013380353208955522,0.013963621598505267
0,0.0060350836726025675,0.010575617004172096
0,0.013380353208955522,0.013963621598505267
0,0.013380353208955522,0.013963621598505267
0,0.013380353208955522,0.013963621598505267
0,0.013380353208955522,0.013963621598505267
0,0.09300149897326244,0.09810197228189368
0,0.01646434242376116,0.029551078767310175
0,0.013380353208955522,0.013963621598505267
0,0.013380353208955522,0.013963621598505267
0,0.013380353208955522,0.013963621598505267
0,0.017803028746173004,0.01882787811132649
0,0.011588707257963422,0.009786720687341474
0,0.00641756783178709,0.006896781466784354
1,0.9900270865689677,0.990718171760401
1,0.988293474895606,0.9891062678572778
0,0.07554817555000279,0.07273042348307376
0,0.013380353208955522,0.013963621598505267
0,0.013380353208955522,0.013963621598505267
1,0.989757902032656,0.9916185520618371
0,0.010131368122191719,0.016987087375202492
0,0.017803028746173004,0.01882787811132649
1,0.9859002889777229,0.9860909311993099
1,0.9900270865689677,0.990718171760401
0,0.07554817555000279,0.07273042348307376
0,0.013380353208955522,0.013963621598505267
0,0.015872651061186946,0.03743591467554046
0,0.013380353208955522,0.013963621598505267
0,0.013380353208955522,0.013963621598505267
0,0.00641756783178709,0.006896781466784354
0,0.013380353208955522,0.013963621598505267
0,0.017803028746173004,0.01882787811132649
0,0.02608360482153375,0.023663810569434205
0,0.05198575980269021,0.045954316937033175
0,0.00641756783178709,0.006896781466784354
0,0.013380353208955522,0.013963621598505267
0,0.013380353208955522,0.013963621598505267
1,0.1323723043426506,0.12120672566378181
1,0.9970879719736984,0.9953115271407368
0,0.013380353208955522,0.013963621598505267
0,0.013380353208955522,0.013963621598505267
0,0.013380353208955522,0.013963621598505267
0,0.013380353208955522,0.013963621598505267
0,0.013380353208955522,0.013963621598505267
0,0.013380353208955522,0.013963621598505267
0,0.00641756783178709,0.006896781466784354
0,0.006884668376613047,0.013502623443237237
0,0.013380353208955522,0.013963621598505267
0,0.018510101062312108,0.01991054977738671
0,0.013380353208955522,0.013963621598505267
0,0.013380353208955522,0.013963621598505267
1,0.983196292613706,0.9861202122152033
0,0.015428441696496493,0.013215446320193973
0,0.013380353208955522,0.013963621598505267
1,0.9883288071935492,0.9842303828113439
0,0.013380353208955522,0.013963621598505267
1,0.9970879719736984,0.9953115271407368
0,0.013380353208955522,0.013963621598505267
0,0.013380353208955522,0.013963621598505267
0,0.013380353208955522,0.013963621598505267
0,0.013380353208955522,0.013963621598505267
0,0.013380353208955522,0.013963621598505267
1,0.9835236734317571,0.9762931992728303
0,0.00641756783178709,0.006896781466784354
0,0.013380353208955522,0.013963621598505267
0,0.017803028746173004,0.01882787811132649
0,0.013380353208955522,0.013963621598505267
0,0.013380353208955522,0.013963621598505267
0,0.013380353208955522,0.013963621598505267
0,0.013380353208955522,0.013963621598505267
1,0.9919418339637874,0.9956729194140141
0,0.03728287662436008,0.037914921076106854
0,0.013380353208955522,0.013963621598505267
0,0.013380353208955522,0.013963621598505267
0,0.013380353208955522,0.013963621598505267
1,0.9859002889777229,0.9860909311993099
0,0.011588707257963422,0.009786720687341474
0,0.013380353208955522,0.013963621598505267
0,0.03873310869260298,0.040050365546474384
0,0.017803028746173004,0.01882787811132649
0,0.013380353208955522,0.013963621598505267
0,0.013380353208955522,0.013963621598505267
0,0.07554817555000279,0.07273042348307376
0,0.013380353208955522,0.013963621598505267
0,0.013380353208955522,0.013963621598505267
0,0.013380353208955522,0.013963621598505267
0,0.03873310869260298,0.040050365546474384
0,0.013380353208955522,0.013963621598505267
0,0.07554817555000279,0.07273042348307376
0,0.013380353208955522,0.013963621598505267
0,0.015939605778591884,0.013523601060379227
0,0.017803028746173004,0.01882787811132649
0,0.03746327588286812,0.037039533277635234
0,0.013380353208955522,0.013963621598505267
0,0.013380353208955522,0.013963621598505267
0,0.988293474895606,0.9891062678572778
0,0.011588707257963422,0.009786720687341474
0,0.07554817555000279,0.07273042348307376
0,0.013380353208955522,0.013963621598505267
0,0.013380353208955522,0.013963621598505267
0,0.013380353208955522,0.013963621598505267
0,0.016487308842529986,0.029573767116145497
0,0.013380353208955522,0.013963621598505267
0,0.013380353208955522,0.013963621598505267
0,0.013380353208955522,0.013963621598505267
0,0.013380353208955522,0.013963621598505267
0,0.013380353208955522,0.013963621598505267
0,0.013380353208955522,0.013963621598505267
0,0.0259315908674821,0.025575186601986825
0,0.07554817555000279,0.07273042348307376
1,0.9900270865689677,0.990718171760401
0,0.0180482648935943,0.031083977825870853
0,0.015428441696496493,0.013215446320193973
0,0.013380353208955522,0.013963621598505267
0,0.013380353208955522,0.013963621598505267
0,0.013380353208955522,0.013963621598505267
1,0.9863581871997545,0.9886765262925944
0,0.013380353208955522,0.013963621598505267
0,0.013380353208955522,0.013963621598505267
0,0.013380353208955522,0.013963621598505267
0,0.010855506951491393,0.011392045773605045
0,0.9853106429431978,0.9884192986770267
0,0.013380353208955522,0.013963621598505267
0,0.013380353208955522,0.013963621598505267
0,0.013380353208955522,0.013963621598505267
0,0.013380353208955522,0.013963621598505267
0,0.013380353208955522,0.013963621598505267
0,0.013380353208955522,0.013963621598505267
1,0.998038143065762,0.9980154318222443
1,0.9846118584751069,0.9862242087062209
0,0.017803028746173004,0.01882787811132649
0,0.010855506951491393,0.011392045773605045
0,0.013380353208955522,0.013963621598505267
0,0.013380353208955522,0.013963621598505267
0,0.013380353208955522,0.013963621598505267
0,0.013380353208955522,0.013963621598505267
0,0.07554817555000279,0.07273042348307376
0,0.013380353208955522,0.013963621598505267
0,0.013380353208955522,0.013963621598505267
0,0.03873310869260298,0.040050365546474384
0,0.013380353208955522,0.013963621598505267
0,0.017803028746173004,0.01882787811132649
0,0.013380353208955522,0.013963621598505267
0,0.013380353208955522,0.013963621598505267
0,0.01485143325776784,0.02170340534895081
1,0.9900270865689677,0.990718171760401
0,0.013380353208955522,0.013963621598505267
0,0.013380353208955522,0.013963621598505267
0,0.010124935510794065,0.01698110993341601
0,0.018510101062312108,0.01991054977738671
0,0.013380353208955522,0.013963621598505267
0,0.03728287662436008,0.037914921076106854
0,0.017803028746173004,0.01882787811132649
0,0.013380353208955522,0.013963621598505267
0,0.013380353208955522,0.013963621598505267
0,0.013380353208955522,0.013963621598505267
0,0.013380353208955522,0.013963621598505267
0,0.07554817555000279,0.07273042348307376
0,0.013380353208955522,0.013963621598505267
0,0.013380353208955522,0.013963621598505267
0,0.00641756783178709,0.006896781466784354
0,0.010660452696828665,0.013137175946607708
0,0.07554817555000279,0.07273042348307376
0,0.9980820212932497,0.9978684611166789
0,0.07554817555000279,0.07273042348307376
0,0.013380353208955522,0.013963621598505267
0,0.017803028746173004,0.01882787811132649
0,0.013380353208955522,0.013963621598505267
1,0.9863581871997545,0.9886765262925944
0,0.013380353208955522,0.013963621598505267
0,0.013380353208955522,0.013963621598505267
0,0.013380353208955522,0.013963621598505267
0,0.013380353208955522,0.013963621598505267
0,0.07554817555000279,0.07273042348307376
0,0.013380353208955522,0.013963621598505267
0,0.013380353208955522,0.013963621598505267
1,0.9863581871997545,0.9886765262925944
0,0.013380353208955522,0.013963621598505267
0,0.013380353208955522,0.013963621598505267
0,0.03873310869260298,0.040050365546474384
0,0.013380353208955522,0.013963621598505267
0,0.010855506951491393,0.011392045773605045
0,0.013380353208955522,0.013963621598505267
0,0.013380353208955522,0.013963621598505267
0,0.013380353208955522,0.013963621598505267
0,0.010660452696828665,0.013137175946607708
0,0.013380353208955522,0.013963621598505267
0,0.013380353208955522,0.013963621598505267
0,0.013380353208955522,0.013963621598505267
0,0.010660452696828665,0.013137175946607708
0,0.03728287662436008,0.037914921076106854
0,0.013380353208955522,0.013963621598505267
0,0.013380353208955522,0.013963621598505267
0,0.013380353208955522,0.013963621598505267
0,0.013380353208955522,0.013963621598505267
0,0.013380353208955522,0.013963621598505267
1,0.9980820212932497,0.9978684611166789
0,0.013380353208955522,0.013963621598505267
0,0.013380353208955522,0.013963621598505267
0,0.013380353208955522,0.013963621598505267
1,0.9846118584751069,0.9862242087062209
0,0.013380353208955522,0.013963621598505267
0,0.013380353208955522,0.013963621598505267
0,0.013380353208955522,0.013963621598505267
0,0.013380353208955522,0.013963621598505267
0,0.011588707257963422,0.009786720687341474
1,0.9863581871997545,0.9886765262925944
0,0.013380353208955522,0.013963621598505267
0,0.013380353208955522,0.013963621598505267
0,0.013380353208955522,0.013963621598505267
0,0.9900270865689677,0.990718171760401
0,0.013380353208955522,0.013963621598505267
1,0.9981266541231687,0.9971795959544819
0,0.017803028746173004,0.01882787811132649
0,0.013380353208955522,0.013963621598505267
0,0.013380353208955522,0.013963621598505267
0,0.013380353208955522,0.013963621598505267
0,0.00749232532874585,0.018585353721930622
0,0.013380353208955522,0.013963621598505267
0,0.013380353208955522,0.013963621598505267
0,0.017803028746173004,0.01882787811132649
0,0.017803028746173004,0.01882787811132649
0,0.07554817555000279,0.07273042348307376
0,0.013380353208955522,0.013963621598505267
0,0.013380353208955522,0.013963621598505267
0,0.00641756783178709,0.006896781466784354
0,0.013380353208955522,0.013963621598505267
0,0.013380353208955522,0.013963621598505267
0,0.013380353208955522,0.013963621598505267
0,0.013380353208955522,0.013963621598505267
0,0.013380353208955522,0.013963621598505267
0,0.013380353208955522,0.013963621598505267
0,0.9900270865689677,0.990718171760401
0,0.013380353208955522,0.013963621598505267
0,0.013380353208955522,0.013963621598505267
0,0.013380353208955522,0.013963621598505267
0,0.013380353208955522,0.013963621598505267
1,0.9969712013808034,0.99839199342009
0,0.024418331721176734,0.013333243666510786
1,0.9863581871997545,0.9886765262925944
0,0.013380353208955522,0.013963621598505267
0,0.07554817555000279,0.07273042348307376
0,0.013380353208955522,0.013963621598505267
0,0.013380353208955522,0.013963621598505267
0,0.03873310869260298,0.040050365546474384
0,0.013380353208955522,0.013963621598505267
0,0.017803028746173004,0.01882787811132649
0,0.013380353208955522,0.013963621598505267
0,0.013380353208955522,0.013963621598505267
0,0.013380353208955522,0.013963621598505267
0,0.0076060066214740565,0.009324303156037207
0,0.013380353208955522,0.013963621598505267
0,0.013380353208955522,0.013963621598505267
1,0.988293474895606,0.9891062678572778
0,0.00641756783178709,0.006896781466784354
0,0.08892648446874814,0.07057108625479315
0,0.013380353208955522,0.013963621598505267
0,0.013380353208955522,0.013963621598505267
0,0.013380353208955522,0.013963621598505267
0,0.011588707257963422,0.009786720687341474
0,0.013380353208955522,0.013963621598505267
0,0.013380353208955522,0.013963621598505267
1,0.9859002889777229,0.9860909311993099
1,0.9863581871997545,0.9886765262925944
0,0.013380353208955522,0.013963621598505267
0,0.013380353208955522,0.013963621598505267
0,0.03728287662436008,0.037914921076106854
0,0.013380353208955522,0.013963621598505267
0,0.05381826318443013,0.051145854067730215
0,0.013380353208955522,0.013963621598505267
0,0.013380353208955522,0.013963621598505267
0,0.017803028746173004,0.01882787811132649
0,0.05198575980269021,0.045954316937033175
0,0.013380353208955522,0.013963621598505267
0,0.018510101062312108,0.01991054977738671
0,0.00641756783178709,0.006896781466784354
1,0.9933508752398047,0.9931786869225149
0,0.013380353208955522,0.013963621598505267
1,0.9975149069740874,0.997253138266172
0,0.013380353208955522,0.013963621598505267
0,0.013380353208955522,0.013963621598505267
0,0.03873310869260298,0.040050365546474384
0,0.013380353208955522,0.013963621598505267
0,0.013380353208955522,0.013963621598505267
0,0.013380353208955522,0.013963621598505267
0,0.013380353208955522,0.013963621598505267
0,0.00641756783178709,0.006896781466784354
0,0.013380353208955522,0.013963621598505267
0,0.015939605778591884,0.013523601060379227
0,0.013380353208955522,0.013963621598505267
0,0.013380353208955522,0.013963621598505267
0,0.013380353208955522,0.013963621598505267
0,0.013380353208955522,0.013963621598505267
0,0.013380353208955522,0.013963621598505267
0,0.013380353208955522,0.013963621598505267
0,0.013380353208955522,0.013963621598505267
0,0.00641756783178709,0.006896781466784354
0,0.013380353208955522,0.013963621598505267
0,0.013380353208955522,0.013963621598505267
0,0.013380353208955522,0.013963621598505267
0,0.013380353208955522,0.013963621598505267
0,0.013380353208955522,0.013963621598505267
0,0.013380353208955522,0.013963621598505267
0,0.013380353208955522,0.013963621598505267
0,0.013380353208955522,0.013963621598505267
0,0.013380353208955522,0.013963621598505267
0,0.013380353208955522,0.013963621598505267
0,0.013380353208955522,0.013963621598505267
0,0.013380353208955522,0.013963621598505267
0,0.013380353208955522,0.013963621598505267
0,0.013380353208955522,0.013963621598505267
0,0.013380353208955522,0.013963621598505267
0,0.019750618440541268,0.029184032174143854
0,0.010491459825000046,0.01731904951752928
0,0.013380353208955522,0.013963621598505267
0,0.03873310869260298,0.040050365546474384
0,0.013380353208955522,0.013963621598505267
0,0.017803028746173004,0.01882787811132649
0,0.013380353208955522,0.013963621598505267
0,0.013380353208955522,0.013963621598505267
0,0.013380353208955522,0.013963621598505267
0,0.015939605778591884,0.013523601060379227
0,0.03032312138508404,0.025746094740712114
0,0.010855506951491393,0.011392045773605045
0,0.013380353208955522,0.013963621598505267
0,0.013380353208955522,0.013963621598505267
0,0.07554817555000279,0.07273042348307376
0,0.013380353208955522,0.013963621598505267
0,0.013380353208955522,0.013963621598505267
0,0.013380353208955522,0.013963621598505267
0,0.013380353208955522,0.013963621598505267
0,0.013380353208955522,0.013963621598505267
0,0.013380353208955522,0.013963621598505267
0,0.013380353208955522,0.013963621598505267
0,0.013380353208955522,0.013963621598505267
0,0.013380353208955522,0.013963621598505267
0,0.013380353208955522,0.013963621598505267
0,0.013380353208955522,0.013963621598505267
0,0.017803028746173004,0.01882787811132649
0,0.013380353208955522,0.013963621598505267
1,0.9859002889777229,0.9860909311993099
0,0.013380353208955522,0.013963621598505267
0,0.013380353208955522,0.013963621598505267
0,0.03873310869260298,0.040050365546474384
0,0.011588707257963422,0.009786720687341474
0,0.013380353208955522,0.013963621598505267
0,0.013380353208955522,0.013963621598505267
0,0.013380353208955522,0.013963621598505267
0,0.013380353208955522,0.013963621598505267
0,0.03873310869260298,0.040050365546474384
1,0.9863581871997545,0.9886765262925944
1,0.9883288071935492,0.9842303828113439
1,0.9936424314721035,0.9952070836104364
0,0.08892648446874814,0.07057108625479315
0,0.013380353208955522,0.013963621598505267
0,0.013380353208955522,0.013963621598505267
0,0.013380353208955522,0.013963621598505267
0,0.03728287662436008,0.037914921076106854
0,0.013380353208955522,0.013963621598505267
0,0.013380353208955522,0.013963621598505267
0,0.013380353208955522,0.013963621598505267
0,0.013380353208955522,0.013963621598505267
0,0.013380353208955522,0.013963621598505267
0,0.013380353208955522,0.013963621598505267
0,0.013380353208955522,0.013963621598505267
0,0.013380353208955522,0.013963621598505267
0,0.013380353208955522,0.013963621598505267
0,0.013380353208955522,0.013963621598505267
0,0.013380353208955522,0.013963621598505267
0,0.013380353208955522,0.013963621598505267
0,0.013380353208955522,0.013963621598505267
1,0.9845511220048656,0.9910563303105513
0,0.013380353208955522,0.013963621598505267
0,0.9966704001540214,0.9955612629889523
0,0.013380353208955522,0.013963621598505267
0,0.013380353208955522,0.013963621598505267
0,0.013380353208955522,0.013963621598505267
0,0.013380353208955522,0.013963621598505267
0,0.015872651061186946,0.03743591467554046
0,0.013380353208955522,0.013963621598505267
0,0.013380353208955522,0.013963621598505267
0,0.013380353208955522,0.013963621598505267
0,0.017803028746173004,0.01882787811132649
0,0.05198575980269021,0.045954316937033175
0,0.013380353208955522,0.013963621598505267
0,0.013380353208955522,0.013963621598505267
0,0.013380353208955522,0.013963621598505267
0,0.010855506951491393,0.011392045773605045
0,0.00641756783178709,0.006896781466784354
0,0.07554817555000279,0.07273042348307376
0,0.013380353208955522,0.013963621598505267
0,0.013380353208955522,0.013963621598505267
0,0.013380353208955522,0.013963621598505267
0,0.013380353208955522,0.013963621598505267
0,0.016111423193041992,0.01896315923197983
0,0.013380353208955522,0.013963621598505267
0,0.03873310869260298,0.040050365546474384
0,0.00641756783178709,0.006896781466784354
0,0.013380353208955522,0.013963621598505267
0,0.013380353208955522,0.013963621598505267
0,0.013380353208955522,0.013963621598505267
0,0.013380353208955522,0.013963621598505267
0,0.013380353208955522,0.013963621598505267
0,0.02614935455395727,0.023697160060931734
0,0.013380353208955522,0.013963621598505267
0,0.015939605778591884,0.013523601060379227
0,0.013380353208955522,0.013963621598505267
0,0.013380353208955522,0.013963621598505267
0,0.03728287662436008,0.037914921076106854
0,0.013380353208955522,0.013963621598505267
0,0.07125302509285644,0.0743080308767092
0,0.013380353208955522,0.013963621598505267
0,0.015939605778591884,0.013523601060379227
0,0.013380353208955522,0.013963621598505267
0,0.013380353208955522,0.013963621598505267
0,0.013380353208955522,0.013963621598505267
0,0.00641756783178709,0.006896781466784354
0,0.013380353208955522,0.013963621598505267
0,0.013380353208955522,0.013963621598505267
0,0.013380353208955522,0.013963621598505267
0,0.015939605778591884,0.013523601060379227
1,0.9900270865689677,0.990718171760401
0,0.013380353208955522,0.013963621598505267
0,0.013380353208955522,0.013963621598505267
0,0.013380353208955522,0.013963621598505267
0,0.013380353208955522,0.013963621598505267
0,0.013380353208955522,0.013963621598505267
0,0.013380353208955522,0.013963621598505267
0,0.07554817555000279,0.07273042348307376
0,0.013380353208955522,0.013963621598505267
0,0.013380353208955522,0.013963621598505267
0,0.020403651759442944,0.03325599512590722
0,0.013380353208955522,0.013963621598505267
0,0.013380353208955522,0.013963621598505267
0,0.013380353208955522,0.013963621598505267
0,0.013380353208955522,0.013963621598505267
0,0.013380353208955522,0.013963621598505267
1,0.9863581871997545,0.9886765262925944
0,0.03873310869260298,0.040050365546474384
0,0.013380353208955522,0.013963621598505267
0,0.013380353208955522,0.013963621598505267
0,0.013380353208955522,0.013963621598505267
0,0.011588707257963422,0.009786720687341474
0,0.013380353208955522,0.013963621598505267
0,0.00641756783178709,0.006896781466784354
0,0.013380353208955522,0.013963621598505267
0,0.013380353208955522,0.013963621598505267
0,0.02204948763776818,0.06444580143133113
0,0.017803028746173004,0.01882787811132649
0,0.013380353208955522,0.013963621598505267
1,0.9964755435727178,0.9958701735162827
0,0.013380353208955522,0.013963621598505267
0,0.013380353208955522,0.013963621598505267
0,0.013380353208955522,0.013963621598505267
0,0.010197558742518726,0.017048496517687643
0,0.013380353208955522,0.013963621598505267
0,0.013380353208955522,0.013963621598505267
0,0.03873310869260298,0.040050365546474384
1,0.99287557444038,0.9915192323487269
0,0.07554817555000279,0.07273042348307376
0,0.03728287662436008,0.037914921076106854
0,0.013380353208955522,0.013963621598505267
1,0.9877049681860305,0.9886174599411427
0,0.07554817555000279,0.07273042348307376
0,0.03728287662436008,0.037914921076106854
0,0.028159707171295418,0.028261489475335425
0,0.02619892812931887,0.023722281015717484
0,0.011588707257963422,0.009786720687341474
0,0.05198575980269021,0.045954316937033175
0,0.013380353208955522,0.013963621598505267
0,0.03728287662436008,0.037914921076106854
0,0.03728287662436008,0.037914921076106854
0,0.03873310869260298,0.040050365546474384
0,0.013380353208955522,0.013963621598505267
0,0.010133682760258944,0.01698923781679048
0,0.013380353208955522,0.013963621598505267
0,0.013380353208955522,0.013963621598505267
1,0.9942268470140956,0.9930881499210122
0,0.013380353208955522,0.013963621598505267
0,0.9898204517835795,0.9902631316831765
0,0.017803028746173004,0.01882787811132649
0,0.013380353208955522,0.013963621598505267
0,0.013380353208955522,0.013963621598505267
0,0.013380353208955522,0.013963621598505267
0,0.013380353208955522,0.013963621598505267
0,0.03873310869260298,0.040050365546474384
0,0.013380353208955522,0.013963621598505267
0,0.008423158550947087,0.01750117699415577
0,0.013380353208955522,0.013963621598505267
0,0.013380353208955522,0.013963621598505267
0,0.015428441696496493,0.013215446320193973
0,0.07554817555000279,0.07273042348307376
0,0.013380353208955522,0.013963621598505267
0,0.013380353208955522,0.013963621598505267
0,0.013380353208955522,0.013963621598505267
0,0.013380353208955522,0.013963621598505267
0,0.013380353208955522,0.013963621598505267
0,0.013380353208955522,0.013963621598505267
0,0.013380353208955522,0.013963621598505267
1,0.9658861981709405,0.9791819150932072
0,0.017803028746173004,0.01882787811132649
0,0.013380353208955522,0.013963621598505267
1,0.9846118584751069,0.9862242087062209
0,0.07554817555000279,0.07273042348307376
0,0.013380353208955522,0.013963621598505267
0,0.013380353208955522,0.013963621598505267
0,0.013380353208955522,0.013963621598505267
0,0.013380353208955522,0.013963621598505267
0,0.013380353208955522,0.013963621598505267
0,0.010122739428526085,0.016979068858144535
0,0.013380353208955522,0.013963621598505267
0,0.013380353208955522,0.013963621598505267
1,0.9980441224918843,0.9971155375137234
0,0.013380353208955522,0.013963621598505267
0,0.016111423193041992,0.01896315923197983
0,0.013380353208955522,0.013963621598505267
0,0.0568713045869251,0.11765258042150675
0,0.013380353208955522,0.013963621598505267
1,0.9863581871997545,0.9886765262925944
0,0.00641756783178709,0.006896781466784354
0,0.008558763503216951,0.009322564387661176
0,0.013380353208955522,0.013963621598505267
0,0.018510101062312108,0.01991054977738671
0,0.013380353208955522,0.013963621598505267
0,0.013380353208955522,0.013963621598505267
0,0.013380353208955522,0.013963621598505267
1,0.9824875354958378,0.9860996902382136
0,0.013380353208955522,0.013963621598505267
0,0.01604274436580806,0.013979981098646808
0,0.00641756783178709,0.006896781466784354
0,0.013380353208955522,0.013963621598505267
0,0.013380353208955522,0.013963621598505267
0,0.017803028746173004,0.01882787811132649
0,0.013380353208955522,0.013963621598505267
0,0.013380353208955522,0.013963621598505267
0,0.013380353208955522,0.013963621598505267
0,0.011588707257963422,0.009786720687341474
0,0.013380353208955522,0.013963621598505267
0,0.07554817555000279,0.07273042348307376
0,0.013380353208955522,0.013963621598505267
0,0.013380353208955522,0.013963621598505267
0,0.013380353208955522,0.013963621598505267
0,0.013380353208955522,0.013963621598505267
0,0.013380353208955522,0.013963621598505267
0,0.018510101062312108,0.01991054977738671
0,0.013380353208955522,0.013963621598505267
0,0.013380353208955522,0.013963621598505267
0,0.013380353208955522,0.013963621598505267
0,0.013380353208955522,0.013963621598505267
1,0.9863581871997545,0.9886765262925944
0,0.013380353208955522,0.013963621598505267
0,0.013380353208955522,0.013963621598505267
0,0.013380353208955522,0.013963621598505267
0,0.015939605778591884,0.013523601060379227
0,0.011588707257963422,0.009786720687341474
0,0.010660452696828665,0.013137175946607708
0,0.013380353208955522,0.013963621598505267
0,0.013380353208955522,0.013963621598505267
0,0.013380353208955522,0.013963621598505267
0,0.010117952920571821,0.016974619515075087
1,0.9990373078989838,0.9987449641245343
0,0.013380353208955522,0.013963621598505267
0,0.013380353208955522,0.013963621598505267
0,0.013380353208955522,0.013963621598505267
0,0.013380353208955522,0.013963621598505267
0,0.013380353208955522,0.013963621598505267
0,0.07554817555000279,0.07273042348307376
0,0.013380353208955522,0.013963621598505267
0,0.03873310869260298,0.040050365546474384
0,0.013380353208955522,0.013963621598505267
1,0.9863581871997545,0.9886765262925944
0,0.013380353208955522,0.013963621598505267
0,0.013380353208955522,0.013963621598505267
1,0.9859002889777229,0.9860909311993099
0,0.013380353208955522,0.013963621598505267
0,0.013380353208955522,0.013963621598505267
0,0.013380353208955522,0.013963621598505267
0,0.03873310869260298,0.040050365546474384
0,0.013380353208955522,0.013963621598505267
0,0.021190035729187786,0.018237410562750984
0,0.013380353208955522,0.013963621598505267
0,0.013380353208955522,0.013963621598505267
0,0.015939605778591884,0.013523601060379227
0,0.013380353208955522,0.013963621598505267
0,0.013380353208955522,0.013963621598505267
0,0.0076060066214740565,0.009324303156037207
0,0.022497641472786333,0.01798831346003344
0,0.010660452696828665,0.013137175946607708
0,0.013380353208955522,0.013963621598505267
0,0.013380353208955522,0.013963621598505267
1,0.9863581871997545,0.9886765262925944
0,0.017803028746173004,0.01882787811132649
0,0.013380353208955522,0.013963621598505267
0,0.013380353208955522,0.013963621598505267
0,0.013380353208955522,0.013963621598505267
0,0.013380353208955522,0.013963621598505267
1,0.988293474895606,0.9891062678572778
0,0.03873310869260298,0.040050365546474384
0,0.013380353208955522,0.013963621598505267
0,0.07554817555000279,0.07273042348307376
0,0.013380353208955522,0.013963621598505267
0,0.013380353208955522,0.013963621598505267
0,0.013380353208955522,0.013963621598505267
0,0.13276590215268283,0.15563465682748995
0,0.017803028746173004,0.01882787811132649
0,0.015939605778591884,0.013523601060379227
0,0.013380353208955522,0.013963621598505267
0,0.013380353208955522,0.013963621598505267
0,0.013380353208955522,0.013963621598505267
0,0.013380353208955522,0.013963621598505267
0,0.017803028746173004,0.01882787811132649
0,0.013380353208955522,0.013963621598505267
0,0.07554817555000279,0.07273042348307376
0,0.013380353208955522,0.013963621598505267
0,0.007161264344558299,0.014283531399389872
0,0.013380353208955522,0.013963621598505267
0,0.010118006622102488,0.01697466943903053
0,0.03873310869260298,0.040050365546474384
1,0.998038143065762,0.9980154318222443
0,0.013380353208955522,0.013963621598505267
0,0.013380353208955522,0.013963621598505267
0,0.013380353208955522,0.013963621598505267
0,0.013380353208955522,0.013963621598505267
0,0.013380353208955522,0.013963621598505267
0,0.013380353208955522,0.013963621598505267
0,0.03155239804917518,0.023155793154235212
0,0.013380353208955522,0.013963621598505267
0,0.013380353208955522,0.013963621598505267
0,0.013380353208955522,0.013963621598505267
0,0.013380353208955522,0.013963621598505267
0,0.03873310869260298,0.040050365546474384
0,0.010660452696828665,0.013137175946607708
0,0.013380353208955522,0.013963621598505267
0,0.02612606005147361,0.02368534875789857
0,0.013380353208955522,0.013963621598505267
0,0.013380353208955522,0.013963621598505267
0,0.013380353208955522,0.013963621598505267
0,0.013380353208955522,0.013963621598505267
0,0.013380353208955522,0.013963621598505267
1,0.9976323045308433,0.9974597789470463
0,0.016111423193041992,0.01896315923197983
0,0.013380353208955522,0.013963621598505267
0,0.013380353208955522,0.013963621598505267
0,0.013380353208955522,0.013963621598505267
0,0.00641756783178709,0.006896781466784354
0,0.018510101062312108,0.01991054977738671
0,0.013380353208955522,0.013963621598505267
1,0.9863581871997545,0.9886765262925944
0,0.013380353208955522,0.013963621598505267
0,0.013380353208955522,0.013963621598505267
0,0.013380353208955522,0.013963621598505267
0,0.013380353208955522,0.013963621598505267
0,0.013380353208955522,0.013963621598505267
0,0.013380353208955522,0.013963621598505267
0,0.026046880505801517,0.023645167672965147
0,0.05198575980269021,0.045954316937033175
0,0.013380353208955522,0.013963621598505267
0,0.013380353208955522,0.013963621598505267
0,0.006884668376613047,0.013502623443237237
0,0.013380353208955522,0.013963621598505267
0,0.013380353208955522,0.013963621598505267
0,0.013380353208955522,0.013963621598505267
0,0.013380353208955522,0.013963621598505267
0,0.07554817555000279,0.07273042348307376
0,0.013380353208955522,0.013963621598505267
0,0.013380353208955522,0.013963621598505267
1,0.9973347408911006,0.9985331969509934
0,0.013380353208955522,0.013963621598505267
0,0.013380353208955522,0.013963621598505267
0,0.00641756783178709,0.006896781466784354
0,0.013380353208955522,0.013963621598505267
0,0.013380353208955522,0.013963621598505267
0,0.013380353208955522,0.013963621598505267
0,0.0260873419756324,0.02366570708602719
0,0.013380353208955522,0.013963621598505267
0,0.013380353208955522,0.013963621598505267
0,0.013380353208955522,0.013963621598505267
0,0.013380353208955522,0.013963621598505267
0,0.013380353208955522,0.013963621598505267
0,0.03728287662436008,0.037914921076106854
0,0.013380353208955522,0.013963621598505267
0,0.010118234658983578,0.01697488143359356
0,0.013380353208955522,0.013963621598505267
0,0.013380353208955522,0.013963621598505267
0,0.013380353208955522,0.013963621598505267
0,0.013380353208955522,0.013963621598505267
0,0.013380353208955522,0.013963621598505267
0,0.03728287662436008,0.037914921076106854
0,0.013380353208955522,0.013963621598505267
0,0.01167491044719121,0.02491663385381458
0,0.013380353208955522,0.013963621598505267
0,0.017803028746173004,0.01882787811132649
0,0.020108614858781064,0.025362035275601144
0,0.013380353208955522,0.013963621598505267
0,0.017803028746173004,0.01882787811132649
0,0.013380353208955522,0.013963621598505267
0,0.013380353208955522,0.013963621598505267
1,0.9900270865689677,0.990718171760401
0,0.013380353208955522,0.013963621598505267
0,0.013380353208955522,0.013963621598505267
0,0.013380353208955522,0.013963621598505267
0,0.00641756783178709,0.006896781466784354
0,0.013380353208955522,0.013963621598505267
0,0.00641756783178709,0.006896781466784354
0,0.013380353208955522,0.013963621598505267
0,0.013380353208955522,0.013963621598505267
0,0.013380353208955522,0.013963621598505267
0,0.013380353208955522,0.013963621598505267
0,0.03728287662436008,0.037914921076106854
0,0.013380353208955522,0.013963621598505267
0,0.013380353208955522,0.013963621598505267
0,0.013380353208955522,0.013963621598505267
0,0.00641756783178709,0.006896781466784354
0,0.013380353208955522,0.013963621598505267
1,0.997617854221868,0.9973317963301573
0,0.013380353208955522,0.013963621598505267
0,0.00641756783178709,0.006896781466784354
0,0.013380353208955522,0.013963621598505267
0,0.010079248840768766,0.01837727541240025
0,0.017803028746173004,0.01882787811132649
1,0.9863581871997545,0.9886765262925944
0,0.013380353208955522,0.013963621598505267
0,0.013380353208955522,0.013963621598505267
0,0.013380353208955522,0.013963621598505267
0,0.013380353208955522,0.013963621598505267
0,0.013380353208955522,0.013963621598505267
0,0.013380353208955522,0.013963621598505267
0,0.00641756783178709,0.006896781466784354
1,0.013380353208955522,0.013963621598505267
0,0.013380353208955522,0.013963621598505267
0,0.013380353208955522,0.013963621598505267
1,0.998602320291586,0.9982557059077903
0,0.013380353208955522,0.013963621598505267
0,0.013380353208955522,0.013963621598505267
0,0.017803028746173004,0.01882787811132649
0,0.013380353208955522,0.013963621598505267
0,0.018510101062312108,0.01991054977738671
1,0.9863581871997545,0.9886765262925944
0,0.013380353208955522,0.013963621598505267
0,0.00641756783178709,0.006896781466784354
0,0.013380353208955522,0.013963621598505267
0,0.010211126960624548,0.017061062656672586
0,0.013380353208955522,0.013963621598505267
0,0.0076060066214740565,0.009324303156037207
0,0.013380353208955522,0.013963621598505267
0,0.013380353208955522,0.013963621598505267
0,0.011588707257963422,0.009786720687341474
0,0.013380353208955522,0.013963621598505267
0,0.018510101062312108,0.01991054977738671
1,0.9970879719736984,0.9953115271407368
0,0.013380353208955522,0.013963621598505267
0,0.05198575980269021,0.045954316937033175
0,0.013380353208955522,0.013963621598505267
1,0.9926342690952029,0.9916737205928902
0,0.013380353208955522,0.013963621598505267
0,0.07125302509285644,0.0743080308767092
0,0.016473469880927724,0.029560097414322112
0,0.013380353208955522,0.013963621598505267
0,0.013380353208955522,0.013963621598505267
0,0.011588707257963422,0.009786720687341474
0,0.013380353208955522,0.013963621598505267
0,0.013380353208955522,0.013963621598505267
0,0.0076060066214740565,0.009324303156037207
0,0.013380353208955522,0.013963621598505267
0,0.013380353208955522,0.013963621598505267
0,0.013380353208955522,0.013963621598505267
1,0.9900270865689677,0.990718171760401
0,0.013380353208955522,0.013963621598505267
0,0.010855506951491393,0.011392045773605045
0,0.00641756783178709,0.006896781466784354
0,0.013380353208955522,0.013963621598505267
0,0.07554817555000279,0.07273042348307376
0,0.013380353208955522,0.013963621598505267
0,0.013380353208955522,0.013963621598505267
0,0.013380353208955522,0.013963621598505267
1,0.9866719994395371,0.9850615071313441
1,0.9911840702941898,0.9963406902905778
0,0.013380353208955522,0.013963621598505267
0,0.07554817555000279,0.07273042348307376
0,0.013380353208955522,0.013963621598505267
0,0.018510101062312108,0.01991054977738671
0,0.013380353208955522,0.013963621598505267
0,0.013380353208955522,0.013963621598505267
0,0.013380353208955522,0.013963621598505267
0,0.017803028746173004,0.01882787811132649
0,0.013380353208955522,0.013963621598505267
0,0.013380353208955522,0.013963621598505267
0,0.013380353208955522,0.013963621598505267
0,0.026086633663679144,0.023665347643519234
1,0.9952096061031028,0.9952350991156806
0,0.013380353208955522,0.013963621598505267
0,0.013380353208955522,0.013963621598505267
0,0.013380353208955522,0.013963621598505267
0,0.013380353208955522,0.013963621598505267
0,0.013380353208955522,0.013963621598505267
0,0.007161264344558299,0.014283531399389872
0,0.017803028746173004,0.01882787811132649
0,0.013380353208955522,0.013963621598505267
0,0.013380353208955522,0.013963621598505267
0,0.013380353208955522,0.013963621598505267
0,0.013380353208955522,0.013963621598505267
0,0.013380353208955522,0.013963621598505267
0,0.013380353208955522,0.013963621598505267
1,0.996621028978283,0.9968300557861445
1,0.9863581871997545,0.9886765262925944
0,0.013380353208955522,0.013963621598505267
0,0.017803028746173004,0.01882787811132649
0,0.013380353208955522,0.013963621598505267
0,0.013380353208955522,0.013963621598505267
0,0.013380353208955522,0.013963621598505267
0,0.013380353208955522,0.013963621598505267
0,0.00641756783178709,0.006896781466784354
0,0.013380353208955522,0.013963621598505267
0,0.013380353208955522,0.013963621598505267
0,0.013380353208955522,0.013963621598505267
0,0.013380353208955522,0.013963621598505267
0,0.013380353208955522,0.013963621598505267
0,0.013380353208955522,0.013963621598505267
0,0.013380353208955522,0.013963621598505267
0,0.013380353208955522,0.013963621598505267
0,0.013380353208955522,0.013963621598505267
0,0.017803028746173004,0.01882787811132649
0,0.013380353208955522,0.013963621598505267
0,0.007161264344558299,0.014283531399389872
0,0.013380353208955522,0.013963621598505267
1,0.9894128930768931,0.9896977372181164
0,0.013380353208955522,0.013963621598505267
0,0.008558763503216951,0.009322564387661176
0,0.011588707257963422,0.009786720687341474
0,0.013380353208955522,0.013963621598505267
0,0.013380353208955522,0.013963621598505267
0,0.01656001208615413,0.029645496604798753
0,0.018510101062312108,0.01991054977738671
0,0.0076060066214740565,0.009324303156037207
0,0.013380353208955522,0.013963621598505267
0,0.013380353208955522,0.013963621598505267
0,0.013380353208955522,0.013963621598505267
0,0.013380353208955522,0.013963621598505267
0,0.0076060066214740565,0.009324303156037207
0,0.013380353208955522,0.013963621598505267
1,0.9837268263984971,0.9801898404548952
0,0.010660452696828665,0.013137175946607708
0,0.013380353208955522,0.013963621598505267
0,0.013380353208955522,0.013963621598505267
0,0.013380353208955522,0.013963621598505267
0,0.018510101062312108,0.01991054977738671
0,0.013380353208955522,0.013963621598505267
0,0.013380353208955522,0.013963621598505267
0,0.03873310869260298,0.040050365546474384
0,0.013380353208955522,0.013963621598505267
0,0.013380353208955522,0.013963621598505267
0,0.017803028746173004,0.01882787811132649
0,0.013380353208955522,0.013963621598505267
0,0.010855506951491393,0.011392045773605045
0,0.013380353208955522,0.013963621598505267
0,0.013380353208955522,0.013963621598505267
0,0.013380353208955522,0.013963621598505267
0,0.013380353208955522,0.013963621598505267
0,0.013380353208955522,0.013963621598505267
0,0.013380353208955522,0.013963621598505267
0,0.07554817555000279,0.07273042348307376
1,0.9900270865689677,0.990718171760401
0,0.017803028746173004,0.01882787811132649
0,0.013380353208955522,0.013963621598505267
0,0.013380353208955522,0.013963621598505267
0,0.013380353208955522,0.013963621598505267
0,0.013380353208955522,0.013963621598505267
0,0.013380353208955522,0.013963621598505267
0,0.013380353208955522,0.013963621598505267
0,0.011588707257963422,0.009786720687341474
0,0.013380353208955522,0.013963621598505267
0,0.03873310869260298,0.040050365546474384
0,0.9897021628014131,0.9913350335496403
0,0.013380353208955522,0.013963621598505267
0,0.013380353208955522,0.013963621598505267
0,0.013380353208955522,0.013963621598505267
0,0.010855506951491393,0.011392045773605045
0,0.013380353208955522,0.013963621598505267
0,0.026043992738410793,0.023643701237469693
1,0.9863581871997545,0.9886765262925944
0,0.013380353208955522,0.013963621598505267
0,0.013380353208955522,0.013963621598505267
0,0.07554817555000279,0.07273042348307376
0,0.026254621221097604,0.023750478766723423
0,0.013380353208955522,0.013963621598505267
0,0.013380353208955522,0.013963621598505267
0,0.013380353208955522,0.013963621598505267
0,0.013380353208955522,0.013963621598505267
0,0.03728287662436008,0.037914921076106854
0,0.05198575980269021,0.045954316937033175
0,0.013380353208955522,0.013963621598505267
0,0.013380353208955522,0.013963621598505267
0,0.013380353208955522,0.013963621598505267
0,0.013380353208955522,0.013963621598505267
1,0.9911840702941898,0.9963406902905778
0,0.013380353208955522,0.013963621598505267
0,0.013380353208955522,0.013963621598505267
0,0.013380353208955522,0.013963621598505267
0,0.013380353208955522,0.013963621598505267
0,0.013380353208955522,0.013963621598505267
0,0.013380353208955522,0.013963621598505267
0,0.013380353208955522,0.013963621598505267
0,0.08892648446874814,0.07057108625479315
0,0.013380353208955522,0.013963621598505267
0,0.018510101062312108,0.01991054977738671
0,0.013380353208955522,0.013963621598505267
0,0.03728287662436008,0.037914921076106854
0,0.013380353208955522,0.013963621598505267
0,0.007161264344558299,0.014283531399389872
0,0.013380353208955522,0.013963621598505267
0,0.013380353208955522,0.013963621598505267
0,0.015939605778591884,0.013523601060379227
0,0.013380353208955522,0.013963621598505267
0,0.013380353208955522,0.013963621598505267
0,0.02612602442777861,0.023685330691725178
1,0.9863581871997545,0.9886765262925944
0,0.013380353208955522,0.013963621598505267
0,0.017803028746173004,0.01882787811132649
0,0.013380353208955522,0.013963621598505267
0,0.017803028746173004,0.01882787811132649
0,0.013380353208955522,0.013963621598505267
0,0.013380353208955522,0.013963621598505267
0,0.013380353208955522,0.013963621598505267
1,0.9985261564938184,0.9993373282775083
0,0.031040035945532788,0.02294343405602698
0,0.013380353208955522,0.013963621598505267
0,0.03728287662436008,0.037914921076106854
0,0.013380353208955522,0.013963621598505267
1,0.9863581871997545,0.9886765262925944
0,0.013380353208955522,0.013963621598505267
0,0.013380353208955522,0.013963621598505267
0,0.013380353208955522,0.013963621598505267
0,0.013380353208955522,0.013963621598505267
1,0.9883288071935492,0.9842303828113439
1,0.9981266541231687,0.9971795959544819
0,0.013380353208955522,0.013963621598505267
0,0.013380353208955522,0.013963621598505267
1,0.9859002889777229,0.9860909311993099
0,0.05198575980269021,0.045954316937033175
0,0.012582657059447543,0.012765432132652797
0,0.013380353208955522,0.013963621598505267
0,0.013380353208955522,0.013963621598505267
0,0.013380353208955522,0.013963621598505267
0,0.013380353208955522,0.013963621598505267
0,0.015939605778591884,0.013523601060379227
0,0.013380353208955522,0.013963621598505267
0,0.013380353208955522,0.013963621598505267
0,0.07554817555000279,0.07273042348307376
0,0.013380353208955522,0.013963621598505267
0,0.013380353208955522,0.013963621598505267
0,0.019005849401455596,0.03198148840987457
0,0.013380353208955522,0.013963621598505267
0,0.013380353208955522,0.013963621598505267
0,0.013380353208955522,0.013963621598505267
0,0.05198575980269021,0.045954316937033175
0,0.013380353208955522,0.013963621598505267
0,0.013380353208955522,0.013963621598505267
0,0.03873310869260298,0.040050365546474384
0,0.013380353208955522,0.013963621598505267
0,0.013380353208955522,0.013963621598505267
0,0.013380353208955522,0.013963621598505267
0,0.013380353208955522,0.013963621598505267
0,0.013380353208955522,0.013963621598505267
0,0.013380353208955522,0.013963621598505267
0,0.013380353208955522,0.013963621598505267
0,0.013380353208955522,0.013963621598505267
0,0.013380353208955522,0.013963621598505267
0,0.13134103462621213,0.12067228297337311
0,0.013380353208955522,0.013963621598505267
0,0.013380353208955522,0.013963621598505267
0,0.013380353208955522,0.013963621598505267
0,0.013380353208955522,0.013963621598505267
1,0.9942268470140956,0.9930881499210122
0,0.013380353208955522,0.013963621598505267
0,0.013380353208955522,0.013963621598505267
1,0.9942268470140956,0.9930881499210122
0,0.013380353208955522,0.013963621598505267
1,0.9877251660394587,0.9916095040937467
0,0.013380353208955522,0.013963621598505267
0,0.011588707257963422,0.009786720687341474
0,0.017803028746173004,0.01882787811132649
0,0.013380353208955522,0.013963621598505267
0,0.1318051152171218,0.12091297365494401
0,0.013380353208955522,0.013963621598505267
0,0.07554817555000279,0.07273042348307376
0,0.007161264344558299,0.014283531399389872
0,0.013380353208955522,0.013963621598505267
0,0.013380353208955522,0.013963621598505267
0,0.05198575980269021,0.045954316937033175
1,0.9835816294331023,0.9817041920237872
0,0.013380353208955522,0.013963621598505267
0,0.013380353208955522,0.013963621598505267
0,0.013380353208955522,0.013963621598505267
0,0.00641756783178709,0.006896781466784354
0,0.013380353208955522,0.013963621598505267
0,0.0060350836726025675,0.010575617004172096
0,0.00641756783178709,0.006896781466784354
0,0.011588707257963422,0.009786720687341474
0,0.017803028746173004,0.01882787811132649
0,0.013380353208955522,0.013963621598505267
0,0.013380353208955522,0.013963621598505267
0,0.017803028746173004,0.01882787811132649
0,0.013380353208955522,0.013963621598505267
0,0.013380353208955522,0.013963621598505267
0,0.07554817555000279,0.07273042348307376
0,0.013380353208955522,0.013963621598505267
0,0.013380353208955522,0.013963621598505267
0,0.013380353208955522,0.013963621598505267
0,0.013380353208955522,0.013963621598505267
0,0.013380353208955522,0.013963621598505267
0,0.013380353208955522,0.013963621598505267
0,0.022087814250319155,0.06450557395321622
0,0.013380353208955522,0.013963621598505267
0,0.07554817555000279,0.07273042348307376
0,0.013380353208955522,0.013963621598505267
0,0.013380353208955522,0.013963621598505267
0,0.013380353208955522,0.013963621598505267
0,0.013380353208955522,0.013963621598505267
0,0.013380353208955522,0.013963621598505267
0,0.013380353208955522,0.013963621598505267
0,0.03728287662436008,0.037914921076106854
0,0.013380353208955522,0.013963621598505267
0,0.013380353208955522,0.013963621598505267
0,0.03873310869260298,0.040050365546474384
0,0.03873310869260298,0.040050365546474384
0,0.013380353208955522,0.013963621598505267
0,0.013380353208955522,0.013963621598505267
0,0.013380353208955522,0.013963621598505267
1,0.9965911902824677,0.996644065105104
0,0.013380353208955522,0.013963621598505267
0,0.013380353208955522,0.013963621598505267
0,0.017803028746173004,0.01882787811132649
0,0.010855506951491393,0.011392045773605045
0,0.03873310869260298,0.040050365546474384
0,0.013380353208955522,0.013963621598505267
1,0.9835816294331023,0.9817041920237872
0,0.015939605778591884,0.013523601060379227
0,0.013380353208955522,0.013963621598505267
0,0.013380353208955522,0.013963621598505267
0,0.013380353208955522,0.013963621598505267
0,0.07125302509285644,0.0743080308767092
0,0.013380353208955522,0.013963621598505267
1,0.9863581871997545,0.9886765262925944
0,0.013380353208955522,0.013963621598505267
0,0.07554817555000279,0.07273042348307376
0,0.013380353208955522,0.013963621598505267
1,0.9877251660394587,0.9916095040937467
0,0.013380353208955522,0.013963621598505267
0,0.013380353208955522,0.013963621598505267
0,0.05381826318443013,0.051145854067730215
0,0.00641756783178709,0.006896781466784354
0,0.013380353208955522,0.013963621598505267
0,0.013380353208955522,0.013963621598505267
0,0.013380353208955522,0.013963621598505267
0,0.013380353208955522,0.013963621598505267
0,0.013380353208955522,0.013963621598505267
0,0.13482825502175097,0.12247349985524238
0,0.013380353208955522,0.013963621598505267
0,0.013380353208955522,0.013963621598505267
0,0.013380353208955522,0.013963621598505267
0,0.013380353208955522,0.013963621598505267
0,0.07554817555000279,0.07273042348307376
0,0.013380353208955522,0.013963621598505267
0,0.013380353208955522,0.013963621598505267
0,0.013380353208955522,0.013963621598505267
0,0.013380353208955522,0.013963621598505267
0,0.013380353208955522,0.013963621598505267
0,0.0168392226766936,0.07810912909826259
0,0.013380353208955522,0.013963621598505267
0,0.013380353208955522,0.013963621598505267
0,0.017803028746173004,0.01882787811132649
0,0.013380353208955522,0.013963621598505267
0,0.013380353208955522,0.013963621598505267
0,0.013380353208955522,0.013963621598505267
0,0.013380353208955522,0.013963621598505267
0,0.013380353208955522,0.013963621598505267
0,0.013380353208955522,0.013963621598505267
0,0.013380353208955522,0.013963621598505267
0,0.013380353208955522,0.013963621598505267
0,0.010120087647091328,0.016976603985747872
0,0.010660452696828665,0.013137175946607708
0,0.013380353208955522,0.013963621598505267
0,0.017803028746173004,0.01882787811132649
0,0.013380353208955522,0.013963621598505267
0,0.013380353208955522,0.013963621598505267
0,0.013380353208955522,0.013963621598505267
0,0.013380353208955522,0.013963621598505267
1,0.9835816294331023,0.9817041920237872
0,0.013380353208955522,0.013963621598505267
0,0.03873310869260298,0.040050365546474384
0,0.013380353208955522,0.013963621598505267
0,0.08892648446874814,0.07057108625479315
0,0.013380353208955522,0.013963621598505267
0,0.013380353208955522,0.013963621598505267
0,0.013380353208955522,0.013963621598505267
0,0.013380353208955522,0.013963621598505267
1,0.9900270865689677,0.990718171760401
0,0.013380353208955522,0.013963621598505267
0,0.013380353208955522,0.013963621598505267
0,0.013380353208955522,0.013963621598505267
0,0.03873310869260298,0.040050365546474384
0,0.013380353208955522,0.013963621598505267
1,0.9863581871997545,0.9886765262925944
0,0.013380353208955522,0.013963621598505267
0,0.013380353208955522,0.013963621598505267
0,0.022028610794757427,0.019286795621933153
0,0.013380353208955522,0.013963621598505267
0,0.013380353208955522,0.013963621598505267
0,0.013380353208955522,0.013963621598505267
0,0.013380353208955522,0.013963621598505267
0,0.015939605778591884,0.013523601060379227
0,0.013380353208955522,0.013963621598505267
0,0.03728287662436008,0.037914921076106854
0,0.018510101062312108,0.01991054977738671
0,0.013380353208955522,0.013963621598505267
0,0.010855506951491393,0.011392045773605045
0,0.013380353208955522,0.013963621598505267
0,0.03873310869260298,0.040050365546474384
0,0.983196292613706,0.9861202122152033
0,0.013380353208955522,0.013963621598505267
0,0.013380353208955522,0.013963621598505267
0,0.013380353208955522,0.013963621598505267
0,0.013380353208955522,0.013963621598505267
0,0.013380353208955522,0.013963621598505267
0,0.013380353208955522,0.013963621598505267
0,0.013380353208955522,0.013963621598505267
0,0.011588707257963422,0.009786720687341474
0,0.03873310869260298,0.040050365546474384
0,0.03873310869260298,0.040050365546474384
0,0.013380353208955522,0.013963621598505267
0,0.05381826318443013,0.051145854067730215
0,0.013380353208955522,0.013963621598505267
0,0.013380353208955522,0.013963621598505267
0,0.013380353208955522,0.013963621598505267
0,0.013380353208955522,0.013963621598505267
0,0.013380353208955522,0.013963621598505267
0,0.013380353208955522,0.013963621598505267
1,0.9837268263984971,0.9801898404548952
0,0.013380353208955522,0.013963621598505267
0,0.013380353208955522,0.013963621598505267
0,0.013380353208955522,0.013963621598505267
0,0.03873310869260298,0.040050365546474384
0,0.00641756783178709,0.006896781466784354
0,0.013380353208955522,0.013963621598505267
0,0.017803028746173004,0.01882787811132649
0,0.017803028746173004,0.01882787811132649
0,0.07554817555000279,0.07273042348307376
1,0.9926342690952029,0.9916737205928902
0,0.013380353208955522,0.013963621598505267
0,0.004706140188398867,0.02326615503743817
0,0.013380353208955522,0.013963621598505267
0,0.013380353208955522,0.013963621598505267
0,0.013380353208955522,0.013963621598505267
0,0.013380353208955522,0.013963621598505267
0,0.03728287662436008,0.037914921076106854
0,0.015872651061186946,0.03743591467554046
0,0.013380353208955522,0.013963621598505267
1,0.9863581871997545,0.9886765262925944
1,0.9863581871997545,0.9886765262925944
0,0.0076060066214740565,0.009324303156037207
0,0.013380353208955522,0.013963621598505267
0,0.013380353208955522,0.013963621598505267
0,0.013380353208955522,0.013963621598505267
0,0.07554817555000279,0.07273042348307376
1,0.9866719994395371,0.9850615071313441
0,0.013380353208955522,0.013963621598505267
0,0.013380353208955522,0.013963621598505267
0,0.013380353208955522,0.013963621598505267
0,0.013380353208955522,0.013963621598505267
0,0.013380353208955522,0.013963621598505267
0,0.03873310869260298,0.040050365546474384
0,0.013380353208955522,0.013963621598505267
0,0.013380353208955522,0.013963621598505267
0,0.013380353208955522,0.013963621598505267
0,0.013380353208955522,0.013963621598505267
0,0.013380353208955522,0.013963621598505267
1,0.9863581871997545,0.9886765262925944
0,0.013380353208955522,0.013963621598505267
0,0.013380353208955522,0.013963621598505267
0,0.013380353208955522,0.013963621598505267
0,0.05198575980269021,0.045954316937033175
0,0.00641756783178709,0.006896781466784354
0,0.013380353208955522,0.013963621598505267
0,0.013380353208955522,0.013963621598505267
1,0.9965911902824677,0.996644065105104
0,0.013380353208955522,0.013963621598505267
0,0.013380353208955522,0.013963621598505267
0,0.013380353208955522,0.013963621598505267
0,0.013380353208955522,0.013963621598505267
0,0.03728287662436008,0.037914921076106854
0,0.015428441696496493,0.013215446320193973
0,0.015872651061186946,0.03743591467554046
0,0.013380353208955522,0.013963621598505267
0,0.010121370681186704,0.016977796621946085
0,0.03873310869260298,0.040050365546474384
0,0.013380353208955522,0.013963621598505267
0,0.013380353208955522,0.013963621598505267
0,0.012290755730711596,0.011920818637666843
0,0.013380353208955522,0.013963621598505267
0,0.03728287662436008,0.037914921076106854
0,0.013380353208955522,0.013963621598505267
0,0.013380353208955522,0.013963621598505267
0,0.013380353208955522,0.013963621598505267
0,0.013380353208955522,0.013963621598505267
0,0.013380353208955522,0.013963621598505267
0,0.013380353208955522,0.013963621598505267
0,0.013380353208955522,0.013963621598505267
0,0.08217623160121089,0.06386817650206902
0,0.013380353208955522,0.013963621598505267
0,0.013380353208955522,0.013963621598505267
1,0.9866719994395371,0.9850615071313441
0,0.00641756783178709,0.006896781466784354
0,0.013380353208955522,0.013963621598505267
0,0.013380353208955522,0.013963621598505267
0,0.07554817555000279,0.07273042348307376
0,0.013380353208955522,0.013963621598505267
0,0.00641756783178709,0.006896781466784354
0,0.013380353208955522,0.013963621598505267
1,0.9942268470140956,0.9930881499210122
0,0.013380353208955522,0.013963621598505267
0,0.010855506951491393,0.011392045773605045
0,0.013380353208955522,0.013963621598505267
0,0.013380353208955522,0.013963621598505267
0,0.013380353208955522,0.013963621598505267
0,0.013380353208955522,0.013963621598505267
0,0.013380353208955522,0.013963621598505267
0,0.00641756783178709,0.006896781466784354
0,0.03728287662436008,0.037914921076106854
0,0.013380353208955522,0.013963621598505267
0,0.013380353208955522,0.013963621598505267
0,0.013380353208955522,0.013963621598505267
0,0.013380353208955522,0.013963621598505267
0,0.013380353208955522,0.013963621598505267
1,0.9977100820874614,0.9979364103099526
0,0.013380353208955522,0.013963621598505267
0,0.007161264344558299,0.014283531399389872
0,0.013380353208955522,0.013963621598505267
0,0.013380353208955522,0.013963621598505267
0,0.0076060066214740565,0.009324303156037207
0,0.07554817555000279,0.07273042348307376
0,0.013380353208955522,0.013963621598505267
0,0.017803028746173004,0.01882787811132649
0,0.05198575980269021,0.045954316937033175
0,0.013380353208955522,0.013963621598505267
0,0.013380353208955522,0.013963621598505267
1,0.9810176227092409,0.9812704947261809
1,0.08892648446874814,0.07057108625479315
0,0.013380353208955522,0.013963621598505267
0,0.07554817555000279,0.07273042348307376
0,0.03873310869260298,0.040050365546474384
0,0.013380353208955522,0.013963621598505267
0,0.013380353208955522,0.013963621598505267
0,0.013380353208955522,0.013963621598505267
0,0.013380353208955522,0.013963621598505267
0,0.013380353208955522,0.013963621598505267
0,0.013380353208955522,0.013963621598505267
0,0.013380353208955522,0.013963621598505267
0,0.013380353208955522,0.013963621598505267
0,0.007161264344558299,0.014283531399389872
0,0.03873310869260298,0.040050365546474384
0,0.00641756783178709,0.006896781466784354
0,0.013380353208955522,0.013963621598505267
0,0.013380353208955522,0.013963621598505267
0,0.013380353208955522,0.013963621598505267
0,0.013380353208955522,0.013963621598505267
0,0.03728287662436008,0.037914921076106854
0,0.013380353208955522,0.013963621598505267
0,0.013380353208955522,0.013963621598505267
0,0.013380353208955522,0.013963621598505267
0,0.013380353208955522,0.013963621598505267
0,0.010660452696828665,0.013137175946607708
0,0.013380353208955522,0.013963621598505267
0,0.013380353208955522,0.013963621598505267
0,0.013380353208955522,0.013963621598505267
0,0.007161264344558299,0.014283531399389872
0,0.013380353208955522,0.013963621598505267
0,0.013380353208955522,0.013963621598505267
0,0.013380353208955522,0.013963621598505267
0,0.013380353208955522,0.013963621598505267
0,0.010118291668731044,0.01697493443239206
0,0.013380353208955522,0.013963621598505267
0,0.017803028746173004,0.01882787811132649
0,0.013380353208955522,0.013963621598505267
0,0.013380353208955522,0.013963621598505267
0,0.013380353208955522,0.013963621598505267
0,0.013380353208955522,0.013963621598505267
0,0.013380353208955522,0.013963621598505267
0,0.013380353208955522,0.013963621598505267
1,0.9846118584751069,0.9862242087062209
1,0.9911840702941898,0.9963406902905778
0,0.013380353208955522,0.013963621598505267
0,0.013380353208955522,0.013963621598505267
0,0.013380353208955522,0.013963621598505267
0,0.013380353208955522,0.013963621598505267
1,0.9863581871997545,0.9886765262925944
1,0.9948945954606889,0.9949704602753163
0,0.013380353208955522,0.013963621598505267
0,0.013380353208955522,0.013963621598505267
0,0.007161264344558299,0.014283531399389872
0,0.013380353208955522,0.013963621598505267
0,0.017803028746173004,0.01882787811132649
0,0.013380353208955522,0.013963621598505267
1,0.9859002889777229,0.9860909311993099
0,0.013380353208955522,0.013963621598505267
0,0.00641756783178709,0.006896781466784354
0,0.013380353208955522,0.013963621598505267
0,0.013380353208955522,0.013963621598505267
0,0.026046880505801517,0.023645167672965147
0,0.013380353208955522,0.013963621598505267
0,0.013380353208955522,0.013963621598505267
0,0.013380353208955522,0.013963621598505267
0,0.026098913626543065,0.023671578686674195
0,0.02029056605941378,0.017152198363826
0,0.013380353208955522,0.013963621598505267
0,0.013380353208955522,0.013963621598505267
0,0.013380353208955522,0.013963621598505267
0,0.013380353208955522,0.013963621598505267
0,0.005160111020605343,0.010000145247666452
1,0.9965911902824677,0.996644065105104
0,0.00641756783178709,0.006896781466784354
0,0.013380353208955522,0.013963621598505267
0,0.03873310869260298,0.040050365546474384
0,0.013380353208955522,0.013963621598505267
1,0.988293474895606,0.9891062678572778
0,0.013380353208955522,0.013963621598505267
0,0.013380353208955522,0.013963621598505267
0,0.013380353208955522,0.013963621598505267
0,0.013380353208955522,0.013963621598505267
0,0.013380353208955522,0.013963621598505267
0,0.013380353208955522,0.013963621598505267
0,0.00641756783178709,0.006896781466784354
0,0.013380353208955522,0.013963621598505267
0,0.013380353208955522,0.013963621598505267
0,0.00641756783178709,0.006896781466784354
0,0.015939605778591884,0.013523601060379227
0,0.05198575980269021,0.045954316937033175
0,0.013380353208955522,0.013963621598505267
0,0.013380353208955522,0.013963621598505267
0,0.013380353208955522,0.013963621598505267
0,0.013380353208955522,0.013963621598505267
0,0.013380353208955522,0.013963621598505267
1,0.9877251660394587,0.9916095040937467
0,0.013380353208955522,0.013963621598505267
0,0.013380353208955522,0.013963621598505267
0,0.013380353208955522,0.013963621598505267
0,0.013380353208955522,0.013963621598505267
0,0.013380353208955522,0.013963621598505267
0,0.013380353208955522,0.013963621598505267
1,0.9877251660394587,0.9916095040937467
0,0.013380353208955522,0.013963621598505267
0,0.00641756783178709,0.006896781466784354
0,0.013380353208955522,0.013963621598505267
0,0.013380353208955522,0.013963621598505267
0,0.013380353208955522,0.013963621598505267
0,0.013380353208955522,0.013963621598505267
1,0.9863581871997545,0.9886765262925944
0,0.017803028746173004,0.01882787811132649
0,0.013380353208955522,0.013963621598505267
0,0.013380353208955522,0.013963621598505267
0,0.00641756783178709,0.006896781466784354
0,0.03728287662436008,0.037914921076106854
0,0.07554817555000279,0.07273042348307376
0,0.017803028746173004,0.01882787811132649
1,0.99287557444038,0.9915192323487269
0,0.013380353208955522,0.013963621598505267
0,0.019750618440541268,0.029184032174143854
0,0.010175117116319797,0.017027695966990657
0,0.017803028746173004,0.01882787811132649
0,0.013380353208955522,0.013963621598505267
0,0.07554817555000279,0.07273042348307376
0,0.017803028746173004,0.01882787811132649
0,0.013380353208955522,0.013963621598505267
1,0.9977100820874614,0.9979364103099526
1,0.07554817555000279,0.07273042348307376
0,0.013380353208955522,0.013963621598505267
0,0.013380353208955522,0.013963621598505267
0,0.00641756783178709,0.006896781466784354
0,0.013380353208955522,0.013963621598505267
0,0.013380353208955522,0.013963621598505267
0,0.013380353208955522,0.013963621598505267
0,0.013380353208955522,0.013963621598505267
0,0.013380353208955522,0.013963621598505267
1,0.988293474895606,0.9891062678572778
0,0.07554817555000279,0.07273042348307376
1,0.9977100820874614,0.9979364103099526
0,0.07554817555000279,0.07273042348307376
0,0.013380353208955522,0.013963621598505267
0,0.013380353208955522,0.013963621598505267
0,0.013380353208955522,0.013963621598505267
0,0.03728287662436008,0.037914921076106854
1,0.007161264344558299,0.014283531399389872
0,0.013380353208955522,0.013963621598505267
0,0.013380353208955522,0.013963621598505267
0,0.07554817555000279,0.07273042348307376
0,0.013380353208955522,0.013963621598505267
0,0.011588707257963422,0.009786720687341474
0,0.013380353208955522,0.013963621598505267
1,0.9980820212932497,0.9978684611166789
0,0.010118757338385053,0.0169753673346493
0,0.013380353208955522,0.013963621598505267
0,0.013380353208955522,0.013963621598505267
0,0.013380353208955522,0.013963621598505267
0,0.010079248840768766,0.01837727541240025
0,0.013380353208955522,0.013963621598505267
0,0.008558763503216951,0.009322564387661176
1,0.9863581871997545,0.9886765262925944
1,0.9863581871997545,0.9886765262925944
0,0.013380353208955522,0.013963621598505267
0,0.013380353208955522,0.013963621598505267
0,0.08892648446874814,0.07057108625479315
0,0.013380353208955522,0.013963621598505267
1,0.9912151866976223,0.9919375501744125
0,0.013380353208955522,0.013963621598505267
0,0.017803028746173004,0.01882787811132649
0,0.013380353208955522,0.013963621598505267
0,0.017803028746173004,0.01882787811132649
0,0.013380353208955522,0.013963621598505267
0,0.013380353208955522,0.013963621598505267
0,0.013380353208955522,0.013963621598505267
0,0.013380353208955522,0.013963621598505267
0,0.013380353208955522,0.013963621598505267
0,0.013380353208955522,0.013963621598505267
0,0.013380353208955522,0.013963621598505267
0,0.013380353208955522,0.013963621598505267
0,0.013380353208955522,0.013963621598505267
0,0.013380353208955522,0.013963621598505267
0,0.011818749032415315,0.018500996225398376
0,0.013380353208955522,0.013963621598505267
0,0.03873310869260298,0.040050365546474384
0,0.07554817555000279,0.07273042348307376
0,0.017803028746173004,0.01882787811132649
0,0.03873310869260298,0.040050365546474384
0,0.00641756783178709,0.006896781466784354
0,0.013380353208955522,0.013963621598505267
0,0.013380353208955522,0.013963621598505267
0,0.9911840702941898,0.9963406902905778
0,0.013380353208955522,0.013963621598505267
0,0.05381826318443013,0.051145854067730215
0,0.03728287662436008,0.037914921076106854
1,0.9879314435547469,0.9916249329819187
0,0.010119660004477215,0.016976206458313048
1,0.9965911902824677,0.996644065105104
0,0.08892648446874814,0.07057108625479315
0,0.08892648446874814,0.07057108625479315
0,0.013380353208955522,0.013963621598505267
0,0.013380353208955522,0.013963621598505267
0,0.08892648446874814,0.07057108625479315
0,0.018510101062312108,0.01991054977738671
0,0.013380353208955522,0.013963621598505267
0,0.013380353208955522,0.013963621598505267
0,0.013380353208955522,0.013963621598505267
0,0.07554817555000279,0.07273042348307376
1,0.9846118584751069,0.9862242087062209
1,0.9900270865689677,0.990718171760401
0,0.013380353208955522,0.013963621598505267
0,0.013380353208955522,0.013963621598505267
0,0.07554817555000279,0.07273042348307376
0,0.05198575980269021,0.045954316937033175
0,0.013380353208955522,0.013963621598505267
0,0.03728287662436008,0.037914921076106854
0,0.013380353208955522,0.013963621598505267
0,0.00641756783178709,0.006896781466784354
0,0.010855506951491393,0.011392045773605045
0,0.013380353208955522,0.013963621598505267
1,0.9877049681860305,0.9886174599411427
0,0.013380353208955522,0.013963621598505267
0,0.013380353208955522,0.013963621598505267
1,0.9942268470140956,0.9930881499210122
0,0.013380353208955522,0.013963621598505267
0,0.013380353208955522,0.013963621598505267
0,0.9863581871997545,0.9886765262925944
0,0.00641756783178709,0.006896781466784354
0,0.03728287662436008,0.037914921076106854
0,0.013380353208955522,0.013963621598505267
0,0.013380353208955522,0.013963621598505267
0,0.013380353208955522,0.013963621598505267
0,0.00641756783178709,0.006896781466784354
0,0.013380353208955522,0.013963621598505267
0,0.013380353208955522,0.013963621598505267
0,0.013380353208955522,0.013963621598505267
0,0.013380353208955522,0.013963621598505267
0,0.013380353208955522,0.013963621598505267
0,0.09211947536948262,0.12605651183156602
0,0.0076060066214740565,0.009324303156037207
0,0.013380353208955522,0.013963621598505267
0,0.013380353208955522,0.013963621598505267
0,0.013380353208955522,0.013963621598505267
0,0.013380353208955522,0.013963621598505267
0,0.017803028746173004,0.01882787811132649
0,0.03728287662436008,0.037914921076106854
0,0.013380353208955522,0.013963621598505267
0,0.07554817555000279,0.07273042348307376
0,0.013380353208955522,0.013963621598505267
0,0.013380353208955522,0.013963621598505267
0,0.01673255434019463,0.029815163631730333
0,0.013380353208955522,0.013963621598505267
0,0.013380353208955522,0.013963621598505267
0,0.010855506951491393,0.011392045773605045
1,0.9866719994395371,0.9850615071313441
0,0.013380353208955522,0.013963621598505267
0,0.03728287662436008,0.037914921076106854
0,0.013380353208955522,0.013963621598505267
0,0.017803028746173004,0.01882787811132649
1,0.9953073650008142,0.9954588462102198
0,0.013380353208955522,0.013963621598505267
0,0.013380353208955522,0.013963621598505267
0,0.07554817555000279,0.07273042348307376
0,0.013380353208955522,0.013963621598505267
0,0.015939605778591884,0.013523601060379227
0,0.013380353208955522,0.013963621598505267
0,0.013380353208955522,0.013963621598505267
0,0.013380353208955522,0.013963621598505267
0,0.013380353208955522,0.013963621598505267
1,0.9863581871997545,0.9886765262925944
0,0.013380353208955522,0.013963621598505267
0,0.013380353208955522,0.013963621598505267
0,0.011588707257963422,0.009786720687341474
0,0.013380353208955522,0.013963621598505267
0,0.013380353208955522,0.013963621598505267
0,0.013380353208955522,0.013963621598505267
0,0.9859002889777229,0.9860909311993099
0,0.013380353208955522,0.013963621598505267
0,0.013380353208955522,0.013963621598505267
0,0.013380353208955522,0.013963621598505267
0,0.013380353208955522,0.013963621598505267
0,0.013380353208955522,0.013963621598505267
0,0.011588707257963422,0.009786720687341474
1,0.9900270865689677,0.990718171760401
0,0.013380353208955522,0.013963621598505267
1,0.9985659885023133,0.9979579482665675
0,0.013380353208955522,0.013963621598505267
0,0.013380353208955522,0.013963621598505267
0,0.013380353208955522,0.013963621598505267
0,0.013380353208955522,0.013963621598505267
0,0.013380353208955522,0.013963621598505267
0,0.013380353208955522,0.013963621598505267
0,0.013380353208955522,0.013963621598505267
0,0.013380353208955522,0.013963621598505267
0,0.013380353208955522,0.013963621598505267
0,0.013380353208955522,0.013963621598505267
0,0.013380353208955522,0.013963621598505267
0,0.013380353208955522,0.013963621598505267
0,0.018510101062312108,0.01991054977738671
0,0.015939605778591884,0.013523601060379227
0,0.013380353208955522,0.013963621598505267
0,0.013380353208955522,0.013963621598505267
0,0.011588707257963422,0.009786720687341474
1,0.9900270865689677,0.990718171760401
0,0.013380353208955522,0.013963621598505267
0,0.013380353208955522,0.013963621598505267
0,0.017803028746173004,0.01882787811132649
0,0.013380353208955522,0.013963621598505267
0,0.013380353208955522,0.013963621598505267
0,0.013380353208955522,0.013963621598505267
0,0.013380353208955522,0.013963621598505267
0,0.03728287662436008,0.037914921076106854
0,0.013380353208955522,0.013963621598505267
0,0.013380353208955522,0.013963621598505267
0,0.013380353208955522,0.013963621598505267
0,0.013380353208955522,0.013963621598505267
0,0.011588707257963422,0.009786720687341474
0,0.013380353208955522,0.013963621598505267
0,0.013380353208955522,0.013963621598505267
0,0.013380353208955522,0.013963621598505267
0,0.013380353208955522,0.013963621598505267
0,0.016865042440562666,0.029944910995016675
0,0.00641756783178709,0.006896781466784354
0,0.00641756783178709,0.006896781466784354
0,0.011588707257963422,0.009786720687341474
0,0.013380353208955522,0.013963621598505267
0,0.016111423193041992,0.01896315923197983
0,0.013380353208955522,0.013963621598505267
0,0.013380353208955522,0.013963621598505267
0,0.013380353208955522,0.013963621598505267
0,0.013380353208955522,0.013963621598505267
0,0.013380353208955522,0.013963621598505267
0,0.013380353208955522,0.013963621598505267
0,0.03873310869260298,0.040050365546474384
1,0.9824742772827519,0.9877477013009925
0,0.015939605778591884,0.013523601060379227
0,0.013380353208955522,0.013963621598505267
0,0.013380353208955522,0.013963621598505267
0,0.016111423193041992,0.01896315923197983
0,0.013380353208955522,0.013963621598505267
0,0.07554817555000279,0.07273042348307376
0,0.013380353208955522,0.013963621598505267
0,0.013380353208955522,0.013963621598505267
0,0.013380353208955522,0.013963621598505267
0,0.013380353208955522,0.013963621598505267
0,0.013380353208955522,0.013963621598505267
0,0.013380353208955522,0.013963621598505267
0,0.013380353208955522,0.013963621598505267
0,0.013380353208955522,0.013963621598505267
1,0.9900270865689677,0.990718171760401
0,0.013380353208955522,0.013963621598505267
0,0.010660452696828665,0.013137175946607708
0,0.013380353208955522,0.013963621598505267
0,0.013380353208955522,0.013963621598505267
0,0.013380353208955522,0.013963621598505267
0,0.013380353208955522,0.013963621598505267
1,0.9919415774813796,0.9885340444699258
0,0.013380353208955522,0.013963621598505267
0,0.013380353208955522,0.013963621598505267
0,0.013380353208955522,0.013963621598505267
0,0.013380353208955522,0.013963621598505267
0,0.017803028746173004,0.01882787811132649
0,0.013380353208955522,0.013963621598505267
0,0.026036774685828747,0.02364003553835029
0,0.013380353208955522,0.013963621598505267
0,0.013380353208955522,0.013963621598505267
1,0.9976323045308433,0.9974597789470463
0,0.9926342690952029,0.9916737205928902
0,0.010660452696828665,0.013137175946607708
0,0.013380353208955522,0.013963621598505267
0,0.011588707257963422,0.009786720687341474
0,0.013380353208955522,0.013963621598505267
0,0.013380353208955522,0.013963621598505267
0,0.00641756783178709,0.006896781466784354
0,0.013380353208955522,0.013963621598505267
0,0.013380353208955522,0.013963621598505267
0,0.013380353208955522,0.013963621598505267
0,0.017803028746173004,0.01882787811132649
0,0.013380353208955522,0.013963621598505267
0,0.013380353208955522,0.013963621598505267
0,0.013380353208955522,0.013963621598505267
0,0.013380353208955522,0.013963621598505267
0,0.008423158550947087,0.01750117699415577
0,0.013380353208955522,0.013963621598505267
0,0.013380353208955522,0.013963621598505267
0,0.013380353208955522,0.013963621598505267
0,0.015939605778591884,0.013523601060379227
0,0.03873310869260298,0.040050365546474384
0,0.013380353208955522,0.013963621598505267
1,0.9859002889777229,0.9860909311993099
0,0.013380353208955522,0.013963621598505267
0,0.013380353208955522,0.013963621598505267
1,0.983196292613706,0.9861202122152033
0,0.013380353208955522,0.013963621598505267
0,0.013380353208955522,0.013963621598505267
0,0.013380353208955522,0.013963621598505267
1,0.9863581871997545,0.9886765262925944
0,0.013380353208955522,0.013963621598505267
0,0.013380353208955522,0.013963621598505267
0,0.013380353208955522,0.013963621598505267
1,0.9866719994395371,0.9850615071313441
0,0.013380353208955522,0.013963621598505267
1,0.989278369528832,0.9947988750311269
0,0.013380353208955522,0.013963621598505267
0,0.013380353208955522,0.013963621598505267
0,0.013380353208955522,0.013963621598505267
0,0.013380353208955522,0.013963621598505267
0,0.017803028746173004,0.01882787811132649
0,0.013380353208955522,0.013963621598505267
0,0.13363265286961362,0.15618593599697914
1,0.9859002889777229,0.9860909311993099
0,0.017803028746173004,0.01882787811132649
0,0.013380353208955522,0.013963621598505267
1,0.9863581871997545,0.9886765262925944
0,0.017803028746173004,0.01882787811132649
0,0.013380353208955522,0.013963621598505267
0,0.013380353208955522,0.013963621598505267
0,0.013380353208955522,0.013963621598505267
0,0.013380353208955522,0.013963621598505267
0,0.013380353208955522,0.013963621598505267
0,0.013380353208955522,0.013963621598505267
0,0.00641756783178709,0.006896781466784354
0,0.013380353208955522,0.013963621598505267
0,0.013380353208955522,0.013963621598505267
0,0.018510101062312108,0.01991054977738671
0,0.013380353208955522,0.013963621598505267
1,0.9942268470140956,0.9930881499210122
0,0.013380353208955522,0.013963621598505267
1,0.9993650796810235,0.9992063249272124
0,0.013380353208955522,0.013963621598505267
0,0.013380353208955522,0.013963621598505267
0,0.013380353208955522,0.013963621598505267
0,0.013380353208955522,0.013963621598505267
0,0.013380353208955522,0.013963621598505267
0,0.013380353208955522,0.013963621598505267
0,0.07554817555000279,0.07273042348307376
0,0.013380353208955522,0.013963621598505267
0,0.013380353208955522,0.013963621598505267
0,0.013380353208955522,0.013963621598505267
0,0.013380353208955522,0.013963621598505267
0,0.013380353208955522,0.013963621598505267
0,0.07554817555000279,0.07273042348307376
0,0.03873310869260298,0.040050365546474384
0,0.03873310869260298,0.040050365546474384
0,0.07554817555000279,0.07273042348307376
0,0.013380353208955522,0.013963621598505267
0,0.013380353208955522,0.013963621598505267
0,0.013380353208955522,0.013963621598505267
0,0.013380353208955522,0.013963621598505267
0,0.013380353208955522,0.013963621598505267
0,0.013380353208955522,0.013963621598505267
0,0.013380353208955522,0.013963621598505267
0,0.013380353208955522,0.013963621598505267
0,0.018510101062312108,0.01991054977738671
0,0.013380353208955522,0.013963621598505267
0,0.013380353208955522,0.013963621598505267
0,0.013380353208955522,0.013963621598505267
0,0.017803028746173004,0.01882787811132649
0,0.013380353208955522,0.013963621598505267
1,0.9866719994395371,0.9850615071313441
0,0.03873310869260298,0.040050365546474384
0,0.028159707171295418,0.028261489475335425
0,0.018510101062312108,0.01991054977738671
0,0.013380353208955522,0.013963621598505267
0,0.013380353208955522,0.013963621598505267
0,0.07554817555000279,0.07273042348307376
0,0.013380353208955522,0.013963621598505267
0,0.011588707257963422,0.009786720687341474
0,0.00641756783178709,0.006896781466784354
0,0.013380353208955522,0.013963621598505267
0,0.013380353208955522,0.013963621598505267
0,0.013380353208955522,0.013963621598505267
0,0.07554817555000279,0.07273042348307376
0,0.013380353208955522,0.013963621598505267
1,0.9900270865689677,0.990718171760401
0,0.013380353208955522,0.013963621598505267
0,0.018510101062312108,0.01991054977738671
0,0.0076060066214740565,0.009324303156037207
0,0.013380353208955522,0.013963621598505267
0,0.03873310869260298,0.040050365546474384
0,0.013380353208955522,0.013963621598505267
0,0.013380353208955522,0.013963621598505267
0,0.018510101062312108,0.01991054977738671
0,0.013380353208955522,0.013963621598505267
0,0.013380353208955522,0.013963621598505267
0,0.013380353208955522,0.013963621598505267
0,0.013380353208955522,0.013963621598505267
0,0.013380353208955522,0.013963621598505267
0,0.010660452696828665,0.013137175946607708
0,0.013380353208955522,0.013963621598505267
0,0.013380353208955522,0.013963621598505267
0,0.013380353208955522,0.013963621598505267
0,0.013380353208955522,0.013963621598505267
0,0.013380353208955522,0.013963621598505267
0,0.013380353208955522,0.013963621598505267
0,0.9816894257206783,0.9886723004299727
0,0.013380353208955522,0.013963621598505267
0,0.018510101062312108,0.01991054977738671
0,0.013380353208955522,0.013963621598505267
0,0.011588707257963422,0.009786720687341474
0,0.01755593367089672,0.01033721859986741
0,0.013380353208955522,0.013963621598505267
0,0.07554817555000279,0.07273042348307376
1,0.9970153384360304,0.998754919793226
0,0.013380353208955522,0.013963621598505267
0,0.013380353208955522,0.013963621598505267
0,0.05381826318443013,0.051145854067730215
0,0.013380353208955522,0.013963621598505267
0,0.013380353208955522,0.013963621598505267
0,0.013380353208955522,0.013963621598505267
0,0.013380353208955522,0.013963621598505267
0,0.015939605778591884,0.013523601060379227
1,0.9866719994395371,0.9850615071313441
0,0.03728287662436008,0.037914921076106854
0,0.015939605778591884,0.013523601060379227
0,0.013380353208955522,0.013963621598505267
0,0.00641756783178709,0.006896781466784354
0,0.013380353208955522,0.013963621598505267
0,0.018510101062312108,0.01991054977738671
0,0.013380353208955522,0.013963621598505267
0,0.013380353208955522,0.013963621598505267
0,0.013380353208955522,0.013963621598505267
0,0.00641756783178709,0.006896781466784354
0,0.013380353208955522,0.013963621598505267
0,0.013380353208955522,0.013963621598505267
0,0.013380353208955522,0.013963621598505267
0,0.013380353208955522,0.013963621598505267
0,0.013380353208955522,0.013963621598505267
0,0.013380353208955522,0.013963621598505267
1,0.9977100820874614,0.9979364103099526
0,0.013380353208955522,0.013963621598505267
0,0.013380353208955522,0.013963621598505267
0,0.017803028746173004,0.01882787811132649
0,0.03873310869260298,0.040050365546474384
0,0.013380353208955522,0.013963621598505267
0,0.00641756783178709,0.006896781466784354
0,0.013380353208955522,0.013963621598505267
0,0.013380353208955522,0.013963621598505267
0,0.013380353208955522,0.013963621598505267
0,0.013380353208955522,0.013963621598505267
0,0.05198575980269021,0.045954316937033175
0,0.027134782005653252,0.0241927698607601
0,0.013380353208955522,0.013963621598505267
0,0.013380353208955522,0.013963621598505267
1,0.9877251660394587,0.9916095040937467
0,0.013380353208955522,0.013963621598505267
0,0.013380353208955522,0.013963621598505267
0,0.013380353208955522,0.013963621598505267
1,0.988981751947078,0.9947186108144332
0,0.010660452696828665,0.013137175946607708
0,0.013380353208955522,0.013963621598505267
0,0.013380353208955522,0.013963621598505267
0,0.013380353208955522,0.013963621598505267
0,0.013380353208955522,0.013963621598505267
0,0.010855506951491393,0.011392045773605045
0,0.013380353208955522,0.013963621598505267
0,0.03873310869260298,0.040050365546474384
0,0.011588707257963422,0.009786720687341474
0,0.013380353208955522,0.013963621598505267
0,0.07554817555000279,0.07273042348307376
0,0.013380353208955522,0.013963621598505267
0,0.013380353208955522,0.013963621598505267
0,0.013380353208955522,0.013963621598505267
0,0.07554817555000279,0.07273042348307376
0,0.006884668376613047,0.013502623443237237
0,0.013380353208955522,0.013963621598505267
1,0.988293474895606,0.9891062678572778
0,0.013380353208955522,0.013963621598505267
0,0.015428441696496493,0.013215446320193973
0,0.013380353208955522,0.013963621598505267
0,0.015939605778591884,0.013523601060379227
0,0.013380353208955522,0.013963621598505267
0,0.013380353208955522,0.013963621598505267
0,0.013380353208955522,0.013963621598505267
0,0.013380353208955522,0.013963621598505267
0,0.013380353208955522,0.013963621598505267
0,0.018510101062312108,0.01991054977738671
0,0.013380353208955522,0.013963621598505267
0,0.010163658099875543,0.017017067030807704
1,0.9863581871997545,0.9886765262925944
0,0.013380353208955522,0.013963621598505267
0,0.013380353208955522,0.013963621598505267
0,0.017803028746173004,0.01882787811132649
0,0.013380353208955522,0.013963621598505267
0,0.013380353208955522,0.013963621598505267
0,0.013380353208955522,0.013963621598505267
0,0.013380353208955522,0.013963621598505267
1,0.9846118584751069,0.9862242087062209
0,0.017803028746173004,0.01882787811132649
0,0.013380353208955522,0.013963621598505267
0,0.013380353208955522,0.013963621598505267
1,0.9920285892480689,0.9956990734440672
0,0.013380353208955522,0.013963621598505267
0,0.013380353208955522,0.013963621598505267
0,0.013380353208955522,0.013963621598505267
0,0.07554817555000279,0.07273042348307376
1,0.9911840702941898,0.9963406902905778
0,0.01758544735392004,0.013424950096343929
0,0.013380353208955522,0.013963621598505267
0,0.013380353208955522,0.013963621598505267
1,0.99287557444038,0.9915192323487269
0,0.00641756783178709,0.006896781466784354
0,0.013380353208955522,0.013963621598505267
0,0.05412054350502814,0.04741440190763074
0,0.013380353208955522,0.013963621598505267
0,0.013380353208955522,0.013963621598505267
0,0.010193259919300158,0.017044513631088876
0,0.03728287662436008,0.037914921076106854
0,0.016111423193041992,0.01896315923197983
1,0.9877251660394587,0.9916095040937467
0,0.05198575980269021,0.045954316937033175
0,0.013380353208955522,0.013963621598505267
0,0.013380353208955522,0.013963621598505267
0,0.013380353208955522,0.013963621598505267
0,0.013380353208955522,0.013963621598505267
1,0.9883288071935492,0.9842303828113439
0,0.013380353208955522,0.013963621598505267
0,0.013380353208955522,0.013963621598505267
0,0.013380353208955522,0.013963621598505267
0,0.013380353208955522,0.013963621598505267
0,0.013380353208955522,0.013963621598505267
0,0.013380353208955522,0.013963621598505267
0,0.013380353208955522,0.013963621598505267
0,0.015939605778591884,0.013523601060379227
0,0.013380353208955522,0.013963621598505267
0,0.013380353208955522,0.013963621598505267
0,0.017803028746173004,0.01882787811132649
1,0.9859002889777229,0.9860909311993099
1,0.9970153384360304,0.998754919793226
0,0.013380353208955522,0.013963621598505267
0,0.03728287662436008,0.037914921076106854
0,0.013380353208955522,0.013963621598505267
0,0.013380353208955522,0.013963621598505267
0,0.010855506951491393,0.011392045773605045
0,0.020905307780391354,0.026810177908786
0,0.013380353208955522,0.013963621598505267
0,0.013380353208955522,0.013963621598505267
0,0.013380353208955522,0.013963621598505267
0,0.07554817555000279,0.07273042348307376
0,0.013380353208955522,0.013963621598505267
0,0.013380353208955522,0.013963621598505267
0,0.013380353208955522,0.013963621598505267
0,0.013380353208955522,0.013963621598505267
1,0.9859002889777229,0.9860909311993099
0,0.013380353208955522,0.013963621598505267
0,0.013380353208955522,0.013963621598505267
0,0.013380353208955522,0.013963621598505267
0,0.013380353208955522,0.013963621598505267
0,0.013380353208955522,0.013963621598505267
0,0.017803028746173004,0.01882787811132649
0,0.013380353208955522,0.013963621598505267
0,0.013380353208955522,0.013963621598505267
0,0.013380353208955522,0.013963621598505267
0,0.013380353208955522,0.013963621598505267
0,0.026487995551037473,0.023868360773186825
0,0.013380353208955522,0.013963621598505267
1,0.9942268470140956,0.9930881499210122
0,0.013380353208955522,0.013963621598505267
0,0.007161264344558299,0.014283531399389872
0,0.013380353208955522,0.013963621598505267
0,0.0076060066214740565,0.009324303156037207
0,0.013380353208955522,0.013963621598505267
1,0.9942268470140956,0.9930881499210122
0,0.017803028746173004,0.01882787811132649
0,0.00641756783178709,0.006896781466784354
0,0.07554817555000279,0.07273042348307376
0,0.013380353208955522,0.013963621598505267
0,0.05198575980269021,0.045954316937033175
0,0.013380353208955522,0.013963621598505267
0,0.017803028746173004,0.01882787811132649
0,0.013380353208955522,0.013963621598505267
0,0.013380353208955522,0.013963621598505267
0,0.013380353208955522,0.013963621598505267
1,0.9863581871997545,0.9886765262925944
0,0.013380353208955522,0.013963621598505267
0,0.07554817555000279,0.07273042348307376
0,0.013380353208955522,0.013963621598505267
0,0.021190035729187786,0.018237410562750984
0,0.013380353208955522,0.013963621598505267
0,0.0259315908674821,0.025575186601986825
0,0.03873310869260298,0.040050365546474384
0,0.013380353208955522,0.013963621598505267
0,0.013380353208955522,0.013963621598505267
1,0.9983568848237082,0.997950079278069
0,0.013380353208955522,0.013963621598505267
0,0.018510101062312108,0.01991054977738671
0,0.013380353208955522,0.013963621598505267
0,0.013380353208955522,0.013963621598505267
0,0.013380353208955522,0.013963621598505267
0,0.013380353208955522,0.013963621598505267
0,0.013380353208955522,0.013963621598505267
0,0.013380353208955522,0.013963621598505267
0,0.013380353208955522,0.013963621598505267
0,0.03728287662436008,0.037914921076106854
0,0.013380353208955522,0.013963621598505267
0,0.013380353208955522,0.013963621598505267
0,0.013380353208955522,0.013963621598505267
0,0.013380353208955522,0.013963621598505267
0,0.013380353208955522,0.013963621598505267
0,0.013380353208955522,0.013963621598505267
1,0.9900270865689677,0.990718171760401
0,0.013380353208955522,0.013963621598505267
0,0.013380353208955522,0.013963621598505267
0,0.013380353208955522,0.013963621598505267
0,0.013380353208955522,0.013963621598505267
0,0.13352916145982172,0.12180447110071127
1,0.988293474895606,0.9891062678572778
0,0.0076060066214740565,0.009324303156037207
0,0.013380353208955522,0.013963621598505267
0,0.017803028746173004,0.01882787811132649
0,0.010855506951491393,0.011392045773605045
0,0.013380353208955522,0.013963621598505267
0,0.013380353208955522,0.013963621598505267
0,0.013380353208955522,0.013963621598505267
1,0.987480384514574,0.9901318366550416
0,0.013380353208955522,0.013963621598505267
0,0.013380353208955522,0.013963621598505267
0,0.013380353208955522,0.013963621598505267
0,0.00641756783178709,0.006896781466784354
0,0.9866719994395371,0.9850615071313441
0,0.013380353208955522,0.013963621598505267
0,0.013380353208955522,0.013963621598505267
0,0.013380353208955522,0.013963621598505267
0,0.05412054350502814,0.04741440190763074
0,0.013380353208955522,0.013963621598505267
0,0.03873310869260298,0.040050365546474384
0,0.013380353208955522,0.013963621598505267
0,0.013380353208955522,0.013963621598505267
1,0.9900270865689677,0.990718171760401
1,0.9900270865689677,0.990718171760401
0,0.017803028746173004,0.01882787811132649
0,0.013380353208955522,0.013963621598505267
0,0.013380353208955522,0.013963621598505267
0,0.018510101062312108,0.01991054977738671
0,0.03873310869260298,0.040050365546474384
0,0.013380353208955522,0.013963621598505267
0,0.013380353208955522,0.013963621598505267
0,0.017803028746173004,0.01882787811132649
0,0.013380353208955522,0.013963621598505267
0,0.013380353208955522,0.013963621598505267
0,0.017803028746173004,0.01882787811132649
0,0.026084627120839428,0.023664329373493474
0,0.013380353208955522,0.013963621598505267
0,0.013380353208955522,0.013963621598505267
0,0.07554817555000279,0.07273042348307376
0,0.013380353208955522,0.013963621598505267
0,0.017803028746173004,0.01882787811132649
0,0.013380353208955522,0.013963621598505267
0,0.05198575980269021,0.045954316937033175
1,0.9863581871997545,0.9886765262925944
0,0.013380353208955522,0.013963621598505267
0,0.9877049681860305,0.9886174599411427
0,0.013380353208955522,0.013963621598505267
0,0.013380353208955522,0.013963621598505267
0,0.018510101062312108,0.01991054977738671
0,0.013380353208955522,0.013963621598505267
0,0.07554817555000279,0.07273042348307376
0,0.013380353208955522,0.013963621598505267
0,0.05403668738042666,0.04737310448748734
0,0.07554817555000279,0.07273042348307376
0,0.013380353208955522,0.013963621598505267
0,0.013380353208955522,0.013963621598505267
0,0.008423158550947087,0.01750117699415577
0,0.013380353208955522,0.013963621598505267
0,0.013380353208955522,0.013963621598505267
1,0.9977100820874614,0.9979364103099526
0,0.013380353208955522,0.013963621598505267
0,0.07554817555000279,0.07273042348307376
0,0.05381826318443013,0.051145854067730215
0,0.018510101062312108,0.01991054977738671
0,0.013380353208955522,0.013963621598505267
1,0.9900270865689677,0.990718171760401
0,0.08468726651201458,0.09613835025293399
0,0.013380353208955522,0.013963621598505267
1,0.9980820212932497,0.9978684611166789
0,0.013380353208955522,0.013963621598505267
1,0.9883288071935492,0.9842303828113439
0,0.08892648446874814,0.07057108625479315
0,0.021190035729187786,0.018237410562750984
0,0.013380353208955522,0.013963621598505267
0,0.00641756783178709,0.006896781466784354
0,0.013380353208955522,0.013963621598505267
0,0.013380353208955522,0.013963621598505267
0,0.013380353208955522,0.013963621598505267
1,0.9847715044795512,0.9871238871910124
0,0.013380353208955522,0.013963621598505267
0,0.07554817555000279,0.07273042348307376
1,0.9883288071935492,0.9842303828113439
0,0.013380353208955522,0.013963621598505267
0,0.013380353208955522,0.013963621598505267
0,0.013380353208955522,0.013963621598505267
0,0.010121370681186704,0.016977796621946085
0,0.013380353208955522,0.013963621598505267
0,0.9900270865689677,0.990718171760401
0,0.013380353208955522,0.013963621598505267
0,0.013380353208955522,0.013963621598505267
1,0.9863581871997545,0.9886765262925944
1,0.9846118584751069,0.9862242087062209
0,0.013380353208955522,0.013963621598505267
1,0.9859002889777229,0.9860909311993099
0,0.013380353208955522,0.013963621598505267
0,0.013380353208955522,0.013963621598505267
0,0.013380353208955522,0.013963621598505267
0,0.07554817555000279,0.07273042348307376
0,0.013380353208955522,0.013963621598505267
0,0.013380353208955522,0.013963621598505267
0,0.015939605778591884,0.013523601060379227
0,0.013380353208955522,0.013963621598505267
0,0.013380353208955522,0.013963621598505267
0,0.013380353208955522,0.013963621598505267
0,0.013380353208955522,0.013963621598505267
0,0.013380353208955522,0.013963621598505267
0,0.013380353208955522,0.013963621598505267
0,0.013380353208955522,0.013963621598505267
0,0.013380353208955522,0.013963621598505267
1,0.988293474895606,0.9891062678572778
1,0.9980494410325578,0.9976431668462096
0,0.013380353208955522,0.013963621598505267
0,0.013380353208955522,0.013963621598505267
0,0.05198575980269021,0.045954316937033175
0,0.013380353208955522,0.013963621598505267
0,0.026083658609783598,0.023663837866512123
0,0.013380353208955522,0.013963621598505267
0,0.013380353208955522,0.013963621598505267
0,0.013380353208955522,0.013963621598505267
0,0.013380353208955522,0.013963621598505267
1,0.9863581871997545,0.9886765262925944
0,0.010855506951491393,0.011392045773605045
0,0.013380353208955522,0.013963621598505267
0,0.013380353208955522,0.013963621598505267
0,0.013380353208955522,0.013963621598505267
0,0.013380353208955522,0.013963621598505267
0,0.013380353208955522,0.013963621598505267
0,0.02602973058705117,0.023636457763118374
0,0.013380353208955522,0.013963621598505267
0,0.015872651061186946,0.03743591467554046
0,0.017803028746173004,0.01882787811132649
0,0.013380353208955522,0.013963621598505267
0,0.010855506951491393,0.011392045773605045
0,0.013380353208955522,0.013963621598505267
0,0.03728287662436008,0.037914921076106854
0,0.013380353208955522,0.013963621598505267
1,0.996621028978283,0.9968300557861445
0,0.013380353208955522,0.013963621598505267
0,0.013380353208955522,0.013963621598505267
0,0.013380353208955522,0.013963621598505267
0,0.9965911902824677,0.996644065105104
0,0.013380353208955522,0.013963621598505267
1,0.9911840702941898,0.9963406902905778
0,0.002878847893231153,0.0133277625987292
0,0.013380353208955522,0.013963621598505267
0,0.013380353208955522,0.013963621598505267
0,0.013380353208955522,0.013963621598505267
1,0.9863581871997545,0.9886765262925944
0,0.03728287662436008,0.037914921076106854
0,0.013380353208955522,0.013963621598505267
0,0.013380353208955522,0.013963621598505267
0,0.026327356368312287,0.02378726656457145
0,0.017803028746173004,0.01882787811132649
0,0.017803028746173004,0.01882787811132649
1,0.998602320291586,0.9982557059077903
0,0.013380353208955522,0.013963621598505267
0,0.013380353208955522,0.013963621598505267
0,0.013380353208955522,0.013963621598505267
0,0.013380353208955522,0.013963621598505267
0,0.013380353208955522,0.013963621598505267
0,0.05198575980269021,0.045954316937033175
0,0.013380353208955522,0.013963621598505267
0,0.013380353208955522,0.013963621598505267
0,0.013380353208955522,0.013963621598505267
0,0.013380353208955522,0.013963621598505267
0,0.013380353208955522,0.013963621598505267
0,0.017803028746173004,0.01882787811132649
0,0.013380353208955522,0.013963621598505267
0,0.08892648446874814,0.07057108625479315
0,0.013380353208955522,0.013963621598505267
0,0.05198575980269021,0.045954316937033175
0,0.013380353208955522,0.013963621598505267
0,0.013380353208955522,0.013963621598505267
0,0.013380353208955522,0.013963621598505267
0,0.013380353208955522,0.013963621598505267
0,0.013380353208955522,0.013963621598505267
1,0.9863581871997545,0.9886765262925944
0,0.013380353208955522,0.013963621598505267
0,0.013380353208955522,0.013963621598505267
0,0.013380353208955522,0.013963621598505267
0,0.013380353208955522,0.013963621598505267
0,0.013380353208955522,0.013963621598505267
0,0.013380353208955522,0.013963621598505267
0,0.010660452696828665,0.013137175946607708
0,0.013380353208955522,0.013963621598505267
0,0.07554817555000279,0.07273042348307376
0,0.013380353208955522,0.013963621598505267
0,0.013380353208955522,0.013963621598505267
0,0.015939605778591884,0.013523601060379227
0,0.013380353208955522,0.013963621598505267
0,0.017803028746173004,0.01882787811132649
0,0.004736695834350324,0.008532160315235415
0,0.013380353208955522,0.013963621598505267
1,0.997478304753843,0.9975177951540811
0,0.013380353208955522,0.013963621598505267
0,0.013380353208955522,0.013963621598505267
0,0.017803028746173004,0.01882787811132649
0,0.00641756783178709,0.006896781466784354
0,0.013380353208955522,0.013963621598505267
0,0.013380353208955522,0.013963621598505267
0,0.013380353208955522,0.013963621598505267
0,0.007161264344558299,0.014283531399389872
0,0.05381826318443013,0.051145854067730215
0,0.013380353208955522,0.013963621598505267
0,0.013380353208955522,0.013963621598505267
0,0.017803028746173004,0.01882787811132649
0,0.013380353208955522,0.013963621598505267
0,0.013380353208955522,0.013963621598505267
0,0.013380353208955522,0.013963621598505267
0,0.011588707257963422,0.009786720687341474
0,0.013380353208955522,0.013963621598505267
0,0.013380353208955522,0.013963621598505267
0,0.013380353208955522,0.013963621598505267
0,0.017803028746173004,0.01882787811132649
0,0.013380353208955522,0.013963621598505267
0,0.013380353208955522,0.013963621598505267
0,0.07554817555000279,0.07273042348307376
0,0.013380353208955522,0.013963621598505267
0,0.013380353208955522,0.013963621598505267
1,0.9911840702941898,0.9963406902905778
0,0.013380353208955522,0.013963621598505267
0,0.013380353208955522,0.013963621598505267
0,0.013380353208955522,0.013963621598505267
1,0.9815644415606917,0.9886289116284612
0,0.029258510177971927,0.034368952620536124
0,0.010120458284373465,0.016976948516194617
0,0.03728287662436008,0.037914921076106854
0,0.013380353208955522,0.013963621598505267
0,0.013380353208955522,0.013963621598505267
0,0.013380353208955522,0.013963621598505267
0,0.013380353208955522,0.013963621598505267
0,0.013380353208955522,0.013963621598505267
0,0.013380353208955522,0.013963621598505267
0,0.013380353208955522,0.013963621598505267
0,0.013380353208955522,0.013963621598505267
0,0.013380353208955522,0.013963621598505267
0,0.07554817555000279,0.07273042348307376
0,0.013380353208955522,0.013963621598505267
0,0.018510101062312108,0.01991054977738671
0,0.013380353208955522,0.013963621598505267
0,0.013380353208955522,0.013963621598505267
0,0.016473469880927724,0.029560097414322112
0,0.013380353208955522,0.013963621598505267
1,0.9970879719736984,0.9953115271407368
0,0.018510101062312108,0.01991054977738671
0,0.013380353208955522,0.013963621598505267
0,0.011588707257963422,0.009786720687341474
0,0.07554817555000279,0.07273042348307376
0,0.017803028746173004,0.01882787811132649
0,0.013380353208955522,0.013963621598505267
0,0.013380353208955522,0.013963621598505267
0,0.011588707257963422,0.009786720687341474
0,0.03728287662436008,0.037914921076106854
0,0.013380353208955522,0.013963621598505267
0,0.013380353208955522,0.013963621598505267
0,0.017803028746173004,0.01882787811132649
0,0.013380353208955522,0.013963621598505267
0,0.013380353208955522,0.013963621598505267
0,0.013380353208955522,0.013963621598505267
0,0.013380353208955522,0.013963621598505267
0,0.013380353208955522,0.013963621598505267
0,0.013380353208955522,0.013963621598505267
0,0.013380353208955522,0.013963621598505267
0,0.013380353208955522,0.013963621598505267
0,0.010119089842861416,0.016975676436626674
0,0.013380353208955522,0.013963621598505267
0,0.013380353208955522,0.013963621598505267
0,0.021190035729187786,0.018237410562750984
0,0.013380353208955522,0.013963621598505267
0,0.07554817555000279,0.07273042348307376
0,0.013380353208955522,0.013963621598505267
0,0.013380353208955522,0.013963621598505267
0,0.013380353208955522,0.013963621598505267
0,0.013380353208955522,0.013963621598505267
0,0.017803028746173004,0.01882787811132649
0,0.013380353208955522,0.013963621598505267
0,0.013380353208955522,0.013963621598505267
0,0.013380353208955522,0.013963621598505267
0,0.013380353208955522,0.013963621598505267
0,0.013380353208955522,0.013963621598505267
0,0.013380353208955522,0.013963621598505267
1,0.9911840702941898,0.9963406902905778
0,0.13450623207853526,0.1223078749750893
0,0.013380353208955522,0.013963621598505267
0,0.013380353208955522,0.013963621598505267
0,0.03728287662436008,0.037914921076106854
1,0.9900270865689677,0.990718171760401
0,0.013380353208955522,0.013963621598505267
0,0.013380353208955522,0.013963621598505267
0,0.0076060066214740565,0.009324303156037207
0,0.013380353208955522,0.013963621598505267
0,0.017803028746173004,0.01882787811132649
0,0.018510101062312108,0.01991054977738671
0,0.013380353208955522,0.013963621598505267
0,0.013380353208955522,0.013963621598505267
0,0.013380353208955522,0.013963621598505267
0,0.013380353208955522,0.013963621598505267
0,0.08892648446874814,0.07057108625479315
0,0.00641756783178709,0.006896781466784354
0,0.013380353208955522,0.013963621598505267
0,0.017803028746173004,0.01882787811132649
0,0.013380353208955522,0.013963621598505267
0,0.013380353208955522,0.013963621598505267
0,0.013380353208955522,0.013963621598505267
0,0.013380353208955522,0.013963621598505267
0,0.013380353208955522,0.013963621598505267
0,0.013380353208955522,0.013963621598505267
0,0.013380353208955522,0.013963621598505267
0,0.013380353208955522,0.013963621598505267
0,0.013380353208955522,0.013963621598505267
0,0.013380353208955522,0.013963621598505267
0,0.013380353208955522,0.013963621598505267
0,0.013380353208955522,0.013963621598505267
0,0.013380353208955522,0.013963621598505267
0,0.013380353208955522,0.013963621598505267
0,0.010753356923349952,0.01755731216964111
0,0.013380353208955522,0.013963621598505267
0,0.013380353208955522,0.013963621598505267
0,0.0076060066214740565,0.009324303156037207
0,0.013380353208955522,0.013963621598505267
0,0.013380353208955522,0.013963621598505267
0,0.013380353208955522,0.013963621598505267
0,0.017803028746173004,0.01882787811132649
0,0.013380353208955522,0.013963621598505267
0,0.013380353208955522,0.013963621598505267
0,0.026407902194633452,0.023827954210235435
0,0.028159707171295418,0.028261489475335425
1,0.988293474895606,0.9891062678572778
0,0.013380353208955522,0.013963621598505267
0,0.013380353208955522,0.013963621598505267
0,0.013380353208955522,0.013963621598505267
0,0.015872651061186946,0.03743591467554046
0,0.013380353208955522,0.013963621598505267
0,0.013380353208955522,0.013963621598505267
0,0.013380353208955522,0.013963621598505267
0,0.013380353208955522,0.013963621598505267
0,0.0076060066214740565,0.009324303156037207
0,0.010855506951491393,0.011392045773605045
0,0.015428441696496493,0.013215446320193973
0,0.013380353208955522,0.013963621598505267
0,0.013380353208955522,0.013963621598505267
0,0.013380353208955522,0.013963621598505267
0,0.013380353208955522,0.013963621598505267
0,0.013380353208955522,0.013963621598505267
0,0.08892648446874814,0.07057108625479315
0,0.03873310869260298,0.040050365546474384
0,0.013380353208955522,0.013963621598505267
0,0.015939605778591884,0.013523601060379227
0,0.00641756783178709,0.006896781466784354
0,0.013380353208955522,0.013963621598505267
0,0.013380353208955522,0.013963621598505267
1,0.9863581871997545,0.9886765262925944
0,0.013380353208955522,0.013963621598505267
0,0.013380353208955522,0.013963621598505267
0,0.03873310869260298,0.040050365546474384
0,0.013380353208955522,0.013963621598505267
0,0.013380353208955522,0.013963621598505267
1,0.9981740950502204,0.998511108037405
0,0.013380353208955522,0.013963621598505267
0,0.00641756783178709,0.006896781466784354
0,0.05381826318443013,0.051145854067730215
0,0.011588707257963422,0.009786720687341474
0,0.013380353208955522,0.013963621598505267
0,0.013380353208955522,0.013963621598505267
0,0.013380353208955522,0.013963621598505267
0,0.013380353208955522,0.013963621598505267
0,0.013380353208955522,0.013963621598505267
0,0.03728287662436008,0.037914921076106854
0,0.013380353208955522,0.013963621598505267
0,0.018510101062312108,0.01991054977738671
0,0.013380353208955522,0.013963621598505267
0,0.010855506951491393,0.011392045773605045
0,0.013380353208955522,0.013963621598505267
1,0.9859002889777229,0.9860909311993099
0,0.013380353208955522,0.013963621598505267
0,0.013380353208955522,0.013963621598505267
0,0.010660452696828665,0.013137175946607708
0,0.013380353208955522,0.013963621598505267
0,0.010163726816435906,0.01701713078550119
0,0.013380353208955522,0.013963621598505267
1,0.9846118584751069,0.9862242087062209
0,0.006483912303470062,0.013044255283853409
1,0.9900270865689677,0.990718171760401
0,0.013380353208955522,0.013963621598505267
0,0.013380353208955522,0.013963621598505267
0,0.013380353208955522,0.013963621598505267
0,0.05198575980269021,0.045954316937033175
0,0.013380353208955522,0.013963621598505267
0,0.013380353208955522,0.013963621598505267
0,0.013380353208955522,0.013963621598505267
0,0.010965930407650044,0.0033163340688209136
0,0.013380353208955522,0.013963621598505267
0,0.07554817555000279,0.07273042348307376
0,0.013380353208955522,0.013963621598505267
0,0.13404721169841458,0.12207154334619587
0,0.013380353208955522,0.013963621598505267
1,0.9863581871997545,0.9886765262925944
0,0.009600456621941287,0.008425936452466115
0,0.00641756783178709,0.006896781466784354
0,0.013380353208955522,0.013963621598505267
1,0.9846118584751069,0.9862242087062209
1,0.9824875354958378,0.9860996902382136
0,0.013380353208955522,0.013963621598505267
0,0.013380353208955522,0.013963621598505267
0,0.013380353208955522,0.013963621598505267
0,0.013380353208955522,0.013963621598505267
0,0.013380353208955522,0.013963621598505267
0,0.01665749768157659,0.0297414547932126
0,0.013380353208955522,0.013963621598505267
0,0.03728287662436008,0.037914921076106854
