case_id,geoid_tract,geoid_bg,source
.SH,48453000302,484530003020,geocoder
C10-V-82-033(RCT),48453001200,484530012000,geocoder
C12M-02-0001,48453035000,484530350000,geocoder
C12M-04-0002,48453035000,484530350000,geocoder
C12M-07-0003,48453001918,484530019180,geocoder
C12M-2008-0001,48453034000,484530340000,geocoder
C12M-2009-0002,48453001910,484530019100,geocoder
C12M-2010-0001,48453032900,484530329000,geocoder
C12M-2010-0003,48453002432,484530024320,geocoder
C12M-2010-0004,48453002432,484530024320,geocoder
C12M-2010-0005,48453002432,484530024320,geocoder
C12M-2010-0006,48453002432,484530024320,geocoder
C12M-2010-0007,48453002432,484530024320,geocoder
C12M-2011-0007,48453002411,484530024110,geocoder
C12M-2011-0008,48453002449,484530024490,geocoder
C12M-2011-0011,48453036500,484530365000,geocoder
C12M-2012-0002,48453031600,484530316000,geocoder
C12M-2013-0001,48453002446,484530024460,geocoder
C12M-2013-0002,48453034000,484530340000,geocoder
C12M-2013-0102,48453001913,484530019130,geocoder
C12M-2014-0001,48491020411,484910204110,geocoder
C12M-2014-0002,48209010923,482090109230,geocoder
C12M-2014-0003,48209010923,482090109230,geocoder
C12M-2016-0002,48453044200,484530442000,geocoder
C12M-2016-0005,48491020411,484910204110,geocoder
C12M-2016-0006,48453002449,484530024490,geocoder
C12M-2017-0001,48453032800,484530328000,geocoder
C12M-2018-0005,48453002216,484530022160,geocoder
C12M-2018-0145,48453034000,484530340000,geocoder
C12M-2020-0137,48453001916,484530019160,geocoder
C12M-2021-0176,48453002432,484530024320,geocoder
C12M-2022-0001,48453001913,484530019130,geocoder
C12M-2023-0157,48453002449,484530024490,geocoder
C12M-2024-0002,48453002432,484530024320,geocoder
C12M-2024-0003,48453033300,484530333000,geocoder
C12M-2024-0015,48209010923,482090109230,geocoder
C14-00-2001,48453001920,484530019200,geocoder
C14-00-2003,48453001920,484530019200,geocoder
C14-00-2007,48453001103,484530011030,geocoder
C14-00-2011.1,48453000803,484530008030,geocoder
C14-00-2011.2,48453000803,484530008030,geocoder
C14-00-2011.3,48453000803,484530008030,geocoder
C14-00-2011.4,48453000803,484530008030,geocoder
C14-00-2011.5,48453000803,484530008030,geocoder
C14-00-2011.6,48453000803,484530008030,geocoder
C14-00-2011.7,48453000803,484530008030,geocoder
C14-00-2014,48453002111,484530021110,geocoder
C14-00-2015,48453001503,484530015030,geocoder
C14-00-2016,48453000902,484530009020,geocoder
C14-00-2017,48453002113,484530021130,geocoder
C14-00-2018,48453002422,484530024220,geocoder
C14-00-2020,48453041100,484530411000,geocoder
C14-00-2022,48453041900,484530419000,geocoder
C14-00-2023,48453041200,484530412000,geocoder
C14-00-2024,48453001000,484530010000,geocoder
C14-00-2026,48453002111,484530021110,geocoder
C14-00-2028,48453002007,484530020070,geocoder
C14-00-2030,48453034600,484530346000,geocoder
C14-00-2039,48453034600,484530346000,geocoder
C14-00-2041,48453002448,484530024480,geocoder
C14-00-2043,48453032800,484530328000,geocoder
C14-00-2044,48453002326,484530023260,geocoder
C14-00-2045,48453042100,484530421000,geocoder
C14-00-2047,48453002327,484530023270,geocoder
C14-00-2047(RCT),48453002327,484530023270,geocoder
C14-00-2048,48453001103,484530011030,geocoder
C14-00-2050,48453001913,484530019130,geocoder
C14-00-2053,48453002004,484530020040,geocoder
C14-00-2055,48453035800,484530358000,geocoder
C14-00-2057,48453032000,484530320000,geocoder
C14-00-2059,48453000607,484530006070,geocoder
C14-00-2060,48453002310,484530023100,geocoder
C14-00-2061,48453002310,484530023100,geocoder
C14-00-2062(RCA),48453000901,484530009010,geocoder
C14-00-2065,48453045400,484530454000,geocoder
C14-00-2066,48453000902,484530009020,geocoder
C14-00-2067,48453001602,484530016020,geocoder
C14-00-2068,48453001312,484530013120,geocoder
C14-00-2070,48453043600,484530436000,geocoder
C14-00-2071,48453034300,484530343000,geocoder
C14-00-2073,48453037200,484530372000,geocoder
C14-00-2074,48453002105,484530021050,geocoder
C14-00-2076,48453035800,484530358000,geocoder
C14-00-2081,48453000700,484530007000,geocoder
C14-00-2082,48453041600,484530416000,geocoder
C14-00-2083,48453002109,484530021090,geocoder
C14-00-2084,48453043700,484530437000,geocoder
C14-00-2085,48453031800,484530318000,geocoder
C14-00-2086,48453035800,484530358000,geocoder
C14-00-2087,48453001917,484530019170,geocoder
C14-00-2088,48453001920,484530019200,geocoder
C14-00-2091,48453041900,484530419000,geocoder
C14-00-2093,48453002444,484530024440,geocoder
C14-00-2097,48453041200,484530412000,geocoder
C14-00-2098,48453002423,484530024230,geocoder
C14-00-2100,48453040000,484530400000,geocoder
C14-00-2105,48491020408,484910204080,geocoder
C14-00-2111,48453002423,484530024230,geocoder
C14-00-2112,48453045100,484530451000,geocoder
C14-00-2112.SH(RCA),48453045100,484530451000,geocoder
C14-00-2115,48453002444,484530024440,geocoder
C14-00-2118,48453000305,484530003050,geocoder
C14-00-2120,48453002201,484530022010,geocoder
C14-00-2121,48453030400,484530304000,geocoder
C14-00-2123,48453002403,484530024030,geocoder
C14-00-2124,48453002419,484530024190,geocoder
C14-00-2125,48453002310,484530023100,geocoder
C14-00-2126,48453001101,484530011010,geocoder
C14-00-2127,48453001102,484530011020,geocoder
C14-00-2128,48453001307,484530013070,geocoder
C14-00-2130,48453001304,484530013040,geocoder
C14-00-2131,48453041600,484530416000,geocoder
C14-00-2134,48453041200,484530412000,geocoder
C14-00-2135,48453030900,484530309000,geocoder
C14-00-2136,48453001917,484530019170,geocoder
C14-00-2139,48453001910,484530019100,geocoder
C14-00-2145,48453042000,484530420000,geocoder
C14-00-2149,48453000204,484530002040,geocoder
C14-00-2150,48453043700,484530437000,geocoder
C14-00-2151,48453040700,484530407000,geocoder
C14-00-2152,48453041900,484530419000,geocoder
C14-00-2153,48453002004,484530020040,geocoder
C14-00-2154,48453002214,484530022140,geocoder
C14-00-2155,48453001915,484530019150,geocoder
C14-00-2156,48453043500,484530435000,geocoder
C14-00-2158,48453000606,484530006060,geocoder
C14-00-2162,48453041000,484530410000,geocoder
C14-00-2168,48453032900,484530329000,geocoder
C14-00-2170,48453002322,484530023220,geocoder
C14-00-2171,48453002424,484530024240,geocoder
C14-00-2172,48453001304,484530013040,geocoder
C14-00-2174,48453045400,484530454000,geocoder
C14-00-2175,48453000302,484530003020,geocoder
C14-00-2176,48453002310,484530023100,geocoder
C14-00-2180,48453001312,484530013120,geocoder
C14-00-2181,48453002445,484530024450,geocoder
C14-00-2184,48491020408,484910204080,geocoder
C14-00-2185,48453046500,484530465000,geocoder
C14-00-2186,48453001312,484530013120,geocoder
C14-00-2189,48453002423,484530024230,geocoder
C14-00-2195(RCA),48453001103,484530011030,geocoder
C14-00-2196,48453001103,484530011030,geocoder
C14-00-2197,48453001103,484530011030,geocoder
C14-00-2198,48453000308,484530003080,geocoder
C14-00-2200,48491020406,484910204060,geocoder
C14-00-2205,48453045100,484530451000,geocoder
C14-00-2208,48453001103,484530011030,geocoder
C14-00-2210,48453002447,484530024470,geocoder
C14-00-2215,48453041000,484530410000,geocoder
C14-00-2217,48453000700,484530007000,geocoder
C14-00-2218,48491020411,484910204110,geocoder
C14-00-2219,48453034100,484530341000,geocoder
C14-00-2223,48453002443,484530024430,geocoder
C14-00-2224,48453000204,484530002040,geocoder
C14-00-2225,48453000804,484530008040,geocoder
C14-00-2230,48453002403,484530024030,geocoder
C14-00-2231,48453002304,484530023040,geocoder
C14-00-2232,48453030500,484530305000,geocoder
C14-00-2233,48453001603,484530016030,geocoder
C14-00-2234,48453001310,484530013100,geocoder
C14-00-2236,48453001101,484530011010,geocoder
C14-00-2237,48453000204,484530002040,geocoder
C14-00-2238,48453001914,484530019140,geocoder
C14-00-2239,48453001307,484530013070,geocoder
C14-00-2241,48453043800,484530438000,geocoder
C14-00-2242,48453002423,484530024230,geocoder
C14-00-2243,48453033000,484530330000,geocoder
C14-00-2244,48491020408,484910204080,geocoder
C14-00-2248,48453031000,484530310000,geocoder
C14-00-2250,48453000206,484530002060,geocoder
C14-00-2251,48453031000,484530310000,geocoder
C14-00-2252,48453002003,484530020030,geocoder
C14-00-2254,48453000302,484530003020,geocoder
C14-00-2256,48453001308,484530013080,geocoder
C14-00-2257,48453001503,484530015030,geocoder
C14-00-2258,48453002310,484530023100,geocoder
C14-00-2259,48453001503,484530015030,geocoder
C14-00-2260,48453000901,484530009010,geocoder
C14-00-2261,48453002322,484530023220,geocoder
C14-00-2262,48453002410,484530024100,geocoder
C14-00-2263,48453001920,484530019200,geocoder
C14-00-2265,48453002313,484530023130,geocoder
C14-00-2266,48453002411,484530024110,geocoder
C14-01-0003,48453000902,484530009020,geocoder
C14-01-0004,48453002004,484530020040,geocoder
C14-01-0005,48453043300,484530433000,geocoder
C14-01-0006,48453033900,484530339000,geocoder
C14-01-0007,48453001603,484530016030,geocoder
C14-01-0009,48453001304,484530013040,geocoder
C14-01-0012,48453040100,484530401000,geocoder
C14-01-0016,48453043200,484530432000,geocoder
C14-01-0017,48453000608,484530006080,geocoder
C14-01-0018,48491020408,484910204080,geocoder
C14-01-0022,48453002310,484530023100,geocoder
C14-01-0029,48453001102,484530011020,geocoder
C14-01-0029(RCT),48453001103,484530011030,geocoder
C14-01-0030,48453043200,484530432000,geocoder
C14-01-0031,48453002447,484530024470,geocoder
C14-01-0032(SH),48453002413,484530024130,geocoder
C14-01-0035,48453000803,484530008030,geocoder
C14-01-0036,48453000302,484530003020,geocoder
C14-01-0037.001,48453040900,484530409000,geocoder
C14-01-0042,48453002214,484530022140,geocoder
C14-01-0043,48453042100,484530421000,geocoder
C14-01-0044,48453042100,484530421000,geocoder
C14-01-0046.02,48453000302,484530003020,geocoder
C14-01-0046.03,48453000302,484530003020,geocoder
C14-01-0047,48453001310,484530013100,geocoder
C14-01-0048,48453002447,484530024470,geocoder
C14-01-0052,48453000700,484530007000,geocoder
C14-01-0053,48453001308,484530013080,geocoder
C14-01-0054,48453001101,484530011010,geocoder
C14-01-0055,48453032400,484530324000,geocoder
C14-01-0056,48453034600,484530346000,geocoder
C14-01-0057,48453034600,484530346000,geocoder
C14-01-0058,48453034600,484530346000,geocoder
C14-01-0062,48453031000,484530310000,geocoder
C14-01-0063,48453034100,484530341000,geocoder
C14-01-0064,48453000803,484530008030,geocoder
C14-01-0067,48453002310,484530023100,geocoder
C14-01-0068,48453043500,484530435000,geocoder
C14-01-0069,48453002443,484530024430,geocoder
C14-01-0070,48453001200,484530012000,geocoder
C14-01-0071,48453001308,484530013080,geocoder
C14-01-0072,48453000601,484530006010,geocoder
C14-01-0073,48453001103,484530011030,geocoder
C14-01-0074,48491020406,484910204060,geocoder
C14-01-0075,48453002452,484530024520,geocoder
C14-01-0076,48453033000,484530330000,geocoder
C14-01-0079,48453001912,484530019120,geocoder
C14-01-0082,48453000700,484530007000,geocoder
C14-01-0083,48453001921,484530019210,geocoder
C14-01-0084,48453002410,484530024100,geocoder
C14-01-0086,48453042200,484530422000,geocoder
C14-01-0088,48453041000,484530410000,geocoder
C14-01-0089,48453002419,484530024190,geocoder
C14-01-0090,48453001402,484530014020,geocoder
C14-01-0092,48453030100,484530301000,geocoder
C14-01-0093,48453042900,484530429000,geocoder
C14-01-0097,48453002447,484530024470,geocoder
C14-01-0099,48453031800,484530318000,geocoder
C14-01-0100,48453040300,484530403000,geocoder
C14-01-0101,48453002111,484530021110,geocoder
C14-01-0102,48453032000,484530320000,geocoder
C14-01-0103,48453002319,484530023190,geocoder
C14-01-0105,48453032400,484530324000,geocoder
C14-01-0107,48453034500,484530345000,geocoder
C14-01-0109,48453034500,484530345000,geocoder
C14-01-0110,48453034500,484530345000,geocoder
C14-01-0111,48491020406,484910204060,geocoder
C14-01-0112,48491020403,484910204030,geocoder
C14-01-0114,48453043500,484530435000,geocoder
C14-01-0117SH,48453041600,484530416000,geocoder
C14-01-0118,48453044000,484530440000,geocoder
C14-01-0120,48453040200,484530402000,geocoder
C14-01-0121,48453032900,484530329000,geocoder
C14-01-0122,48453031900,484530319000,geocoder
C14-01-0124,48453001915,484530019150,geocoder
C14-01-0125.SH,48453002424,484530024240,geocoder
C14-01-0126,48453002321,484530023210,geocoder
C14-01-0127,48453030800,484530308000,geocoder
C14-01-0128.SH,48453041600,484530416000,geocoder
C14-01-0129,48453001920,484530019200,geocoder
C14-01-0130,48453044000,484530440000,geocoder
C14-01-0131,48453000608,484530006080,geocoder
C14-01-0134,48453042400,484530424000,geocoder
C14-01-0135,48453001304,484530013040,geocoder
C14-01-0136,48453001310,484530013100,geocoder
C14-01-0137,48453002448,484530024480,geocoder
C14-01-0138,48453002411,484530024110,geocoder
C14-01-0139,48453002403,484530024030,geocoder
C14-01-0140,48453002403,484530024030,geocoder
C14-01-0142,48491020405,484910204050,geocoder
C14-01-0144,48453002413,484530024130,geocoder
C14-01-0145,48453031600,484530316000,geocoder
C14-01-0148.001,48453000804,484530008040,geocoder
C14-01-0148.002,48453000901,484530009010,geocoder
C14-01-0148.003,48453000803,484530008030,geocoder
C14-01-0149,48453002411,484530024110,geocoder
C14-01-0151,48453000608,484530006080,geocoder
C14-01-0152,48453002322,484530023220,geocoder
C14-01-0153.SH,48453002111,484530021110,geocoder
C14-01-0154,48453001308,484530013080,geocoder
C14-01-0155,48491020408,484910204080,geocoder
C14-01-0156,48453000302,484530003020,geocoder
C14-01-0157,48453045300,484530453000,geocoder
C14-01-0160,48453002500,484530025000,geocoder
C14-01-0161,48491020408,484910204080,geocoder
C14-01-0163,48491020406,484910204060,geocoder
C14-01-0164,48453002444,484530024440,geocoder
C14-01-0166.001,48453000902,484530009020,geocoder
C14-01-0170,48453002423,484530024230,geocoder
C14-01-0172,48453000402,484530004020,geocoder
C14-01-0175,48453042200,484530422000,geocoder
C14-01-0176,48453041100,484530411000,geocoder
C14-01-0179,48453002422,484530024220,geocoder
C14-01-0180,48453001312,484530013120,geocoder
C14-01-0181,48453001312,484530013120,geocoder
C14-01-0183,48453002310,484530023100,geocoder
C14-01-0184,48453042100,484530421000,geocoder
C14-01-0186,48453002310,484530023100,geocoder
C14-02-0002,48491020406,484910204060,geocoder
C14-02-0003,48453002316,484530023160,geocoder
C14-02-0004,48453002214,484530022140,geocoder
C14-02-0005,48453002409,484530024090,geocoder
C14-02-0006.SH,48453002110,484530021100,geocoder
C14-02-0007,48453002105,484530021050,geocoder
C14-02-0008,48453000700,484530007000,geocoder
C14-02-0014,48453000401,484530004010,geocoder
C14-02-0015,48453032000,484530320000,geocoder
C14-02-0016,48491020408,484910204080,geocoder
C14-02-0017,48491020406,484910204060,geocoder
C14-02-0018,48453002424,484530024240,geocoder
C14-02-0019,48453002310,484530023100,geocoder
C14-02-0020,48491020408,484910204080,geocoder
C14-02-0023,48453002112,484530021120,geocoder
C14-02-0024,48453002112,484530021120,geocoder
C14-02-0025,48453002112,484530021120,geocoder
C14-02-0026,48453002451,484530024510,geocoder
C14-02-0029,48453002411,484530024110,geocoder
C14-02-0032,48453000204,484530002040,geocoder
C14-02-0033,48453041500,484530415000,geocoder
C14-02-0034.SH,48453002108,484530021080,geocoder
C14-02-0035,48453031700,484530317000,geocoder
C14-02-0037,48453000902,484530009020,geocoder
C14-02-0039,48453002424,484530024240,geocoder
C14-02-0041,48453034400,484530344000,geocoder
C14-02-0043,48453002448,484530024480,geocoder
C14-02-0045,48453032000,484530320000,geocoder
C14-02-0047,48453002326,484530023260,geocoder
C14-02-0048,48453041200,484530412000,geocoder
C14-02-0049,48453043200,484530432000,geocoder
C14-02-0050,48453043200,484530432000,geocoder
C14-02-0051,48453043200,484530432000,geocoder
C14-02-0052,48453002407,484530024070,geocoder
C14-02-0053,48453980000,484539800000,geocoder
C14-02-0055,48453002326,484530023260,geocoder
C14-02-0056,48453002214,484530022140,geocoder
C14-02-0059,48491020408,484910204080,geocoder
C14-02-0060,48453002403,484530024030,geocoder
C14-02-0061,48453031900,484530319000,geocoder
C14-02-0062,48453045300,484530453000,geocoder
C14-02-0064,48453037200,484530372000,geocoder
C14-02-0069,48453002424,484530024240,geocoder
C14-02-0071.SH,48453000804,484530008040,geocoder
C14-02-0072,48453002310,484530023100,geocoder
C14-02-0074,48453002449,484530024490,geocoder
C14-02-0075,48453000804,484530008040,geocoder
C14-02-0076,48453041100,484530411000,geocoder
C14-02-0077,48453001000,484530010000,geocoder
C14-02-0078,48453002448,484530024480,geocoder
C14-02-0080,48453002451,484530024510,geocoder
C14-02-0081,48453002451,484530024510,geocoder
C14-02-0082.SH,48453002451,484530024510,geocoder
C14-02-0085,48453031000,484530310000,geocoder
C14-02-0086,48453040500,484530405000,geocoder
C14-02-0087,48453002422,484530024220,geocoder
C14-02-0089,48453034700,484530347000,geocoder
C14-02-0090,48453002310,484530023100,geocoder
C14-02-0091,48453001915,484530019150,geocoder
C14-02-0092,48453001915,484530019150,geocoder
C14-02-0093,48453002111,484530021110,geocoder
C14-02-0095,48453001920,484530019200,geocoder
C14-02-0096,48453030500,484530305000,geocoder
C14-02-0098,48453033000,484530330000,geocoder
C14-02-0100,48491020311,484910203110,geocoder
C14-02-0102,48453031900,484530319000,geocoder
C14-02-0104,48453000206,484530002060,geocoder
C14-02-0105,48453001505,484530015050,geocoder
C14-02-0107,48453002444,484530024440,geocoder
C14-02-0108,48453000803,484530008030,geocoder
C14-02-0113,48453000305,484530003050,geocoder
C14-02-0116,48453000803,484530008030,geocoder
C14-02-0117,48453002448,484530024480,geocoder
C14-02-0119,48453031700,484530317000,geocoder
C14-02-0121,48453001505,484530015050,geocoder
C14-02-0122,48453002310,484530023100,geocoder
C14-02-0123,48453000101,484530001010,geocoder
C14-02-0125,48453040000,484530400000,geocoder
C14-02-0126,48453045400,484530454000,geocoder
C14-02-0127.SH,48453000802,484530008020,geocoder
C14-02-0130,48453041500,484530415000,geocoder
C14-02-0131,48453032000,484530320000,geocoder
C14-02-0133,48453000205,484530002050,geocoder
C14-02-0135,48453042100,484530421000,geocoder
C14-02-0136,48453000205,484530002050,geocoder
C14-02-0137,48453033400,484530334000,geocoder
C14-02-0138,48491020410,484910204100,geocoder
C14-02-0139,48453034700,484530347000,geocoder
C14-02-0140,48491020405,484910204050,geocoder
C14-02-0141,48453001915,484530019150,geocoder
C14-02-0143,48453001915,484530019150,geocoder
C14-02-0144,48453002310,484530023100,geocoder
C14-02-0145,48453002310,484530023100,geocoder
C14-02-0146,48453001912,484530019120,geocoder
C14-02-0147,48453000101,484530001010,geocoder
C14-02-0148,48453002448,484530024480,geocoder
C14-02-0150,48453000401,484530004010,geocoder
C14-02-0150(RCA),48453000401,484530004010,geocoder
C14-02-0151,48453031700,484530317000,geocoder
C14-02-0153,48453033000,484530330000,geocoder
C14-02-0155.SH,48453002413,484530024130,geocoder
C14-02-0158,48491020406,484910204060,geocoder
C14-02-0160,48491020311,484910203110,geocoder
C14-02-0162,48453040000,484530400000,geocoder
C14-02-0165,48453002310,484530023100,geocoder
C14-02-0166,48453000206,484530002060,geocoder
C14-02-0167,48453001915,484530019150,geocoder
C14-02-0168,48453002422,484530024220,geocoder
C14-02-0169,48453002422,484530024220,geocoder
C14-02-0170,48453002111,484530021110,geocoder
C14-02-0171,48453031900,484530319000,geocoder
C14-02-0172,48453041000,484530410000,geocoder
C14-02-0173,48453031900,484530319000,geocoder
C14-02-0174,48453002310,484530023100,geocoder
C14-02-0175,48453000500,484530005000,geocoder
C14-02-0176,48453043200,484530432000,geocoder
C14-02-0177,48453043200,484530432000,geocoder
C14-02-0178,48453002422,484530024220,geocoder
C14-02-0180,48453034300,484530343000,geocoder
C14-02-0181,48453032900,484530329000,geocoder
C14-02-0183(RCA),48453000801,484530008010,geocoder
C14-02-0183(RCT),48453000801,484530008010,geocoder
C14-02-0184,48453034100,484530341000,geocoder
C14-02-0185,48453043100,484530431000,geocoder
C14-02-0186,48453043500,484530435000,geocoder
C14-02-0187,48453040800,484530408000,geocoder
C14-02-0188,48453001915,484530019150,geocoder
C14-02-0189,48453002007,484530020070,geocoder
C14-02-0190,48453001505,484530015050,geocoder
C14-02-0191.SH,48453031000,484530310000,geocoder
C14-02-0192,48453001501,484530015010,geocoder
C14-02-0195,48453000205,484530002050,geocoder
C14-02-0196,48491020408,484910204080,geocoder
C14-02-0198,48453002448,484530024480,geocoder
C14-03-0001,48453043900,484530439000,geocoder
C14-03-0002,48453045400,484530454000,geocoder
C14-03-0003,48453002448,484530024480,geocoder
C14-03-0005,48453002448,484530024480,geocoder
C14-03-0006,48453002432,484530024320,geocoder
C14-03-0008,48453040000,484530400000,geocoder
C14-03-0009,48453041900,484530419000,geocoder
C14-03-0011,48453000804,484530008040,geocoder
C14-03-0012,48453002432,484530024320,geocoder
C14-03-0015,48453045400,484530454000,geocoder
C14-03-0016,48453045400,484530454000,geocoder
C14-03-0017,48453045400,484530454000,geocoder
C14-03-0018,48453000608,484530006080,geocoder
C14-03-0019,48453001505,484530015050,geocoder
C14-03-0020,48453001307,484530013070,geocoder
C14-03-0022,48453002411,484530024110,geocoder
C14-03-0025,48453002411,484530024110,geocoder
C14-03-0026,48453002413,484530024130,geocoder
C14-03-0027,48453002413,484530024130,geocoder
C14-03-0030,48453002447,484530024470,geocoder
C14-03-0034,48453002447,484530024470,geocoder
C14-03-0036,48453002448,484530024480,geocoder
C14-03-0038,48453002448,484530024480,geocoder
C14-03-0039,48453002432,484530024320,geocoder
C14-03-0041,48453001504,484530015040,geocoder
C14-03-0042,48453000205,484530002050,geocoder
C14-03-0043,48453034600,484530346000,geocoder
C14-03-0044,48453032000,484530320000,geocoder
C14-03-0046,48491020311,484910203110,geocoder
C14-03-0047,48453002319,484530023190,geocoder
C14-03-0049,48453000606,484530006060,geocoder
C14-03-0050,48453043900,484530439000,geocoder
C14-03-0051,48453002007,484530020070,geocoder
C14-03-0052,48453002111,484530021110,geocoder
C14-03-0054,48453002201,484530022010,geocoder
C14-03-0055,48453002443,484530024430,geocoder
C14-03-0056,48453002444,484530024440,geocoder
C14-03-0058,48453001602,484530016020,geocoder
C14-03-0059,48491020410,484910204100,geocoder
C14-03-0060,48453045400,484530454000,geocoder
C14-03-0062,48453001101,484530011010,geocoder
C14-03-0065,48453032100,484530321000,geocoder
C14-03-0067,48453000205,484530002050,geocoder
C14-03-0069,48453043900,484530439000,geocoder
C14-03-0070,48453002004,484530020040,geocoder
C14-03-0073,48453034600,484530346000,geocoder
C14-03-0074,48491020410,484910204100,geocoder
C14-03-0076,48453002437,484530024370,geocoder
C14-03-0081,48453030200,484530302000,geocoder
C14-03-0083,48453046500,484530465000,geocoder
C14-03-0084,48453002403,484530024030,geocoder
C14-03-0085,48453001101,484530011010,geocoder
C14-03-0088,48453002007,484530020070,geocoder
C14-03-0091,48453002422,484530024220,geocoder
C14-03-0092,48453002422,484530024220,geocoder
C14-03-0093,48453041100,484530411000,geocoder
C14-03-0095,48453002424,484530024240,geocoder
C14-03-0096,48453000901,484530009010,geocoder
C14-03-0099,48453002410,484530024100,geocoder
C14-03-0099(RCA),48453002410,484530024100,geocoder
C14-03-0100,48453043200,484530432000,geocoder
C14-03-0102,48453034600,484530346000,geocoder
C14-03-0103,48453031600,484530316000,geocoder
C14-03-0104,48491020408,484910204080,geocoder
C14-03-0105.SH,48453041600,484530416000,geocoder
C14-03-0106,48453034300,484530343000,geocoder
C14-03-0107,48491020410,484910204100,geocoder
C14-03-0108,48453034300,484530343000,geocoder
C14-03-0109,48453033800,484530338000,geocoder
C14-03-0110,48453042200,484530422000,geocoder
C14-03-0112,48453000902,484530009020,geocoder
C14-03-0113,48453040100,484530401000,geocoder
C14-03-0114,48453002451,484530024510,geocoder
C14-03-0116,48453002448,484530024480,geocoder
C14-03-0116.01,48453002448,484530024480,geocoder
C14-03-0116.02,48453002448,484530024480,geocoder
C14-03-0116.03,48453002448,484530024480,geocoder
C14-03-0118.SH,48453000804,484530008040,geocoder
C14-03-0126,48453040400,484530404000,geocoder
C14-03-0127,48453002451,484530024510,geocoder
C14-03-0130,48491020404,484910204040,geocoder
C14-03-0131,48453041000,484530410000,geocoder
C14-03-0132,48453000608,484530006080,geocoder
C14-03-0133,48491020406,484910204060,geocoder
C14-03-0134,48453001912,484530019120,geocoder
C14-03-0136,48453002007,484530020070,geocoder
C14-03-0137,48453002322,484530023220,geocoder
C14-03-0138,48453031600,484530316000,geocoder
C14-03-0139,48453031600,484530316000,geocoder
C14-03-0141,48453001312,484530013120,geocoder
C14-03-0143,48453031700,484530317000,geocoder
C14-03-0144,48453000204,484530002040,geocoder
C14-03-0146,48453034400,484530344000,geocoder
C14-03-0148,48453000205,484530002050,geocoder
C14-03-0150,48453041000,484530410000,geocoder
C14-03-0152,48453002310,484530023100,geocoder
C14-03-0153,48453002310,484530023100,geocoder
C14-03-0155,48453002310,484530023100,geocoder
C14-03-0158,48453002444,484530024440,geocoder
C14-03-0159,48453046500,484530465000,geocoder
C14-03-0161,48453001603,484530016030,geocoder
C14-03-0162,48453041900,484530419000,geocoder
C14-03-0163,48453000606,484530006060,geocoder
C14-03-0164,48453030100,484530301000,geocoder
C14-03-0165,48453031700,484530317000,geocoder
C14-03-0167,48453000305,484530003050,geocoder
C14-03-0169,48491020406,484910204060,geocoder
C14-03-0170,48453035800,484530358000,geocoder
C14-03-0171,48453002214,484530022140,geocoder
C14-03-0172,48453002320,484530023200,geocoder
C14-03-0174,48453000700,484530007000,geocoder
C14-03-0176.SH,48453002413,484530024130,geocoder
C14-03-0177,48453034600,484530346000,geocoder
C14-03-0178,48453031200,484530312000,geocoder
C14-03-0179,48453000305,484530003050,geocoder
C14-03-0180,48491020408,484910204080,geocoder
C14-03-0181,48453045100,484530451000,geocoder
C14-03-0182,48453041900,484530419000,geocoder
C14-03-0183,48453041900,484530419000,geocoder
C14-03-0186,48453002437,484530024370,geocoder
C14-03-0187,48453001920,484530019200,geocoder
C14-04-0002,48453034400,484530344000,geocoder
C14-04-0004.002(RCA),48453001504,484530015040,geocoder
C14-04-0006,48453001308,484530013080,geocoder
C14-04-0007,48453001304,484530013040,geocoder
C14-04-0008,48453042400,484530424000,geocoder
C14-04-0011,48453002310,484530023100,geocoder
C14-04-0013,48453000803,484530008030,geocoder
C14-04-0014,48453030000,484530300000,geocoder
C14-04-0015,48453000305,484530003050,geocoder
C14-04-0016,48453032200,484530322000,geocoder
C14-04-0027,48453034400,484530344000,geocoder
C14-04-0028,48453034400,484530344000,geocoder
C14-04-0030,48453001403,484530014030,geocoder
C14-04-0031,48453001912,484530019120,geocoder
C14-04-0032,48453001912,484530019120,geocoder
C14-04-0034,48453033800,484530338000,geocoder
C14-04-0036,48453002437,484530024370,geocoder
C14-04-0037,48453002437,484530024370,geocoder
C14-04-0038,48453001920,484530019200,geocoder
C14-04-0039,48453034700,484530347000,geocoder
C14-04-0040,48453001304,484530013040,geocoder
C14-04-0044,48453002446,484530024460,geocoder
C14-04-0045,48453002446,484530024460,geocoder
C14-04-0046,48453002446,484530024460,geocoder
C14-04-0047,48453031000,484530310000,geocoder
C14-04-0050,48453002446,484530024460,geocoder
C14-04-0051,48453002446,484530024460,geocoder
C14-04-0052,48453002446,484530024460,geocoder
C14-04-0053,48453002446,484530024460,geocoder
C14-04-0057,48453044900,484530449000,geocoder
C14-04-0058,48453041500,484530415000,geocoder
C14-04-0062,48453002003,484530020030,geocoder
C14-04-0064,48453000500,484530005000,geocoder
C14-04-0065,48453000101,484530001010,geocoder
C14-04-0068,48453001920,484530019200,geocoder
C14-04-0070,48491020406,484910204060,geocoder
C14-04-0071,48453033000,484530330000,geocoder
C14-04-0072,48453000902,484530009020,geocoder
C14-04-0073,48453044200,484530442000,geocoder
C14-04-0075,48453002437,484530024370,geocoder
C14-04-0077,48453032000,484530320000,geocoder
C14-04-0084,48453002310,484530023100,geocoder
C14-04-0085,48453002310,484530023100,geocoder
C14-04-0089,48453030600,484530306000,geocoder
C14-04-0090,48453031700,484530317000,geocoder
C14-04-0091,48453000803,484530008030,geocoder
C14-04-0092,48491020405,484910204050,geocoder
C14-04-0093,48453030300,484530303000,geocoder
C14-04-0095,48453040500,484530405000,geocoder
C14-04-0099,48453034600,484530346000,geocoder
C14-04-0102,48453001922,484530019220,geocoder
C14-04-0104,48453002451,484530024510,geocoder
C14-04-0105,48453002437,484530024370,geocoder
C14-04-0108,48453000803,484530008030,geocoder
C14-04-0110,48453001307,484530013070,geocoder
C14-04-0111,48453002446,484530024460,geocoder
C14-04-0112,48491020405,484910204050,geocoder
C14-04-0113,48453000206,484530002060,geocoder
C14-04-0118,48453002444,484530024440,geocoder
C14-04-0119,48453042200,484530422000,geocoder
C14-04-0120,48453044200,484530442000,geocoder
C14-04-0121,48491020311,484910203110,geocoder
C14-04-0122,48453001200,484530012000,geocoder
C14-04-0123,48453001915,484530019150,geocoder
C14-04-0124,48453002438,484530024380,geocoder
C14-04-0127,48453044300,484530443000,geocoder
C14-04-0128,48453002441,484530024410,geocoder
C14-04-0129,48453002304,484530023040,geocoder
C14-04-0133,48453041900,484530419000,geocoder
C14-04-0134,48453002003,484530020030,geocoder
C14-04-0135,48453001200,484530012000,geocoder
C14-04-0136,48453001403,484530014030,geocoder
C14-04-0137,48453034400,484530344000,geocoder
C14-04-0138,48453001504,484530015040,geocoder
C14-04-0139,48453044300,484530443000,geocoder
C14-04-0140,48453001304,484530013040,geocoder
C14-04-0142,48453002423,484530024230,geocoder
C14-04-0145,48453001310,484530013100,geocoder
C14-04-0146,48453032400,484530324000,geocoder
C14-04-0149,48453001605,484530016050,geocoder
C14-04-0149.02,48453001605,484530016050,geocoder
C14-04-0149.03,48453001605,484530016050,geocoder
C14-04-0149.04,48453001200,484530012000,geocoder
C14-04-0149.05,48453001200,484530012000,geocoder
C14-04-0149.06,48453001200,484530012000,geocoder
C14-04-0149.07,48453001200,484530012000,geocoder
C14-04-0149.08,48453001200,484530012000,geocoder
C14-04-0149.09,48453001200,484530012000,geocoder
C14-04-0149.10,48453001200,484530012000,geocoder
C14-04-0149.11,48453001200,484530012000,geocoder
C14-04-0149.12,48453001605,484530016050,geocoder
C14-04-0149.13,48453001605,484530016050,geocoder
C14-04-0149.14,48453001605,484530016050,geocoder
C14-04-0149.15,48453001605,484530016050,geocoder
C14-04-0149.16,48453001605,484530016050,geocoder
C14-04-0149.17,48453001200,484530012000,geocoder
C14-04-0149.18,48453001200,484530012000,geocoder
C14-04-0149.19,48453001200,484530012000,geocoder
C14-04-0149.20,48453001200,484530012000,geocoder
C14-04-0149.21,48453001200,484530012000,geocoder
C14-04-0149.22,48453001200,484530012000,geocoder
C14-04-0149.23,48453001200,484530012000,geocoder
C14-04-0149.24,48453001200,484530012000,geocoder
C14-04-0149.25,48453001200,484530012000,geocoder
C14-04-0149.26,48453001200,484530012000,geocoder
C14-04-0149.27,48453001605,484530016050,geocoder
C14-04-0149.28,48453001200,484530012000,geocoder
C14-04-0149.29,48453001605,484530016050,geocoder
C14-04-0149.30,48453001605,484530016050,geocoder
C14-04-0149.31,48453001200,484530012000,geocoder
C14-04-0149.32,48453001200,484530012000,geocoder
C14-04-0149.33,48453001200,484530012000,geocoder
C14-04-0149.34,48453001200,484530012000,geocoder
C14-04-0149.35,48453001605,484530016050,geocoder
C14-04-0149.36,48453001200,484530012000,geocoder
C14-04-0149.37,48453001200,484530012000,geocoder
C14-04-0149.38,48453001605,484530016050,geocoder
C14-04-0149.39,48453001605,484530016050,geocoder
C14-04-0149.40,48453001200,484530012000,geocoder
C14-04-0149.41,48453001200,484530012000,geocoder
C14-04-0149.42,48453001200,484530012000,geocoder
C14-04-0149.43,48453001200,484530012000,geocoder
C14-04-0149.45,48453001605,484530016050,geocoder
C14-04-0149.46,48453001200,484530012000,geocoder
C14-04-0149.47,48453001605,484530016050,geocoder
C14-04-0151,48453045400,484530454000,geocoder
C14-04-0152,48453002002,484530020020,geocoder
C14-04-0154,48453002004,484530020040,geocoder
C14-04-0155,48491020410,484910204100,geocoder
C14-04-0156,48453001307,484530013070,geocoder
C14-04-0158,48453000305,484530003050,geocoder
C14-04-0159,48453000401,484530004010,geocoder
C14-04-0161,48453000305,484530003050,geocoder
C14-04-0162,48491020406,484910204060,geocoder
C14-04-0167,48453002437,484530024370,geocoder
C14-04-0170,48453001307,484530013070,geocoder
C14-04-0172,48453042200,484530422000,geocoder
C14-04-0173,48453001101,484530011010,geocoder
C14-04-0174,48453041100,484530411000,geocoder
C14-04-0176,48453002448,484530024480,geocoder
C14-04-0178,48453002445,484530024450,geocoder
C14-04-0179,48453002437,484530024370,geocoder
C14-04-0180,48453001307,484530013070,geocoder
C14-04-0181.SH,48453002307,484530023070,geocoder
C14-04-0181.SH(RCA),48453002307,484530023070,geocoder
C14-04-0183,48453034400,484530344000,geocoder
C14-04-0184,48453031200,484530312000,geocoder
C14-04-0185,48453001101,484530011010,geocoder
C14-04-0186,48491020405,484910204050,geocoder
C14-04-0188,48453043100,484530431000,geocoder
C14-04-0190,48453000401,484530004010,geocoder
C14-04-0191,48453000401,484530004010,geocoder
C14-04-0192,48453000401,484530004010,geocoder
C14-04-0193,48453000401,484530004010,geocoder
C14-04-0194,48453000401,484530004010,geocoder
C14-04-0195,48453002007,484530020070,geocoder
C14-04-0196.01,48453000305,484530003050,geocoder
C14-04-0196.02,48453000305,484530003050,geocoder
C14-04-0197,48453035800,484530358000,geocoder
C14-04-0198,48453001307,484530013070,geocoder
C14-04-0199,48453030300,484530303000,geocoder
C14-04-0200,48453000804,484530008040,geocoder
C14-04-0201,48453042100,484530421000,geocoder
C14-04-0202,48453002310,484530023100,geocoder
C14-04-0203,48453002437,484530024370,geocoder
C14-04-0207,48453034400,484530344000,geocoder
C14-04-0209,48453041000,484530410000,geocoder
C14-04-0211,48453002445,484530024450,geocoder
C14-04-0212,48453044200,484530442000,geocoder
C14-05-0002,48453002437,484530024370,geocoder
C14-05-0005,48453001200,484530012000,geocoder
C14-05-0007,48453046500,484530465000,geocoder
C14-05-0008,48453046500,484530465000,geocoder
C14-05-0009,48453037200,484530372000,geocoder
C14-05-0010,48453002410,484530024100,geocoder
C14-05-0012,48453001605,484530016050,geocoder
C14-05-0013,48453001605,484530016050,geocoder
C14-05-0014,48453002438,484530024380,geocoder
C14-05-0016,48453041200,484530412000,geocoder
C14-05-0017,48453002310,484530023100,geocoder
C14-05-0018,48453032900,484530329000,geocoder
C14-05-0020,48453002214,484530022140,geocoder
C14-05-0021,48453002112,484530021120,geocoder
C14-05-0022,48453001402,484530014020,geocoder
C14-05-0025,48453001200,484530012000,geocoder
C14-05-0026,48453002321,484530023210,geocoder
C14-05-0029,48453000305,484530003050,geocoder
C14-05-0030,48453040700,484530407000,geocoder
C14-05-0032,48453002447,484530024470,geocoder
C14-05-0033,48453002007,484530020070,geocoder
C14-05-0035,48453045100,484530451000,geocoder
C14-05-0036,48453043500,484530435000,geocoder
C14-05-0037.SH,48453043400,484530434000,geocoder
C14-05-0039,48453001101,484530011010,geocoder
C14-05-0040,48453001101,484530011010,geocoder
C14-05-0042,48453041100,484530411000,geocoder
C14-05-0045,48453002422,484530024220,geocoder
C14-05-0047,48453040400,484530404000,geocoder
C14-05-0048,48453045700,484530457000,geocoder
C14-05-0049,48453000700,484530007000,geocoder
C14-05-0050,48453000700,484530007000,geocoder
C14-05-0051,48453042100,484530421000,geocoder
C14-05-0052,48453042100,484530421000,geocoder
C14-05-0054,48453042100,484530421000,geocoder
C14-05-0055,48453042100,484530421000,geocoder
C14-05-0057,48453000607,484530006070,geocoder
C14-05-0058,48453001307,484530013070,geocoder
C14-05-0059,48453001307,484530013070,geocoder
C14-05-0060,48453032700,484530327000,geocoder
C14-05-0061,48453034800,484530348000,geocoder
C14-05-0062,48453030900,484530309000,geocoder
C14-05-0064,48453042100,484530421000,geocoder
C14-05-0066,48453041900,484530419000,geocoder
C14-05-0067,48453001103,484530011030,geocoder
C14-05-0068,48453040400,484530404000,geocoder
C14-05-0070,48453002319,484530023190,geocoder
C14-05-0071,48453030600,484530306000,geocoder
C14-05-0073,48453030100,484530301000,geocoder
C14-05-0074,48453031900,484530319000,geocoder
C14-05-0075,48453032900,484530329000,geocoder
C14-05-0076,48453032900,484530329000,geocoder
C14-05-0077,48453001401,484530014010,geocoder
C14-05-0078,48453030000,484530300000,geocoder
C14-05-0079,48453002441,484530024410,geocoder
C14-05-0080,48453000204,484530002040,geocoder
C14-05-0081,48453002411,484530024110,geocoder
C14-05-0082,48453041200,484530412000,geocoder
C14-05-0083,48491020410,484910204100,geocoder
C14-05-0085,48453041100,484530411000,geocoder
C14-05-0086,48453034100,484530341000,geocoder
C14-05-0087,48453002002,484530020020,geocoder
C14-05-0088,48453001920,484530019200,geocoder
C14-05-0089,48453002310,484530023100,geocoder
C14-05-0090,48453001505,484530015050,geocoder
C14-05-0091,48453002424,484530024240,geocoder
C14-05-0092,48453041100,484530411000,geocoder
C14-05-0095,48453002321,484530023210,geocoder
C14-05-0096,48453042100,484530421000,geocoder
C14-05-0097,48453041900,484530419000,geocoder
C14-05-0100,48491020408,484910204080,geocoder
C14-05-0101,48453002445,484530024450,geocoder
C14-05-0102,48453002445,484530024450,geocoder
C14-05-0103,48453000101,484530001010,geocoder
C14-05-0104,48453041900,484530419000,geocoder
C14-05-0106.01,48453002003,484530020030,geocoder
C14-05-0106.02,48453002444,484530024440,geocoder
C14-05-0106.03,48453002444,484530024440,geocoder
C14-05-0107.01,48453002403,484530024030,geocoder
C14-05-0108,48453030600,484530306000,geocoder
C14-05-0109,48491020405,484910204050,geocoder
C14-05-0111.01,48453002313,484530023130,geocoder
C14-05-0111.02,48453002313,484530023130,geocoder
C14-05-0111.03,48453002307,484530023070,geocoder
C14-05-0111.04,48453002307,484530023070,geocoder
C14-05-0111.05,48453002313,484530023130,geocoder
C14-05-0111.06,48453002313,484530023130,geocoder
C14-05-0112(RCA),48453002304,484530023040,geocoder
C14-05-0112(RCA2),48453002304,484530023040,geocoder
C14-05-0112.01,48453002304,484530023040,geocoder
C14-05-0112.02,48453002304,484530023040,geocoder
C14-05-0112.03,48453002304,484530023040,geocoder
C14-05-0112.04,48453001403,484530014030,geocoder
C14-05-0112.05,48453001403,484530014030,geocoder
C14-05-0112.06,48453002315,484530023150,geocoder
C14-05-0113.01,48453002326,484530023260,geocoder
C14-05-0113.03,48453002325,484530023250,geocoder
C14-05-0113.04,48453002314,484530023140,geocoder
C14-05-0114,48453043400,484530434000,geocoder
C14-05-0115,48453002007,484530020070,geocoder
C14-05-0117,48453002448,484530024480,geocoder
C14-05-0118,48453046500,484530465000,geocoder
C14-05-0119,48453002407,484530024070,geocoder
C14-05-0121,48453000206,484530002060,geocoder
C14-05-0123,48453000902,484530009020,geocoder
C14-05-0125,48453001308,484530013080,geocoder
C14-05-0126,48453002451,484530024510,geocoder
C14-05-0137,48453001310,484530013100,geocoder
C14-05-0142,48453002007,484530020070,geocoder
C14-05-0143,48491020406,484910204060,geocoder
C14-05-0144,48453046500,484530465000,geocoder
C14-05-0145,48453000402,484530004020,geocoder
C14-05-0147,48453001304,484530013040,geocoder
C14-05-0149,48453030600,484530306000,geocoder
C14-05-0150,48453031700,484530317000,geocoder
C14-05-0151,48453031000,484530310000,geocoder
C14-05-0151(RCT),48453031000,484530310000,geocoder
C14-05-0152,48453001312,484530013120,geocoder
C14-05-0155,48453001914,484530019140,geocoder
C14-05-0156,48453002201,484530022010,geocoder
C14-05-0159,48453030600,484530306000,geocoder
C14-05-0161,48453002424,484530024240,geocoder
C14-05-0162,48453002424,484530024240,geocoder
C14-05-0163,48453041000,484530410000,geocoder
C14-05-0165,48453001102,484530011020,geocoder
C14-05-0166,48453001501,484530015010,geocoder
C14-05-0167,48491020405,484910204050,geocoder
C14-05-0171,48453002437,484530024370,geocoder
C14-05-0172,48453030500,484530305000,geocoder
C14-05-0174,48453032000,484530320000,geocoder
C14-05-0178,48453040400,484530404000,geocoder
C14-05-0180,48453001304,484530013040,geocoder
C14-05-0182,48453030800,484530308000,geocoder
C14-05-0183,48453000902,484530009020,geocoder
C14-05-0184,48453001604,484530016040,geocoder
C14-05-0185,48453002220,484530022200,geocoder
C14-05-0187,48453001309,484530013090,geocoder
C14-05-0190,48453000700,484530007000,geocoder
C14-05-0191,48453002201,484530022010,geocoder
C14-05-0192,48491020408,484910204080,geocoder
C14-05-0195,48453002422,484530024220,geocoder
C14-05-0197.SH,48453002006,484530020060,geocoder
C14-05-0198,48453030300,484530303000,geocoder
C14-05-0199,48453041200,484530412000,geocoder
C14-05-0201,48453001403,484530014030,geocoder
C14-05-0203,48453040400,484530404000,geocoder
C14-05-0206,48453002201,484530022010,geocoder
C14-05-0207,48453034700,484530347000,geocoder
C14-05-0209,48453002437,484530024370,geocoder
C14-05-0210,48453030600,484530306000,geocoder
C14-05-0212,48453032900,484530329000,geocoder
C14-05-0214,48453002201,484530022010,geocoder
C14-05-0215,48453000605,484530006050,geocoder
C14-05-0216,48453002201,484530022010,geocoder
C14-05-0217,48453002423,484530024230,geocoder
C14-05-0218,48453001913,484530019130,geocoder
C14-05-0219,48453031100,484530311000,geocoder
C14-06-0002,48491020405,484910204050,geocoder
C14-06-0003,48491020408,484910204080,geocoder
C14-06-0004,48453000304,484530003040,geocoder
C14-06-0007,48453001101,484530011010,geocoder
C14-06-0008,48453001504,484530015040,geocoder
C14-06-0009,48453001401,484530014010,geocoder
C14-06-0010,48453034700,484530347000,geocoder
C14-06-0011,48453043900,484530439000,geocoder
C14-06-0012,48453001602,484530016020,geocoder
C14-06-0013,48453002500,484530025000,geocoder
C14-06-0015,48453001602,484530016020,geocoder
C14-06-0016,48453000700,484530007000,geocoder
C14-06-0017.SH,48453002307,484530023070,geocoder
C14-06-0018,48453002112,484530021120,geocoder
C14-06-0020,48453001603,484530016030,geocoder
C14-06-0022,48453040800,484530408000,geocoder
C14-06-0023,48453002316,484530023160,geocoder
C14-06-0024,48453001200,484530012000,geocoder
C14-06-0025,48453040700,484530407000,geocoder
C14-06-0026.SH,48453000901,484530009010,geocoder
C14-06-0027,48453035800,484530358000,geocoder
C14-06-0028,48453002111,484530021110,geocoder
C14-06-0029,48491020517,484910205170,geocoder
C14-06-0030,48453040900,484530409000,geocoder
C14-06-0031,48453045300,484530453000,geocoder
C14-06-0032,48453001307,484530013070,geocoder
C14-06-0042,48453030200,484530302000,geocoder
C14-06-0056,48453034200,484530342000,geocoder
C14-06-0057,48453002107,484530021070,geocoder
C14-06-0058,48453001915,484530019150,geocoder
C14-06-0059,48453002437,484530024370,geocoder
C14-06-0060,48453030500,484530305000,geocoder
C14-06-0061,48453001920,484530019200,geocoder
C14-06-0062,48453002002,484530020020,geocoder
C14-06-0064,48453002304,484530023040,geocoder
C14-06-0065,48453002107,484530021070,geocoder
C14-06-0066,48491020408,484910204080,geocoder
C14-06-0067,48453001920,484530019200,geocoder
C14-06-0071,48453001103,484530011030,geocoder
C14-06-0071(RCT),48453001103,484530011030,geocoder
C14-06-0074,48453001102,484530011020,geocoder
C14-06-0075,48453000401,484530004010,geocoder
C14-06-0076,48453030900,484530309000,geocoder
C14-06-0079,48453001304,484530013040,geocoder
C14-06-0080,48453001312,484530013120,geocoder
C14-06-0081,48453000700,484530007000,geocoder
C14-06-0082,48453002214,484530022140,geocoder
C14-06-0083,48453001103,484530011030,geocoder
C14-06-0086,48453002422,484530024220,geocoder
C14-06-0087,48453001602,484530016020,geocoder
C14-06-0096,48453030900,484530309000,geocoder
C14-06-0097,48453042100,484530421000,geocoder
C14-06-0099,48453001304,484530013040,geocoder
C14-06-0100,48453000101,484530001010,geocoder
C14-06-0103,48453001915,484530019150,geocoder
C14-06-0105,48453002220,484530022200,geocoder
C14-06-0107,48491020406,484910204060,geocoder
C14-06-0108,48453002201,484530022010,geocoder
C14-06-0110,48453001503,484530015030,geocoder
C14-06-0111,48453002113,484530021130,geocoder
C14-06-0113,48453041900,484530419000,geocoder
C14-06-0114,48453002105,484530021050,geocoder
C14-06-0115,48453002004,484530020040,geocoder
C14-06-0116,48453002438,484530024380,geocoder
C14-06-0117,48453001403,484530014030,geocoder
C14-06-0117(RCT),48453001403,484530014030,geocoder
C14-06-0118,48453001101,484530011010,geocoder
C14-06-0119,48453002437,484530024370,geocoder
C14-06-0122,48453031900,484530319000,geocoder
C14-06-0123,48453001310,484530013100,geocoder
C14-06-0124,48453001310,484530013100,geocoder
C14-06-0125,48453002310,484530023100,geocoder
C14-06-0126,48453002403,484530024030,geocoder
C14-06-0127,48453043100,484530431000,geocoder
C14-06-0128,48453041000,484530410000,geocoder
C14-06-0130,48453041600,484530416000,geocoder
C14-06-0132,48453000308,484530003080,geocoder
C14-06-0135,48453002422,484530024220,geocoder
C14-06-0137,48453033400,484530334000,geocoder
C14-06-0138,48453002314,484530023140,geocoder
C14-06-0140,48453044000,484530440000,geocoder
C14-06-0141,48453001915,484530019150,geocoder
C14-06-0143,48453002111,484530021110,geocoder
C14-06-0146,48453033200,484530332000,geocoder
C14-06-0147,48453033200,484530332000,geocoder
C14-06-0148,48453033200,484530332000,geocoder
C14-06-0149,48453033200,484530332000,geocoder
C14-06-0151,48453033200,484530332000,geocoder
C14-06-0153,48453002310,484530023100,geocoder
C14-06-0154,48453045400,484530454000,geocoder
C14-06-0155,48453031900,484530319000,geocoder
C14-06-0156.SH,48453002220,484530022200,geocoder
C14-06-0157,48491020406,484910204060,geocoder
C14-06-0158,48453000700,484530007000,geocoder
C14-06-0159,48453000901,484530009010,geocoder
C14-06-0160,48453000803,484530008030,geocoder
C14-06-0161,48453002437,484530024370,geocoder
C14-06-0162,48453000901,484530009010,geocoder
C14-06-0163,48453000803,484530008030,geocoder
C14-06-0164,48453000803,484530008030,geocoder
C14-06-0165,48453000802,484530008020,geocoder
C14-06-0166,48453000802,484530008020,geocoder
C14-06-0167,48491020406,484910204060,geocoder
C14-06-0168,48453002007,484530020070,geocoder
C14-06-0169,48453030300,484530303000,geocoder
C14-06-0170,48453001910,484530019100,geocoder
C14-06-0172,48453002500,484530025000,geocoder
C14-06-0173,48453002214,484530022140,geocoder
C14-06-0174,48453001912,484530019120,geocoder
C14-06-0176,48453001200,484530012000,geocoder
C14-06-0177,48453001101,484530011010,geocoder
C14-06-0178,48453032000,484530320000,geocoder
C14-06-0179,48453032900,484530329000,geocoder
C14-06-0180,48453035800,484530358000,geocoder
C14-06-0181,48453032100,484530321000,geocoder
C14-06-0182,48453001304,484530013040,geocoder
C14-06-0183,48453001101,484530011010,geocoder
C14-06-0184,48453032900,484530329000,geocoder
C14-06-0185,48453001310,484530013100,geocoder
C14-06-0187,48453001101,484530011010,geocoder
C14-06-0188,48453001403,484530014030,geocoder
C14-06-0189,48453002007,484530020070,geocoder
C14-06-0190,48453001102,484530011020,geocoder
C14-06-0193,48453002444,484530024440,geocoder
C14-06-0194,48453001307,484530013070,geocoder
C14-06-0196,48453000902,484530009020,geocoder
C14-06-0198,48453031800,484530318000,geocoder
C14-06-0199,48453032100,484530321000,geocoder
C14-06-0200,48453000101,484530001010,geocoder
C14-06-0201,48453002211,484530022110,geocoder
C14-06-0203,48453002437,484530024370,geocoder
C14-06-0204,48453002437,484530024370,geocoder
C14-06-0205,48453001304,484530013040,geocoder
C14-06-0206,48453000206,484530002060,geocoder
C14-06-0207,48453040500,484530405000,geocoder
C14-06-0210,48453043400,484530434000,geocoder
C14-06-0211,48453000402,484530004020,geocoder
C14-06-0212,48491020311,484910203110,geocoder
C14-06-0214,48453041900,484530419000,geocoder
C14-06-0216,48453032000,484530320000,geocoder
C14-06-0217,48453041900,484530419000,geocoder
C14-06-0220,48453001304,484530013040,geocoder
C14-06-0221,48453002108,484530021080,geocoder
C14-06-0222,48453002319,484530023190,geocoder
C14-06-0223,48453041900,484530419000,geocoder
C14-06-0225,48491020410,484910204100,geocoder
C14-06-0226,48453002111,484530021110,geocoder
C14-06-0227,48453002201,484530022010,geocoder
C14-06-0228,48453034700,484530347000,geocoder
C14-06-0229,48453001915,484530019150,geocoder
C14-06-0230,48453002105,484530021050,geocoder
C14-06-0231,48453033000,484530330000,geocoder
C14-06-0232,48453034600,484530346000,geocoder
C14-06-0234,48453001101,484530011010,geocoder
C14-06-0235,48453032300,484530323000,geocoder
C14-06-0236,48491020406,484910204060,geocoder
C14-07-0003,48453002107,484530021070,geocoder
C14-07-0007,48453040100,484530401000,geocoder
C14-07-0008,48453001308,484530013080,geocoder
C14-07-0009,48453002403,484530024030,geocoder
C14-07-0010,48453001307,484530013070,geocoder
C14-07-0011,48453002002,484530020020,geocoder
C14-07-0014,48453030900,484530309000,geocoder
C14-07-0015,48453042200,484530422000,geocoder
C14-07-0017,48453002409,484530024090,geocoder
C14-07-0018,48453001309,484530013090,geocoder
C14-07-0019,48453001922,484530019220,geocoder
C14-07-0020,48453001501,484530015010,geocoder
C14-07-0021,48453002413,484530024130,geocoder
C14-07-0023,48453000205,484530002050,geocoder
C14-07-0024,48453000401,484530004010,geocoder
C14-07-0025,48453000401,484530004010,geocoder
C14-07-0026,48453001503,484530015030,geocoder
C14-07-0027,48453042100,484530421000,geocoder
C14-07-0028,48453042100,484530421000,geocoder
C14-2007-0006.01,48453002108,484530021080,geocoder
C14-2007-0007.01,48453002112,484530021120,geocoder
C14-2007-0011,48453002007,484530020070,geocoder
C14-2007-0013,48453000607,484530006070,geocoder
C14-2007-0014,48453032900,484530329000,geocoder
C14-2007-0015,48453032600,484530326000,geocoder
C14-2007-0017,48453046500,484530465000,geocoder
C14-2007-0030,48453001101,484530011010,geocoder
C14-2007-0031,48453000902,484530009020,geocoder
C14-2007-0034,48453000304,484530003040,geocoder
C14-2007-0038.SH,48453002424,484530024240,geocoder
C14-2007-0039,48491020406,484910204060,geocoder
C14-2007-0041,48453000802,484530008020,geocoder
C14-2007-0043,48453042100,484530421000,geocoder
C14-2007-0044,48453030200,484530302000,geocoder
C14-2007-0046,48491020334,484910203340,geocoder
C14-2007-0047,48453042200,484530422000,geocoder
C14-2007-0048,48453001308,484530013080,geocoder
C14-2007-0050,48453042200,484530422000,geocoder
C14-2007-0051,48453002004,484530020040,geocoder
C14-2007-0053,48453001200,484530012000,geocoder
C14-2007-0056,48453001401,484530014010,geocoder
C14-2007-0057,48453001200,484530012000,geocoder
C14-2007-0059,48453002423,484530024230,geocoder
C14-2007-0060,48453046500,484530465000,geocoder
C14-2007-0062,48453001920,484530019200,geocoder
C14-2007-0063,48453041900,484530419000,geocoder
C14-2007-0065,48453033000,484530330000,geocoder
C14-2007-0066,48453032200,484530322000,geocoder
C14-2007-0067,48453002007,484530020070,geocoder
C14-2007-0069,48453001923,484530019230,geocoder
C14-2007-0070,48453000308,484530003080,geocoder
C14-2007-0072,48453001914,484530019140,geocoder
C14-2007-0073,48453002411,484530024110,geocoder
C14-2007-0074,48453000204,484530002040,geocoder
C14-2007-0075,48453001307,484530013070,geocoder
C14-2007-0076,48453002109,484530021090,geocoder
C14-2007-0077,48453032400,484530324000,geocoder
C14-2007-0078,48453001915,484530019150,geocoder
C14-2007-0079,48453002104,484530021040,geocoder
C14-2007-0080,48453002111,484530021110,geocoder
C14-2007-0082,48453002500,484530025000,geocoder
C14-2007-0083,48453002007,484530020070,geocoder
C14-2007-0084,48453001606,484530016060,geocoder
C14-2007-0085,48453030200,484530302000,geocoder
C14-2007-0087,48453043900,484530439000,geocoder
C14-2007-0087(RCA),48453043900,484530439000,geocoder
C14-2007-0088,48453034700,484530347000,geocoder
C14-2007-0089,48453034600,484530346000,geocoder
C14-2007-0094,48453001504,484530015040,geocoder
C14-2007-0095,48453001504,484530015040,geocoder
C14-2007-0096.SH,48453043100,484530431000,geocoder
C14-2007-0097,48453001311,484530013110,geocoder
C14-2007-0098,48453043500,484530435000,geocoder
C14-2007-0099,48453041900,484530419000,geocoder
C14-2007-0100,48453002443,484530024430,geocoder
C14-2007-0103,48453044300,484530443000,geocoder
C14-2007-0104,48453040300,484530403000,geocoder
C14-2007-0107,48453001503,484530015030,geocoder
C14-2007-0108,48453000205,484530002050,geocoder
C14-2007-0109,48453045100,484530451000,geocoder
C14-2007-0110,48453000606,484530006060,geocoder
C14-2007-0111,48453043300,484530433000,geocoder
C14-2007-0112,48453002310,484530023100,geocoder
C14-2007-0113,48453000605,484530006050,geocoder
C14-2007-0114,48453000401,484530004010,geocoder
C14-2007-0115,48453002111,484530021110,geocoder
C14-2007-0117,48453000606,484530006060,geocoder
C14-2007-0118,48453000606,484530006060,geocoder
C14-2007-0119,48453000608,484530006080,geocoder
C14-2007-0120,48453043100,484530431000,geocoder
C14-2007-0121,48453002105,484530021050,geocoder
C14-2007-0123,48453002500,484530025000,geocoder
C14-2007-0124,48453001913,484530019130,geocoder
C14-2007-0126,48453002320,484530023200,geocoder
C14-2007-0127,48453043500,484530435000,geocoder
C14-2007-0128,48453000606,484530006060,geocoder
C14-2007-0129,48453001307,484530013070,geocoder
C14-2007-0130,48453002107,484530021070,geocoder
C14-2007-0131,48453000803,484530008030,geocoder
C14-2007-0132,48453000606,484530006060,geocoder
C14-2007-0133,48453031900,484530319000,geocoder
C14-2007-0134,48453002214,484530022140,geocoder
C14-2007-0135,48453000804,484530008040,geocoder
C14-2007-0136,48453000803,484530008030,geocoder
C14-2007-0137,48453002307,484530023070,geocoder
C14-2007-0139,48453001920,484530019200,geocoder
C14-2007-0141,48453032400,484530324000,geocoder
C14-2007-0142,48453000606,484530006060,geocoder
C14-2007-0144,48453001101,484530011010,geocoder
C14-2007-0145,48453030200,484530302000,geocoder
C14-2007-0146.SH,48453000801,484530008010,geocoder
C14-2007-0147,48453002320,484530023200,geocoder
C14-2007-0148,48453002500,484530025000,geocoder
C14-2007-0149,48453031900,484530319000,geocoder
C14-2007-0152,48453002432,484530024320,geocoder
C14-2007-0156,48453032600,484530326000,geocoder
C14-2007-0159,48453046500,484530465000,geocoder
C14-2007-0161,48453000206,484530002060,geocoder
C14-2007-0162,48491020311,484910203110,geocoder
C14-2007-0164,48453001200,484530012000,geocoder
C14-2007-0165,48453032100,484530321000,geocoder
C14-2007-0168,48453001917,484530019170,geocoder
C14-2007-0169,48453041100,484530411000,geocoder
C14-2007-0170,48491020405,484910204050,geocoder
C14-2007-0171,48453045400,484530454000,geocoder
C14-2007-0174,48453000402,484530004020,geocoder
C14-2007-0175,48453000402,484530004020,geocoder
C14-2007-0176,48453000402,484530004020,geocoder
C14-2007-0177,48453000402,484530004020,geocoder
C14-2007-0178,48453000401,484530004010,geocoder
C14-2007-0179,48453000401,484530004010,geocoder
C14-2007-0182,48453002213,484530022130,geocoder
C14-2007-0183,48453002310,484530023100,geocoder
C14-2007-0184,48453002424,484530024240,geocoder
C14-2007-0185,48453041500,484530415000,geocoder
C14-2007-0186,48453002320,484530023200,geocoder
C14-2007-0188,48453000206,484530002060,geocoder
C14-2007-0189.SH,48453002451,484530024510,geocoder
C14-2007-0190,48453041600,484530416000,geocoder
C14-2007-0191,48491020405,484910204050,geocoder
C14-2007-0192,48453002004,484530020040,geocoder
C14-2007-0194,48453031800,484530318000,geocoder
C14-2007-0195,48453000606,484530006060,geocoder
C14-2007-0198,48453032100,484530321000,geocoder
C14-2007-0200,48453001307,484530013070,geocoder
C14-2007-0202,48453002323,484530023230,geocoder
C14-2007-0207,48453040400,484530404000,geocoder
C14-2007-0210,48453000302,484530003020,geocoder
C14-2007-0211,48453034200,484530342000,geocoder
C14-2007-0212,48453001101,484530011010,geocoder
C14-2007-0213,48453032900,484530329000,geocoder
C14-2007-0215,48491020356,484910203560,geocoder
C14-2007-0217,48453002109,484530021090,geocoder
C14-2007-0218,48491020311,484910203110,geocoder
C14-2007-0219,48453000700,484530007000,geocoder
C14-2007-0221,48453041500,484530415000,geocoder
C14-2007-0222,48453001308,484530013080,geocoder
C14-2007-0223,48453000700,484530007000,geocoder
C14-2007-0226,48453002441,484530024410,geocoder
C14-2007-0228,48453002500,484530025000,geocoder
C14-2007-0229,48453002443,484530024430,geocoder
C14-2007-0231,48453041000,484530410000,geocoder
C14-2007-0232,48453041000,484530410000,geocoder
C14-2007-0233,48453001304,484530013040,geocoder
C14-2007-0234,48453002403,484530024030,geocoder
C14-2007-0239,48453000606,484530006060,geocoder
C14-2007-0240,48453034300,484530343000,geocoder
C14-2007-0242,48453002321,484530023210,geocoder
C14-2007-0247,48453001102,484530011020,geocoder
C14-2007-0248,48453002108,484530021080,geocoder
C14-2007-0250,48453001921,484530019210,geocoder
C14-2007-0251,48453000307,484530003070,geocoder
C14-2007-0254,48453031900,484530319000,geocoder
C14-2007-0255,48453040800,484530408000,geocoder
C14-2007-0259.001,48453002111,484530021110,geocoder
C14-2007-0263.001,48453000302,484530003020,geocoder
C14-2007-0264,48453000305,484530003050,geocoder
C14-2007-0265,48453002440,484530024400,geocoder
C14-2007-0267,48453000101,484530001010,geocoder
C14-2007-0268,48453001401,484530014010,geocoder
C14-2007-0269,48453041000,484530410000,geocoder
C14-2007-0270,48453002419,484530024190,geocoder
C14-2007-0271,48453002452,484530024520,geocoder
C14-2008-0001,48453002424,484530024240,geocoder
C14-2008-0005,48453001307,484530013070,geocoder
C14-2008-0006,48453001101,484530011010,geocoder
C14-2008-0007,48453001101,484530011010,geocoder
C14-2008-0010,48491020408,484910204080,geocoder
C14-2008-0012,48453041600,484530416000,geocoder
C14-2008-0014,48453000500,484530005000,geocoder
C14-2008-0015,48453035800,484530358000,geocoder
C14-2008-0017,48453041000,484530410000,geocoder
C14-2008-0018,48453033200,484530332000,geocoder
C14-2008-0019.001,48453001304,484530013040,geocoder
C14-2008-0020,48453002432,484530024320,geocoder
C14-2008-0025,48453031900,484530319000,geocoder
C14-2008-0026,48453034200,484530342000,geocoder
C14-2008-0027,48453035000,484530350000,geocoder
C14-2008-0035,48453030300,484530303000,geocoder
C14-2008-0036,48453030400,484530304000,geocoder
C14-2008-0038,48453000700,484530007000,geocoder
C14-2008-0039,48453002310,484530023100,geocoder
C14-2008-0041,48453002322,484530023220,geocoder
C14-2008-0044.001,48453002104,484530021040,geocoder
C14-2008-0045,48491020516,484910205160,geocoder
C14-2008-0046,48453002007,484530020070,geocoder
C14-2008-0047,48453000700,484530007000,geocoder
C14-2008-0049,48453002443,484530024430,geocoder
C14-2008-0050,48453002422,484530024220,geocoder
C14-2008-0051,48453031700,484530317000,geocoder
C14-2008-0052,48453002438,484530024380,geocoder
C14-2008-0055,48453001922,484530019220,geocoder
C14-2008-0057.SH,48453002112,484530021120,geocoder
C14-2008-0059,48453040700,484530407000,geocoder
C14-2008-0062,48453000804,484530008040,geocoder
C14-2008-0063,48453000601,484530006010,geocoder
C14-2008-0064,48453032500,484530325000,geocoder
C14-2008-0066,48453033500,484530335000,geocoder
C14-2008-0067,48453000204,484530002040,geocoder
C14-2008-0068,48453000402,484530004020,geocoder
C14-2008-0069,48491020410,484910204100,geocoder
C14-2008-0070,48453001304,484530013040,geocoder
C14-2008-0071,48453000302,484530003020,geocoder
C14-2008-0072,48453001308,484530013080,geocoder
C14-2008-0073,48453001308,484530013080,geocoder
C14-2008-0074,48453001308,484530013080,geocoder
C14-2008-0077,48491020408,484910204080,geocoder
C14-2008-0080,48491020334,484910203340,geocoder
C14-2008-0082,48453002006,484530020060,geocoder
C14-2008-0084,48453001308,484530013080,geocoder
C14-2008-0089,48453002437,484530024370,geocoder
C14-2008-0092,48453043500,484530435000,geocoder
C14-2008-0093,48453001401,484530014010,geocoder
C14-2008-0095,48491020410,484910204100,geocoder
C14-2008-0096,48453002004,484530020040,geocoder
C14-2008-0098,48491020410,484910204100,geocoder
C14-2008-0099,48453000402,484530004020,geocoder
C14-2008-0100,48453002422,484530024220,geocoder
C14-2008-0102,48453002411,484530024110,geocoder
C14-2008-0103,48453002409,484530024090,geocoder
C14-2008-0104,48453041600,484530416000,geocoder
C14-2008-0105,48453001308,484530013080,geocoder
C14-2008-0107,48453031000,484530310000,geocoder
C14-2008-0108,48453030400,484530304000,geocoder
C14-2008-0112,48453002006,484530020060,geocoder
C14-2008-0113,48453000902,484530009020,geocoder
C14-2008-0114,48453031900,484530319000,geocoder
C14-2008-0115,48453032000,484530320000,geocoder
C14-2008-0116,48453002003,484530020030,geocoder
C14-2008-0117,48453002107,484530021070,geocoder
C14-2008-0118,48453030300,484530303000,geocoder
C14-2008-0121,48453001200,484530012000,geocoder
C14-2008-0122,48453001102,484530011020,geocoder
C14-2008-0123,48453002441,484530024410,geocoder
C14-2008-0126.SH,48453001308,484530013080,geocoder
C14-2008-0127,48453044900,484530449000,geocoder
C14-2008-0128,48453030000,484530300000,geocoder
C14-2008-0130.SH,48453002111,484530021110,geocoder
C14-2008-0131,48453041900,484530419000,geocoder
C14-2008-0133,48453042400,484530424000,geocoder
C14-2008-0134,48453042400,484530424000,geocoder
C14-2008-0135,48453033200,484530332000,geocoder
C14-2008-0139,48453001503,484530015030,geocoder
C14-2008-0141,48453041700,484530417000,geocoder
C14-2008-0142,48453030400,484530304000,geocoder
C14-2008-0143,48453001103,484530011030,geocoder
C14-2008-0144,48453001103,484530011030,geocoder
C14-2008-0147,48453031900,484530319000,geocoder
C14-2008-0148,48453002006,484530020060,geocoder
C14-2008-0149,48453002316,484530023160,geocoder
C14-2008-0150,48453001101,484530011010,geocoder
C14-2008-0151,48453002500,484530025000,geocoder
C14-2008-0152,48453001915,484530019150,geocoder
C14-2008-0153,48491020516,484910205160,geocoder
C14-2008-0154,48453002110,484530021100,geocoder
C14-2008-0155,48453035600,484530356000,geocoder
C14-2008-0157,48453002201,484530022010,geocoder
C14-2008-0159,48453001102,484530011020,geocoder
C14-2008-0159(RCA),48453001102,484530011020,geocoder
C14-2008-0162,48453001403,484530014030,geocoder
C14-2008-0163,48453000804,484530008040,geocoder
C14-2008-0164,48453002438,484530024380,geocoder
C14-2008-0166,48453000803,484530008030,geocoder
C14-2008-0168,48453002413,484530024130,geocoder
C14-2008-0170,48453034700,484530347000,geocoder
C14-2008-0171,48453000307,484530003070,geocoder
C14-2008-0172,48453000803,484530008030,geocoder
C14-2008-0173,48453000803,484530008030,geocoder
C14-2008-0174,48453002109,484530021090,geocoder
C14-2008-0175,48453002104,484530021040,geocoder
C14-2008-0177,48453002325,484530023250,geocoder
C14-2008-0178,48491020409,484910204090,geocoder
C14-2008-0184,48453001605,484530016050,geocoder
C14-2008-0185,48453002004,484530020040,geocoder
C14-2008-0186,48453044200,484530442000,geocoder
C14-2008-0187,48453002438,484530024380,geocoder
C14-2008-0191,48453041900,484530419000,geocoder
C14-2008-0192,48491020508,484910205080,geocoder
C14-2008-0196,48453002407,484530024070,geocoder
C14-2008-0197,48453002437,484530024370,geocoder
C14-2008-0198,48453045400,484530454000,geocoder
C14-2008-0199,48453035800,484530358000,geocoder
C14-2008-0200,48453002447,484530024470,geocoder
C14-2008-0204,48453002410,484530024100,geocoder
C14-2008-0205,48453042000,484530420000,geocoder
C14-2008-0211,48453002441,484530024410,geocoder
C14-2008-0214,48453041100,484530411000,geocoder
C14-2008-0215.SH,48453001310,484530013100,geocoder
C14-2008-0216,48453031700,484530317000,geocoder
C14-2008-0217,48453002422,484530024220,geocoder
C14-2008-0218,48453001307,484530013070,geocoder
C14-2008-0220,48453002407,484530024070,geocoder
C14-2008-0221,48453002446,484530024460,geocoder
C14-2008-0223,48453000204,484530002040,geocoder
C14-2008-0224(RCT),48491020405,484910204050,geocoder
C14-2008-0225,48453000902,484530009020,geocoder
C14-2008-0227,48453002310,484530023100,geocoder
C14-2008-0229,48453041100,484530411000,geocoder
C14-2008-0230,48453002323,484530023230,geocoder
C14-2008-0231,48453000401,484530004010,geocoder
C14-2008-0233,48453035000,484530350000,geocoder
C14-2008-0234,48491020405,484910204050,geocoder
C14-2008-0236,48453043600,484530436000,geocoder
C14-2008-0239,48453001915,484530019150,geocoder
C14-2008-0240,48453000307,484530003070,geocoder
C14-2008-0241,48491020410,484910204100,geocoder
C14-2008-0242,48453000308,484530003080,geocoder
C14-2008-0243.SH,48453002109,484530021090,geocoder
C14-2008-0244,48453002310,484530023100,geocoder
C14-2008-0245,48453001910,484530019100,geocoder
C14-2008-0247,48453000902,484530009020,geocoder
C14-2008-0248,48453000305,484530003050,geocoder
C14-2008-0249,48453002500,484530025000,geocoder
C14-2008-0250,48453001401,484530014010,geocoder
C14-2008-0251,48453045400,484530454000,geocoder
C14-2009-0001,48453001304,484530013040,geocoder
C14-2009-0002,48453043300,484530433000,geocoder
C14-2009-0003,48453041600,484530416000,geocoder
C14-2009-0005,48453042200,484530422000,geocoder
C14-2009-0009,48453002108,484530021080,geocoder
C14-2009-0010,48453002449,484530024490,geocoder
C14-2009-0013,48453040700,484530407000,geocoder
C14-2009-0014,48453034800,484530348000,geocoder
C14-2009-0018,48453002314,484530023140,geocoder
C14-2009-0021,48453000500,484530005000,geocoder
C14-2009-0027,48453040700,484530407000,geocoder
C14-2009-0028,48453002003,484530020030,geocoder
C14-2009-0029,48453000700,484530007000,geocoder
C14-2009-0030,48453000700,484530007000,geocoder
C14-2009-0031,48453002444,484530024440,geocoder
C14-2009-0032,48453001401,484530014010,geocoder
C14-2009-0033,48453002310,484530023100,geocoder
C14-2009-0034,48453044000,484530440000,geocoder
C14-2009-0035,48453002322,484530023220,geocoder
C14-2009-0038,48453034400,484530344000,geocoder
C14-2009-0039,48453001304,484530013040,geocoder
C14-2009-0042,48453000401,484530004010,geocoder
C14-2009-0044,48453040500,484530405000,geocoder
C14-2009-0049,48453000605,484530006050,geocoder
C14-2009-0053,48453040200,484530402000,geocoder
C14-2009-0058,48453031500,484530315000,geocoder
C14-2009-0059,48453001307,484530013070,geocoder
C14-2009-0061,48453002319,484530023190,geocoder
C14-2009-0063,48453002310,484530023100,geocoder
C14-2009-0066,48453001101,484530011010,geocoder
C14-2009-0067,48453001307,484530013070,geocoder
C14-2009-0069,48453035000,484530350000,geocoder
C14-2009-0071,48453041100,484530411000,geocoder
C14-2009-0072,48453002448,484530024480,geocoder
C14-2009-0077,48453000101,484530001010,geocoder
C14-2009-0078,48453042200,484530422000,geocoder
C14-2009-0079,48453001102,484530011020,geocoder
C14-2009-0081,48453001503,484530015030,geocoder
C14-2009-0082,48453000402,484530004020,geocoder
C14-2009-0083,48453002111,484530021110,geocoder
C14-2009-0092,48453002320,484530023200,geocoder
C14-2009-0093,48453030300,484530303000,geocoder
C14-2009-0097,48453034400,484530344000,geocoder
C14-2009-0098,48453002438,484530024380,geocoder
C14-2009-0103,48453002451,484530024510,geocoder
C14-2009-0106.001,48453000802,484530008020,geocoder
C14-2009-0107,48491020516,484910205160,geocoder
C14-2009-0108,48453035000,484530350000,geocoder
C14-2009-0110,48491020408,484910204080,geocoder
C14-2009-0111,48453031700,484530317000,geocoder
C14-2009-0125,48453043900,484530439000,geocoder
C14-2009-0129,48453000607,484530006070,geocoder
C14-2009-0134,48453000605,484530006050,geocoder
C14-2009-0136,48491020406,484910204060,geocoder
C14-2009-0140,48453040000,484530400000,geocoder
C14-2009-0146,48453000204,484530002040,geocoder
C14-2009-0148,48453002007,484530020070,geocoder
C14-2009-0149,48453031900,484530319000,geocoder
C14-2009-0151,48453001200,484530012000,geocoder
C14-2009-0151(RCA),48453001200,484530012000,geocoder
C14-2009-0151(RCA2),48453001200,484530012000,geocoder
C14-2009-0151(RCA3),48453001200,484530012000,geocoder
C14-2009-0155,48453001307,484530013070,geocoder
C14-2009-0156,48453000901,484530009010,geocoder
C14-2009-0158,48453002424,484530024240,geocoder
C14-2009-0159,48453001304,484530013040,geocoder
C14-2009-0162,48453041100,484530411000,geocoder
C14-2009-0163,48453040100,484530401000,geocoder
C14-2009-0164,48453043500,484530435000,geocoder
C14-2009-0165,48453002105,484530021050,geocoder
C14-2009-0166,48453001200,484530012000,geocoder
C14-2009-0168,48453032900,484530329000,geocoder
C14-2010-0001,48453002449,484530024490,geocoder
C14-2010-0002,48453043500,484530435000,geocoder
C14-2010-0003,48453043500,484530435000,geocoder
C14-2010-0005,48453002006,484530020060,geocoder
C14-2010-0009,48491020405,484910204050,geocoder
C14-2010-0010,48453030600,484530306000,geocoder
C14-2010-0014,48453000902,484530009020,geocoder
C14-2010-0015,48453045400,484530454000,geocoder
C14-2010-0017,48453032800,484530328000,geocoder
C14-2010-0018,48453002444,484530024440,geocoder
C14-2010-0019,48453001910,484530019100,geocoder
C14-2010-0020,48453041200,484530412000,geocoder
C14-2010-0021,48453041200,484530412000,geocoder
C14-2010-0023,48453001505,484530015050,geocoder
C14-2010-0024,48453000500,484530005000,geocoder
C14-2010-0025,48453000205,484530002050,geocoder
C14-2010-0026,48453002310,484530023100,geocoder
C14-2010-0027,48453002407,484530024070,geocoder
C14-2010-0028,48491020408,484910204080,geocoder
C14-2010-0030,48453042100,484530421000,geocoder
C14-2010-0034,48453030400,484530304000,geocoder
C14-2010-0035,48453000700,484530007000,geocoder
C14-2010-0036,48453045400,484530454000,geocoder
C14-2010-0038,48453037200,484530372000,geocoder
C14-2010-0039,48453001401,484530014010,geocoder
C14-2010-0042,48453001920,484530019200,geocoder
C14-2010-0043,48453042200,484530422000,geocoder
C14-2010-0044,48453030300,484530303000,geocoder
C14-2010-0045,48453042100,484530421000,geocoder
C14-2010-0046,48453002447,484530024470,geocoder
C14-2010-0047,48453002449,484530024490,geocoder
C14-2010-0050,48453002310,484530023100,geocoder
C14-2010-0053,48453001103,484530011030,geocoder
C14-2010-0054,48453001103,484530011030,geocoder
C14-2010-0057,48453041500,484530415000,geocoder
C14-2010-0058,48453042200,484530422000,geocoder
C14-2010-0063,48453002449,484530024490,geocoder
C14-2010-0064,48453002449,484530024490,geocoder
C14-2010-0065,48453002449,484530024490,geocoder
C14-2010-0066,48453002449,484530024490,geocoder
C14-2010-0068,48453043500,484530435000,geocoder
C14-2010-0069,48453001101,484530011010,geocoder
C14-2010-0070,48453002432,484530024320,geocoder
C14-2010-0072,48453001309,484530013090,geocoder
C14-2010-0073,48491020403,484910204030,geocoder
C14-2010-0075,48453002007,484530020070,geocoder
C14-2010-0076,48453002446,484530024460,geocoder
C14-2010-0077,48453030300,484530303000,geocoder
C14-2010-0078,48453000700,484530007000,geocoder
C14-2010-0079,48453000500,484530005000,geocoder
C14-2010-0081,48453000902,484530009020,geocoder
C14-2010-0083,48453043800,484530438000,geocoder
C14-2010-0084,48453002437,484530024370,geocoder
C14-2010-0085,48491020311,484910203110,geocoder
C14-2010-0087,48453045400,484530454000,geocoder
C14-2010-0087(RCA),48453045400,484530454000,geocoder
C14-2010-0090,48453001401,484530014010,geocoder
C14-2010-0094,48453002105,484530021050,geocoder
C14-2010-0095,48453000700,484530007000,geocoder
C14-2010-0096,48491020406,484910204060,geocoder
C14-2010-0097,48453002500,484530025000,geocoder
C14-2010-0099,48453030700,484530307000,geocoder
C14-2010-0101,48453000700,484530007000,geocoder
C14-2010-0111,48453002407,484530024070,geocoder
C14-2010-0112,48453001605,484530016050,geocoder
C14-2010-0113,48453001605,484530016050,geocoder
C14-2010-0114,48453000804,484530008040,geocoder
C14-2010-0115,48453001200,484530012000,geocoder
C14-2010-0116,48453002447,484530024470,geocoder
C14-2010-0117,48453002111,484530021110,geocoder
C14-2010-0118,48453001304,484530013040,geocoder
C14-2010-0122,48453001304,484530013040,geocoder
C14-2010-0123,48453002411,484530024110,geocoder
C14-2010-0125,48453040200,484530402000,geocoder
C14-2010-0126,48453001309,484530013090,geocoder
C14-2010-0127,48453000402,484530004020,geocoder
C14-2010-0129,48453046500,484530465000,geocoder
C14-2010-0130,48453046500,484530465000,geocoder
C14-2010-0131,48453002327,484530023270,geocoder
C14-2010-0132,48453000203,484530002030,geocoder
C14-2010-0133,48453043600,484530436000,geocoder
C14-2010-0134,48453002314,484530023140,geocoder
C14-2010-0135,48453000902,484530009020,geocoder
C14-2010-0136,48453000402,484530004020,geocoder
C14-2010-0137,48453000902,484530009020,geocoder
C14-2010-0138,48453002321,484530023210,geocoder
C14-2010-0139,48453001503,484530015030,geocoder
C14-2010-0140,48453001403,484530014030,geocoder
C14-2010-0141,48453033000,484530330000,geocoder
C14-2010-0142,48453001401,484530014010,geocoder
C14-2010-0143,48453002321,484530023210,geocoder
C14-2010-0144,48453043600,484530436000,geocoder
C14-2010-0145,48453032900,484530329000,geocoder
C14-2010-0146,48453002500,484530025000,geocoder
C14-2010-0148,48453001505,484530015050,geocoder
C14-2010-0149.SH,48453002111,484530021110,geocoder
C14-2010-0151,48453000700,484530007000,geocoder
C14-2010-0152,48453034400,484530344000,geocoder
C14-2010-0154,48453041900,484530419000,geocoder
C14-2010-0155,48453001503,484530015030,geocoder
C14-2010-0156,48453045100,484530451000,geocoder
C14-2010-0163,48453032900,484530329000,geocoder
C14-2010-0164,48453030200,484530302000,geocoder
C14-2010-0165,48453030900,484530309000,geocoder
C14-2010-0166,48453042200,484530422000,geocoder
C14-2010-0167,48453041400,484530414000,geocoder
C14-2010-0168,48453041400,484530414000,geocoder
C14-2010-0174,48453002407,484530024070,geocoder
C14-2010-0175,48453033000,484530330000,geocoder
C14-2010-0176,48453032700,484530327000,geocoder
C14-2010-0178,48453040900,484530409000,geocoder
C14-2010-0184,48453000803,484530008030,geocoder
C14-2010-0185,48453043600,484530436000,geocoder
C14-2010-0186,48453001102,484530011020,geocoder
C14-2010-0187,48453041600,484530416000,geocoder
C14-2010-0190,48453031900,484530319000,geocoder
C14-2010-0191.SH,48453002307,484530023070,geocoder
C14-2010-0192,48453035000,484530350000,geocoder
C14-2010-0193,48453001304,484530013040,geocoder
C14-2010-0194,48491020409,484910204090,geocoder
C14-2010-0195,48453001910,484530019100,geocoder
C14-2010-0197,48453000700,484530007000,geocoder
C14-2010-0199,48453002422,484530024220,geocoder
C14-2010-0200,48491020311,484910203110,geocoder
C14-2010-0202,48453002310,484530023100,geocoder
C14-2010-0203,48453002310,484530023100,geocoder
C14-2010-0204,48453002321,484530023210,geocoder
C14-2010-0205,48453036800,484530368000,geocoder
C14-2010-0206,48453000700,484530007000,geocoder
C14-2010-0207,48453001101,484530011010,geocoder
C14-2011-0002,48453001310,484530013100,geocoder
C14-2011-0005,48453035800,484530358000,geocoder
C14-2011-0006,48453001101,484530011010,geocoder
C14-2011-0009,48453041100,484530411000,geocoder
C14-2011-0010,48453001101,484530011010,geocoder
C14-2011-0011,48453040600,484530406000,geocoder
C14-2011-0012,48453002451,484530024510,geocoder
C14-2011-0013,48453035000,484530350000,geocoder
C14-2011-0014,48453031800,484530318000,geocoder
C14-2011-0015,48453001308,484530013080,geocoder
C14-2011-0016,48453000500,484530005000,geocoder
C14-2011-0017,48453000205,484530002050,geocoder
C14-2011-0018,48491020508,484910205080,geocoder
C14-2011-0020,48453000901,484530009010,geocoder
C14-2011-0022,48491020311,484910203110,geocoder
C14-2011-0023,48453041200,484530412000,geocoder
C14-2011-0024,48453000803,484530008030,geocoder
C14-2011-0029,48453034100,484530341000,geocoder
C14-2011-0030,48453000205,484530002050,geocoder
C14-2011-0031,48453001505,484530015050,geocoder
C14-2011-0032,48453001311,484530013110,geocoder
C14-2011-0036,48453001101,484530011010,geocoder
C14-2011-0037,48453001312,484530013120,geocoder
C14-2011-0038,48453001920,484530019200,geocoder
C14-2011-0039,48453001000,484530010000,geocoder
C14-2011-0040,48453002107,484530021070,geocoder
C14-2011-0041,48453001200,484530012000,geocoder
C14-2011-0042,48453002438,484530024380,geocoder
C14-2011-0043,48453002321,484530023210,geocoder
C14-2011-0044,48491020406,484910204060,geocoder
C14-2011-0046,48491020410,484910204100,geocoder
C14-2011-0047,48453001310,484530013100,geocoder
C14-2011-0048,48453002452,484530024520,geocoder
C14-2011-0050,48453045300,484530453000,geocoder
C14-2011-0051,48453002410,484530024100,geocoder
C14-2011-0054,48453032900,484530329000,geocoder
C14-2011-0055,48453042100,484530421000,geocoder
C14-2011-0056,48453002424,484530024240,geocoder
C14-2011-0058,48453001101,484530011010,geocoder
C14-2011-0060,48453001312,484530013120,geocoder
C14-2011-0061,48453030600,484530306000,geocoder
C14-2011-0062,48453032800,484530328000,geocoder
C14-2011-0063,48453000304,484530003040,geocoder
C14-2011-0064,48453002310,484530023100,geocoder
C14-2011-0065,48453001101,484530011010,geocoder
C14-2011-0066,48453002410,484530024100,geocoder
C14-2011-0068,48453042200,484530422000,geocoder
C14-2011-0069,48453042100,484530421000,geocoder
C14-2011-0070,48453031900,484530319000,geocoder
C14-2011-0071,48453002438,484530024380,geocoder
C14-2011-0072,48491020406,484910204060,geocoder
C14-2011-0073,48491020406,484910204060,geocoder
C14-2011-0074,48453002214,484530022140,geocoder
C14-2011-0075,48453041200,484530412000,geocoder
C14-2011-0076,48453041400,484530414000,geocoder
C14-2011-0078,48453001309,484530013090,geocoder
C14-2011-0079,48453000901,484530009010,geocoder
C14-2011-0080,48453002214,484530022140,geocoder
C14-2011-0081,48453002438,484530024380,geocoder
C14-2011-0082,48453002111,484530021110,geocoder
C14-2011-0083,48453002111,484530021110,geocoder
C14-2011-0084,48453000802,484530008020,geocoder
C14-2011-0085,48453000307,484530003070,geocoder
C14-2011-0086,48453002214,484530022140,geocoder
C14-2011-0087,48453002113,484530021130,geocoder
C14-2011-0088,48453002109,484530021090,geocoder
C14-2011-0089,48491020311,484910203110,geocoder
C14-2011-0091,48453000902,484530009020,geocoder
C14-2011-0092,48453002211,484530022110,geocoder
C14-2011-0093,48453002007,484530020070,geocoder
C14-2011-0094,48453001304,484530013040,geocoder
C14-2011-0096,48453002310,484530023100,geocoder
C14-2011-0097,48491020517,484910205170,geocoder
C14-2011-0098,48453000605,484530006050,geocoder
C14-2011-0100,48453000607,484530006070,geocoder
C14-2011-0101,48453000401,484530004010,geocoder
C14-2011-0102,48453002214,484530022140,geocoder
C14-2011-0103,48453002105,484530021050,geocoder
C14-2011-0107,48453002220,484530022200,geocoder
C14-2011-0108,48453035800,484530358000,geocoder
C14-2011-0109,48453000203,484530002030,geocoder
C14-2011-0110,48453034100,484530341000,geocoder
C14-2011-0111,48453041900,484530419000,geocoder
C14-2011-0112,48453043400,484530434000,geocoder
C14-2011-0113,48453001103,484530011030,geocoder
C14-2011-0114,48453002214,484530022140,geocoder
C14-2011-0117,48453001504,484530015040,geocoder
C14-2011-0120,48453035800,484530358000,geocoder
C14-2011-0121,48453035800,484530358000,geocoder
C14-2011-0122,48491020513,484910205130,geocoder
C14-2011-0123,48453044200,484530442000,geocoder
C14-2011-0124,48453001101,484530011010,geocoder
C14-2011-0125,48453000402,484530004020,geocoder
C14-2011-0126,48453000803,484530008030,geocoder
C14-2011-0127,48453002441,484530024410,geocoder
C14-2011-0128,48453002107,484530021070,geocoder
C14-2011-0129,48453002304,484530023040,geocoder
C14-2011-0130.SH,48453000803,484530008030,geocoder
C14-2011-0131,48453000204,484530002040,geocoder
C14-2011-0132,48453000204,484530002040,geocoder
C14-2011-0133,48453000204,484530002040,geocoder
C14-2011-0134,48453000204,484530002040,geocoder
C14-2011-0135,48453002410,484530024100,geocoder
C14-2011-0136,48453031900,484530319000,geocoder
C14-2011-0140,48453001910,484530019100,geocoder
C14-2011-0141,48453002422,484530024220,geocoder
C14-2011-0143,48453002201,484530022010,geocoder
C14-2011-0144,48453002310,484530023100,geocoder
C14-2011-0145,48453002310,484530023100,geocoder
C14-2011-0146,48453034700,484530347000,geocoder
C14-2011-0148,48491020517,484910205170,geocoder
C14-2011-0149.SH,48453000803,484530008030,geocoder
C14-2011-0151,48453042200,484530422000,geocoder
C14-2011-0153,48453001310,484530013100,geocoder
C14-2011-0154,48453001310,484530013100,geocoder
C14-2011-0155,48453041600,484530416000,geocoder
C14-2011-0157,48453001602,484530016020,geocoder
C14-2011-0158,48453002320,484530023200,geocoder
C14-2011-0159,48453001311,484530013110,geocoder
C14-2011-0160,48453002422,484530024220,geocoder
C14-2011-0161,48453042200,484530422000,geocoder
C14-2011-0162,48453002002,484530020020,geocoder
C14-2011-0163,48453002452,484530024520,geocoder
C14-2011-0165,48453002107,484530021070,geocoder
C14-2011-0166,48453001000,484530010000,geocoder
C14-2011-0167,48453040400,484530404000,geocoder
C14-2011-0168,48453031900,484530319000,geocoder
C14-2011-0169,48453002320,484530023200,geocoder
C14-2012-0001,48453002437,484530024370,geocoder
C14-2012-0002,48453045400,484530454000,geocoder
C14-2012-0006,48453034400,484530344000,geocoder
C14-2012-0007,48453032600,484530326000,geocoder
C14-2012-0008,48453001200,484530012000,geocoder
C14-2012-0009,48453041100,484530411000,geocoder
C14-2012-0013,48453002500,484530025000,geocoder
C14-2012-0015,48453001200,484530012000,geocoder
C14-2012-0016,48453001914,484530019140,geocoder
C14-2012-0017,48491020406,484910204060,geocoder
C14-2012-0018,48453002403,484530024030,geocoder
C14-2012-0019,48453035800,484530358000,geocoder
C14-2012-0020,48453002007,484530020070,geocoder
C14-2012-0021,48453001312,484530013120,geocoder
C14-2012-0022,48453000304,484530003040,geocoder
C14-2012-0023,48453041000,484530410000,geocoder
C14-2012-0024,48453001920,484530019200,geocoder
C14-2012-0025,48453000205,484530002050,geocoder
C14-2012-0026,48453035000,484530350000,geocoder
C14-2012-0027,48453002448,484530024480,geocoder
C14-2012-0028,48453001102,484530011020,geocoder
C14-2012-0031,48453001311,484530013110,geocoder
C14-2012-0032,48453001304,484530013040,geocoder
C14-2012-0033,48453001311,484530013110,geocoder
C14-2012-0037,48453000802,484530008020,geocoder
C14-2012-0038,48453041000,484530410000,geocoder
C14-2012-0040,48453002003,484530020030,geocoder
C14-2012-0041,48453000205,484530002050,geocoder
C14-2012-0042,48453002424,484530024240,geocoder
C14-2012-0044.SH,48453000803,484530008030,geocoder
C14-2012-0045,48453000804,484530008040,geocoder
C14-2012-0046,48453002437,484530024370,geocoder
C14-2012-0048,48453001103,484530011030,geocoder
C14-2012-0049,48453002004,484530020040,geocoder
C14-2012-0051,48453002448,484530024480,geocoder
C14-2012-0052,48453000205,484530002050,geocoder
C14-2012-0053,48453000205,484530002050,geocoder
C14-2012-0054,48453000205,484530002050,geocoder
C14-2012-0058,48491020406,484910204060,geocoder
C14-2012-0059,48453036800,484530368000,geocoder
C14-2012-0060,48453002422,484530024220,geocoder
C14-2012-0061,48453044200,484530442000,geocoder
C14-2012-0062,48453001503,484530015030,geocoder
C14-2012-0063,48453032100,484530321000,geocoder
C14-2012-0064,48453041600,484530416000,geocoder
C14-2012-0065,48453000302,484530003020,geocoder
C14-2012-0066,48453030900,484530309000,geocoder
C14-2012-0067,48453002321,484530023210,geocoder
C14-2012-0067(RCT),48453002321,484530023210,geocoder
C14-2012-0068,48453000700,484530007000,geocoder
C14-2012-0069,48453002321,484530023210,geocoder
C14-2012-0070,48453000305,484530003050,geocoder
C14-2012-0072,48453031900,484530319000,geocoder
C14-2012-0073,48453002451,484530024510,geocoder
C14-2012-0074,48453031900,484530319000,geocoder
C14-2012-0075,48453002310,484530023100,geocoder
C14-2012-0077,48453002423,484530024230,geocoder
C14-2012-0079,48453000700,484530007000,geocoder
C14-2012-0080,48453000700,484530007000,geocoder
C14-2012-0081,48453000700,484530007000,geocoder
C14-2012-0082,48453000700,484530007000,geocoder
C14-2012-0083,48453001101,484530011010,geocoder
C14-2012-0086,48453001917,484530019170,geocoder
C14-2012-0087,48453000700,484530007000,geocoder
C14-2012-0088,48453031800,484530318000,geocoder
C14-2012-0090,48453002422,484530024220,geocoder
C14-2012-0092,48453002422,484530024220,geocoder
C14-2012-0093,48453002445,484530024450,geocoder
C14-2012-0094,48453035000,484530350000,geocoder
C14-2012-0095,48491020408,484910204080,geocoder
C14-2012-0096,48453002111,484530021110,geocoder
C14-2012-0097,48453000205,484530002050,geocoder
C14-2012-0098,48453001504,484530015040,geocoder
C14-2012-0099,48491020410,484910204100,geocoder
C14-2012-0100,48453001402,484530014020,geocoder
C14-2012-0101,48453043100,484530431000,geocoder
C14-2012-0102,48453001101,484530011010,geocoder
C14-2012-0103,48453001101,484530011010,geocoder
C14-2012-0105,48453001101,484530011010,geocoder
C14-2012-0106,48453001103,484530011030,geocoder
C14-2012-0108,48453002453,484530024530,geocoder
C14-2012-0109,48453001309,484530013090,geocoder
C14-2012-0110,48453002424,484530024240,geocoder
C14-2012-0111,48453002304,484530023040,geocoder
C14-2012-0112,48453002325,484530023250,geocoder
C14-2012-0113,48453002320,484530023200,geocoder
C14-2012-0114,48453002314,484530023140,geocoder
C14-2012-0115,48453001920,484530019200,geocoder
C14-2012-0116,48453002323,484530023230,geocoder
C14-2012-0117,48453002004,484530020040,geocoder
C14-2012-0118,48453000205,484530002050,geocoder
C14-2012-0119,48453044200,484530442000,geocoder
C14-2012-0120,48453042100,484530421000,geocoder
C14-2012-0121,48453044000,484530440000,geocoder
C14-2012-0123,48453000901,484530009010,geocoder
C14-2012-0125,48453043700,484530437000,geocoder
C14-2012-0127,48453002310,484530023100,geocoder
C14-2012-0129,48491020408,484910204080,geocoder
C14-2012-0130,48453001102,484530011020,geocoder
C14-2012-0132,48491020410,484910204100,geocoder
C14-2012-0135,48453002201,484530022010,geocoder
C14-2012-0136,48453002201,484530022010,geocoder
C14-2012-0137,48453002201,484530022010,geocoder
C14-2012-0138,48453002201,484530022010,geocoder
C14-2012-0140,48453002109,484530021090,geocoder
C14-2012-0141,48453000305,484530003050,geocoder
C14-2012-0142,48453035000,484530350000,geocoder
C14-2012-0143,48453002448,484530024480,geocoder
C14-2012-0144,48453035800,484530358000,geocoder
C14-2012-0145,48453002004,484530020040,geocoder
C14-2012-0146.SH,48453040300,484530403000,geocoder
C14-2012-0147,48453000902,484530009020,geocoder
C14-2012-0148,48491020334,484910203340,geocoder
C14-2012-0149,48453030200,484530302000,geocoder
C14-2012-0150,48453034300,484530343000,geocoder
C14-2012-0151,48453002419,484530024190,geocoder
C14-2012-0153,48453030100,484530301000,geocoder
C14-2012-0154,48491020334,484910203340,geocoder
C14-2012-0155,48453041900,484530419000,geocoder
C14-2012-0156,48453044100,484530441000,geocoder
C14-2012-0157,48453044300,484530443000,geocoder
C14-2012-0158,48453002219,484530022190,geocoder
C14-2012-0162,48453031900,484530319000,geocoder
C14-2012-0165,48453002004,484530020040,geocoder
C14-2013-0003,48453000606,484530006060,geocoder
C14-2013-0005,48453001915,484530019150,geocoder
C14-2013-0006,48453001915,484530019150,geocoder
C14-2013-0009,48453002451,484530024510,geocoder
C14-2013-0010,48453001920,484530019200,geocoder
C14-2013-0011,48453002500,484530025000,geocoder
C14-2013-0012,48491020405,484910204050,geocoder
C14-2013-0013,48453000304,484530003040,geocoder
C14-2013-0015,48453002219,484530022190,geocoder
C14-2013-0017,48453041000,484530410000,geocoder
C14-2013-0018,48453032000,484530320000,geocoder
C14-2013-0019,48453001312,484530013120,geocoder
C14-2013-0020,48453001312,484530013120,geocoder
C14-2013-0021,48453000304,484530003040,geocoder
C14-2013-0022,48453001401,484530014010,geocoder
C14-2013-0023,48453031700,484530317000,geocoder
C14-2013-0024,48453002453,484530024530,geocoder
C14-2013-0025,48453032200,484530322000,geocoder
C14-2013-0026,48453002201,484530022010,geocoder
C14-2013-0027,48453031000,484530310000,geocoder
C14-2013-0028,48453001101,484530011010,geocoder
C14-2013-0030,48453002214,484530022140,geocoder
C14-2013-0031,48453002006,484530020060,geocoder
C14-2013-0032,48453002006,484530020060,geocoder
C14-2013-0034,48453000102,484530001020,geocoder
C14-2013-0036,48491020311,484910203110,geocoder
C14-2013-0037,48453030900,484530309000,geocoder
C14-2013-0038,48453032600,484530326000,geocoder
C14-2013-0039,48453002211,484530022110,geocoder
C14-2013-0040,48453000302,484530003020,geocoder
C14-2013-0041,48453044300,484530443000,geocoder
C14-2013-0042,48453044600,484530446000,geocoder
C14-2013-0043,48453044600,484530446000,geocoder
C14-2013-0044,48453001915,484530019150,geocoder
C14-2013-0045,48453001912,484530019120,geocoder
C14-2013-0046.SH,48453001923,484530019230,geocoder
C14-2013-0047,48453002438,484530024380,geocoder
C14-2013-0048,48453001912,484530019120,geocoder
C14-2013-0050,48453035800,484530358000,geocoder
C14-2013-0051,48453044000,484530440000,geocoder
C14-2013-0053,48453002451,484530024510,geocoder
C14-2013-0054,48453042400,484530424000,geocoder
C14-2013-0055,48453002111,484530021110,geocoder
C14-2013-0056,48453001304,484530013040,geocoder
C14-2013-0057,48453000102,484530001020,geocoder
C14-2013-0058,48453033000,484530330000,geocoder
C14-2013-0059,48453033000,484530330000,geocoder
C14-2013-0060,48453002441,484530024410,geocoder
C14-2013-0062,48453001912,484530019120,geocoder
C14-2013-0063,48453031800,484530318000,geocoder
C14-2013-0064,48453042200,484530422000,geocoder
C14-2013-0065,48453031900,484530319000,geocoder
C14-2013-0066,48453000804,484530008040,geocoder
C14-2013-0067,48453002004,484530020040,geocoder
C14-2013-0069,48453030300,484530303000,geocoder
C14-2013-0070,48453002201,484530022010,geocoder
C14-2013-0071,48453002201,484530022010,geocoder
C14-2013-0074,48491020356,484910203560,geocoder
C14-2013-0076,48453002213,484530022130,geocoder
C14-2013-0077.SH,48453002424,484530024240,geocoder
C14-2013-0079,48453002500,484530025000,geocoder
C14-2013-0080,48453001102,484530011020,geocoder
C14-2013-0081,48453002323,484530023230,geocoder
C14-2013-0082,48453002424,484530024240,geocoder
C14-2013-0083,48453000902,484530009020,geocoder
C14-2013-0084,48453000804,484530008040,geocoder
C14-2013-0085,48453000804,484530008040,geocoder
C14-2013-0086,48453002448,484530024480,geocoder
C14-2013-0087,48453000700,484530007000,geocoder
C14-2013-0088,48453001310,484530013100,geocoder
C14-2013-0089,48453002451,484530024510,geocoder
C14-2013-0091,48453000802,484530008020,geocoder
C14-2013-0092,48453001000,484530010000,geocoder
C14-2013-0093,48453031900,484530319000,geocoder
C14-2013-0094,48453000307,484530003070,geocoder
C14-2013-0095,48453033700,484530337000,geocoder
C14-2013-0096,48453033700,484530337000,geocoder
C14-2013-0097,48453033700,484530337000,geocoder
C14-2013-0098,48453033700,484530337000,geocoder
C14-2013-0101,48453001200,484530012000,geocoder
C14-2013-0103,48453030000,484530300000,geocoder
C14-2013-0104,48453000700,484530007000,geocoder
C14-2013-0105,48453043600,484530436000,geocoder
C14-2013-0106,48453002313,484530023130,geocoder
C14-2013-0107,48453002327,484530023270,geocoder
C14-2013-0108,48453001309,484530013090,geocoder
C14-2013-0109,48453035000,484530350000,geocoder
C14-2013-0110,48453002320,484530023200,geocoder
C14-2013-0111,48453001101,484530011010,geocoder
C14-2013-0112,48453042400,484530424000,geocoder
C14-2013-0113,48453041100,484530411000,geocoder
C14-2013-0114,48453002310,484530023100,geocoder
C14-2013-0115,48453002310,484530023100,geocoder
C14-2013-0118,48453002424,484530024240,geocoder
C14-2013-0119,48453000302,484530003020,geocoder
C14-2013-0121,48453000304,484530003040,geocoder
C14-2013-0122,48453001915,484530019150,geocoder
C14-2013-0123,48453002407,484530024070,geocoder
C14-2013-0124,48453044200,484530442000,geocoder
C14-2013-0125,48453031300,484530313000,geocoder
C14-2013-0126,48453033700,484530337000,geocoder
C14-2013-0127,48453002004,484530020040,geocoder
C14-2013-0128,48453002407,484530024070,geocoder
C14-2013-0130,48453045400,484530454000,geocoder
C14-2013-0133,48453002105,484530021050,geocoder
C14-2013-0134,48453044900,484530449000,geocoder
C14-2013-0135,48453000700,484530007000,geocoder
C14-2013-0136,48453001606,484530016060,geocoder
C14-2013-0137,48453001915,484530019150,geocoder
C14-2013-0138,48453001200,484530012000,geocoder
C14-2013-0141,48453002320,484530023200,geocoder
C14-2013-0142,48453042200,484530422000,geocoder
C14-2013-0143,48453031900,484530319000,geocoder
C14-2013-0144,48453001200,484530012000,geocoder
C14-2013-0145,48453002310,484530023100,geocoder
C14-2013-0146,48453035800,484530358000,geocoder
C14-2013-0147,48453001101,484530011010,geocoder
C14-2013-0148,48453000608,484530006080,geocoder
C14-2013-0149,48453002201,484530022010,geocoder
C14-2013-0150,48491020405,484910204050,geocoder
C14-2013-0151,48453042200,484530422000,geocoder
C14-2013-0152,48453000307,484530003070,geocoder
C14-2013-0155,48491020406,484910204060,geocoder
C14-2013-0157,48453002422,484530024220,geocoder
C14-2013-0158,48453001101,484530011010,geocoder
C14-2014-0002,48453031900,484530319000,geocoder
C14-2014-0003,48453000803,484530008030,geocoder
C14-2014-0005,48453001307,484530013070,geocoder
C14-2014-0006,48453000803,484530008030,geocoder
C14-2014-0007,48453031900,484530319000,geocoder
C14-2014-0008,48453000601,484530006010,geocoder
C14-2014-0009,48453000601,484530006010,geocoder
C14-2014-0010,48453033200,484530332000,geocoder
C14-2014-0011,48453032100,484530321000,geocoder
C14-2014-0012,48491020311,484910203110,geocoder
C14-2014-0015,48453001602,484530016020,geocoder
C14-2014-0016,48453001920,484530019200,geocoder
C14-2014-0017,48453030300,484530303000,geocoder
C14-2014-0018,48453002002,484530020020,geocoder
C14-2014-0019,48453002410,484530024100,geocoder
C14-2014-0020,48453000302,484530003020,geocoder
C14-2014-0021,48491020406,484910204060,geocoder
C14-2014-0022,48453002201,484530022010,geocoder
C14-2014-0023,48453034700,484530347000,geocoder
C14-2014-0025,48453000206,484530002060,geocoder
C14-2014-0026,48453040900,484530409000,geocoder
C14-2014-0027,48453032600,484530326000,geocoder
C14-2014-0028,48453000304,484530003040,geocoder
C14-2014-0029,48453000206,484530002060,geocoder
C14-2014-0030.SH,48491020311,484910203110,geocoder
C14-2014-0031.SH,48453034600,484530346000,geocoder
C14-2014-0032,48453002323,484530023230,geocoder
C14-2014-0034,48453002403,484530024030,geocoder
C14-2014-0035,48453000302,484530003020,geocoder
C14-2014-0036,48453001504,484530015040,geocoder
C14-2014-0037,48453044200,484530442000,geocoder
C14-2014-0038,48453044200,484530442000,geocoder
C14-2014-0039,48453001912,484530019120,geocoder
C14-2014-0040,48453032900,484530329000,geocoder
C14-2014-0041,48491020405,484910204050,geocoder
C14-2014-0042,48453030400,484530304000,geocoder
C14-2014-0045,48453002002,484530020020,geocoder
C14-2014-0046,48453044600,484530446000,geocoder
C14-2014-0047,48453030100,484530301000,geocoder
C14-2014-0048,48491020405,484910204050,geocoder
C14-2014-0049,48453002424,484530024240,geocoder
C14-2014-0050,48453001922,484530019220,geocoder
C14-2014-0051,48453000804,484530008040,geocoder
C14-2014-0052,48453002424,484530024240,geocoder
C14-2014-0053,48453041200,484530412000,geocoder
C14-2014-0058,48453045300,484530453000,geocoder
C14-2014-0059,48491020408,484910204080,geocoder
C14-2014-0060,48453000901,484530009010,geocoder
C14-2014-0061,48491020405,484910204050,geocoder
C14-2014-0062,48453045400,484530454000,geocoder
C14-2014-0063,48453000302,484530003020,geocoder
C14-2014-0064,48453000302,484530003020,geocoder
C14-2014-0066,48453000902,484530009020,geocoder
C14-2014-0067,48491020406,484910204060,geocoder
C14-2014-0070,48453002320,484530023200,geocoder
C14-2014-0071,48453002422,484530024220,geocoder
C14-2014-0072,48453001200,484530012000,geocoder
C14-2014-0073,48453042900,484530429000,geocoder
C14-2014-0074,48453042200,484530422000,geocoder
C14-2014-0076,48453001605,484530016050,geocoder
C14-2014-0077,48453002407,484530024070,geocoder
C14-2014-0078,48453000101,484530001010,geocoder
C14-2014-0081,48453002446,484530024460,geocoder
C14-2014-0082,48453035800,484530358000,geocoder
C14-2014-0084,48453001920,484530019200,geocoder
C14-2014-0085,48453000304,484530003040,geocoder
C14-2014-0087,48453031900,484530319000,geocoder
C14-2014-0088,48453002111,484530021110,geocoder
C14-2014-0093,48453002320,484530023200,geocoder
C14-2014-0094,48453033800,484530338000,geocoder
C14-2014-0095,48453002500,484530025000,geocoder
C14-2014-0096,48453002219,484530022190,geocoder
C14-2014-0097,48453002219,484530022190,geocoder
C14-2014-0099,48453002304,484530023040,geocoder
C14-2014-0100,48453041100,484530411000,geocoder
C14-2014-0101,48453044900,484530449000,geocoder
C14-2014-0102,48453044900,484530449000,geocoder
C14-2014-0103,48453002004,484530020040,geocoder
C14-2014-0105,48453001307,484530013070,geocoder
C14-2014-0107,48491020409,484910204090,geocoder
C14-2014-0108,48453043900,484530439000,geocoder
C14-2014-0111,48453000305,484530003050,geocoder
C14-2014-0112,48453001915,484530019150,geocoder
C14-2014-0114,48453041900,484530419000,geocoder
C14-2014-0115,48453000902,484530009020,geocoder
C14-2014-0116,48453000902,484530009020,geocoder
C14-2014-0117,48453001401,484530014010,geocoder
C14-2014-0118,48453002451,484530024510,geocoder
C14-2014-0119,48453031800,484530318000,geocoder
C14-2014-0121,48453002451,484530024510,geocoder
C14-2014-0122,48453002424,484530024240,geocoder
C14-2014-0123,48453002111,484530021110,geocoder
C14-2014-0124,48453002321,484530023210,geocoder
C14-2014-0127,48453002321,484530023210,geocoder
C14-2014-0128,48453032100,484530321000,geocoder
C14-2014-0130,48453002440,484530024400,geocoder
C14-2014-0131,48453002448,484530024480,geocoder
C14-2014-0133,48453043600,484530436000,geocoder
C14-2014-0134,48453001200,484530012000,geocoder
C14-2014-0135,48453040200,484530402000,geocoder
C14-2014-0136,48453043500,484530435000,geocoder
C14-2014-0143,48453001307,484530013070,geocoder
C14-2014-0144,48453002432,484530024320,geocoder
C14-2014-0145,48453002432,484530024320,geocoder
C14-2014-0146,48453002432,484530024320,geocoder
C14-2014-0147,48453002432,484530024320,geocoder
C14-2014-0148,48453000204,484530002040,geocoder
C14-2014-0150,48453002004,484530020040,geocoder
C14-2014-0151,48453001103,484530011030,geocoder
C14-2014-0152,48453044200,484530442000,geocoder
C14-2014-0153,48453031300,484530313000,geocoder
C14-2014-0154,48491020408,484910204080,geocoder
C14-2014-0156,48453030200,484530302000,geocoder
C14-2014-0157,48453040400,484530404000,geocoder
C14-2014-0158,48453002201,484530022010,geocoder
C14-2014-0161,48453030000,484530300000,geocoder
C14-2014-0162,48453001101,484530011010,geocoder
C14-2014-0163,48453001101,484530011010,geocoder
C14-2014-0164,48453002423,484530024230,geocoder
C14-2014-0165,48453002007,484530020070,geocoder
C14-2014-0167,48453044900,484530449000,geocoder
C14-2014-0168,48453031800,484530318000,geocoder
C14-2014-0170,48453034900,484530349000,geocoder
C14-2014-0171,48453000802,484530008020,geocoder
C14-2014-0172,48453001920,484530019200,geocoder
C14-2014-0173,48453002004,484530020040,geocoder
C14-2014-0174,48453002310,484530023100,geocoder
C14-2014-0175,48453002310,484530023100,geocoder
C14-2014-0176,48453002321,484530023210,geocoder
C14-2014-0178,48453030100,484530301000,geocoder
C14-2014-0179,48453043900,484530439000,geocoder
C14-2014-0181,48453002449,484530024490,geocoder
C14-2014-0182,48453002449,484530024490,geocoder
C14-2014-0184,48453002449,484530024490,geocoder
C14-2014-0185,48453044000,484530440000,geocoder
C14-2014-0186,48453044200,484530442000,geocoder
C14-2014-0187,48453002449,484530024490,geocoder
C14-2014-0188,48453000804,484530008040,geocoder
C14-2014-0190,48453031000,484530310000,geocoder
C14-2014-0192,48453030200,484530302000,geocoder
C14-2014-0193,48453041200,484530412000,geocoder
C14-2014-0194,48453000902,484530009020,geocoder
C14-2014-0195,48491020405,484910204050,geocoder
C14-2014-0196,48491020410,484910204100,geocoder
C14-2014-0197,48453002452,484530024520,geocoder
C14-2014-0198,48453000804,484530008040,geocoder
C14-2014-0199,48491020334,484910203340,geocoder
C14-2015-0001,48453002107,484530021070,geocoder
C14-2015-0003,48453002422,484530024220,geocoder
C14-2015-0004,48453030000,484530300000,geocoder
C14-2015-0005,48453033000,484530330000,geocoder
C14-2015-0006,48453000803,484530008030,geocoder
C14-2015-0007,48453002437,484530024370,geocoder
C14-2015-0008,48453001304,484530013040,geocoder
C14-2015-0010,48453037200,484530372000,geocoder
C14-2015-0011,48453030100,484530301000,geocoder
C14-2015-0013,48453002310,484530023100,geocoder
C14-2015-0015,48453032100,484530321000,geocoder
C14-2015-0016,48453002440,484530024400,geocoder
C14-2015-0017,48453030700,484530307000,geocoder
C14-2015-0019,48453002110,484530021100,geocoder
C14-2015-0020,48453001920,484530019200,geocoder
C14-2015-0021,48453002411,484530024110,geocoder
C14-2015-0022,48453043100,484530431000,geocoder
C14-2015-0023,48453001603,484530016030,geocoder
C14-2015-0024,48453000605,484530006050,geocoder
C14-2015-0025,48453001504,484530015040,geocoder
C14-2015-0026,48453000304,484530003040,geocoder
C14-2015-0030,48453000204,484530002040,geocoder
C14-2015-0031.SH,48453034400,484530344000,geocoder
C14-2015-0032,48453002004,484530020040,geocoder
C14-2015-0033,48453044100,484530441000,geocoder
C14-2015-0034,48453002310,484530023100,geocoder
C14-2015-0035,48453033700,484530337000,geocoder
C14-2015-0036,48453034400,484530344000,geocoder
C14-2015-0037,48453032900,484530329000,geocoder
C14-2015-0038,48453045400,484530454000,geocoder
C14-2015-0039,48453002006,484530020060,geocoder
C14-2015-0040,48453002422,484530024220,geocoder
C14-2015-0041,48453045100,484530451000,geocoder
C14-2015-0042,48453002448,484530024480,geocoder
C14-2015-0043,48453002111,484530021110,geocoder
C14-2015-0044,48453001200,484530012000,geocoder
C14-2015-0045,48453002310,484530023100,geocoder
C14-2015-0046,48453046500,484530465000,geocoder
C14-2015-0047,48453001304,484530013040,geocoder
C14-2015-0049,48453032900,484530329000,geocoder
C14-2015-0050,48453043300,484530433000,geocoder
C14-2015-0051,48453044200,484530442000,geocoder
C14-2015-0054,48453000902,484530009020,geocoder
C14-2015-0055,48453001000,484530010000,geocoder
C14-2015-0056,48453030200,484530302000,geocoder
C14-2015-0057,48453032900,484530329000,geocoder
C14-2015-0058,48453002321,484530023210,geocoder
C14-2015-0059,48453040100,484530401000,geocoder
C14-2015-0060,48453002446,484530024460,geocoder
C14-2015-0061,48453002424,484530024240,geocoder
C14-2015-0063,48453002307,484530023070,geocoder
C14-2015-0064,48453002407,484530024070,geocoder
C14-2015-0065,48453001200,484530012000,geocoder
C14-2015-0066,48453002448,484530024480,geocoder
C14-2015-0070,48453033000,484530330000,geocoder
C14-2015-0071,48453045700,484530457000,geocoder
C14-2015-0072,48453002446,484530024460,geocoder
C14-2015-0073,48453002320,484530023200,geocoder
C14-2015-0077,48453001912,484530019120,geocoder
C14-2015-0078,48453001200,484530012000,geocoder
C14-2015-0079,48453045100,484530451000,geocoder
C14-2015-0080,48453035800,484530358000,geocoder
C14-2015-0081,48453000901,484530009010,geocoder
C14-2015-0085,48453000206,484530002060,geocoder
C14-2015-0086,48453002108,484530021080,geocoder
C14-2015-0091,48453002315,484530023150,geocoder
C14-2015-0092,48453001503,484530015030,geocoder
C14-2015-0093,48453000700,484530007000,geocoder
C14-2015-0094,48453000700,484530007000,geocoder
C14-2015-0096,48453031900,484530319000,geocoder
C14-2015-0099,48453002320,484530023200,geocoder
C14-2015-0100,48453040300,484530403000,geocoder
C14-2015-0101,48453002111,484530021110,geocoder
C14-2015-0102,48453000802,484530008020,geocoder
C14-2015-0104,48453002321,484530023210,geocoder
C14-2015-0105,48453002438,484530024380,geocoder
C14-2015-0106,48453002438,484530024380,geocoder
C14-2015-0107,48453000803,484530008030,geocoder
C14-2015-0108,48453002107,484530021070,geocoder
C14-2015-0109,48453001000,484530010000,geocoder
C14-2015-0110,48491020409,484910204090,geocoder
C14-2015-0111,48453001101,484530011010,geocoder
C14-2015-0112,48453000203,484530002030,geocoder
C14-2015-0114,48453002109,484530021090,geocoder
C14-2015-0115,48453002403,484530024030,geocoder
C14-2015-0117,48453002452,484530024520,geocoder
C14-2015-0118,48453002410,484530024100,geocoder
C14-2015-0119,48453000700,484530007000,geocoder
C14-2015-0120,48491020406,484910204060,geocoder
C14-2015-0121,48453002111,484530021110,geocoder
C14-2015-0122,48453035000,484530350000,geocoder
C14-2015-0123,48453002422,484530024220,geocoder
C14-2015-0128,48453001913,484530019130,geocoder
C14-2015-0129,48453002424,484530024240,geocoder
C14-2015-0130,48453000804,484530008040,geocoder
C14-2015-0131,48453034900,484530349000,geocoder
C14-2015-0132,48453040400,484530404000,geocoder
C14-2015-0133,48453000700,484530007000,geocoder
C14-2015-0134,48453001920,484530019200,geocoder
C14-2015-0135,48453002448,484530024480,geocoder
C14-2015-0136,48491020410,484910204100,geocoder
C14-2015-0139,48491020405,484910204050,geocoder
C14-2015-0140,48453002424,484530024240,geocoder
C14-2015-0141,48453001304,484530013040,geocoder
C14-2015-0142,48453002413,484530024130,geocoder
C14-2015-0143,48453043900,484530439000,geocoder
C14-2015-0144,48453032900,484530329000,geocoder
C14-2015-0145,48453001312,484530013120,geocoder
C14-2015-0146,48453001304,484530013040,geocoder
C14-2015-0148,48453031800,484530318000,geocoder
C14-2015-0151,48453002310,484530023100,geocoder
C14-2015-0153,48453043100,484530431000,geocoder
C14-2015-0154,48453002449,484530024490,geocoder
C14-2015-0155,48491020408,484910204080,geocoder
C14-2015-0156,48491020408,484910204080,geocoder
C14-2015-0158,48491020405,484910204050,geocoder
C14-2015-0159,48453002441,484530024410,geocoder
C14-2015-0160,48453032900,484530329000,geocoder
C14-2015-0161,48453041900,484530419000,geocoder
C14-2015-0162,48453002320,484530023200,geocoder
C14-2015-0165,48453002443,484530024430,geocoder
C14-2015-0166,48453032100,484530321000,geocoder
C14-2015-0167,48453002006,484530020060,geocoder
C14-2016-0001,48453031900,484530319000,geocoder
C14-2016-0002,48453002445,484530024450,geocoder
C14-2016-0003,48453000902,484530009020,geocoder
C14-2016-0004,48453002419,484530024190,geocoder
C14-2016-0008,48453001920,484530019200,geocoder
C14-2016-0009,48491020408,484910204080,geocoder
C14-2016-0011,48453001915,484530019150,geocoder
C14-2016-0013,48453002422,484530024220,geocoder
C14-2016-0014,48453044000,484530440000,geocoder
C14-2016-0015,48453002432,484530024320,geocoder
C14-2016-0017,48453002214,484530022140,geocoder
C14-2016-0018,48453001200,484530012000,geocoder
C14-2016-0020,48453001920,484530019200,geocoder
C14-2016-0021,48453002407,484530024070,geocoder
C14-2016-0022,48453000700,484530007000,geocoder
C14-2016-0023.SH,48453042000,484530420000,geocoder
C14-2016-0024,48453002403,484530024030,geocoder
C14-2016-0025,48453002109,484530021090,geocoder
C14-2016-0026,48453002430,484530024300,geocoder
C14-2016-0027,48453001304,484530013040,geocoder
C14-2016-0028,48453000203,484530002030,geocoder
C14-2016-0031,48453002214,484530022140,geocoder
C14-2016-0032,48453040900,484530409000,geocoder
C14-2016-0033,48453002422,484530024220,geocoder
C14-2016-0034,48453001101,484530011010,geocoder
C14-2016-0035,48453045100,484530451000,geocoder
C14-2016-0036,48453032700,484530327000,geocoder
C14-2016-0037,48453045200,484530452000,geocoder
C14-2016-0038,48453041500,484530415000,geocoder
C14-2016-0039,48453001304,484530013040,geocoder
C14-2016-0041,48453000902,484530009020,geocoder
C14-2016-0044,48491020406,484910204060,geocoder
C14-2016-0045,48453032100,484530321000,geocoder
C14-2016-0046,48453002424,484530024240,geocoder
C14-2016-0047,48453002422,484530024220,geocoder
C14-2016-0049,48453000902,484530009020,geocoder
C14-2016-0050,48453000902,484530009020,geocoder
C14-2016-0051,48453000902,484530009020,geocoder
C14-2016-0052,48453000608,484530006080,geocoder
C14-2016-0055,48453044200,484530442000,geocoder
C14-2016-0057,48453002449,484530024490,geocoder
C14-2016-0058,48453000601,484530006010,geocoder
C14-2016-0059,48453000601,484530006010,geocoder
C14-2016-0060,48453000101,484530001010,geocoder
C14-2016-0062,48491020517,484910205170,geocoder
C14-2016-0063.SH,48453002003,484530020030,geocoder
C14-2016-0064,48453002422,484530024220,geocoder
C14-2016-0065,48453000204,484530002040,geocoder
C14-2016-0068,48453041500,484530415000,geocoder
C14-2016-0069,48453002313,484530023130,geocoder
C14-2016-0070,48453002320,484530023200,geocoder
C14-2016-0071,48453000205,484530002050,geocoder
C14-2016-0072,48453000302,484530003020,geocoder
C14-2016-0074,48453045400,484530454000,geocoder
C14-2016-0075,48453001503,484530015030,geocoder
C14-2016-0076,48453002424,484530024240,geocoder
C14-2016-0077,48453001311,484530013110,geocoder
C14-2016-0078,48453041900,484530419000,geocoder
C14-2016-0079,48453000902,484530009020,geocoder
C14-2016-0080,48453002307,484530023070,geocoder
C14-2016-0082,48453002111,484530021110,geocoder
C14-2016-0085,48453002320,484530023200,geocoder
C14-2016-0086,48453002419,484530024190,geocoder
C14-2016-0087,48453002313,484530023130,geocoder
C14-2016-0090,48453002219,484530022190,geocoder
C14-2016-0091,48453002004,484530020040,geocoder
C14-2016-0092,48453043800,484530438000,geocoder
C14-2016-0093,48453000700,484530007000,geocoder
C14-2016-0094,48453043900,484530439000,geocoder
C14-2016-0095,48453001920,484530019200,geocoder
C14-2016-0096,48453032900,484530329000,geocoder
C14-2016-0097,48453002003,484530020030,geocoder
C14-2016-0100,48453000607,484530006070,geocoder
C14-2016-0101,48453032900,484530329000,geocoder
C14-2016-0102,48453032900,484530329000,geocoder
C14-2016-0105,48453002322,484530023220,geocoder
C14-2016-0106,48453002403,484530024030,geocoder
C14-2016-0107,48491020517,484910205170,geocoder
C14-2016-0109,48453045700,484530457000,geocoder
C14-2016-0110,48453001101,484530011010,geocoder
C14-2016-0111,48453002432,484530024320,geocoder
C14-2016-0113,48453002320,484530023200,geocoder
C14-2016-0114,48453045400,484530454000,geocoder
C14-2016-0115,48453002304,484530023040,geocoder
C14-2016-0116,48453001403,484530014030,geocoder
C14-2016-0117,48453000607,484530006070,geocoder
C14-2016-0119,48453044900,484530449000,geocoder
C14-2016-0121,48491020411,484910204110,geocoder
C14-2016-0123,48491020410,484910204100,geocoder
C14-2016-0125,48453044900,484530449000,geocoder
C14-2016-0126,48453043900,484530439000,geocoder
C14-2016-0127,48453001917,484530019170,geocoder
C14-2016-0130,48453037200,484530372000,geocoder
C14-2016-0131,48453032900,484530329000,geocoder
C14-2016-0132,48453001310,484530013100,geocoder
C14-2016-0134,48453043500,484530435000,geocoder
C14-2016-0135,48453000605,484530006050,geocoder
C14-2016-0136,48453045300,484530453000,geocoder
C14-2016-0137,48453041000,484530410000,geocoder
C14-2017-0002,48453000206,484530002060,geocoder
C14-2017-0003,48491020410,484910204100,geocoder
C14-2017-0004,48453041100,484530411000,geocoder
C14-2017-0007,48453002422,484530024220,geocoder
C14-2017-0009,48453037200,484530372000,geocoder
C14-2017-0010.SH,48453002413,484530024130,geocoder
C14-2017-0012,48453002453,484530024530,geocoder
C14-2017-0013,48453000804,484530008040,geocoder
C14-2017-0014,48453002004,484530020040,geocoder
C14-2017-0015,48491020508,484910205080,geocoder
C14-2017-0016.SH,48453001402,484530014020,geocoder
C14-2017-0017.SH,48453002322,484530023220,geocoder
C14-2017-0018,48453002320,484530023200,geocoder
C14-2017-0019,48453033000,484530330000,geocoder
C14-2017-0020,48453000902,484530009020,geocoder
C14-2017-0021,48453001304,484530013040,geocoder
C14-2017-0022,48453002441,484530024410,geocoder
C14-2017-0025,48453000608,484530006080,geocoder
C14-2017-0026,48453001312,484530013120,geocoder
C14-2017-0027,48453001101,484530011010,geocoder
C14-2017-0028,48453030800,484530308000,geocoder
C14-2017-0029,48453032800,484530328000,geocoder
C14-2017-0030,48453002432,484530024320,geocoder
C14-2017-0032,48453035000,484530350000,geocoder
C14-2017-0033,48453040900,484530409000,geocoder
C14-2017-0034,48453002004,484530020040,geocoder
C14-2017-0035,48453044900,484530449000,geocoder
C14-2017-0036,48453002222,484530022220,geocoder
C14-2017-0037,48453001101,484530011010,geocoder
C14-2017-0040,48453031800,484530318000,geocoder
C14-2017-0041,48453035800,484530358000,geocoder
C14-2017-0042,48491020410,484910204100,geocoder
C14-2017-0043,48453002430,484530024300,geocoder
C14-2017-0044,48453002439,484530024390,geocoder
C14-2017-0048,48453045100,484530451000,geocoder
C14-2017-0050,48453002320,484530023200,geocoder
C14-2017-0051,48453041400,484530414000,geocoder
C14-2017-0052,48453030100,484530301000,geocoder
C14-2017-0053,48453002444,484530024440,geocoder
C14-2017-0054,48453000700,484530007000,geocoder
C14-2017-0056,48453043900,484530439000,geocoder
C14-2017-0057,48453002319,484530023190,geocoder
C14-2017-0058,48453000605,484530006050,geocoder
C14-2017-0059,48453001101,484530011010,geocoder
C14-2017-0060,48453030800,484530308000,geocoder
C14-2017-0061,48453001101,484530011010,geocoder
C14-2017-0063,48453037200,484530372000,geocoder
C14-2017-0064,48453002410,484530024100,geocoder
C14-2017-0066,48453041500,484530415000,geocoder
C14-2017-0067,48453030500,484530305000,geocoder
C14-2017-0071,48453001503,484530015030,geocoder
C14-2017-0072,48491020408,484910204080,geocoder
C14-2017-0073,48453033000,484530330000,geocoder
C14-2017-0074,48453001101,484530011010,geocoder
C14-2017-0075,48453002310,484530023100,geocoder
C14-2017-0076,48453000700,484530007000,geocoder
C14-2017-0077,48453000700,484530007000,geocoder
C14-2017-0078,48453002111,484530021110,geocoder
C14-2017-0079,48453002007,484530020070,geocoder
C14-2017-0080,48453002007,484530020070,geocoder
C14-2017-0081,48453001304,484530013040,geocoder
C14-2017-0083,48453002214,484530022140,geocoder
C14-2017-0084,48453002320,484530023200,geocoder
C14-2017-0085,48453031600,484530316000,geocoder
C14-2017-0086,48453043300,484530433000,geocoder
C14-2017-0087,48453002444,484530024440,geocoder
C14-2017-0088,48453002108,484530021080,geocoder
C14-2017-0089,48453043200,484530432000,geocoder
C14-2017-0091,48453002430,484530024300,geocoder
C14-2017-0092,48453000804,484530008040,geocoder
C14-2017-0094,48453002111,484530021110,geocoder
C14-2017-0095,48453033500,484530335000,geocoder
C14-2017-0096,48453041200,484530412000,geocoder
C14-2017-0097,48453002110,484530021100,geocoder
C14-2017-0098,48453002320,484530023200,geocoder
C14-2017-0100,48453041500,484530415000,geocoder
C14-2017-0104,48453001307,484530013070,geocoder
C14-2017-0105,48453000902,484530009020,geocoder
C14-2017-0106,48453000902,484530009020,geocoder
C14-2017-0109,48453002213,484530022130,geocoder
C14-2017-0110,48453002424,484530024240,geocoder
C14-2017-0111,48453002310,484530023100,geocoder
C14-2017-0113.SH,48453000902,484530009020,geocoder
C14-2017-0114,48453041000,484530410000,geocoder
C14-2017-0115,48453042100,484530421000,geocoder
C14-2017-0116,48453002007,484530020070,geocoder
C14-2017-0118,48453002007,484530020070,geocoder
C14-2017-0121,48453045100,484530451000,geocoder
C14-2017-0122,48453001310,484530013100,geocoder
C14-2017-0123,48453002438,484530024380,geocoder
C14-2017-0125,48453002320,484530023200,geocoder
C14-2017-0126,48453002320,484530023200,geocoder
C14-2017-0130,48453002419,484530024190,geocoder
C14-2017-0131,48453000700,484530007000,geocoder
C14-2017-0132,48453002403,484530024030,geocoder
C14-2017-0133,48453002403,484530024030,geocoder
C14-2017-0134,48453002003,484530020030,geocoder
C14-2017-0135,48453000605,484530006050,geocoder
C14-2017-0137,48453001307,484530013070,geocoder
C14-2017-0138,48453000902,484530009020,geocoder
C14-2017-0139,48453043600,484530436000,geocoder
C14-2017-0140,48453002111,484530021110,geocoder
C14-2017-0141,48453002422,484530024220,geocoder
C14-2017-0143,48453037200,484530372000,geocoder
C14-2017-0146,48453031900,484530319000,geocoder
C14-2017-0147,48453045100,484530451000,geocoder
C14-2017-0148,48453002214,484530022140,geocoder
C14-2017-0149,48453002108,484530021080,geocoder
C14-2017-0150,48453000902,484530009020,geocoder
C14-2017-0151,48453002319,484530023190,geocoder
C14-2017-0152,48453000204,484530002040,geocoder
C14-2017-0156,48453002111,484530021110,geocoder
C14-2018-0001,48453040700,484530407000,geocoder
C14-2018-0002,48453002214,484530022140,geocoder
C14-2018-0003,48453002219,484530022190,geocoder
C14-2018-0004,48453041500,484530415000,geocoder
C14-2018-0005,48453001920,484530019200,geocoder
C14-2018-0007,48453035100,484530351000,geocoder
C14-2018-0009,48491020517,484910205170,geocoder
C14-2018-0017,48453001309,484530013090,geocoder
C14-2018-0018,48453002007,484530020070,geocoder
C14-2018-0019,48453041100,484530411000,geocoder
C14-2018-0021,48453042100,484530421000,geocoder
C14-2018-0022,48453043200,484530432000,geocoder
C14-2018-0023,48453040900,484530409000,geocoder
C14-2018-0024,48453040000,484530400000,geocoder
C14-2018-0026,48453002324,484530023240,geocoder
C14-2018-0027,48453002324,484530023240,geocoder
C14-2018-0028,48453002326,484530023260,geocoder
C14-2018-0029,48453000700,484530007000,geocoder
C14-2018-0030,48453001200,484530012000,geocoder
C14-2018-0031,48453001501,484530015010,geocoder
C14-2018-0033,48453040800,484530408000,geocoder
C14-2018-0034,48453000902,484530009020,geocoder
C14-2018-0035,48453045200,484530452000,geocoder
C14-2018-0036,48453002310,484530023100,geocoder
C14-2018-0037,48453002112,484530021120,geocoder
C14-2018-0039,48453001308,484530013080,geocoder
C14-2018-0040,48453002447,484530024470,geocoder
C14-2018-0041,48453000700,484530007000,geocoder
C14-2018-0042,48453002111,484530021110,geocoder
C14-2018-0043,48453043500,484530435000,geocoder
C14-2018-0044,48453000204,484530002040,geocoder
C14-2018-0046,48453041300,484530413000,geocoder
C14-2018-0047.SH,48453001304,484530013040,geocoder
C14-2018-0048,48453042000,484530420000,geocoder
C14-2018-0050.SH,48453000902,484530009020,geocoder
C14-2018-0051.SH,48453000902,484530009020,geocoder
C14-2018-0052,48453044900,484530449000,geocoder
C14-2018-0053,48453002443,484530024430,geocoder
C14-2018-0055,48453034800,484530348000,geocoder
C14-2018-0056,48453001920,484530019200,geocoder
C14-2018-0057,48453043500,484530435000,geocoder
C14-2018-0058,48453002436,484530024360,geocoder
C14-2018-0060,48453031800,484530318000,geocoder
C14-2018-0061,48453035800,484530358000,geocoder
C14-2018-0062,48453000401,484530004010,geocoder
C14-2018-0063,48453044000,484530440000,geocoder
C14-2018-0064,48453002304,484530023040,geocoder
C14-2018-0065,48453002304,484530023040,geocoder
C14-2018-0066,48453000402,484530004020,geocoder
C14-2018-0068,48453002003,484530020030,geocoder
C14-2018-0069,48453002441,484530024410,geocoder
C14-2018-0071,48453002004,484530020040,geocoder
C14-2018-0072,48453000700,484530007000,geocoder
C14-2018-0073,48491020405,484910204050,geocoder
C14-2018-0074,48453002111,484530021110,geocoder
C14-2018-0075,48453041600,484530416000,geocoder
C14-2018-0076,48453035800,484530358000,geocoder
C14-2018-0077,48453002213,484530022130,geocoder
C14-2018-0078,48453040500,484530405000,geocoder
C14-2018-0079,48453002500,484530025000,geocoder
C14-2018-0081,48453000902,484530009020,geocoder
C14-2018-0083,48453044900,484530449000,geocoder
C14-2018-0085,48453001915,484530019150,geocoder
C14-2018-0087,48453000402,484530004020,geocoder
C14-2018-0088,48453002314,484530023140,geocoder
C14-2018-0089,48453030900,484530309000,geocoder
C14-2018-0090,48453001307,484530013070,geocoder
C14-2018-0091,48453002422,484530024220,geocoder
C14-2018-0092,48453035800,484530358000,geocoder
C14-2018-0093,48453000801,484530008010,geocoder
C14-2018-0094,48453002004,484530020040,geocoder
C14-2018-0095,48453002002,484530020020,geocoder
C14-2018-0096,48453002003,484530020030,geocoder
C14-2018-0097,48453002438,484530024380,geocoder
C14-2018-0098,48453044300,484530443000,geocoder
C14-2018-0099,48453044300,484530443000,geocoder
C14-2018-0100.SH,48453000402,484530004020,geocoder
C14-2018-0102,48453043500,484530435000,geocoder
C14-2018-0106,48453002451,484530024510,geocoder
C14-2018-0107,48453002422,484530024220,geocoder
C14-2018-0108,48453002448,484530024480,geocoder
C14-2018-0109,48453002448,484530024480,geocoder
C14-2018-0110,48453042000,484530420000,geocoder
C14-2018-0111,48453000101,484530001010,geocoder
C14-2018-0112,48453000605,484530006050,geocoder
C14-2018-0113,48453035800,484530358000,geocoder
C14-2018-0115,48453000606,484530006060,geocoder
C14-2018-0116,48453043900,484530439000,geocoder
C14-2018-0117,48453002220,484530022200,geocoder
C14-2018-0118,48453002437,484530024370,geocoder
C14-2018-0119,48453002310,484530023100,geocoder
C14-2018-0120,48453000700,484530007000,geocoder
C14-2018-0122,48453031000,484530310000,geocoder
C14-2018-0123,48453002007,484530020070,geocoder
C14-2018-0125,48453002437,484530024370,geocoder
C14-2018-0126,48453043500,484530435000,geocoder
C14-2018-0127,48453002446,484530024460,geocoder
C14-2018-0128,48453001304,484530013040,geocoder
C14-2018-0130,48453002438,484530024380,geocoder
C14-2018-0131,48453002107,484530021070,geocoder
C14-2018-0132,48453044200,484530442000,geocoder
C14-2018-0135,48453001913,484530019130,geocoder
C14-2018-0136,48453002111,484530021110,geocoder
C14-2018-0138,48453032900,484530329000,geocoder
C14-2018-0139,48453030900,484530309000,geocoder
C14-2018-0140,48453040300,484530403000,geocoder
C14-2018-0141,48453030300,484530303000,geocoder
C14-2018-0142,48453035800,484530358000,geocoder
C14-2018-0143,48453035800,484530358000,geocoder
C14-2018-0146,48453002449,484530024490,geocoder
C14-2018-0147,48453002310,484530023100,geocoder
C14-2018-0148,48491020410,484910204100,geocoder
C14-2018-0149,48453002109,484530021090,geocoder
C14-2018-0150,48453001200,484530012000,geocoder
C14-2018-0152,48453043900,484530439000,geocoder
C14-2018-0155,48453002109,484530021090,geocoder
C14-2019-0001,48491020408,484910204080,geocoder
C14-2019-0002,48453001503,484530015030,geocoder
C14-2019-0003,48453001920,484530019200,geocoder
C14-2019-0004,48453001101,484530011010,geocoder
C14-2019-0005,48453002419,484530024190,geocoder
C14-2019-0006,48453042000,484530420000,geocoder
C14-2019-0007,48453002320,484530023200,geocoder
C14-2019-0008,48453034100,484530341000,geocoder
C14-2019-0009,48453002310,484530023100,geocoder
C14-2019-0010,48453044000,484530440000,geocoder
C14-2019-0011,48453040200,484530402000,geocoder
C14-2019-0012,48453040000,484530400000,geocoder
C14-2019-0013,48453002310,484530023100,geocoder
C14-2019-0014,48453002422,484530024220,geocoder
C14-2019-0015,48453002321,484530023210,geocoder
C14-2019-0016,48453041900,484530419000,geocoder
C14-2019-0017,48453030900,484530309000,geocoder
C14-2019-0018,48453002403,484530024030,geocoder
C14-2019-0019,48453002310,484530023100,geocoder
C14-2019-0020,48453002430,484530024300,geocoder
C14-2019-0021,48453002310,484530023100,geocoder
C14-2019-0022,48453002310,484530023100,geocoder
C14-2019-0024,48453001307,484530013070,geocoder
C14-2019-0025,48453002403,484530024030,geocoder
C14-2019-0026,48453002313,484530023130,geocoder
C14-2019-0027,48453002443,484530024430,geocoder
C14-2019-0028,48453002320,484530023200,geocoder
C14-2019-0029,48453002320,484530023200,geocoder
C14-2019-0030,48453032900,484530329000,geocoder
C14-2019-0031,48453002111,484530021110,geocoder
C14-2019-0033,48453032900,484530329000,geocoder
C14-2019-0035,48491020311,484910203110,geocoder
C14-2019-0037,48453002321,484530023210,geocoder
C14-2019-0038,48453002211,484530022110,geocoder
C14-2019-0040,48453002004,484530020040,geocoder
C14-2019-0041,48453002111,484530021110,geocoder
C14-2019-0042.SH,48453000205,484530002050,geocoder
C14-2019-0043,48453001602,484530016020,geocoder
C14-2019-0044.SH,48453041900,484530419000,geocoder
C14-2019-0045.SH,48453000304,484530003040,geocoder
C14-2019-0046.SH,48453000307,484530003070,geocoder
C14-2019-0048,48453002438,484530024380,geocoder
C14-2019-0049,48453001603,484530016030,geocoder
C14-2019-0050,48453001101,484530011010,geocoder
C14-2019-0051,48453002410,484530024100,geocoder
C14-2019-0053,48453001505,484530015050,geocoder
C14-2019-0054,48453002423,484530024230,geocoder
C14-2019-0055,48453045400,484530454000,geocoder
C14-2019-0056,48453002449,484530024490,geocoder
C14-2019-0057,48453002449,484530024490,geocoder
C14-2019-0058,48453045200,484530452000,geocoder
C14-2019-0059,48453002452,484530024520,geocoder
C14-2019-0060,48453002424,484530024240,geocoder
C14-2019-0061,48453030300,484530303000,geocoder
C14-2019-0064,48453030900,484530309000,geocoder
C14-2019-0066,48453000204,484530002040,geocoder
C14-2019-0067,48453001501,484530015010,geocoder
C14-2019-0068,48491020508,484910205080,geocoder
C14-2019-0069,48453002403,484530024030,geocoder
C14-2019-0070,48453002447,484530024470,geocoder
C14-2019-0071,48453030300,484530303000,geocoder
C14-2019-0072,48453001000,484530010000,geocoder
C14-2019-0073.SH,48491020311,484910203110,geocoder
C14-2019-0074,48453000901,484530009010,geocoder
C14-2019-0075,48453030400,484530304000,geocoder
C14-2019-0076,48453002201,484530022010,geocoder
C14-2019-0078,48453002003,484530020030,geocoder
C14-2019-0079,48453042100,484530421000,geocoder
C14-2019-0081,48453002310,484530023100,geocoder
C14-2019-0082,48453002403,484530024030,geocoder
C14-2019-0083,48453040100,484530401000,geocoder
C14-2019-0084,48491020406,484910204060,geocoder
C14-2019-0085,48453002422,484530024220,geocoder
C14-2019-0087,48453030400,484530304000,geocoder
C14-2019-0088,48453043800,484530438000,geocoder
C14-2019-0089,48453000902,484530009020,geocoder
C14-2019-0090,48453002424,484530024240,geocoder
C14-2019-0091,48453000700,484530007000,geocoder
C14-2019-0092,48453002447,484530024470,geocoder
C14-2019-0093,48453002321,484530023210,geocoder
C14-2019-0094,48453002310,484530023100,geocoder
C14-2019-0096,48453030100,484530301000,geocoder
C14-2019-0098,48453002111,484530021110,geocoder
C14-2019-0099,48453032000,484530320000,geocoder
C14-2019-0100,48453002424,484530024240,geocoder
C14-2019-0101,48453001000,484530010000,geocoder
C14-2019-0102,48453040300,484530403000,geocoder
C14-2019-0103,48453043600,484530436000,geocoder
C14-2019-0104,48453043900,484530439000,geocoder
C14-2019-0105,48453000402,484530004020,geocoder
C14-2019-0106,48453000402,484530004020,geocoder
C14-2019-0107.SH,48453002110,484530021100,geocoder
C14-2019-0108,48453000606,484530006060,geocoder
C14-2019-0109,48453002438,484530024380,geocoder
C14-2019-0110,48453002313,484530023130,geocoder
C14-2019-0113,48453034400,484530344000,geocoder
C14-2019-0114,48453002004,484530020040,geocoder
C14-2019-0115,48453043500,484530435000,geocoder
C14-2019-0116,48453002500,484530025000,geocoder
C14-2019-0117,48453002451,484530024510,geocoder
C14-2019-0118,48453030700,484530307000,geocoder
C14-2019-0121,48453030900,484530309000,geocoder
C14-2019-0123,48453002105,484530021050,geocoder
C14-2019-0124,48491020409,484910204090,geocoder
C14-2019-0126,48453002443,484530024430,geocoder
C14-2019-0127,48453000700,484530007000,geocoder
C14-2019-0129,48453002407,484530024070,geocoder
C14-2019-0130,48453034700,484530347000,geocoder
C14-2019-0131,48453002500,484530025000,geocoder
C14-2019-0133,48453002410,484530024100,geocoder
C14-2019-0134,48453031900,484530319000,geocoder
C14-2019-0135,48453002410,484530024100,geocoder
C14-2019-0136,48453002432,484530024320,geocoder
C14-2019-0137,48453002214,484530022140,geocoder
C14-2019-0138,48453001103,484530011030,geocoder
C14-2019-0139,48453002424,484530024240,geocoder
C14-2019-0141,48453040700,484530407000,geocoder
C14-2019-0142,48453002108,484530021080,geocoder
C14-2019-0143,48453002407,484530024070,geocoder
C14-2019-0144,48453002422,484530024220,geocoder
C14-2019-0145,48453030800,484530308000,geocoder
C14-2019-0146,48453030600,484530306000,geocoder
C14-2019-0151,48453001200,484530012000,geocoder
C14-2019-0152,48453001200,484530012000,geocoder
C14-2019-0153,48453001505,484530015050,geocoder
C14-2019-0155,48453033400,484530334000,geocoder
C14-2019-0156,48453001101,484530011010,geocoder
C14-2019-0157,48453001101,484530011010,geocoder
C14-2019-0158,48453031000,484530310000,geocoder
C14-2019-0159,48453030800,484530308000,geocoder
C14-2019-0160,48453042200,484530422000,geocoder
C14-2019-0162,48453002437,484530024370,geocoder
C14-2019-0163,48453001603,484530016030,geocoder
C14-2019-0164,48453002107,484530021070,geocoder
C14-2019-0165,48453002449,484530024490,geocoder
C14-2019-0166,48453043900,484530439000,geocoder
C14-2019-0167,48453002313,484530023130,geocoder
C14-2019-0168,48453002449,484530024490,geocoder
C14-2019-0169,48453041300,484530413000,geocoder
C14-2020-0001,48453002432,484530024320,geocoder
C14-2020-0002,48453002201,484530022010,geocoder
C14-2020-0003,48453002109,484530021090,geocoder
C14-2020-0004,48453042400,484530424000,geocoder
C14-2020-0005,48453042400,484530424000,geocoder
C14-2020-0006,48491020411,484910204110,geocoder
C14-2020-0007,48453000601,484530006010,geocoder
C14-2020-0008,48453002003,484530020030,geocoder
C14-2020-0009,48453043500,484530435000,geocoder
C14-2020-0010,48453002214,484530022140,geocoder
C14-2020-0012,48453034400,484530344000,geocoder
C14-2020-0013,48453030200,484530302000,geocoder
C14-2020-0014,48453002109,484530021090,geocoder
C14-2020-0015,48453044000,484530440000,geocoder
C14-2020-0016,48453001504,484530015040,geocoder
C14-2020-0017,48453002214,484530022140,geocoder
C14-2020-0019,48453002110,484530021100,geocoder
C14-2020-0022,48453002109,484530021090,geocoder
C14-2020-0023,48453001920,484530019200,geocoder
C14-2020-0024,48453001602,484530016020,geocoder
C14-2020-0025,48453002442,484530024420,geocoder
C14-2020-0026,48453000607,484530006070,geocoder
C14-2020-0027.SH,48453034100,484530341000,geocoder
C14-2020-0029,48453002321,484530023210,geocoder
C14-2020-0030,48453002327,484530023270,geocoder
C14-2020-0031.SH,48453002109,484530021090,geocoder
C14-2020-0032,48453000605,484530006050,geocoder
C14-2020-0035,48453000700,484530007000,geocoder
C14-2020-0036,48453001101,484530011010,geocoder
C14-2020-0037,48453030800,484530308000,geocoder
C14-2020-0038,48453002327,484530023270,geocoder
C14-2020-0039,48453002327,484530023270,geocoder
C14-2020-0040,48453035800,484530358000,geocoder
C14-2020-0041,48453032600,484530326000,geocoder
C14-2020-0042,48453002448,484530024480,geocoder
C14-2020-0043,48453001504,484530015040,geocoder
C14-2020-0044,48453002321,484530023210,geocoder
C14-2020-0045,48453043500,484530435000,geocoder
C14-2020-0046,48453032700,484530327000,geocoder
C14-2020-0047,48453001504,484530015040,geocoder
C14-2020-0048,48453001605,484530016050,geocoder
C14-2020-0049,48453001310,484530013100,geocoder
C14-2020-0050,48453045100,484530451000,geocoder
C14-2020-0052,48453001200,484530012000,geocoder
C14-2020-0053,48453002446,484530024460,geocoder
C14-2020-0054,48491020405,484910204050,geocoder
C14-2020-0055,48453002219,484530022190,geocoder
C14-2020-0056,48453002314,484530023140,geocoder
C14-2020-0057,48453002214,484530022140,geocoder
C14-2020-0058,48453002448,484530024480,geocoder
C14-2020-0059,48453042100,484530421000,geocoder
C14-2020-0060,48491020311,484910203110,geocoder
C14-2020-0061,48453044900,484530449000,geocoder
C14-2020-0062,48453002110,484530021100,geocoder
C14-2020-0063,48453001912,484530019120,geocoder
C14-2020-0064,48453002105,484530021050,geocoder
C14-2020-0065,48453001103,484530011030,geocoder
C14-2020-0066,48453034600,484530346000,geocoder
C14-2020-0067,48453001307,484530013070,geocoder
C14-2020-0070,48453002451,484530024510,geocoder
C14-2020-0071,48453002004,484530020040,geocoder
C14-2020-0072,48453040300,484530403000,geocoder
C14-2020-0073,48453002111,484530021110,geocoder
C14-2020-0074,48453000803,484530008030,geocoder
C14-2020-0075,48453001403,484530014030,geocoder
C14-2020-0076,48453002007,484530020070,geocoder
C14-2020-0078,48453035000,484530350000,geocoder
C14-2020-0079,48453002213,484530022130,geocoder
C14-2020-0080,48453002213,484530022130,geocoder
C14-2020-0081,48453001403,484530014030,geocoder
C14-2020-0082,48453002111,484530021110,geocoder
C14-2020-0083,48453000801,484530008010,geocoder
C14-2020-0084,48453030900,484530309000,geocoder
C14-2020-0085,48453001308,484530013080,geocoder
C14-2020-0086,48453002214,484530022140,geocoder
C14-2020-0089,48453002109,484530021090,geocoder
C14-2020-0090,48453002220,484530022200,geocoder
C14-2020-0091,48453002214,484530022140,geocoder
C14-2020-0092,48453045100,484530451000,geocoder
C14-2020-0093,48453002403,484530024030,geocoder
C14-2020-0094,48453035800,484530358000,geocoder
C14-2020-0095,48453035800,484530358000,geocoder
C14-2020-0096,48453001307,484530013070,geocoder
C14-2020-0097,48453001310,484530013100,geocoder
C14-2020-0101,48453002432,484530024320,geocoder
C14-2020-0102,48453033000,484530330000,geocoder
C14-2020-0105,48453000803,484530008030,geocoder
C14-2020-0106,48453000803,484530008030,geocoder
C14-2020-0107,48453000803,484530008030,geocoder
C14-2020-0108,48453002213,484530022130,geocoder
C14-2020-0109,48453002003,484530020030,geocoder
C14-2020-0110,48453044000,484530440000,geocoder
C14-2020-0111,48491020409,484910204090,geocoder
C14-2020-0112,48453000700,484530007000,geocoder
C14-2020-0115,48453040800,484530408000,geocoder
C14-2020-0116,48453002407,484530024070,geocoder
C14-2020-0117,48453045000,484530450000,geocoder
C14-2020-0118,48453045000,484530450000,geocoder
C14-2020-0121,48453002424,484530024240,geocoder
C14-2020-0122,48453043500,484530435000,geocoder
C14-2020-0123,48453043500,484530435000,geocoder
C14-2020-0124,48491020311,484910203110,geocoder
C14-2020-0125,48491020311,484910203110,geocoder
C14-2020-0126,48491020311,484910203110,geocoder
C14-2020-0127,48491020311,484910203110,geocoder
C14-2020-0128,48453045300,484530453000,geocoder
C14-2020-0130,48453001915,484530019150,geocoder
C14-2020-0131,48453002438,484530024380,geocoder
C14-2020-0134,48453002444,484530024440,geocoder
C14-2020-0135.SH,48453002110,484530021100,geocoder
C14-2020-0138,48453002432,484530024320,geocoder
C14-2020-0139,48453002437,484530024370,geocoder
C14-2020-0142,48453002443,484530024430,geocoder
C14-2020-0143,48453043700,484530437000,geocoder
C14-2020-0144,48453001923,484530019230,geocoder
C14-2020-0145,48453000902,484530009020,geocoder
C14-2020-0146,48453031600,484530316000,geocoder
C14-2020-0147,48453001401,484530014010,geocoder
C14-2020-0149,48453002004,484530020040,geocoder
C14-2020-0150,48453002214,484530022140,geocoder
C14-2020-0151,48453002422,484530024220,geocoder
C14-2020-0152,48453002453,484530024530,geocoder
C14-2020-0154,48453045400,484530454000,geocoder
C14-2021-0001,48453002111,484530021110,geocoder
C14-2021-0002.SH,48453041900,484530419000,geocoder
C14-2021-0003,48491020356,484910203560,geocoder
C14-2021-0005.SH,48453043400,484530434000,geocoder
C14-2021-0007,48453001307,484530013070,geocoder
C14-2021-0008.SH,48453002315,484530023150,geocoder
C14-2021-0009,48453001309,484530013090,geocoder
C14-2021-0010,48453000607,484530006070,geocoder
C14-2021-0011,48453000902,484530009020,geocoder
C14-2021-0012,48491020410,484910204100,geocoder
C14-2021-0014,48453002304,484530023040,geocoder
C14-2021-0015,48453002403,484530024030,geocoder
C14-2021-0016,48453045000,484530450000,geocoder
C14-2021-0017,48453002107,484530021070,geocoder
C14-2021-0018,48453000205,484530002050,geocoder
C14-2021-0019,48453000205,484530002050,geocoder
C14-2021-0020.SH,48453002111,484530021110,geocoder
C14-2021-0021,48453002201,484530022010,geocoder
C14-2021-0022.SH,48453002403,484530024030,geocoder
C14-2021-0023.SH,48453040200,484530402000,geocoder
C14-2021-0024,48453044000,484530440000,geocoder
C14-2021-0025,48453000700,484530007000,geocoder
C14-2021-0026,48453041500,484530415000,geocoder
C14-2021-0027,48453041500,484530415000,geocoder
C14-2021-0028,48453041500,484530415000,geocoder
C14-2021-0029,48453002304,484530023040,geocoder
C14-2021-0030,48453002403,484530024030,geocoder
C14-2021-0031,48453002220,484530022200,geocoder
C14-2021-0032,48453002111,484530021110,geocoder
C14-2021-0034,48453002105,484530021050,geocoder
C14-2021-0035,48453002424,484530024240,geocoder
C14-2021-0036,48453033000,484530330000,geocoder
C14-2021-0038,48491020406,484910204060,geocoder
C14-2021-0039,48453041000,484530410000,geocoder
C14-2021-0040,48453002310,484530023100,geocoder
C14-2021-0041,48453001504,484530015040,geocoder
C14-2021-0042,48453002109,484530021090,geocoder
C14-2021-0043,48453041900,484530419000,geocoder
C14-2021-0044,48453001504,484530015040,geocoder
C14-2021-0045,48453002449,484530024490,geocoder
C14-2021-0046,48453002449,484530024490,geocoder
C14-2021-0047,48453002449,484530024490,geocoder
C14-2021-0048,48453002449,484530024490,geocoder
C14-2021-0049,48453002449,484530024490,geocoder
C14-2021-0050,48453002437,484530024370,geocoder
C14-2021-0053,48453040200,484530402000,geocoder
C14-2021-0054,48453041100,484530411000,geocoder
C14-2021-0055,48453001504,484530015040,geocoder
C14-2021-0056,48453002424,484530024240,geocoder
C14-2021-0058,48453000902,484530009020,geocoder
C14-2021-0059,48453040500,484530405000,geocoder
C14-2021-0060,48453002424,484530024240,geocoder
C14-2021-0061,48453000902,484530009020,geocoder
C14-2021-0070,48453001602,484530016020,geocoder
C14-2021-0071,48453001602,484530016020,geocoder
C14-2021-0072,48453001602,484530016020,geocoder
C14-2021-0073,48453001602,484530016020,geocoder
C14-2021-0074,48453001200,484530012000,geocoder
C14-2021-0075,48453002314,484530023140,geocoder
C14-2021-0076,48453032400,484530324000,geocoder
C14-2021-0077,48453032400,484530324000,geocoder
C14-2021-0078,48453001101,484530011010,geocoder
C14-2021-0079,48453040900,484530409000,geocoder
C14-2021-0080,48453043900,484530439000,geocoder
C14-2021-0081,48453001200,484530012000,geocoder
C14-2021-0082,48453002107,484530021070,geocoder
C14-2021-0083,48453001000,484530010000,geocoder
C14-2021-0084,48453001304,484530013040,geocoder
C14-2021-0087,48453002214,484530022140,geocoder
C14-2021-0088,48453001920,484530019200,geocoder
C14-2021-0089,48453031900,484530319000,geocoder
C14-2021-0090,48491020404,484910204040,geocoder
C14-2021-0091,48453044000,484530440000,geocoder
C14-2021-0092,48453030900,484530309000,geocoder
C14-2021-0093,48453002451,484530024510,geocoder
C14-2021-0094,48453002451,484530024510,geocoder
C14-2021-0095,48453030900,484530309000,geocoder
C14-2021-0096,48453032600,484530326000,geocoder
C14-2021-0098.SH,48453000801,484530008010,geocoder
C14-2021-0100,48453030200,484530302000,geocoder
C14-2021-0101,48453045400,484530454000,geocoder
C14-2021-0103,48491020409,484910204090,geocoder
C14-2021-0104,48453043500,484530435000,geocoder
C14-2021-0105,48453002424,484530024240,geocoder
C14-2021-0106,48453044300,484530443000,geocoder
C14-2021-0107,48453002448,484530024480,geocoder
C14-2021-0108,48453002422,484530024220,geocoder
C14-2021-0109,48453032700,484530327000,geocoder
C14-2021-0110,48453000801,484530008010,geocoder
C14-2021-0111,48453001200,484530012000,geocoder
C14-2021-0112,48453001200,484530012000,geocoder
C14-2021-0113,48453001200,484530012000,geocoder
C14-2021-0114,48453035800,484530358000,geocoder
C14-2021-0115,48453002006,484530020060,geocoder
C14-2021-0117,48453002438,484530024380,geocoder
C14-2021-0118,48453002500,484530025000,geocoder
C14-2021-0119,48453002423,484530024230,geocoder
C14-2021-0120,48453002310,484530023100,geocoder
C14-2021-0121,48453000902,484530009020,geocoder
C14-2021-0122,48453002438,484530024380,geocoder
C14-2021-0123,48453002422,484530024220,geocoder
C14-2021-0124,48453000902,484530009020,geocoder
C14-2021-0125,48453002111,484530021110,geocoder
C14-2021-0126,48453034600,484530346000,geocoder
C14-2021-0127,48453002213,484530022130,geocoder
C14-2021-0128,48453002320,484530023200,geocoder
C14-2021-0129,48453030900,484530309000,geocoder
C14-2021-0130,48453033000,484530330000,geocoder
C14-2021-0131,48453002111,484530021110,geocoder
C14-2021-0132,48453000901,484530009010,geocoder
C14-2021-0133.SH,48453002112,484530021120,geocoder
C14-2021-0134,48453002214,484530022140,geocoder
C14-2021-0136,48453031800,484530318000,geocoder
C14-2021-0137,48453001603,484530016030,geocoder
C14-2021-0138,48453000902,484530009020,geocoder
C14-2021-0139,48453001403,484530014030,geocoder
C14-2021-0140,48453002452,484530024520,geocoder
C14-2021-0141,48453002213,484530022130,geocoder
C14-2021-0142,48491020408,484910204080,geocoder
C14-2021-0143,48491020408,484910204080,geocoder
C14-2021-0145,48453002213,484530022130,geocoder
C14-2021-0146,48453002451,484530024510,geocoder
C14-2021-0147,48491020410,484910204100,geocoder
C14-2021-0148,48453030000,484530300000,geocoder
C14-2021-0150,48453030900,484530309000,geocoder
C14-2021-0151,48453033200,484530332000,geocoder
C14-2021-0153,48453000902,484530009020,geocoder
C14-2021-0154,48453002007,484530020070,geocoder
C14-2021-0155,48491020408,484910204080,geocoder
C14-2021-0156,48453002438,484530024380,geocoder
C14-2021-0157,48453002214,484530022140,geocoder
C14-2021-0158,48453002214,484530022140,geocoder
C14-2021-0159,48453032900,484530329000,geocoder
C14-2021-0160,48453040400,484530404000,geocoder
C14-2021-0161,48453031000,484530310000,geocoder
C14-2021-0162,48453002105,484530021050,geocoder
C14-2021-0166,48453002444,484530024440,geocoder
C14-2021-0168,48491020406,484910204060,geocoder
C14-2021-0170,48453002310,484530023100,geocoder
C14-2021-0171,48453044900,484530449000,geocoder
C14-2021-0172.SH,48453000801,484530008010,geocoder
C14-2021-0173,48453045300,484530453000,geocoder
C14-2021-0174,48453001101,484530011010,geocoder
C14-2021-0177,48453002002,484530020020,geocoder
C14-2021-0179,48453000902,484530009020,geocoder
C14-2021-0182,48453002448,484530024480,geocoder
C14-2021-0183,48453000302,484530003020,geocoder
C14-2021-0184,48453032900,484530329000,geocoder
C14-2021-0185,48453001311,484530013110,geocoder
C14-2021-0186,48453044300,484530443000,geocoder
C14-2021-0187,48453037200,484530372000,geocoder
C14-2021-0188,48453002407,484530024070,geocoder
C14-2021-0189,48453030000,484530300000,geocoder
C14-2021-0190,48453000902,484530009020,geocoder
C14-2021-0191,48453045400,484530454000,geocoder
C14-2021-0192,48453000606,484530006060,geocoder
C14-2021-0193,48453002422,484530024220,geocoder
C14-2021-0194,48453042400,484530424000,geocoder
C14-2021-0195,48453044300,484530443000,geocoder
C14-2022-0001,48453002304,484530023040,geocoder
C14-2022-0002,48491020406,484910204060,geocoder
C14-2022-0003,48453002105,484530021050,geocoder
C14-2022-0004,48453002424,484530024240,geocoder
C14-2022-0007,48453002445,484530024450,geocoder
C14-2022-0008.SH,48453002107,484530021070,geocoder
C14-2022-0009,48453002108,484530021080,geocoder
C14-2022-0010,48453001603,484530016030,geocoder
C14-2022-0011,48453000700,484530007000,geocoder
C14-2022-0012,48453002422,484530024220,geocoder
C14-2022-0013,48453002447,484530024470,geocoder
C14-2022-0014,48453043500,484530435000,geocoder
C14-2022-0015,48453002111,484530021110,geocoder
C14-2022-0016,48453031900,484530319000,geocoder
C14-2022-0017,48453002110,484530021100,geocoder
C14-2022-0018.SH,48453002105,484530021050,geocoder
C14-2022-0019.SH,48453000302,484530003020,geocoder
C14-2022-0020,48453031900,484530319000,geocoder
C14-2022-0021,48453001603,484530016030,geocoder
C14-2022-0022,48453040900,484530409000,geocoder
C14-2022-0024,48453002444,484530024440,geocoder
C14-2022-0025,48453001921,484530019210,geocoder
C14-2022-0026,48453000700,484530007000,geocoder
C14-2022-0027,48453001503,484530015030,geocoder
C14-2022-0028,48453001503,484530015030,geocoder
C14-2022-0029,48453001503,484530015030,geocoder
C14-2022-0030,48453001503,484530015030,geocoder
C14-2022-0031,48453001504,484530015040,geocoder
C14-2022-0033,48453002424,484530024240,geocoder
C14-2022-0034,48453001307,484530013070,geocoder
C14-2022-0035,48453001504,484530015040,geocoder
C14-2022-0036,48453001503,484530015030,geocoder
C14-2022-0037,48453044900,484530449000,geocoder
C14-2022-0038,48453002304,484530023040,geocoder
C14-2022-0039,48453002422,484530024220,geocoder
C14-2022-0040,48453043500,484530435000,geocoder
C14-2022-0041,48491020406,484910204060,geocoder
C14-2022-0042,48453002432,484530024320,geocoder
C14-2022-0043,48453002201,484530022010,geocoder
C14-2022-0044,48453034600,484530346000,geocoder
C14-2022-0045,48453045400,484530454000,geocoder
C14-2022-0046,48491020311,484910203110,geocoder
C14-2022-0047,48453001200,484530012000,geocoder
C14-2022-0048,48453030900,484530309000,geocoder
C14-2022-0049,48453043700,484530437000,geocoder
C14-2022-0050,48453000206,484530002060,geocoder
C14-2022-0051,48453033500,484530335000,geocoder
C14-2022-0052,48453002109,484530021090,geocoder
C14-2022-0053,48453002438,484530024380,geocoder
C14-2022-0054,48453002111,484530021110,geocoder
C14-2022-0055,48453001101,484530011010,geocoder
C14-2022-0056,48453002424,484530024240,geocoder
C14-2022-0057,48453001304,484530013040,geocoder
C14-2022-0058,48453032900,484530329000,geocoder
C14-2022-0059,48453002448,484530024480,geocoder
C14-2022-0060,48453002448,484530024480,geocoder
C14-2022-0062,48453002403,484530024030,geocoder
C14-2022-0063,48453002214,484530022140,geocoder
C14-2022-0064,48453002004,484530020040,geocoder
C14-2022-0066,48453041200,484530412000,geocoder
C14-2022-0067,48453002441,484530024410,geocoder
C14-2022-0068,48453031000,484530310000,geocoder
C14-2022-0069,48453002437,484530024370,geocoder
C14-2022-0070,48453002111,484530021110,geocoder
C14-2022-0074,48491020311,484910203110,geocoder
C14-2022-0075,48453030000,484530300000,geocoder
C14-2022-0076,48453000204,484530002040,geocoder
C14-2022-0077,48453002422,484530024220,geocoder
C14-2022-0079,48453002219,484530022190,geocoder
C14-2022-0080,48453000700,484530007000,geocoder
C14-2022-0081,48453001311,484530013110,geocoder
C14-2022-0082,48453001311,484530013110,geocoder
C14-2022-0083,48453001304,484530013040,geocoder
C14-2022-0084,48453001200,484530012000,geocoder
C14-2022-0085,48453041600,484530416000,geocoder
C14-2022-0086,48453002002,484530020020,geocoder
C14-2022-0087,48453030200,484530302000,geocoder
C14-2022-0088,48453002413,484530024130,geocoder
C14-2022-0089,48453041600,484530416000,geocoder
C14-2022-0090,48453002314,484530023140,geocoder
C14-2022-0091,48453000902,484530009020,geocoder
C14-2022-0092,48453041400,484530414000,geocoder
C14-2022-0093,48453000700,484530007000,geocoder
C14-2022-0094,48453040200,484530402000,geocoder
C14-2022-0096,48453030000,484530300000,geocoder
C14-2022-0097,48453002310,484530023100,geocoder
C14-2022-0100,48453002424,484530024240,geocoder
C14-2022-0101,48453002322,484530023220,geocoder
C14-2022-0102,48453001102,484530011020,geocoder
C14-2022-0103,48453002111,484530021110,geocoder
C14-2022-0104,48453002112,484530021120,geocoder
C14-2022-0105,48453002110,484530021100,geocoder
C14-2022-0106,48453002110,484530021100,geocoder
C14-2022-0107,48453002321,484530023210,geocoder
C14-2022-0109,48453002110,484530021100,geocoder
C14-2022-0110,48453002424,484530024240,geocoder
C14-2022-0111,48453040500,484530405000,geocoder
C14-2022-0112,48453000902,484530009020,geocoder
C14-2022-0113,48453001912,484530019120,geocoder
C14-2022-0114,48453002320,484530023200,geocoder
C14-2022-0115,48453002107,484530021070,geocoder
C14-2022-0116,48453002444,484530024440,geocoder
C14-2022-0117,48453040400,484530404000,geocoder
C14-2022-0118,48453043300,484530433000,geocoder
C14-2022-0118(RCT),48453043300,484530433000,geocoder
C14-2022-0119,48453000305,484530003050,geocoder
C14-2022-0120,48453000205,484530002050,geocoder
C14-2022-0121,48453002111,484530021110,geocoder
C14-2022-0122.SH,48453002110,484530021100,geocoder
C14-2022-0131,48453002432,484530024320,geocoder
C14-2022-0132,48453002109,484530021090,geocoder
C14-2022-0133,48453043500,484530435000,geocoder
C14-2022-0135,48453002449,484530024490,geocoder
C14-2022-0136,48453040900,484530409000,geocoder
C14-2022-0137,48453000700,484530007000,geocoder
C14-2022-0140,48453000205,484530002050,geocoder
C14-2022-0140(RCT),48453000205,484530002050,geocoder
C14-2022-0141,48453001101,484530011010,geocoder
C14-2022-0142,48491020410,484910204100,geocoder
C14-2022-0143,48453030500,484530305000,geocoder
C14-2022-0144,48453034600,484530346000,geocoder
C14-2022-0145,48453034600,484530346000,geocoder
C14-2022-0146,48453002448,484530024480,geocoder
C14-2022-0147,48453002449,484530024490,geocoder
C14-2022-0148,48453002448,484530024480,geocoder
C14-2022-0149,48453000902,484530009020,geocoder
C14-2022-0150,48453000802,484530008020,geocoder
C14-2022-0151,48453030500,484530305000,geocoder
C14-2022-0153,48453045100,484530451000,geocoder
C14-2022-0154,48453040700,484530407000,geocoder
C14-2022-0155,48453002322,484530023220,geocoder
C14-2022-0156,48453002219,484530022190,geocoder
C14-2022-0157,48453045400,484530454000,geocoder
C14-2022-0158,48453002409,484530024090,geocoder
C14-2022-0159,48453032900,484530329000,geocoder
C14-2022-0160,48453033000,484530330000,geocoder
C14-2022-0161,48453030000,484530300000,geocoder
C14-2022-0162,48453041000,484530410000,geocoder
C14-2022-0163,48453032400,484530324000,geocoder
C14-2022-0164,48453001200,484530012000,geocoder
C14-2022-0166,48453043200,484530432000,geocoder
C14-2022-0167,48453043900,484530439000,geocoder
C14-2022-0168,48453032700,484530327000,geocoder
C14-2022-0169,48453002438,484530024380,geocoder
C14-2022-0170,48453043900,484530439000,geocoder
C14-2022-0171,48453040400,484530404000,geocoder
C14-2022-0172,48453002314,484530023140,geocoder
C14-2022-0173,48453030000,484530300000,geocoder
C14-2022-0174,48453001923,484530019230,geocoder
C14-2022-0175,48453002452,484530024520,geocoder
C14-2022-0177,48453001101,484530011010,geocoder
C14-2022-0203,48453002321,484530023210,geocoder
C14-2022-0204,48491020405,484910204050,geocoder
C14-2022-0205,48453000803,484530008030,geocoder
C14-2022-0206,48453040800,484530408000,geocoder
C14-2022-0211,48453002321,484530023210,geocoder
C14-2023-0001,48453000302,484530003020,geocoder
C14-2023-0002,48453002215,484530022150,geocoder
C14-2023-0004,48453002424,484530024240,geocoder
C14-2023-0005,48453030700,484530307000,geocoder
C14-2023-0006,48453002424,484530024240,geocoder
C14-2023-0007.SH,48453002410,484530024100,geocoder
C14-2023-0008,48453032900,484530329000,geocoder
C14-2023-0009,48453001304,484530013040,geocoder
C14-2023-0010,48491020405,484910204050,geocoder
C14-2023-0011,48491020408,484910204080,geocoder
C14-2023-0012,48453000401,484530004010,geocoder
C14-2023-0013,48453000902,484530009020,geocoder
C14-2023-0014,48453002424,484530024240,geocoder
C14-2023-0015,48453001311,484530013110,geocoder
C14-2023-0016,48453002310,484530023100,geocoder
C14-2023-0017,48453001503,484530015030,geocoder
C14-2023-0018.SH,48453000902,484530009020,geocoder
C14-2023-0019,48453000205,484530002050,geocoder
C14-2023-0020,48453000902,484530009020,geocoder
C14-2023-0021,48453001312,484530013120,geocoder
C14-2023-0022,48453002110,484530021100,geocoder
C14-2023-0023,48453001200,484530012000,geocoder
C14-2023-0025,48453002322,484530023220,geocoder
C14-2023-0026,48453043200,484530432000,geocoder
C14-2023-0028,48453001311,484530013110,geocoder
C14-2023-0029,48453001503,484530015030,geocoder
C14-2023-0030,48453030300,484530303000,geocoder
C14-2023-0032,48453002424,484530024240,geocoder
C14-2023-0033,48491020406,484910204060,geocoder
C14-2023-0034,48453002444,484530024440,geocoder
C14-2023-0035,48453002105,484530021050,geocoder
C14-2023-0036,48453001923,484530019230,geocoder
C14-2023-0037,48453002422,484530024220,geocoder
C14-2023-0038.SH,48453002109,484530021090,geocoder
C14-2023-0039,48453001310,484530013100,geocoder
C14-2023-0040,48453045400,484530454000,geocoder
C14-2023-0041,48453002320,484530023200,geocoder
C14-2023-0042,48453002410,484530024100,geocoder
C14-2023-0043,48453002403,484530024030,geocoder
C14-2023-0044,48453002403,484530024030,geocoder
C14-2023-0045,48453045400,484530454000,geocoder
C14-2023-0046,48453002403,484530024030,geocoder
C14-2023-0047,48453002316,484530023160,geocoder
C14-2023-0048,48453001501,484530015010,geocoder
C14-2023-0049,48453002111,484530021110,geocoder
C14-2023-0050,48453002111,484530021110,geocoder
C14-2023-0051,48453040400,484530404000,geocoder
C14-2023-0052,48453002313,484530023130,geocoder
C14-2023-0053,48453000102,484530001020,geocoder
C14-2023-0054,48453044100,484530441000,geocoder
C14-2023-0055,48453043900,484530439000,geocoder
C14-2023-0056,48453032000,484530320000,geocoder
C14-2023-0058,48453037200,484530372000,geocoder
C14-2023-0059,48453002424,484530024240,geocoder
C14-2023-0060,48453000205,484530002050,geocoder
C14-2023-0061,48453002201,484530022010,geocoder
C14-2023-0063,48453043400,484530434000,geocoder
C14-2023-0064,48453001312,484530013120,geocoder
C14-2023-0065,48453000205,484530002050,geocoder
C14-2023-0066,48453030900,484530309000,geocoder
C14-2023-0067,48453032500,484530325000,geocoder
C14-2023-0068,48453033500,484530335000,geocoder
C14-2023-0070,48453032900,484530329000,geocoder
C14-2023-0071.SH,48453002413,484530024130,geocoder
C14-2023-0072,48453000302,484530003020,geocoder
C14-2023-0073,48453043900,484530439000,geocoder
C14-2023-0075,48453002310,484530023100,geocoder
C14-2023-0076,48453002219,484530022190,geocoder
C14-2023-0077,48453001501,484530015010,geocoder
C14-2023-0078.SH,48453002413,484530024130,geocoder
C14-2023-0080,48453040500,484530405000,geocoder
C14-2023-0081,48453002322,484530023220,geocoder
C14-2023-0083,48453002500,484530025000,geocoder
C14-2023-0084,48453002110,484530021100,geocoder
C14-2023-0086,48453002441,484530024410,geocoder
C14-2023-0087,48453002214,484530022140,geocoder
C14-2023-0088,48453001101,484530011010,geocoder
C14-2023-0089,48453002403,484530024030,geocoder
C14-2023-0093,48453002448,484530024480,geocoder
C14-2023-0094,48453002002,484530020020,geocoder
C14-2023-0095,48453002222,484530022220,geocoder
C14-2023-0096,48453002003,484530020030,geocoder
C14-2023-0097,48491020406,484910204060,geocoder
C14-2023-0098,48453001304,484530013040,geocoder
C14-2023-0099,48453040000,484530400000,geocoder
C14-2023-0100,48491020409,484910204090,geocoder
C14-2023-0101,48453001200,484530012000,geocoder
C14-2023-0103,48453002424,484530024240,geocoder
C14-2023-0104,48453032400,484530324000,geocoder
C14-2023-0106,48453041700,484530417000,geocoder
C14-2023-0107,48453002112,484530021120,geocoder
C14-2023-0108,48453002110,484530021100,geocoder
C14-2023-0109,48453002403,484530024030,geocoder
C14-2023-0110,48453000307,484530003070,geocoder
C14-2023-0111,48453000902,484530009020,geocoder
C14-2023-0112.SH,48453002214,484530022140,geocoder
C14-2023-0113,48453042100,484530421000,geocoder
C14-2023-0114,48453001309,484530013090,geocoder
C14-2023-0116,48453002006,484530020060,geocoder
C14-2023-0117,48453002109,484530021090,geocoder
C14-2023-0118,48453002441,484530024410,geocoder
C14-2023-0119,48453002327,484530023270,geocoder
C14-2023-0120,48453002422,484530024220,geocoder
C14-2023-0121,48453002445,484530024450,geocoder
C14-2023-0122,48453001503,484530015030,geocoder
C14-2023-0123,48453002315,484530023150,geocoder
C14-2023-0124,48453001200,484530012000,geocoder
C14-2023-0125,48453000101,484530001010,geocoder
C14-2023-0126,48453030100,484530301000,geocoder
C14-2023-0127,48453030900,484530309000,geocoder
C14-2023-0128,48453002423,484530024230,geocoder
C14-2023-0129,48453000803,484530008030,geocoder
C14-2023-0130,48453000401,484530004010,geocoder
C14-2023-0131,48453000902,484530009020,geocoder
C14-2023-0132,48453001503,484530015030,geocoder
C14-2023-0133,48453001503,484530015030,geocoder
C14-2023-0134,48453002316,484530023160,geocoder
C14-2023-0135,48453002316,484530023160,geocoder
C14-2023-0138,48453001605,484530016050,geocoder
C14-2023-0139,48453001312,484530013120,geocoder
C14-2023-0140,48453002220,484530022200,geocoder
C14-2023-0141.SH,48453002109,484530021090,geocoder
C14-2023-0144,48453045400,484530454000,geocoder
C14-2023-0146,48453001304,484530013040,geocoder
C14-2023-0148,48453000302,484530003020,geocoder
C14-2023-0149,48453040800,484530408000,geocoder
C14-2023-0150,48453040800,484530408000,geocoder
C14-2023-0151,48453002104,484530021040,geocoder
C14-2023-0152,48453040500,484530405000,geocoder
C14-2023-0153,48453000902,484530009020,geocoder
C14-2023-0154,48453034300,484530343000,geocoder
C14-2023-0155,48453031900,484530319000,geocoder
C14-2023-0156,48453002111,484530021110,geocoder
C14-2024-0001,48453032500,484530325000,geocoder
C14-2024-0003,48453045200,484530452000,geocoder
C14-2024-0004,48453001503,484530015030,geocoder
C14-2024-0005,48453045300,484530453000,geocoder
C14-2024-0006,48453002214,484530022140,geocoder
C14-2024-0007,48453001200,484530012000,geocoder
C14-2024-0008,48453041000,484530410000,geocoder
C14-2024-0009,48453032500,484530325000,geocoder
C14-2024-0010,48453000902,484530009020,geocoder
C14-2024-0012.SH,48453002112,484530021120,geocoder
C14-2024-0014,48453046500,484530465000,geocoder
C14-2024-0015,48453002325,484530023250,geocoder
C14-2024-0017,48453000902,484530009020,geocoder
C14-2024-0018,48453002304,484530023040,geocoder
C14-2024-0019.SH,48453002111,484530021110,geocoder
C14-2024-0021,48453002214,484530022140,geocoder
C14-2024-0022,48453002007,484530020070,geocoder
C14-2024-0023,48453002002,484530020020,geocoder
C14-2024-0024,48453000700,484530007000,geocoder
C14-2024-0025.SH,48453000700,484530007000,geocoder
C14-2024-0026,48453040700,484530407000,geocoder
C14-2024-0027,48453000902,484530009020,geocoder
C14-2024-0028,48453002452,484530024520,geocoder
C14-2024-0029,48453000902,484530009020,geocoder
C14-2024-0031,48453001401,484530014010,geocoder
C14-2024-0032,48453001920,484530019200,geocoder
C14-2024-0033,48453002409,484530024090,geocoder
C14-2024-0035,48453000500,484530005000,geocoder
C14-2024-0036,48453001503,484530015030,geocoder
C14-2024-0037,48453002111,484530021110,geocoder
C14-2024-0038,48453001304,484530013040,geocoder
C14-2024-0039,48453000902,484530009020,geocoder
C14-2024-0040,48453032000,484530320000,geocoder
C14-2024-0041,48453031900,484530319000,geocoder
C14-2024-0042,48453002006,484530020060,geocoder
C14-2024-0043,48453000401,484530004010,geocoder
C14-2024-0044,48453000302,484530003020,geocoder
C14-2024-0045,48453042100,484530421000,geocoder
C14-2024-0046,48453000902,484530009020,geocoder
C14-2024-0047,48453002422,484530024220,geocoder
C14-2024-0048,48453000401,484530004010,geocoder
C14-2024-0049,48453001503,484530015030,geocoder
C14-2024-0051,48453001604,484530016040,geocoder
C14-2024-0052,48453002322,484530023220,geocoder
C14-2024-0053,48453002007,484530020070,geocoder
C14-2024-0054,48453030200,484530302000,geocoder
C14-2024-0055,48453002105,484530021050,geocoder
C14-2024-0056,48453040100,484530401000,geocoder
C14-2024-0057,48453002441,484530024410,geocoder
C14-2024-0058,48453002003,484530020030,geocoder
C14-2024-0059,48453001603,484530016030,geocoder
C14-2024-0060,48453000305,484530003050,geocoder
C14-2024-0061,48453000802,484530008020,geocoder
C14-2024-0062,48453002319,484530023190,geocoder
C14-2024-0063,48453000902,484530009020,geocoder
C14-2024-0064,48453001503,484530015030,geocoder
C14-2024-0065,48453001503,484530015030,geocoder
C14-2024-0066,48453002327,484530023270,geocoder
C14-2024-0067.SH,48453041000,484530410000,geocoder
C14-2024-0068,48453000204,484530002040,geocoder
C14-2024-0069,48453002220,484530022200,geocoder
C14-2024-0070,48453000802,484530008020,geocoder
C14-2024-0071,48453001304,484530013040,geocoder
C14-2024-0072,48453032100,484530321000,geocoder
C14-2024-0073,48453001923,484530019230,geocoder
C14-2024-0074,48453040800,484530408000,geocoder
C14-2024-0075,48453040500,484530405000,geocoder
C14-2024-0076,48453001501,484530015010,geocoder
C14-2024-0077,48453000401,484530004010,geocoder
C14-2024-0079,48453000101,484530001010,geocoder
C14-2024-0080,48453001503,484530015030,geocoder
C14-2024-0081,48453002111,484530021110,geocoder
C14-2024-0082,48453043600,484530436000,geocoder
C14-2024-0083,48453002500,484530025000,geocoder
C14-2024-0084,48453002211,484530022110,geocoder
C14-2024-0085,48453002410,484530024100,geocoder
C14-2024-0087,48491020410,484910204100,geocoder
C14-2024-0088,48453002002,484530020020,geocoder
C14-2024-0089,48453002424,484530024240,geocoder
C14-2024-0090,48453045300,484530453000,geocoder
C14-2024-0091,48453032700,484530327000,geocoder
C14-2024-0092,48453031900,484530319000,geocoder
C14-2024-0093,48453002424,484530024240,geocoder
C14-2024-0095,48453000607,484530006070,geocoder
C14-2024-0097,48453030300,484530303000,geocoder
C14-2024-0099,48453002321,484530023210,geocoder
C14-2024-0101,48453041200,484530412000,geocoder
C14-2024-0104,48453002107,484530021070,geocoder
C14-2024-0105,48453002214,484530022140,geocoder
C14-2024-0106,48453000101,484530001010,geocoder
C14-2024-0107,48453000402,484530004020,geocoder
C14-2024-0108,48453002215,484530022150,geocoder
C14-2024-0109,48453002111,484530021110,geocoder
C14-2024-0110,48453000205,484530002050,geocoder
C14-2024-0111,48453000402,484530004020,geocoder
C14-2024-0112,48453001503,484530015030,geocoder
C14-2024-0113,48453001503,484530015030,geocoder
C14-2024-0114,48453000304,484530003040,geocoder
C14-2024-0116,48453000205,484530002050,geocoder
C14-2024-0118.SH,48453002222,484530022220,geocoder
C14-2024-0119,48453001307,484530013070,geocoder
C14-2024-0120,48453002325,484530023250,geocoder
C14-2024-0121,48453000302,484530003020,geocoder
C14-2024-0122,48453002107,484530021070,geocoder
C14-2024-0124,48453001310,484530013100,geocoder
C14-2024-0125,48453045300,484530453000,geocoder
C14-2024-0126,48453045300,484530453000,geocoder
C14-2024-0127,48453002214,484530022140,geocoder
C14-2024-0128,48453002110,484530021100,geocoder
C14-2024-0129,48453045400,484530454000,geocoder
C14-2024-0130,48453044900,484530449000,geocoder
C14-2024-0133,48453002313,484530023130,geocoder
C14-2024-0134,48453001200,484530012000,geocoder
C14-2024-0135,48453001200,484530012000,geocoder
C14-2024-0137,48453001311,484530013110,geocoder
C14-2024-0138,48453040500,484530405000,geocoder
C14-2024-0139,48453045300,484530453000,geocoder
C14-2024-0140,48453002007,484530020070,geocoder
C14-2024-0141,48453002314,484530023140,geocoder
C14-2024-0142,48453043900,484530439000,geocoder
C14-2024-0143,48453001503,484530015030,geocoder
C14-2024-0145,48453000902,484530009020,geocoder
C14-2024-0146,48453001403,484530014030,geocoder
C14-2024-0147,48453001403,484530014030,geocoder
C14-2024-0148,48453001912,484530019120,geocoder
C14-2024-0149,48453002108,484530021080,geocoder
C14-2024-0151,48453031600,484530316000,geocoder
C14-2024-0152,48453001503,484530015030,geocoder
C14-2024-0155,48453000700,484530007000,geocoder
C14-2024-0158,48453040500,484530405000,geocoder
C14-2024-0159,48491020410,484910204100,geocoder
C14-2024-0160,48453001101,484530011010,geocoder
C14-2024-0161,48453001200,484530012000,geocoder
C14-2024-0163,48453001304,484530013040,geocoder
C14-2024-0164,48453041000,484530410000,geocoder
C14-2024-0165,48453034600,484530346000,geocoder
C14-2024-0166,48453002003,484530020030,geocoder
C14-2024-0167,48453001503,484530015030,geocoder
C14-2024-0168,48453002443,484530024430,geocoder
C14-2024-0169,48453034600,484530346000,geocoder
C14-2024-0170,48453031600,484530316000,geocoder
C14-2024-0172,48453002322,484530023220,geocoder
C14-2024-0173,48453043500,484530435000,geocoder
C14-2024-0174,48453001101,484530011010,geocoder
C14-2024-0175,48453002109,484530021090,geocoder
C14-2024-0176,48453000607,484530006070,geocoder
C14-2024-0177,48453045100,484530451000,geocoder
C14-2024-0178,48453002201,484530022010,geocoder
C14-2024-0179,48453001200,484530012000,geocoder
C14-2024-0180,48453002105,484530021050,geocoder
C14-2024-0181,48453032300,484530323000,geocoder
C14-2024-0182,48453002410,484530024100,geocoder
C14-2024-0183,48453044200,484530442000,geocoder
C14-2024-0184,48453002003,484530020030,geocoder
C14-2024-0187,48491020406,484910204060,geocoder
C14-2025-0002,48453002424,484530024240,geocoder
C14-2025-0004,48453002111,484530021110,geocoder
C14-2025-0005,48453002111,484530021110,geocoder
C14-2025-0006,48453000204,484530002040,geocoder
C14-2025-0007,48453000204,484530002040,geocoder
C14-2025-0008,48453000204,484530002040,geocoder
C14-2025-0009,48453000204,484530002040,geocoder
C14-2025-0010,48453001503,484530015030,geocoder
C14-2025-0011,48453033200,484530332000,geocoder
C14-2025-0012,48453001503,484530015030,geocoder
C14-2025-0013,48453031900,484530319000,geocoder
C14-2025-0014,48453001503,484530015030,geocoder
C14-2025-0015,48453001503,484530015030,geocoder
C14-2025-0016,48453001503,484530015030,geocoder
C14-2025-0017,48453001503,484530015030,geocoder
C14-2025-0018,48453002316,484530023160,geocoder
C14-2025-0019,48453000902,484530009020,geocoder
C14-2025-0020,48453001912,484530019120,geocoder
C14-2025-0021,48453000309,484530003090,geocoder
C14-2025-0023,48453000204,484530002040,geocoder
C14-2025-0024,48453002007,484530020070,geocoder
C14-2025-0025,48453002410,484530024100,geocoder
C14-2025-0026,48453001602,484530016020,geocoder
C14-2025-0027,48453002322,484530023220,geocoder
C14-2025-0028.SH,48453001310,484530013100,geocoder
C14-2025-0029,48453000309,484530003090,geocoder
C14-2025-0030,48453000901,484530009010,geocoder
C14-2025-0032,48491020405,484910204050,geocoder
C14-2025-0034.SH,48453000500,484530005000,geocoder
C14-2025-0035,48453002214,484530022140,geocoder
C14-2025-0036,48453000902,484530009020,geocoder
C14-2025-0037,48453002216,484530022160,geocoder
C14-2025-0038,48453001915,484530019150,geocoder
C14-2025-0039,48453001307,484530013070,geocoder
C14-2025-0040,48453002403,484530024030,geocoder
C14-2025-0041,48453035800,484530358000,geocoder
C14-2025-0042,48453040700,484530407000,geocoder
C14-2025-0043,48453001200,484530012000,geocoder
C14-2025-0044,48453001312,484530013120,geocoder
C14-2025-0045,48453002201,484530022010,geocoder
C14-2025-0046,48453000607,484530006070,geocoder
C14-2025-0047,48453030100,484530301000,geocoder
C14-2025-0048,48453002444,484530024440,geocoder
C14-2025-0049,48453000802,484530008020,geocoder
C14-2025-0050,48453000206,484530002060,geocoder
C14-2025-0051,48453002307,484530023070,geocoder
C14-2025-0052,48453040700,484530407000,geocoder
C14-2025-0053,48453000500,484530005000,geocoder
C14-2025-0054,48453033800,484530338000,geocoder
C14-2025-0055,48453034100,484530341000,geocoder
C14-2025-0056,48491020405,484910204050,geocoder
C14-2025-0057,48453001310,484530013100,geocoder
C14-2025-0058,48453002006,484530020060,geocoder
C14-2025-0060,48491020405,484910204050,geocoder
C14-2025-0061,48453034200,484530342000,geocoder
C14-2025-0062,48453000902,484530009020,geocoder
C14-2025-0063,48453001304,484530013040,geocoder
C14-2025-0064,48453036800,484530368000,geocoder
C14-2025-0065,48453002413,484530024130,geocoder
C14-2025-0068,48453045400,484530454000,geocoder
C14-2025-0069,48453000205,484530002050,geocoder
C14-2025-0070,48491020410,484910204100,geocoder
C14-2025-0071,48453034900,484530349000,geocoder
C14-2025-0072,48453001103,484530011030,geocoder
C14-2025-0073,48453002111,484530021110,geocoder
C14-2025-0074,48453040000,484530400000,geocoder
C14-2025-0075,48453002424,484530024240,geocoder
C14-2025-0078,48453045400,484530454000,geocoder
C14-2025-0079,48453001915,484530019150,geocoder
C14-2025-0080,48453001000,484530010000,geocoder
C14-2025-0081,48453002321,484530023210,geocoder
C14-2025-0082,48453000302,484530003020,geocoder
C14-2025-0083,48453000901,484530009010,geocoder
C14-2025-0084,48453045100,484530451000,geocoder
C14-2025-0085,48453001310,484530013100,geocoder
C14-2025-0087,48453001920,484530019200,geocoder
C14-2025-0088,48453030200,484530302000,geocoder
C14-2025-0089,48453001917,484530019170,geocoder
C14-2025-0090,48453000700,484530007000,geocoder
C14-2025-0091,48453041100,484530411000,geocoder
C14-2025-0092,48453000402,484530004020,geocoder
C14-2025-0093,48453000700,484530007000,geocoder
C14-2025-0094,48453000206,484530002060,geocoder
C14-2025-0096,48453002443,484530024430,geocoder
C14-2025-0097,48453000700,484530007000,geocoder
C14-2025-0098(RCT),48453001200,484530012000,geocoder
C14-2025-0099,48453041000,484530410000,geocoder
C14-2025-0100,48453046500,484530465000,geocoder
C14-2025-0102,48453032400,484530324000,geocoder
C14-2025-0104,48453030300,484530303000,geocoder
C14-2025-0106,48453001312,484530013120,geocoder
C14-2025-0107,48453000206,484530002060,geocoder
C14-2025-0108,48453001304,484530013040,geocoder
C14-2025-0109,48453001605,484530016050,geocoder
C14-2025-0110,48453041200,484530412000,geocoder
C14-2025-0112,48453002219,484530022190,geocoder
C14-2025-0113,48453002407,484530024070,geocoder
C14-2025-0114,48453043000,484530430000,geocoder
C14-2025-0115,48453001503,484530015030,geocoder
C14-2025-0116.SH,48453000804,484530008040,geocoder
C14-2025-0120,48453001200,484530012000,geocoder
C14-2025-0121,48453002201,484530022010,geocoder
C14-2025-0123,48453034700,484530347000,geocoder
C14-2025-0124,48453041200,484530412000,geocoder
C14-2025-0125,48453000902,484530009020,geocoder
C14-2026-0001,48453031000,484530310000,geocoder
C14-2026-0002,48453002109,484530021090,geocoder
C14-2026-0004,48453002111,484530021110,geocoder
C14-2026-0005,48453002109,484530021090,geocoder
C14-2026-0006,48453001200,484530012000,geocoder
C14-2026-0007,48453002214,484530022140,geocoder
C14-2026-0008,48453000804,484530008040,geocoder
C14-2026-0009,48453002446,484530024460,geocoder
C14-2026-0010.SH,48453001401,484530014010,geocoder
C14-2026-0011,48453000101,484530001010,geocoder
C14-66-124,48453040000,484530400000,geocoder
C14-70-001.93.1,48453002403,484530024030,geocoder
C14-70-001.93.2,48453002403,484530024030,geocoder
C14-70-077(RCA),48453000902,484530009020,geocoder
C14-71-213,48453001307,484530013070,geocoder
C14-71-278(RCA),48453002105,484530021050,geocoder
C14-72-031,48453040000,484530400000,geocoder
C14-72-032(RCT),48453001504,484530015040,geocoder
C14-72-204(RCA3),48453002326,484530023260,geocoder
C14-72-204(RCA5),48453002324,484530023240,geocoder
C14-72-204(RCA6),48453002325,484530023250,geocoder
C14-73-045(RCT),48453000204,484530002040,geocoder
C14-73-144(RCA),48453002444,484530024440,geocoder
C14-73-240(RCA),48453032100,484530321000,geocoder
C14-74-145(RCT),48453001311,484530013110,geocoder
C14-75-085(RCT),48453000700,484530007000,geocoder
C14-76-083(RCA),48453002201,484530022010,geocoder
C14-76-083(RCT),48453002201,484530022010,geocoder
C14-77-053(RCT),48453001103,484530011030,geocoder
C14-78-179,48453001307,484530013070,geocoder
C14-79-019(RCT),48453001503,484530015030,geocoder
C14-79-050,48491020406,484910204060,geocoder
C14-79-065(RCT),48453001103,484530011030,geocoder
C14-79-074(RCT),48453002320,484530023200,geocoder
C14-79-285(RCT),48453002320,484530023200,geocoder
C14-80-016(RCT),48453001602,484530016020,geocoder
C14-80-065(RCA),48453002108,484530021080,geocoder
C14-80-199,48453002214,484530022140,geocoder
C14-80-220,48491020405,484910204050,geocoder
C14-81-013(RCT),48453002443,484530024430,geocoder
C14-81-037(RCT),48453043000,484530430000,geocoder
C14-81-058(RCT),48453002002,484530020020,geocoder
C14-81-113(RCA),48453030400,484530304000,geocoder
C14-81-239(RCT),48453002444,484530024440,geocoder
C14-82-020(RCT),48453002403,484530024030,geocoder
C14-82-091(RCT),48453000608,484530006080,geocoder
C14-82-121,48453000700,484530007000,geocoder
C14-82-121(RCA),48453000700,484530007000,geocoder
C14-83-052,48453000700,484530007000,geocoder
C14-83-053,48453000700,484530007000,geocoder
C14-83-163(RCA),48453002326,484530023260,geocoder
C14-83-214,48453001503,484530015030,geocoder
C14-83-307(RCT),48453000307,484530003070,geocoder
C14-83-330,48453040700,484530407000,geocoder
C14-83-330(DE),48453040700,484530407000,geocoder
C14-84-056(RCT),48453000700,484530007000,geocoder
C14-84-092(RCA),48453002111,484530021110,geocoder
C14-84-310(RCT),48453002321,484530023210,geocoder
C14-84-320,48453000902,484530009020,geocoder
C14-84-361(RCT),48453002109,484530021090,geocoder
C14-84-392,48453000205,484530002050,geocoder
C14-84-457(RCA),48453002441,484530024410,geocoder
C14-85-002(RCT),48453000608,484530006080,geocoder
C14-85-021(RCA),48453002109,484530021090,geocoder
C14-85-027(RCA),48453000607,484530006070,geocoder
C14-85-055(RCA),48453002424,484530024240,geocoder
C14-85-149.100.02(RCA),48453045200,484530452000,geocoder
C14-85-149.49,48453041200,484530412000,geocoder
C14-85-149.70(RCA),48453041200,484530412000,geocoder
C14-85-149.70.02(RCA),48453041200,484530412000,geocoder
C14-85-244(RCA),48453032400,484530324000,geocoder
C14-85-244(RCA2),48453032400,484530324000,geocoder
C14-85-244.8(RCA),48453032400,484530324000,geocoder
C14-85-288(RCA),48453001920,484530019200,geocoder
C14-85-288.073,48453033000,484530330000,geocoder
C14-85-288.102(RCT),48453001921,484530019210,geocoder
C14-85-288.135(RCA),48453033000,484530330000,geocoder
C14-85-288.166(RCA),48453001920,484530019200,geocoder
C14-85-288.166(RCA2),48453001920,484530019200,geocoder
C14-85-288.22(RCA),48453033000,484530330000,geocoder
C14-85-288.23(RCA),48453033000,484530330000,geocoder
C14-85-288.36(RCA),48453001920,484530019200,geocoder
C14-85-288.43(RCA),48453001920,484530019200,geocoder
C14-85-288.45(RCA2),48453033000,484530330000,geocoder
C14-85-288.54(RCA),48453033000,484530330000,geocoder
C14-85-288.73(RCA),48453033000,484530330000,geocoder
C14-85-288.79(RCA),48453033000,484530330000,geocoder
C14-85-288.8(RCA),48453001915,484530019150,geocoder
C14-85-288.8(RCA2),48453001915,484530019150,geocoder
C14-85-288.8(RCA3),48453001915,484530019150,geocoder
C14-85-288.8(RCA4),48453001920,484530019200,geocoder
C14-85-288.8(RCA5),48453001920,484530019200,geocoder
C14-86-015(RCT),48453000101,484530001010,geocoder
C14-86-025(RCA),48453002413,484530024130,geocoder
C14-86-069(RCT),48453002432,484530024320,geocoder
C14-86-098(RCT),48453001603,484530016030,geocoder
C14-86-103,48453000804,484530008040,geocoder
C14-86-103(RCT),48453000804,484530008040,geocoder
C14-86-105,48453001200,484530012000,geocoder
C14-86-120(RCT),48453040500,484530405000,geocoder
C14-86-141(RCT),48453002432,484530024320,geocoder
C14-86-297,48453040300,484530403000,geocoder
C14-87-030B(RCT),48453000204,484530002040,geocoder
C14-87-075,48453001501,484530015010,geocoder
C14-87-076,48453002307,484530023070,geocoder
C14-87-078,48453002201,484530022010,geocoder
C14-87-079,48453002325,484530023250,geocoder
C14-87-080,48453000307,484530003070,geocoder
C14-87-084,48453032600,484530326000,geocoder
C14-87-088,48453000804,484530008040,geocoder
C14-87-094,48453001307,484530013070,geocoder
C14-87-100,48453001604,484530016040,geocoder
C14-87-102,48453030300,484530303000,geocoder
C14-87-103,48453000801,484530008010,geocoder
C14-87-104,48453030600,484530306000,geocoder
C14-87-106,48453001000,484530010000,geocoder
C14-87-107,48453002108,484530021080,geocoder
C14-87-111,48453001501,484530015010,geocoder
C14-87-111(RCT),48453001501,484530015010,geocoder
C14-87-115,48453000204,484530002040,geocoder
C14-87-116,48453002313,484530023130,geocoder
C14-87-127,48453002448,484530024480,geocoder
C14-87-129,48453040700,484530407000,geocoder
C14-87-130,48453032600,484530326000,geocoder
C14-87-135,48453032300,484530323000,geocoder
C14-87-136,48453030600,484530306000,geocoder
C14-87-141,48453000302,484530003020,geocoder
C14-87-147,48453000204,484530002040,geocoder
C14-87-155,48453001103,484530011030,geocoder
C14-87-164,48453001603,484530016030,geocoder
C14-87-171,48453030900,484530309000,geocoder
C14-87-173,48453002003,484530020030,geocoder
C14-87-174,48453002325,484530023250,geocoder
C14-87-176,48453000601,484530006010,geocoder
C14-87-177,48453001308,484530013080,geocoder
C14-87-180,48453040700,484530407000,geocoder
C14-87-184,48453001504,484530015040,geocoder
C14-88-0001,48453002109,484530021090,geocoder
C14-88-0002,48453031000,484530310000,geocoder
C14-88-0003,48453002410,484530024100,geocoder
C14-88-0004,48453002411,484530024110,geocoder
C14-88-0010,48453000305,484530003050,geocoder
C14-88-0011,48453001312,484530013120,geocoder
C14-88-0015,48453002110,484530021100,geocoder
C14-88-0017,48453032000,484530320000,geocoder
C14-88-0018,48491020408,484910204080,geocoder
C14-88-0037,48453033700,484530337000,geocoder
C14-88-0040,48453002437,484530024370,geocoder
C14-88-0041,48453002413,484530024130,geocoder
C14-88-0044,48453035000,484530350000,geocoder
C14-88-0046,48453030500,484530305000,geocoder
C14-88-0048,48453000700,484530007000,geocoder
C14-88-0049,48453034300,484530343000,geocoder
C14-88-0053,48453000605,484530006050,geocoder
C14-88-0054,48453000804,484530008040,geocoder
C14-88-0055,48453000205,484530002050,geocoder
C14-88-0056,48453000205,484530002050,geocoder
C14-88-0057,48453000205,484530002050,geocoder
C14-88-0062,48453000700,484530007000,geocoder
C14-88-0065,48453030800,484530308000,geocoder
C14-88-0073,48453001101,484530011010,geocoder
C14-88-0083,48453002500,484530025000,geocoder
C14-88-0084,48453032700,484530327000,geocoder
C14-88-0094,48453001310,484530013100,geocoder
C14-88-0095,48491020405,484910204050,geocoder
C14-88-0100,48453001101,484530011010,geocoder
C14-88-0106,48453031000,484530310000,geocoder
C14-88-0108,48453002106,484530021060,geocoder
C14-88-0111,48453041000,484530410000,geocoder
C14-88-0115,48453002105,484530021050,geocoder
C14-88-0124,48453001915,484530019150,geocoder
C14-88-0125,48453000302,484530003020,geocoder
C14-88-0128,48453030800,484530308000,geocoder
C14-88-0142,48453000101,484530001010,geocoder
C14-88-0144,48453031800,484530318000,geocoder
C14-88-0145,48453000902,484530009020,geocoder
C14-88-0146,48453040900,484530409000,geocoder
C14-88-0148,48453001605,484530016050,geocoder
C14-89-0001,48453032900,484530329000,geocoder
C14-89-0012,48453002304,484530023040,geocoder
C14-89-0014,48453002107,484530021070,geocoder
C14-89-0023,48453031900,484530319000,geocoder
C14-89-0027,48453002403,484530024030,geocoder
C14-89-0028,48453040400,484530404000,geocoder
C14-89-0031,48453030000,484530300000,geocoder
C14-89-0032,48453001602,484530016020,geocoder
C14-89-0036,48453031000,484530310000,geocoder
C14-89-0041,48453041000,484530410000,geocoder
C14-89-0047,48453002002,484530020020,geocoder
C14-89-0048,48453002437,484530024370,geocoder
C14-89-0050,48453030800,484530308000,geocoder
C14-89-0059,48453030800,484530308000,geocoder
C14-89-0061,48453030000,484530300000,geocoder
C14-89-0074,48453000302,484530003020,geocoder
C14-89-0075,48453000302,484530003020,geocoder
C14-90-0001,48453030800,484530308000,geocoder
C14-90-0002,48453041900,484530419000,geocoder
C14-90-0003,48453033500,484530335000,geocoder
C14-90-0004,48453002003,484530020030,geocoder
C14-90-0005,48453000500,484530005000,geocoder
C14-90-0006,48453001501,484530015010,geocoder
C14-90-0008,48491020410,484910204100,geocoder
C14-90-0009,48491020405,484910204050,geocoder
C14-90-0011,48453001503,484530015030,geocoder
C14-90-0013,48453002411,484530024110,geocoder
C14-90-0014,48453000205,484530002050,geocoder
C14-90-0016,48453001505,484530015050,geocoder
C14-90-0018,48453001603,484530016030,geocoder
C14-90-0019,48453001917,484530019170,geocoder
C14-90-0021,48453002500,484530025000,geocoder
C14-90-0023,48453030800,484530308000,geocoder
C14-90-0024,48453030000,484530300000,geocoder
C14-90-0025,48453030500,484530305000,geocoder
C14-90-0026,48453001915,484530019150,geocoder
C14-90-0027,48453045100,484530451000,geocoder
C14-90-0028,48453001914,484530019140,geocoder
C14-90-0029,48453043200,484530432000,geocoder
C14-90-0030,48453041200,484530412000,geocoder
C14-90-0031,48453030100,484530301000,geocoder
C14-90-0032,48453000204,484530002040,geocoder
C14-90-0033,48453045300,484530453000,geocoder
C14-90-0034,48453002307,484530023070,geocoder
C14-90-0040,48453001910,484530019100,geocoder
C14-90-0041,48453002314,484530023140,geocoder
C14-90-0042,48453000304,484530003040,geocoder
C14-90-0043,48453002007,484530020070,geocoder
C14-90-0044,48453000700,484530007000,geocoder
C14-90-0046,48453001200,484530012000,geocoder
C14-90-0051,48491020405,484910204050,geocoder
C14-90-0052,48453000101,484530001010,geocoder
C14-90-0058,48453034200,484530342000,geocoder
C14-90-0062,48453002448,484530024480,geocoder
C14-90-0063,48453001915,484530019150,geocoder
C14-90-0069,48453041500,484530415000,geocoder
C14-90-0071,48453000305,484530003050,geocoder
C14-90-0072,48453002422,484530024220,geocoder
C14-90-0074,48453033000,484530330000,geocoder
C14-90-0075,48491020334,484910203340,geocoder
C14-90-0076,48453032700,484530327000,geocoder
C14-90-0077,48453032900,484530329000,geocoder
C14-90-0078,48453002321,484530023210,geocoder
C14-90-0079,48453045700,484530457000,geocoder
C14-90-0080,48453002007,484530020070,geocoder
C14-90-0082,48453001505,484530015050,geocoder
C14-90-0084,48453043600,484530436000,geocoder
C14-91-0003,48453002419,484530024190,geocoder
C14-91-0004,48453002500,484530025000,geocoder
C14-91-0005,48453002004,484530020040,geocoder
C14-91-0006,48453045400,484530454000,geocoder
C14-91-0008,48453041900,484530419000,geocoder
C14-91-0012,48453030600,484530306000,geocoder
C14-91-0014,48453030100,484530301000,geocoder
C14-91-0015(RCA),48453030700,484530307000,geocoder
C14-91-0017,48453041900,484530419000,geocoder
C14-91-0020,48453001910,484530019100,geocoder
C14-91-0023,48453040100,484530401000,geocoder
C14-91-0024,48453041100,484530411000,geocoder
C14-91-0026,48453000500,484530005000,geocoder
C14-91-0028,48453001200,484530012000,geocoder
C14-91-0029,48453033400,484530334000,geocoder
C14-91-0030,48453002443,484530024430,geocoder
C14-91-0035,48453040500,484530405000,geocoder
C14-91-0038,48453000608,484530006080,geocoder
C14-91-0038(RCA),48453000608,484530006080,geocoder
C14-91-0038(RCT),48453000608,484530006080,geocoder
C14-91-0039,48453002109,484530021090,geocoder
C14-91-0040,48453030800,484530308000,geocoder
C14-91-0042,48453000302,484530003020,geocoder
C14-91-0046,48453001308,484530013080,geocoder
C14-91-0047,48453002422,484530024220,geocoder
C14-91-0048,48453040900,484530409000,geocoder
C14-91-0052,48453002002,484530020020,geocoder
C14-91-0054,48453002002,484530020020,geocoder
C14-91-0055,48453000203,484530002030,geocoder
C14-91-0062,48453000802,484530008020,geocoder
C14-91-0063,48453002444,484530024440,geocoder
C14-91-0064,48453031500,484530315000,geocoder
C14-91-0065,48453041000,484530410000,geocoder
C14-91-0066,48453001920,484530019200,geocoder
C14-91-0070,48453000101,484530001010,geocoder
C14-91-0073,48453032200,484530322000,geocoder
C14-91-0074,48453002105,484530021050,geocoder
C14-91-0075,48453030600,484530306000,geocoder
C14-91-0076,48453001504,484530015040,geocoder
C14-91-0077,48453002003,484530020030,geocoder
C14-91-0078,48453000901,484530009010,geocoder
C14-91-0079,48453000700,484530007000,geocoder
C14-91-0080,48453030800,484530308000,geocoder
C14-91-0081,48453032200,484530322000,geocoder
C14-91-0082,48453030600,484530306000,geocoder
C14-91-0083,48453043100,484530431000,geocoder
C14-91-0085,48453030900,484530309000,geocoder
C14-91-0088,48453002410,484530024100,geocoder
C14-91-0089,48491020405,484910204050,geocoder
C14-91-0091,48453040000,484530400000,geocoder
C14-91-0092,48453001602,484530016020,geocoder
C14-91-0094,48453043400,484530434000,geocoder
C14-91-0097,48453041400,484530414000,geocoder
C14-91-0098,48453040900,484530409000,geocoder
C14-91-0099,48453032000,484530320000,geocoder
C14-91-0100,48453001200,484530012000,geocoder
C14-92-0002,48453002424,484530024240,geocoder
C14-92-0004,48491020410,484910204100,geocoder
C14-92-0005,48453002109,484530021090,geocoder
C14-92-0006,48453000700,484530007000,geocoder
C14-92-0008,48453030300,484530303000,geocoder
C14-92-0011,48453000901,484530009010,geocoder
C14-92-0014,48453002003,484530020030,geocoder
C14-92-0015,48453002411,484530024110,geocoder
C14-92-0017,48453031900,484530319000,geocoder
C14-92-0018,48453000401,484530004010,geocoder
C14-92-0025,48453043600,484530436000,geocoder
C14-92-0028,48453000402,484530004020,geocoder
C14-92-0029,48491020408,484910204080,geocoder
C14-92-0030,48453033000,484530330000,geocoder
C14-92-0033,48453030600,484530306000,geocoder
C14-92-0034,48453001915,484530019150,geocoder
C14-92-0037,48453001304,484530013040,geocoder
C14-92-0039,48453002109,484530021090,geocoder
C14-92-0041,48453030200,484530302000,geocoder
C14-92-0043,48453000205,484530002050,geocoder
C14-92-0044,48453000802,484530008020,geocoder
C14-92-0045,48491020410,484910204100,geocoder
C14-92-0046,48453033800,484530338000,geocoder
C14-92-0048,48453000902,484530009020,geocoder
C14-92-0049,48453001602,484530016020,geocoder
C14-92-0057,48453045700,484530457000,geocoder
C14-92-0067,48453000304,484530003040,geocoder
C14-92-0071,48453000401,484530004010,geocoder
C14-92-0072,48453045300,484530453000,geocoder
C14-92-0074,48453030600,484530306000,geocoder
C14-92-0075,48453000308,484530003080,geocoder
C14-92-0077,48453031200,484530312000,geocoder
C14-92-0080,48453002003,484530020030,geocoder
C14-92-0082,48453002111,484530021110,geocoder
C14-92-0084,48453002422,484530024220,geocoder
C14-92-0086,48453001605,484530016050,geocoder
C14-92-0090,48453045400,484530454000,geocoder
C14-92-0097,48453030300,484530303000,geocoder
C14-92-0104,48453043600,484530436000,geocoder
C14-92-0111,48453000302,484530003020,geocoder
C14-92-0112,48453032500,484530325000,geocoder
C14-92-0113,48453000608,484530006080,geocoder
C14-92-0123,48453002007,484530020070,geocoder
C14-92-0124,48453032900,484530329000,geocoder
C14-92-0126,48453032900,484530329000,geocoder
C14-92-0135,48453042000,484530420000,geocoder
C14-92-0139,48453000901,484530009010,geocoder
C14-93-0003,48453040900,484530409000,geocoder
C14-93-0008,48453001200,484530012000,geocoder
C14-93-0013,48453002323,484530023230,geocoder
C14-93-0014,48453001101,484530011010,geocoder
C14-93-0015,48453041600,484530416000,geocoder
C14-93-0016,48453002320,484530023200,geocoder
C14-93-0017,48453002321,484530023210,geocoder
C14-93-0019,48453040400,484530404000,geocoder
C14-93-0036,48453030600,484530306000,geocoder
C14-93-0044,48453002419,484530024190,geocoder
C14-93-0053,48453034200,484530342000,geocoder
C14-93-0056,48453001101,484530011010,geocoder
C14-93-0062,48453002105,484530021050,geocoder
C14-93-0063,48453030900,484530309000,geocoder
C14-93-0075,48453001504,484530015040,geocoder
C14-93-0076,48453000204,484530002040,geocoder
C14-93-0077,48453030800,484530308000,geocoder
C14-93-0083,48453000700,484530007000,geocoder
C14-93-0086,48453002441,484530024410,geocoder
C14-93-0088,48453000205,484530002050,geocoder
C14-93-0091,48453040400,484530404000,geocoder
C14-93-0096,48453002448,484530024480,geocoder
C14-93-0101,48453045400,484530454000,geocoder
C14-93-0104,48453002448,484530024480,geocoder
C14-93-0108,48453002307,484530023070,geocoder
C14-93-0110,48453001604,484530016040,geocoder
C14-93-0121,48453002316,484530023160,geocoder
C14-93-0132,48453032900,484530329000,geocoder
C14-93-0134(RCT),48453040300,484530403000,geocoder
C14-93-0141,48453002500,484530025000,geocoder
C14-93-0145,48491020408,484910204080,geocoder
C14-93-0150,48453001503,484530015030,geocoder
C14-93-0151,48453040700,484530407000,geocoder
C14-93-0158,48453040900,484530409000,geocoder
C14-93-0166,48453000802,484530008020,geocoder
C14-94-0002,48453002004,484530020040,geocoder
C14-94-0013,48453030800,484530308000,geocoder
C14-94-0014,48453031800,484530318000,geocoder
C14-94-0024,48453002432,484530024320,geocoder
C14-94-0025,48453040000,484530400000,geocoder
C14-94-0028,48453002403,484530024030,geocoder
C14-94-0031,48453032900,484530329000,geocoder
C14-94-0040,48453030800,484530308000,geocoder
C14-94-0050,48453000401,484530004010,geocoder
C14-94-0053,48453000101,484530001010,geocoder
C14-94-0057,48453002410,484530024100,geocoder
C14-94-0059,48453000204,484530002040,geocoder
C14-94-0060,48453000700,484530007000,geocoder
C14-94-0061,48453001200,484530012000,geocoder
C14-94-0062,48453000901,484530009010,geocoder
C14-94-0072,48453002448,484530024480,geocoder
C14-94-0084,48453002422,484530024220,geocoder
C14-94-0086,48453041400,484530414000,geocoder
C14-94-0088,48453002422,484530024220,geocoder
C14-94-0089,48453000205,484530002050,geocoder
C14-94-0094,48453002403,484530024030,geocoder
C14-94-0096,48453002403,484530024030,geocoder
C14-94-0097,48453002422,484530024220,geocoder
C14-94-0098,48453002422,484530024220,geocoder
C14-94-0099,48453002422,484530024220,geocoder
C14-94-0101,48453002403,484530024030,geocoder
C14-94-0104,48453001101,484530011010,geocoder
C14-94-0110,48453000901,484530009010,geocoder
C14-94-0119,48453033500,484530335000,geocoder
C14-94-0127,48453002109,484530021090,geocoder
C14-94-0135,48453002411,484530024110,geocoder
C14-94-0136,48453002322,484530023220,geocoder
C14-94-0140,48453000608,484530006080,geocoder
C14-94-0148,48453000700,484530007000,geocoder
C14-94-0158,48453002109,484530021090,geocoder
C14-94-0159,48453002105,484530021050,geocoder
C14-94-0161,48453002411,484530024110,geocoder
C14-95-0001,48453001307,484530013070,geocoder
C14-95-0002,48453001101,484530011010,geocoder
C14-95-0006,48453002432,484530024320,geocoder
C14-95-0014,48453040300,484530403000,geocoder
C14-95-0017,48453032000,484530320000,geocoder
C14-95-0019,48453000608,484530006080,geocoder
C14-95-0022,48453002447,484530024470,geocoder
C14-95-0030,48453002003,484530020030,geocoder
C14-95-0034,48453041500,484530415000,geocoder
C14-95-0038,48453000205,484530002050,geocoder
C14-95-0041,48453001915,484530019150,geocoder
C14-95-0042,48453030800,484530308000,geocoder
C14-95-0052,48453002104,484530021040,geocoder
C14-95-0054,48453041500,484530415000,geocoder
C14-95-0055,48453002321,484530023210,geocoder
C14-95-0061,48453043600,484530436000,geocoder
C14-95-0062,48453030000,484530300000,geocoder
C14-95-0064,48453030400,484530304000,geocoder
C14-95-0072,48453001200,484530012000,geocoder
C14-95-0080,48453001505,484530015050,geocoder
C14-95-0084,48453002214,484530022140,geocoder
C14-95-0086,48453001000,484530010000,geocoder
C14-95-0087,48453000402,484530004020,geocoder
C14-95-0088,48453002448,484530024480,geocoder
C14-95-0090,48453001915,484530019150,geocoder
C14-95-0091,48453002104,484530021040,geocoder
C14-95-0102,48453002004,484530020040,geocoder
C14-95-0116,48453002411,484530024110,geocoder
C14-95-0119,48453000700,484530007000,geocoder
C14-95-0120,48453000307,484530003070,geocoder
C14-95-0121,48453002438,484530024380,geocoder
C14-95-0125,48453001920,484530019200,geocoder
C14-95-0130,48453000204,484530002040,geocoder
C14-95-0132,48453035800,484530358000,geocoder
C14-95-0133,48453032500,484530325000,geocoder
C14-95-0134,48453033800,484530338000,geocoder
C14-95-0137,48453001000,484530010000,geocoder
C14-95-0140,48453000101,484530001010,geocoder
C14-95-0141,48453034700,484530347000,geocoder
C14-95-0142,48453034700,484530347000,geocoder
C14-95-0143,48453034700,484530347000,geocoder
C14-95-0144,48453034700,484530347000,geocoder
C14-95-0150,48453030800,484530308000,geocoder
C14-95-0151,48453000204,484530002040,geocoder
C14-95-0152,48453041900,484530419000,geocoder
C14-95-0153,48453001200,484530012000,geocoder
C14-95-0154,48453000700,484530007000,geocoder
C14-95-0159,48453043500,484530435000,geocoder
C14-95-0160,48453001503,484530015030,geocoder
C14-95-0166,48453000304,484530003040,geocoder
C14-95-0169,48453041100,484530411000,geocoder
C14-95-0170(RCA),48453001911,484530019110,geocoder
C14-95-0174,48453001503,484530015030,geocoder
C14-95-0175,48453001311,484530013110,geocoder
C14-95-0178,48453002007,484530020070,geocoder
C14-95-0179,48453002108,484530021080,geocoder
C14-95-0183(RCA2),48453043900,484530439000,geocoder
C14-95-0186,48453000902,484530009020,geocoder
C14-95-0190,48453000801,484530008010,geocoder
C14-95-0192,48453043600,484530436000,geocoder
C14-95-0198,48453002411,484530024110,geocoder
C14-96-0004,48453001505,484530015050,geocoder
C14-96-0007.01,48453045000,484530450000,geocoder
C14-96-0008,48453042100,484530421000,geocoder
C14-96-0011,48453000902,484530009020,geocoder
C14-96-0012,48453000607,484530006070,geocoder
C14-96-0013,48453031600,484530316000,geocoder
C14-96-0023,48453000206,484530002060,geocoder
C14-96-0024,48453040200,484530402000,geocoder
C14-96-0025,48453002109,484530021090,geocoder
C14-96-0026,48453000101,484530001010,geocoder
C14-96-0030,48453002201,484530022010,geocoder
C14-96-0033,48453002322,484530023220,geocoder
C14-96-0034,48453001503,484530015030,geocoder
C14-96-0036,48453000901,484530009010,geocoder
C14-96-0037,48453042200,484530422000,geocoder
C14-96-0044,48453000101,484530001010,geocoder
C14-96-0050,48453001101,484530011010,geocoder
C14-96-0052,48453033500,484530335000,geocoder
C14-96-0053,48453001312,484530013120,geocoder
C14-96-0055,48453001605,484530016050,geocoder
C14-96-0057,48453002422,484530024220,geocoder
C14-96-0063,48453001200,484530012000,geocoder
C14-96-0064,48453002109,484530021090,geocoder
C14-96-0071,48453001604,484530016040,geocoder
C14-96-0072,48453033000,484530330000,geocoder
C14-96-0073,48453002438,484530024380,geocoder
C14-96-0077,48453001922,484530019220,geocoder
C14-96-0078,48453002424,484530024240,geocoder
C14-96-0081,48453000304,484530003040,geocoder
C14-96-0082,48453002214,484530022140,geocoder
C14-96-0083,48453033500,484530335000,geocoder
C14-96-0089,48453002112,484530021120,geocoder
C14-96-0094,48453040300,484530403000,geocoder
C14-96-0103,48453002320,484530023200,geocoder
C14-96-0106,48453000102,484530001020,geocoder
C14-96-0113,48453042200,484530422000,geocoder
C14-96-0114,48453042200,484530422000,geocoder
C14-96-0120,48453002316,484530023160,geocoder
C14-96-0121,48453002109,484530021090,geocoder
C14-96-0122,48453041200,484530412000,geocoder
C14-96-0123,48453041400,484530414000,geocoder
C14-96-0124,48453001200,484530012000,geocoder
C14-96-0130,48453000901,484530009010,geocoder
C14-96-0138,48453000205,484530002050,geocoder
C14-96-0140,48453001101,484530011010,geocoder
C14-96-0141,48453001101,484530011010,geocoder
C14-96-0143,48453031000,484530310000,geocoder
C14-96-0144,48453034200,484530342000,geocoder
C14-96-0145,48453000101,484530001010,geocoder
C14-96-0150,48453000902,484530009020,geocoder
C14-96-0155,48453040000,484530400000,geocoder
C14-96-0158,48453002112,484530021120,geocoder
C14-96-0159,48453002323,484530023230,geocoder
C14-97-0004,48453000204,484530002040,geocoder
C14-97-0007,48453030900,484530309000,geocoder
C14-97-0008,48453002438,484530024380,geocoder
C14-97-0009,48453001913,484530019130,geocoder
C14-97-0010(RCT),48453002324,484530023240,geocoder
C14-97-0011,48453031800,484530318000,geocoder
C14-97-0013,48453031000,484530310000,geocoder
C14-97-0016,48491020408,484910204080,geocoder
C14-97-0018,48453002313,484530023130,geocoder
C14-97-0020,48453041400,484530414000,geocoder
C14-97-0022,48453001923,484530019230,geocoder
C14-97-0023,48453001505,484530015050,geocoder
C14-97-0027,48453002423,484530024230,geocoder
C14-97-0028,48453000206,484530002060,geocoder
C14-97-0030,48491020517,484910205170,geocoder
C14-97-0031,48453002438,484530024380,geocoder
C14-97-0039,48453000804,484530008040,geocoder
C14-97-0044(RCT),48453002304,484530023040,geocoder
C14-97-0048,48453002003,484530020030,geocoder
C14-97-0050,48453002316,484530023160,geocoder
C14-97-0052,48453032600,484530326000,geocoder
C14-97-0053,48453030200,484530302000,geocoder
C14-97-0054,48453041000,484530410000,geocoder
C14-97-0065,48453000500,484530005000,geocoder
C14-97-0067,48453002500,484530025000,geocoder
C14-97-0068,48453002327,484530023270,geocoder
C14-97-0073,48453002500,484530025000,geocoder
C14-97-0074,48453040200,484530402000,geocoder
C14-97-0079,48453002430,484530024300,geocoder
C14-97-0080,48453001304,484530013040,geocoder
C14-97-0082,48453033400,484530334000,geocoder
C14-97-0094,48453045100,484530451000,geocoder
C14-97-0095,48453002310,484530023100,geocoder
C14-97-0102,48453000607,484530006070,geocoder
C14-97-0102(RCT),48453000607,484530006070,geocoder
C14-97-0106,48453002447,484530024470,geocoder
C14-97-0107,48453000902,484530009020,geocoder
C14-97-0108,48453000402,484530004020,geocoder
C14-97-0110,48453040400,484530404000,geocoder
C14-97-0114,48453001103,484530011030,geocoder
C14-97-0118,48453002500,484530025000,geocoder
C14-97-0120,48453031900,484530319000,geocoder
C14-97-0124,48453041000,484530410000,geocoder
C14-97-0125,48491020408,484910204080,geocoder
C14-97-0128,48453001505,484530015050,geocoder
C14-97-0130,48453001310,484530013100,geocoder
C14-97-0132,48453000305,484530003050,geocoder
C14-97-0135,48491020408,484910204080,geocoder
C14-97-0137,48453043600,484530436000,geocoder
C14-97-0139,48453001602,484530016020,geocoder
C14-97-0140,48453041000,484530410000,geocoder
C14-97-0141.04,48453043900,484530439000,geocoder
C14-97-0142,48453002220,484530022200,geocoder
C14-97-0143,48453001910,484530019100,geocoder
C14-97-0144,48453000205,484530002050,geocoder
C14-97-0145,48453001101,484530011010,geocoder
C14-97-0149,48453001912,484530019120,geocoder
C14-97-0160,48453002410,484530024100,geocoder
C14-97-0162,48453030500,484530305000,geocoder
C14-97-0163,48453000700,484530007000,geocoder
C14-97-0164,48453032200,484530322000,geocoder
C14-97-0166,48453002500,484530025000,geocoder
C14-98-0005,48453000608,484530006080,geocoder
C14-98-0008,48453002424,484530024240,geocoder
C14-98-0012,48453000804,484530008040,geocoder
C14-98-0015,48453002108,484530021080,geocoder
C14-98-0016,48453002410,484530024100,geocoder
C14-98-0017,48453002448,484530024480,geocoder
C14-98-0018,48453001200,484530012000,geocoder
C14-98-0019,48453040000,484530400000,geocoder
C14-98-0021,48453041200,484530412000,geocoder
C14-98-0025,48453030900,484530309000,geocoder
C14-98-0027,48453034600,484530346000,geocoder
C14-98-0029,48453030000,484530300000,geocoder
C14-98-0033,48453002422,484530024220,geocoder
C14-98-0036,48491020406,484910204060,geocoder
C14-98-0037,48453001000,484530010000,geocoder
C14-98-0038,48453001101,484530011010,geocoder
C14-98-0039,48453000902,484530009020,geocoder
C14-98-0040,48453031800,484530318000,geocoder
C14-98-0041,48453001000,484530010000,geocoder
C14-98-0042,48453001505,484530015050,geocoder
C14-98-0043,48453002109,484530021090,geocoder
C14-98-0045,48453000204,484530002040,geocoder
C14-98-0047,48453000607,484530006070,geocoder
C14-98-0048,48453040400,484530404000,geocoder
C14-98-0051,48453034300,484530343000,geocoder
C14-98-0053,48453002323,484530023230,geocoder
C14-98-0056,48453002310,484530023100,geocoder
C14-98-0059,48453002004,484530020040,geocoder
C14-98-0060,48491020411,484910204110,geocoder
C14-98-0061,48453040000,484530400000,geocoder
C14-98-0062,48453002108,484530021080,geocoder
C14-98-0065,48453002111,484530021110,geocoder
C14-98-0066,48453001200,484530012000,geocoder
C14-98-0071,48453002411,484530024110,geocoder
C14-98-0072,48453002105,484530021050,geocoder
C14-98-0073,48453044000,484530440000,geocoder
C14-98-0075,48453002111,484530021110,geocoder
C14-98-0076,48453044200,484530442000,geocoder
C14-98-0077,48453032500,484530325000,geocoder
C14-98-0079,48453001505,484530015050,geocoder
C14-98-0080,48453001312,484530013120,geocoder
C14-98-0082,48453042100,484530421000,geocoder
C14-98-0085,48453002003,484530020030,geocoder
C14-98-0086,48491020408,484910204080,geocoder
C14-98-0087,48453031800,484530318000,geocoder
C14-98-0089,48453002214,484530022140,geocoder
C14-98-0090,48491020406,484910204060,geocoder
C14-98-0092,48453002447,484530024470,geocoder
C14-98-0093,48491020410,484910204100,geocoder
C14-98-0094,48491020410,484910204100,geocoder
C14-98-0095,48453040300,484530403000,geocoder
C14-98-0102,48453002422,484530024220,geocoder
C14-98-0105,48453000302,484530003020,geocoder
C14-98-0107,48453031200,484530312000,geocoder
C14-98-0108,48453034600,484530346000,geocoder
C14-98-0109,48453001504,484530015040,geocoder
C14-98-0112,48453002211,484530022110,geocoder
C14-98-0125,48453002437,484530024370,geocoder
C14-98-0130,48453040000,484530400000,geocoder
C14-98-0131,48453034100,484530341000,geocoder
C14-98-0134,48453001501,484530015010,geocoder
C14-98-0137,48453001000,484530010000,geocoder
C14-98-0138,48453000607,484530006070,geocoder
C14-98-0141,48453031800,484530318000,geocoder
C14-98-0144,48453043200,484530432000,geocoder
C14-98-0145,48491020406,484910204060,geocoder
C14-98-0146,48491020410,484910204100,geocoder
C14-98-0146(RCT),48491020410,484910204100,geocoder
C14-98-0147,48453002422,484530024220,geocoder
C14-98-0152,48491020406,484910204060,geocoder
C14-98-0158,48491020410,484910204100,geocoder
C14-98-0161,48453030500,484530305000,geocoder
C14-98-0164,48491020410,484910204100,geocoder
C14-98-0167,48491020406,484910204060,geocoder
C14-98-0191,48453000401,484530004010,geocoder
C14-98-0192,48453002105,484530021050,geocoder
C14-98-0195,48453002432,484530024320,geocoder
C14-98-0196,48491020405,484910204050,geocoder
C14-98-0202,48453000500,484530005000,geocoder
C14-98-0203,48453031800,484530318000,geocoder
C14-98-0206,48453000804,484530008040,geocoder
C14-98-0209,48453002322,484530023220,geocoder
C14-98-0211,48453002407,484530024070,geocoder
C14-98-0212,48453044200,484530442000,geocoder
C14-98-0213,48453031800,484530318000,geocoder
C14-98-0214,48453035000,484530350000,geocoder
C14-98-0215,48453041100,484530411000,geocoder
C14-98-0226,48453002437,484530024370,geocoder
C14-98-0228,48453002424,484530024240,geocoder
C14-98-0230,48453002437,484530024370,geocoder
C14-98-0232,48453035000,484530350000,geocoder
C14-98-0234,48453035000,484530350000,geocoder
C14-98-0236,48453035000,484530350000,geocoder
C14-98-0237,48491020408,484910204080,geocoder
C14-98-0238,48491020406,484910204060,geocoder
C14-98-0240,48453001307,484530013070,geocoder
C14-98-0241,48453031900,484530319000,geocoder
C14-98-0246,48453002004,484530020040,geocoder
C14-98-0252,48453002310,484530023100,geocoder
C14-98-0256,48453000204,484530002040,geocoder
C14-98-0270,48453002423,484530024230,geocoder
C14-98-0271,48491020408,484910204080,geocoder
C14-98-0272,48491020408,484910204080,geocoder
C14-99-0002,48453001200,484530012000,geocoder
C14-99-0003,48453001403,484530014030,geocoder
C14-99-0004,48453002109,484530021090,geocoder
C14-99-0010,48453043500,484530435000,geocoder
C14-99-0013,48453042200,484530422000,geocoder
C14-99-0014,48453002432,484530024320,geocoder
C14-99-0021,48453041000,484530410000,geocoder
C14-99-0022,48453034400,484530344000,geocoder
C14-99-0024,48453045300,484530453000,geocoder
C14-99-0025,48453045400,484530454000,geocoder
C14-99-0026,48453001504,484530015040,geocoder
C14-99-0028,48453001403,484530014030,geocoder
C14-99-0029,48453040500,484530405000,geocoder
C14-99-0030,48453000205,484530002050,geocoder
C14-99-0032,48453002422,484530024220,geocoder
C14-99-0034,48453001307,484530013070,geocoder
C14-99-0037,48453030100,484530301000,geocoder
C14-99-0038,48453032400,484530324000,geocoder
C14-99-0040,48453002500,484530025000,geocoder
C14-99-0041,48453030600,484530306000,geocoder
C14-99-0042,48491020516,484910205160,geocoder
C14-99-0044,48453001307,484530013070,geocoder
C14-99-0050,48453002447,484530024470,geocoder
C14-99-0054,48453046500,484530465000,geocoder
C14-99-0059,48453001503,484530015030,geocoder
C14-99-0062,48453002106,484530021060,geocoder
C14-99-0063,48453002438,484530024380,geocoder
C14-99-0067,48491020406,484910204060,geocoder
C14-99-0069,48453001311,484530013110,geocoder
C14-99-0069.01,48453001311,484530013110,geocoder
C14-99-0070,48453031700,484530317000,geocoder
C14-99-0073,48453041200,484530412000,geocoder
C14-99-0075,48453002437,484530024370,geocoder
C14-99-0082,48453001101,484530011010,geocoder
C14-99-0084,48453046500,484530465000,geocoder
C14-99-0085,48453980000,484539800000,geocoder
C14-99-0086,48453002320,484530023200,geocoder
C14-99-0089,48453040000,484530400000,geocoder
C14-99-0096,48453002310,484530023100,geocoder
C14-99-0104,48453000607,484530006070,geocoder
C14-99-0106,48453002411,484530024110,geocoder
C14-99-0107,48453001603,484530016030,geocoder
C14-99-0113,48453000102,484530001020,geocoder
C14-99-0117,48453002422,484530024220,geocoder
C14-99-0118,48453002411,484530024110,geocoder
C14-99-0119,48453002448,484530024480,geocoder
C14-99-0121,48453001504,484530015040,geocoder
C14-99-0123,48453002422,484530024220,geocoder
C14-99-0124,48453002422,484530024220,geocoder
C14-99-0129,48453002437,484530024370,geocoder
C14-99-0129(RCT),48453002437,484530024370,geocoder
C14-99-0131,48453032900,484530329000,geocoder
C14-99-0132,48453002451,484530024510,geocoder
C14-99-0132(RCT),48453002451,484530024510,geocoder
C14-99-0135,48453002422,484530024220,geocoder
C14-99-0137,48491020408,484910204080,geocoder
C14-99-0138,48453001101,484530011010,geocoder
C14-99-0140,48453033400,484530334000,geocoder
C14-99-0142,48453000206,484530002060,geocoder
C14-99-2006,48453030900,484530309000,geocoder
C14-99-2007,48453002437,484530024370,geocoder
C14-99-2010,48453041400,484530414000,geocoder
C14-99-2028,48453043800,484530438000,geocoder
C14-99-2032,48453001200,484530012000,geocoder
C14-99-2033,48453033700,484530337000,geocoder
C14-99-2048,48453002323,484530023230,geocoder
C14-99-2049,48453002214,484530022140,geocoder
C14-99-2050,48453001312,484530013120,geocoder
C14-99-2052.04,48453002452,484530024520,geocoder
C14-99-2065,48453002422,484530024220,geocoder
C14-99-2066,48453000700,484530007000,geocoder
C14-99-2070,48453002410,484530024100,geocoder
C14-99-2080,48453040900,484530409000,geocoder
C14-99-2082,48453001920,484530019200,geocoder
C14-99-2084,48453031300,484530313000,geocoder
C14-99-2091,48453041000,484530410000,geocoder
C14-99-2108,48453002313,484530023130,geocoder
C14-99-2111,48453001503,484530015030,geocoder
C14-99-2116,48453002310,484530023100,geocoder
C14-99-2124,48453001101,484530011010,geocoder
C14-99-2134,48453002448,484530024480,geocoder
C14-99-2141,48453002322,484530023220,geocoder
C14-H-07-0021,48453000500,484530005000,geocoder
C14H-00-0001,48453001103,484530011030,geocoder
C14H-00-0002,48453001101,484530011010,geocoder
C14H-00-0003,48453001101,484530011010,geocoder
C14H-00-0014,48453001101,484530011010,geocoder
C14H-00-2051,48453000608,484530006080,geocoder
C14H-00-2095,48453001915,484530019150,geocoder
C14H-00-2177,48453032500,484530325000,geocoder
C14H-00-2182,48453000700,484530007000,geocoder
C14H-00-2183,48453000700,484530007000,geocoder
C14H-00-2213,48453000607,484530006070,geocoder
C14H-00-2268,48453000608,484530006080,geocoder
C14H-01-0001,48453001602,484530016020,geocoder
C14H-01-0004,48453001304,484530013040,geocoder
C14H-01-0005,48453000803,484530008030,geocoder
C14H-01-0006,48453000803,484530008030,geocoder
C14H-01-0007,48453000901,484530009010,geocoder
C14H-01-0010,48453001602,484530016020,geocoder
C14H-01-0012,48453001101,484530011010,geocoder
C14H-01-0013,48453001101,484530011010,geocoder
C14H-01-0015,48453000700,484530007000,geocoder
C14H-01-0104,48453002407,484530024070,geocoder
C14H-01-0147,48453000607,484530006070,geocoder
C14H-02-0001,48453001101,484530011010,geocoder
C14H-02-0003,48453000304,484530003040,geocoder
C14H-02-0004,48453001000,484530010000,geocoder
C14H-02-0005,48453001000,484530010000,geocoder
C14H-02-0006,48453000302,484530003020,geocoder
C14H-02-0008,48453000309,484530003090,geocoder
C14H-02-0009,48453001101,484530011010,geocoder
C14H-02-0010,48453000804,484530008040,geocoder
C14H-02-0011,48453001605,484530016050,geocoder
C14H-02-0012,48453001604,484530016040,geocoder
C14H-02-0013,48453001312,484530013120,geocoder
C14H-02-0020,48453001605,484530016050,geocoder
C14H-02-0021,48453000302,484530003020,geocoder
C14H-02-0022,48453000804,484530008040,geocoder
C14H-02-0023,48453000804,484530008040,geocoder
C14H-02-0024,48453000804,484530008040,geocoder
C14H-02-0025,48453000804,484530008040,geocoder
C14H-02-0101,48453000500,484530005000,geocoder
C14H-02-0157,48453002441,484530024410,geocoder
C14H-03-0001,48453000901,484530009010,geocoder
C14H-03-0003,48453000302,484530003020,geocoder
C14H-03-0004,48453000500,484530005000,geocoder
C14H-03-0005,48453000803,484530008030,geocoder
C14H-03-0006,48453000500,484530005000,geocoder
C14H-03-0007,48453001605,484530016050,geocoder
C14H-03-0008,48453000500,484530005000,geocoder
C14H-03-0009,48453000500,484530005000,geocoder
C14H-03-0010,48453001603,484530016030,geocoder
C14H-03-0011,48453000500,484530005000,geocoder
C14H-03-0012,48453000804,484530008040,geocoder
C14H-03-0013,48453001401,484530014010,geocoder
C14H-03-0014,48453001605,484530016050,geocoder
C14H-03-0016,48453001200,484530012000,geocoder
C14H-03-0018,48453000500,484530005000,geocoder
C14H-03-0019,48453000500,484530005000,geocoder
C14H-03-0020,48453000500,484530005000,geocoder
C14H-03-0021,48453000500,484530005000,geocoder
C14H-03-0023,48453001603,484530016030,geocoder
C14H-03-0024,48453000500,484530005000,geocoder
C14H-04-0001,48453001402,484530014020,geocoder
C14H-04-0002,48453000500,484530005000,geocoder
C14H-04-0003,48453001200,484530012000,geocoder
C14H-04-0004,48453000500,484530005000,geocoder
C14H-04-0005,48453001101,484530011010,geocoder
C14H-04-0006,48453001603,484530016030,geocoder
C14H-04-0007,48453000500,484530005000,geocoder
C14H-04-0008,48453001101,484530011010,geocoder
C14H-04-0009,48453000803,484530008030,geocoder
C14H-04-0011,48453000204,484530002040,geocoder
C14H-04-0012,48453001603,484530016030,geocoder
C14H-04-0013,48453001603,484530016030,geocoder
C14H-04-0014,48453000605,484530006050,geocoder
C14H-04-0015,48453000803,484530008030,geocoder
C14H-04-0016,48453001200,484530012000,geocoder
C14H-04-0017,48453000804,484530008040,geocoder
C14H-04-0018,48453001402,484530014020,geocoder
C14H-04-0019,48453000500,484530005000,geocoder
C14H-04-0021,48453000302,484530003020,geocoder
C14H-04-0022,48453001603,484530016030,geocoder
C14H-04-0023,48453000500,484530005000,geocoder
C14H-04-0024,48453000302,484530003020,geocoder
C14H-04-0025,48453000304,484530003040,geocoder
C14H-04-0029,48453001605,484530016050,geocoder
C14H-04-0030,48453001200,484530012000,geocoder
C14H-04-0031,48453001603,484530016030,geocoder
C14H-04-0032,48453001603,484530016030,geocoder
C14H-05-0001,48453000607,484530006070,geocoder
C14H-05-0004,48453000402,484530004020,geocoder
C14H-05-0005,48453001200,484530012000,geocoder
C14H-05-0006,48453001200,484530012000,geocoder
C14H-05-0007,48453000302,484530003020,geocoder
C14H-05-0008,48453000606,484530006060,geocoder
C14H-05-0009,48453000902,484530009020,geocoder
C14H-05-0010,48453001605,484530016050,geocoder
C14H-05-0011,48453000302,484530003020,geocoder
C14H-05-0012,48453001200,484530012000,geocoder
C14H-05-0013,48453001605,484530016050,geocoder
C14H-05-0014,48453000302,484530003020,geocoder
C14H-05-0015,48453000302,484530003020,geocoder
C14H-05-0016,48453001101,484530011010,geocoder
C14H-05-0017,48453001605,484530016050,geocoder
C14H-05-0018,48453001200,484530012000,geocoder
C14H-05-0020,48453001101,484530011010,geocoder
C14H-05-0021,48453000607,484530006070,geocoder
C14H-05-0022,48453000204,484530002040,geocoder
C14H-05-0023,48453000302,484530003020,geocoder
C14H-05-0024,48453001603,484530016030,geocoder
C14H-05-0025,48453001101,484530011010,geocoder
C14H-05-0026,48453001603,484530016030,geocoder
C14H-05-0027,48453001604,484530016040,geocoder
C14H-05-0028,48453000500,484530005000,geocoder
C14H-05-0029,48453001603,484530016030,geocoder
C14H-05-0030,48453000500,484530005000,geocoder
C14H-05-0033,48453000500,484530005000,geocoder
C14H-06-0001,48453000204,484530002040,geocoder
C14H-06-0002,48453001605,484530016050,geocoder
C14H-06-0004,48453001604,484530016040,geocoder
C14H-06-0005,48453001605,484530016050,geocoder
C14H-06-0006,48453001200,484530012000,geocoder
C14H-06-0007,48453001603,484530016030,geocoder
C14H-06-0008,48453001605,484530016050,geocoder
C14H-06-0009,48453000803,484530008030,geocoder
C14H-06-0010,48453000402,484530004020,geocoder
C14H-06-0011,48453001103,484530011030,geocoder
C14H-06-0013,48453001312,484530013120,geocoder
C14H-06-0015,48453000700,484530007000,geocoder
C14H-06-0016,48453001101,484530011010,geocoder
C14H-06-0019,48453001605,484530016050,geocoder
C14H-06-0020,48453001602,484530016020,geocoder
C14H-06-0021,48453001603,484530016030,geocoder
C14H-06-0022,48453001200,484530012000,geocoder
C14H-06-0023,48453000500,484530005000,geocoder
C14H-06-0024,48453001402,484530014020,geocoder
C14H-06-0025,48453000804,484530008040,geocoder
C14H-06-0027,48453000500,484530005000,geocoder
C14H-06-0028,48453000302,484530003020,geocoder
C14H-06-0029,48453001603,484530016030,geocoder
C14H-06-0031,48453000500,484530005000,geocoder
C14H-06-0032,48453000804,484530008040,geocoder
C14H-06-0035,48453001605,484530016050,geocoder
C14H-06-0036,48453002007,484530020070,geocoder
C14H-06-0037,48453001605,484530016050,geocoder
C14H-06-0038,48453000607,484530006070,geocoder
C14H-06-0039,48453001603,484530016030,geocoder
C14H-06-0040,48453001102,484530011020,geocoder
C14H-06-0041,48453000302,484530003020,geocoder
C14H-06-0042,48453001103,484530011030,geocoder
C14H-06-0044,48453000607,484530006070,geocoder
C14H-06-0045,48453000500,484530005000,geocoder
C14H-07-0001,48453001603,484530016030,geocoder
C14H-07-0002,48453000901,484530009010,geocoder
C14H-1999-0018,48453001102,484530011020,geocoder
C14H-2007-0012,48453001312,484530013120,geocoder
C14H-2007-0013,48453000607,484530006070,geocoder
C14H-2007-0015,48453001200,484530012000,geocoder
C14H-2007-0017,48453001605,484530016050,geocoder
C14H-2007-0018,48453000302,484530003020,geocoder
C14H-2007-0019,48453000302,484530003020,geocoder
C14H-2007-0020,48453001402,484530014020,geocoder
C14H-2007-0023,48453001402,484530014020,geocoder
C14H-2007-0024,48453000302,484530003020,geocoder
C14H-2007-0025,48453000700,484530007000,geocoder
C14H-2007-0026,48453000804,484530008040,geocoder
C14H-2007-0027,48453001604,484530016040,geocoder
C14H-2007-0028,48453001000,484530010000,geocoder
C14H-2007-0029,48453001200,484530012000,geocoder
C14H-2007-0031,48453001602,484530016020,geocoder
C14H-2007-0032,48453001603,484530016030,geocoder
C14H-2007-0035,48453000204,484530002040,geocoder
C14H-2007-0040,48453001603,484530016030,geocoder
C14H-2007-0244,48453002310,484530023100,geocoder
C14H-2008-0001,48453001401,484530014010,geocoder
C14H-2008-0002,48453000605,484530006050,geocoder
C14H-2008-0003,48453000605,484530006050,geocoder
C14H-2008-0004,48453000302,484530003020,geocoder
C14H-2008-0006,48453001402,484530014020,geocoder
C14H-2008-0007,48453001402,484530014020,geocoder
C14H-2008-0010,48453001602,484530016020,geocoder
C14H-2008-0011,48453001603,484530016030,geocoder
C14H-2008-0012,48453000204,484530002040,geocoder
C14H-2008-0013,48453000607,484530006070,geocoder
C14H-2008-0014,48453000500,484530005000,geocoder
C14H-2008-0015,48453001605,484530016050,geocoder
C14H-2008-0016,48453001605,484530016050,geocoder
C14H-2008-0018,48453001401,484530014010,geocoder
C14H-2008-0019,48453001200,484530012000,geocoder
C14H-2008-0020,48453001312,484530013120,geocoder
C14H-2008-0023,48453000302,484530003020,geocoder
C14H-2008-0024,48453000500,484530005000,geocoder
C14H-2008-0026,48453001603,484530016030,geocoder
C14H-2008-0027,48453002111,484530021110,geocoder
C14H-2008-0028,48453001311,484530013110,geocoder
C14H-2008-0030,48453001312,484530013120,geocoder
C14H-2008-0031,48453001603,484530016030,geocoder
C14H-2008-0032,48453001603,484530016030,geocoder
C14H-2008-0033,48453001603,484530016030,geocoder
C14H-2008-0034,48453001603,484530016030,geocoder
C14H-2008-0035,48453001605,484530016050,geocoder
C14H-2008-0036,48453002109,484530021090,geocoder
C14H-2008-0037,48453000902,484530009020,geocoder
C14H-2008-0038,48453001923,484530019230,geocoder
C14H-2008-0039,48453000304,484530003040,geocoder
C14H-2008-0161,48453001604,484530016040,geocoder
C14H-2009-0001,48453000302,484530003020,geocoder
C14H-2009-0002,48453001000,484530010000,geocoder
C14H-2009-0003,48453000804,484530008040,geocoder
C14H-2009-0004,48453000305,484530003050,geocoder
C14H-2009-0005,48453001605,484530016050,geocoder
C14H-2009-0006,48453001603,484530016030,geocoder
C14H-2009-0007,48453001603,484530016030,geocoder
C14H-2009-0008,48453001603,484530016030,geocoder
C14H-2009-0009,48453001603,484530016030,geocoder
C14H-2009-0010,48453001603,484530016030,geocoder
C14H-2009-0011,48453000700,484530007000,geocoder
C14H-2009-0012,48453001603,484530016030,geocoder
C14H-2009-0013,48453000601,484530006010,geocoder
C14H-2009-0014,48453001603,484530016030,geocoder
C14H-2009-0015,48453001603,484530016030,geocoder
C14H-2009-0016,48453000700,484530007000,geocoder
C14H-2009-0017,48453000500,484530005000,geocoder
C14H-2009-0018,48453000804,484530008040,geocoder
C14H-2009-0019,48453000804,484530008040,geocoder
C14H-2009-0020,48453001605,484530016050,geocoder
C14H-2009-0021,48453001603,484530016030,geocoder
C14H-2009-0022,48453001605,484530016050,geocoder
C14H-2009-0023,48453001200,484530012000,geocoder
C14H-2009-0024,48453001603,484530016030,geocoder
C14H-2009-0025,48453001200,484530012000,geocoder
C14H-2009-0026,48453000700,484530007000,geocoder
C14H-2009-0027,48453001603,484530016030,geocoder
C14H-2009-0028,48453001605,484530016050,geocoder
C14H-2009-0029,48453001603,484530016030,geocoder
C14H-2009-0030,48453001605,484530016050,geocoder
C14H-2009-0032,48453001603,484530016030,geocoder
C14H-2009-0034,48453001603,484530016030,geocoder
C14H-2009-0035,48453000700,484530007000,geocoder
C14H-2009-0036,48453001200,484530012000,geocoder
C14H-2009-0037,48453000500,484530005000,geocoder
C14H-2009-0038,48453001605,484530016050,geocoder
C14H-2009-0039,48453001603,484530016030,geocoder
C14H-2009-0040,48453001605,484530016050,geocoder
C14H-2009-0041,48453001605,484530016050,geocoder
C14H-2009-0042,48453001603,484530016030,geocoder
C14H-2009-0043,48453000700,484530007000,geocoder
C14H-2009-0044,48453000700,484530007000,geocoder
C14H-2009-0045,48453000700,484530007000,geocoder
C14H-2009-0046,48453001603,484530016030,geocoder
C14H-2009-0047,48453001603,484530016030,geocoder
C14H-2009-0048,48453001605,484530016050,geocoder
C14H-2009-0049,48453001605,484530016050,geocoder
C14H-2009-0050,48453001603,484530016030,geocoder
C14H-2009-0051,48453001603,484530016030,geocoder
C14H-2009-0052,48453001603,484530016030,geocoder
C14H-2009-0053,48453001603,484530016030,geocoder
C14H-2009-0054,48453001103,484530011030,geocoder
C14H-2009-0055,48453000803,484530008030,geocoder
C14H-2009-0056,48453001605,484530016050,geocoder
C14H-2009-0057,48453001605,484530016050,geocoder
C14H-2009-0058,48453001605,484530016050,geocoder
C14H-2009-0059,48453001101,484530011010,geocoder
C14H-2009-0060,48453001605,484530016050,geocoder
C14H-2009-0061,48453001605,484530016050,geocoder
C14H-2009-0062,48453000500,484530005000,geocoder
C14H-2009-0063,48453000304,484530003040,geocoder
C14H-2009-0064,48453001603,484530016030,geocoder
C14H-2009-0065,48453001605,484530016050,geocoder
C14H-2009-0066,48453001603,484530016030,geocoder
C14H-2009-0067,48453001200,484530012000,geocoder
C14H-2009-0068,48453000607,484530006070,geocoder
C14H-2009-0087,48453001603,484530016030,geocoder
C14H-2010-0001,48453001401,484530014010,geocoder
C14H-2010-0002,48453001605,484530016050,geocoder
C14H-2010-0003,48453001605,484530016050,geocoder
C14H-2010-0004,48453000500,484530005000,geocoder
C14H-2010-0005,48453000500,484530005000,geocoder
C14H-2010-0006,48453001200,484530012000,geocoder
C14H-2010-0007,48453001603,484530016030,geocoder
C14H-2010-0008,48453001101,484530011010,geocoder
C14H-2010-0009,48453001603,484530016030,geocoder
C14H-2010-0010,48453001603,484530016030,geocoder
C14H-2010-0011,48453001604,484530016040,geocoder
C14H-2010-0012,48453000700,484530007000,geocoder
C14H-2010-0013,48453000700,484530007000,geocoder
C14H-2010-0014,48453000302,484530003020,geocoder
C14H-2010-0015,48453001603,484530016030,geocoder
C14H-2010-0016,48453000500,484530005000,geocoder
C14H-2010-0017,48453000804,484530008040,geocoder
C14H-2010-0018,48453000804,484530008040,geocoder
C14H-2010-0019,48453000302,484530003020,geocoder
C14H-2010-0020,48453001603,484530016030,geocoder
C14H-2010-0021,48453000302,484530003020,geocoder
C14H-2010-0022,48453001200,484530012000,geocoder
C14H-2010-0023,48453001603,484530016030,geocoder
C14H-2010-0024,48453001603,484530016030,geocoder
C14H-2010-0025,48453001605,484530016050,geocoder
C14H-2010-0026,48453000606,484530006060,geocoder
C14H-2010-0027,48453001312,484530013120,geocoder
C14H-2010-0028,48453001402,484530014020,geocoder
C14H-2010-0029,48453000804,484530008040,geocoder
C14H-2010-0030,48453000302,484530003020,geocoder
C14H-2010-0031,48453000607,484530006070,geocoder
C14H-2010-0032,48453001402,484530014020,geocoder
C14H-2010-0033,48453000500,484530005000,geocoder
C14H-2010-0034,48453001101,484530011010,geocoder
C14H-2010-0035,48453000605,484530006050,geocoder
C14H-2010-0036,48453000605,484530006050,geocoder
C14H-2010-0037,48453001312,484530013120,geocoder
C14H-2010-0038,48453000804,484530008040,geocoder
C14H-2010-0039,48453000302,484530003020,geocoder
C14H-2010-0040,48453001000,484530010000,geocoder
C14H-2010-0041,48453001605,484530016050,geocoder
C14H-2010-0042,48453000803,484530008030,geocoder
C14H-2011-0001,48453001200,484530012000,geocoder
C14H-2011-0002,48453000901,484530009010,geocoder
C14H-2011-0003,48453000302,484530003020,geocoder
C14H-2011-0004,48453000302,484530003020,geocoder
C14H-2011-0005,48453000700,484530007000,geocoder
C14H-2011-0006,48453001103,484530011030,geocoder
C14H-2012-0001,48453001605,484530016050,geocoder
C14H-2012-0002,48453000804,484530008040,geocoder
C14H-2012-0003,48453001605,484530016050,geocoder
C14H-2012-0004,48453001000,484530010000,geocoder
C14H-2012-0005,48453001101,484530011010,geocoder
C14H-2012-0006,48453001000,484530010000,geocoder
C14H-2012-0007,48453001000,484530010000,geocoder
C14H-2012-0008,48453000204,484530002040,geocoder
C14H-2012-0009,48453000601,484530006010,geocoder
C14H-2012-0010,48453001000,484530010000,geocoder
C14H-2012-0011,48453001312,484530013120,geocoder
C14H-2012-0012,48453001604,484530016040,geocoder
C14H-2012-0013,48453000700,484530007000,geocoder
C14H-2012-0078,48453001101,484530011010,geocoder
C14H-2013-0001,48453000803,484530008030,geocoder
C14H-2013-0003,48453001200,484530012000,geocoder
C14H-2013-0004,48453001603,484530016030,geocoder
C14H-2013-0005,48453000700,484530007000,geocoder
C14H-2013-0006,48453000901,484530009010,geocoder
C14H-2013-0007,48453000607,484530006070,geocoder
C14H-2013-0008,48453000804,484530008040,geocoder
C14H-2013-0140,48453001604,484530016040,geocoder
C14H-2014-0001,48453001200,484530012000,geocoder
C14H-2014-0002,48453001603,484530016030,geocoder
C14H-2014-0003,48453001401,484530014010,geocoder
C14H-2014-0004,48453001312,484530013120,geocoder
C14H-2014-0005,48453000204,484530002040,geocoder
C14H-2014-0006,48453001312,484530013120,geocoder
C14H-2014-0007,48453000302,484530003020,geocoder
C14H-2014-0008,48453001200,484530012000,geocoder
C14H-2014-0009,48453000901,484530009010,geocoder
C14H-2014-0010,48453000901,484530009010,geocoder
C14H-2014-0011,48453001402,484530014020,geocoder
C14H-2014-0012,48453001200,484530012000,geocoder
C14H-2014-0013,48453000500,484530005000,geocoder
C14H-2014-0014,48453001401,484530014010,geocoder
C14H-2014-0015,48453001401,484530014010,geocoder
C14H-2015-0001,48453000804,484530008040,geocoder
C14H-2015-0002,48453000902,484530009020,geocoder
C14H-2015-0003,48453000803,484530008030,geocoder
C14H-2015-0004,48453001605,484530016050,geocoder
C14H-2015-0006,48453002007,484530020070,geocoder
C14H-2015-0007,48453000605,484530006050,geocoder
C14H-2015-0008,48453000804,484530008040,geocoder
C14H-2015-0010,48453000804,484530008040,geocoder
C14H-2015-0011,48453001312,484530013120,geocoder
C14H-2015-0012,48453001309,484530013090,geocoder
C14H-2015-0013,48453000700,484530007000,geocoder
C14H-2015-0053,48453000500,484530005000,geocoder
C14H-2015-0082,48453000102,484530001020,geocoder
C14H-2015-0147,48453001402,484530014020,geocoder
C14H-2015-0152,48453001605,484530016050,geocoder
C14H-2015-0164,48453000500,484530005000,geocoder
C14H-2016-0005,48453001603,484530016030,geocoder
C14H-2016-0006,48453001000,484530010000,geocoder
C14H-2016-0007,48453000803,484530008030,geocoder
C14H-2016-0008,48453001000,484530010000,geocoder
C14H-2016-0009,48453000401,484530004010,geocoder
C14H-2016-0053,48453000500,484530005000,geocoder
C14H-2016-0056,48453000605,484530006050,geocoder
C14H-2016-0073,48453001101,484530011010,geocoder
C14H-2016-0099,48453001312,484530013120,geocoder
C14H-2016-0112,48453001000,484530010000,geocoder
C14H-2016-0120,48453001603,484530016030,geocoder
C14H-2016-0122,48453000500,484530005000,geocoder
C14H-2017-0006,48453001000,484530010000,geocoder
C14H-2017-0011,48453001911,484530019110,geocoder
C14H-2017-0031,48453002325,484530023250,geocoder
C14H-2017-0038,48453000401,484530004010,geocoder
C14H-2017-0039,48453000607,484530006070,geocoder
C14H-2017-0055,48453002327,484530023270,geocoder
C14H-2017-0065,48453000901,484530009010,geocoder
C14H-2017-0082,48453001603,484530016030,geocoder
C14H-2017-0107,48453001101,484530011010,geocoder
C14H-2017-0112,48453001101,484530011010,geocoder
C14H-2017-0119,48453000804,484530008040,geocoder
C14H-2017-0120,48453001603,484530016030,geocoder
C14H-2017-0129,48453000902,484530009020,geocoder
C14H-2018-0010,48453000308,484530003080,geocoder
C14H-2018-0013,48453001200,484530012000,geocoder
C14H-2018-0014,48453001101,484530011010,geocoder
C14H-2018-0015,48453001401,484530014010,geocoder
C14H-2018-0032,48453002109,484530021090,geocoder
C14H-2018-0082,48453000605,484530006050,geocoder
C14H-2018-0084,48453001605,484530016050,geocoder
C14H-2018-0103,48453001603,484530016030,geocoder
C14H-2018-0105,48453000901,484530009010,geocoder
C14H-2018-0151,48453000902,484530009020,geocoder
C14H-2019-0065,48453001603,484530016030,geocoder
C14H-2019-0077,48453001000,484530010000,geocoder
C14H-2019-0111,48453000902,484530009020,geocoder
C14H-2019-0112,48453000902,484530009020,geocoder
C14H-2019-0128,48453000804,484530008040,geocoder
C14H-2019-0147,48453000607,484530006070,geocoder
C14H-2019-0148,48453001000,484530010000,geocoder
C14H-2019-0161,48453001200,484530012000,geocoder
C14H-2020-0011,48453000402,484530004020,geocoder
C14H-2020-0020,48453000901,484530009010,geocoder
C14H-2020-0033,48453001603,484530016030,geocoder
C14H-2020-0069,48453000402,484530004020,geocoder
C14H-2020-0087,48453000302,484530003020,geocoder
C14H-2020-0113,48453001402,484530014020,geocoder
C14H-2020-0120,48453001101,484530011010,geocoder
C14H-2020-0133,48453000102,484530001020,geocoder
C14H-2020-0136,48453000605,484530006050,geocoder
C14H-2021-0006,48453000700,484530007000,geocoder
C14H-2021-0013,48453000204,484530002040,geocoder
C14H-2021-0057,48453000206,484530002060,geocoder
C14H-2021-0097,48453000803,484530008030,geocoder
C14H-2021-0116,48453002105,484530021050,geocoder
C14H-2021-0144,48453001603,484530016030,geocoder
C14H-2021-0164,48453001501,484530015010,geocoder
C14H-2021-0165,48453030200,484530302000,geocoder
C14H-2021-0180,48453001602,484530016020,geocoder
C14H-2021-0181,48453001103,484530011030,geocoder
C14H-2022-0071,48453001000,484530010000,geocoder
C14H-2022-0072,48453000901,484530009010,geocoder
C14H-2022-0073,48453001101,484530011010,geocoder
C14H-2022-0078,48453000302,484530003020,geocoder
C14H-2022-0098,48453000803,484530008030,geocoder
C14H-2022-0099,48453001604,484530016040,geocoder
C14H-2022-0139,48453001605,484530016050,geocoder
C14H-2022-0176,48453002004,484530020040,geocoder
C14H-2023-0024,48453001605,484530016050,geocoder
C14H-2023-0074,48453000700,484530007000,geocoder
C14H-2023-0079,48453001603,484530016030,geocoder
C14H-2023-0085,48453001402,484530014020,geocoder
C14H-2023-0090,48453001103,484530011030,geocoder
C14H-2023-0091,48453001103,484530011030,geocoder
C14H-2023-0092,48453000901,484530009010,geocoder
C14H-2023-0105,48453001101,484530011010,geocoder
C14H-2023-0115,48453000804,484530008040,geocoder
C14H-2023-0136,48453000902,484530009020,geocoder
C14H-2023-0137,48453000902,484530009020,geocoder
C14H-2023-0143,48453001602,484530016020,geocoder
C14H-2023-0145,48453001401,484530014010,geocoder
C14H-2023-0147,48453001000,484530010000,geocoder
C14H-2024-0011,48453000803,484530008030,geocoder
C14H-2024-0016,48453000204,484530002040,geocoder
C14H-2024-0094,48453001603,484530016030,geocoder
C14H-2024-0098,48453001200,484530012000,geocoder
C14H-2024-0100,48453000401,484530004010,geocoder
C14H-2024-0102,48453001311,484530013110,geocoder
C14H-2024-0103,48453002109,484530021090,geocoder
C14H-2024-0115,48453000700,484530007000,geocoder
C14H-2024-0123,48453000302,484530003020,geocoder
C14H-2024-0136,48453000803,484530008030,geocoder
C14H-2024-0153,48453001000,484530010000,geocoder
C14H-2024-0154,48453000700,484530007000,geocoder
C14H-2024-0162,48453032200,484530322000,geocoder
C14H-2024-0171,48453001200,484530012000,geocoder
C14H-2025-0022,48453000700,484530007000,geocoder
C14H-2025-0059,48453000606,484530006060,geocoder
C14H-2025-0066,48453001103,484530011030,geocoder
C14H-2025-0077,48453001103,484530011030,geocoder
C14H-2025-0086,48453000700,484530007000,geocoder
C14H-2025-0095,48453000402,484530004020,geocoder
C14H-2025-0105,48453001200,484530012000,geocoder
C14H-2025-0117,48453002109,484530021090,geocoder
C14H-2025-0122,48453000402,484530004020,geocoder
C14H-80-023(90)TA,48453001103,484530011030,geocoder
C14H-83-026(90)TA,48453001101,484530011010,geocoder
C14H-85-001(90)TA,48453000803,484530008030,geocoder
C14H-90-0001,48453000700,484530007000,geocoder
C14H-90-0002,48453000700,484530007000,geocoder
C14H-90-0005,48453000302,484530003020,geocoder
C14H-90-0008,48453001200,484530012000,geocoder
C14H-90-0010,48453000700,484530007000,geocoder
C14H-91-0003,48453001200,484530012000,geocoder
C14H-94-0005,48453043500,484530435000,geocoder
C14H-94-0010,48453000304,484530003040,geocoder
C14H-94-0014,48453001309,484530013090,geocoder
C14H-94-0017,48453000500,484530005000,geocoder
C14H-94-0020,48453000302,484530003020,geocoder
C14H-95-0005,48453001401,484530014010,geocoder
C14H-95-0006,48453001603,484530016030,geocoder
C14H-97-0006,48453001603,484530016030,geocoder
C14H-97-0007,48453000500,484530005000,geocoder
C14H-97-0008,48453001402,484530014020,geocoder
C14H-97-0009,48453001402,484530014020,geocoder
C14H-98-0005,48453001103,484530011030,geocoder
C14H-98-0006,48453001101,484530011010,geocoder
C14H-98-0007,48453001000,484530010000,geocoder
C14H-99-0001,48453000700,484530007000,geocoder
C14H-99-0002,48453001200,484530012000,geocoder
C14H-99-0003,48453000804,484530008040,geocoder
C14H-99-0005,48453001401,484530014010,geocoder
C14H-99-0006,48453000804,484530008040,geocoder
C14H-99-0019,48453000500,484530005000,geocoder
C14P-76-007(RCT),48453002109,484530021090,geocoder
C14R-84-018(RCT),48453001912,484530019120,geocoder
C14R-84-443(RCA),48453042000,484530420000,geocoder
C14R-85-023.01,48453030500,484530305000,geocoder
C14R-85-166(RCT),48453034600,484530346000,geocoder
C14R-85-178(RCA),48491020334,484910203340,geocoder
C14R-85-366(RCA2),48491020311,484910203110,geocoder
C14R-86-193(RCT),48453032600,484530326000,geocoder
C14R-87-087(RCT),48453000307,484530003070,geocoder
C14T-00-2163,48453002451,484530024510,geocoder
C17-00-2001,48453000700,484530007000,geocoder
C17-00-2003,48453001200,484530012000,geocoder
C17-00-2004,48453001101,484530011010,geocoder
C17-00-2005,48453001200,484530012000,geocoder
C17-00-2015,48453000700,484530007000,geocoder
C17-01-0001,48453001312,484530013120,geocoder
C17-01-0002,48453000700,484530007000,geocoder
C17-01-0003,48453001101,484530011010,geocoder
C17-01-0004,48453001101,484530011010,geocoder
C17-01-0006,48453001200,484530012000,geocoder
C17-01-0007,48453000700,484530007000,geocoder
C17-01-0010,48453001101,484530011010,geocoder
C17-01-0012,48453001102,484530011020,geocoder
C17-01-0013,48453001101,484530011010,geocoder
C17-01-11,48453000902,484530009020,geocoder
C17-02-0002,48453001101,484530011010,geocoder
C17-02-0004,48453000902,484530009020,geocoder
C17-02-0006,48453001101,484530011010,geocoder
C17-03-0003,48453001101,484530011010,geocoder
C17-03-0004,48453001200,484530012000,geocoder
C17-03-0005,48453001200,484530012000,geocoder
C17-03-0007,48453001101,484530011010,geocoder
C17-03-0008,48453000902,484530009020,geocoder
C17-03-0009,48453001310,484530013100,geocoder
C17-03-0010,48453000804,484530008040,geocoder
C17-04-0003,48453001200,484530012000,geocoder
C17-04-0004,48453001103,484530011030,geocoder
C17-04-0005,48453001200,484530012000,geocoder
C17-04-0006,48453001101,484530011010,geocoder
C17-04-0007,48453001101,484530011010,geocoder
C17-04-0008,48453001101,484530011010,geocoder
C17-05-0001,48453001102,484530011020,geocoder
C17-05-0002,48453001101,484530011010,geocoder
C17-05-0003,48453001101,484530011010,geocoder
C17-05-0004,48453001101,484530011010,geocoder
C17-05-0006,48453001200,484530012000,geocoder
C17-05-0007,48453001101,484530011010,geocoder
C17-05-0010,48453001102,484530011020,geocoder
C17-05-0011,48453001000,484530010000,geocoder
C17-05-0012,48453002304,484530023040,geocoder
C17-05-0013,48453000804,484530008040,geocoder
C17-05-0014,48453000700,484530007000,geocoder
C17-06-0002,48453001101,484530011010,geocoder
C17-06-0004,48453000902,484530009020,geocoder
C17-06-0005,48453001101,484530011010,geocoder
C17-06-0006,48453001101,484530011010,geocoder
C17-06-0008,48453001103,484530011030,geocoder
C17-06-0009,48453000700,484530007000,geocoder
C17-06-0010,48453000700,484530007000,geocoder
C17-06-0011,48453001101,484530011010,geocoder
C17-06-0013,48453001101,484530011010,geocoder
C17-06-0014,48453001101,484530011010,geocoder
C17-06-0015,48453000700,484530007000,geocoder
C17-06-0016,48453000700,484530007000,geocoder
C17-06-0017,48453001101,484530011010,geocoder
C17-06-0018,48453001102,484530011020,geocoder
C17-06-0019,48453001102,484530011020,geocoder
C17-06-0021,48453001200,484530012000,geocoder
C17-06-0022,48453001101,484530011010,geocoder
C17-06-0023,48453001101,484530011010,geocoder
C17-06-0025,48453000700,484530007000,geocoder
C17-06-0026,48453001200,484530012000,geocoder
C17-07-0001,48453001101,484530011010,geocoder
C17-07-0002,48453001101,484530011010,geocoder
C17-2007-0036,48453001102,484530011020,geocoder
C17-2007-0061,48453001101,484530011010,geocoder
C17-2007-0068,48453001200,484530012000,geocoder
C17-2007-0091,48453001200,484530012000,geocoder
C17-2007-0093,48453000700,484530007000,geocoder
C17-2007-0094,48453001102,484530011020,geocoder
C17-2007-0197,48453001102,484530011020,geocoder
C17-2007-0198,48453000402,484530004020,geocoder
C17-2007-0199,48453000700,484530007000,geocoder
C17-2007-0257,48453001101,484530011010,geocoder
C17-2007-0261,48453001101,484530011010,geocoder
C17-2007-0266,48453000700,484530007000,geocoder
C17-2008-0048,48453000700,484530007000,geocoder
C17-2008-0065,48453001101,484530011010,geocoder
C17-2008-0119,48453000804,484530008040,geocoder
C17-2008-0120,48453001101,484530011010,geocoder
C17-2008-0140,48453000901,484530009010,geocoder
C17-2008-0189,48453001101,484530011010,geocoder
C17-2008-0202,48453001101,484530011010,geocoder
C17-2008-0246,48453001200,484530012000,geocoder
C17-2009-0019,48453001200,484530012000,geocoder
C17-2009-0075,48453000700,484530007000,geocoder
C17-2009-0143,48453000700,484530007000,geocoder
C17-2009-0145,48453001101,484530011010,geocoder
C17-2009-0147,48453000700,484530007000,geocoder
C17-2010-0022,48453001200,484530012000,geocoder
C17-2010-0093,48453001101,484530011010,geocoder
C17-2010-0153,48453000902,484530009020,geocoder
C17-2010-0189,48453000804,484530008040,geocoder
C17-2011-0003,48453000804,484530008040,geocoder
C17-2011-0034,48453001101,484530011010,geocoder
C17-2011-0035,48453001102,484530011020,geocoder
C17-2011-0053,48453001605,484530016050,geocoder
C17-2011-0057,48453001312,484530013120,geocoder
C17-2011-0059,48453000700,484530007000,geocoder
C17-2011-0067,48453001101,484530011010,geocoder
C17-2011-0077,48453001102,484530011020,geocoder
C17-2011-0090,48453001101,484530011010,geocoder
C17-2011-0106,48453001200,484530012000,geocoder
C17-2011-0137,48453001102,484530011020,geocoder
C17-2011-0138,48453000700,484530007000,geocoder
C17-2011-0139,48453001101,484530011010,geocoder
C17-2011-0150,48453001101,484530011010,geocoder
C17-2011-0152,48453001101,484530011010,geocoder
C17-2011-0164,48453001103,484530011030,geocoder
C17-2012-0005,48453001101,484530011010,geocoder
C17-2012-0010,48453002304,484530023040,geocoder
C17-2012-0011,48453000402,484530004020,geocoder
C17-2012-0012,48453000902,484530009020,geocoder
C17-2012-0039,48453001103,484530011030,geocoder
C17-2012-0043,48453001200,484530012000,geocoder
C17-2012-0047,48453001101,484530011010,geocoder
C17-2012-0050,48453000700,484530007000,geocoder
C17-2012-0056,48453001101,484530011010,geocoder
C17-2012-0076,48453001101,484530011010,geocoder
C17-2012-0091,48453001102,484530011020,geocoder
C17-2012-0124,48453001101,484530011010,geocoder
C17-2012-0131,48453001101,484530011010,geocoder
C17-2012-0134,48453001102,484530011020,geocoder
C17-2012-0159,48453001200,484530012000,geocoder
C17-2013-0001,48453001401,484530014010,geocoder
C17-2013-0002,48453001200,484530012000,geocoder
C17-2013-0003,48453001101,484530011010,geocoder
C17-2013-0005,48453000700,484530007000,geocoder
C17-2013-0008,48453001102,484530011020,geocoder
C17-2013-0009,48453001101,484530011010,geocoder
C17-2013-0068,48453001101,484530011010,geocoder
C17-2013-0072,48453001102,484530011020,geocoder
C17-2013-0116,48453001102,484530011020,geocoder
C17-2013-0117,48453001102,484530011020,geocoder
C17-2013-0131,48453001103,484530011030,geocoder
C17-2014-0003,48453001101,484530011010,geocoder
C17-2014-0005,48453001101,484530011010,geocoder
C17-2014-0006,48453000804,484530008040,geocoder
C17-2014-0011,48453001101,484530011010,geocoder
C17-2014-0012,48453001200,484530012000,geocoder
C17-2014-0013,48453001101,484530011010,geocoder
C17-2014-0014,48453001101,484530011010,geocoder
C17-2014-0015,48453001311,484530013110,geocoder
C17-2014-0016,48453001101,484530011010,geocoder
C17-2014-0017,48453001605,484530016050,geocoder
C17-2014-0018,48453000700,484530007000,geocoder
C17-2014-0020,48453000700,484530007000,geocoder
C17-2014-0169,48453000902,484530009020,geocoder
C17-2015-0001,48453001605,484530016050,geocoder
C17-2015-0002,48453001200,484530012000,geocoder
C17-2015-0003,48453001200,484530012000,geocoder
C17-2015-0004,48453000902,484530009020,geocoder
C17-2015-0006,48453001101,484530011010,geocoder
C17-2015-0008,48453001101,484530011010,geocoder
C17-2015-0009,48453001101,484530011010,geocoder
C17-2015-0011,48453001200,484530012000,geocoder
C17-2015-0124,48453000804,484530008040,geocoder
C17-2015-0125,48453001101,484530011010,geocoder
C17-2015-0126,48453001200,484530012000,geocoder
C17-2015-0149,48453001101,484530011010,geocoder
C17-2015-0150,48453001101,484530011010,geocoder
C17-2016-0006,48453001101,484530011010,geocoder
C17-2016-0007,48453001401,484530014010,geocoder
C17-2016-0008,48453000700,484530007000,geocoder
C17-2016-0009,48453001200,484530012000,geocoder
C17-2016-0010,48453001101,484530011010,geocoder
C17-2016-0011,48453001101,484530011010,geocoder
C17-2016-0012,48453001103,484530011030,geocoder
C17-2016-0029,48453001103,484530011030,geocoder
C17-2016-0066,48453000700,484530007000,geocoder
C17-2016-0088,48453001101,484530011010,geocoder
C17-2016-0103,48453001101,484530011010,geocoder
C17-2016-0104,48453000700,484530007000,geocoder
C17-2016-0108,48453001101,484530011010,geocoder
C17-2016-0118,48453001101,484530011010,geocoder
C17-2016-0128,48453000901,484530009010,geocoder
C17-2016-0129,48453001101,484530011010,geocoder
C17-2017-0008,48453001401,484530014010,geocoder
C17-2017-0068,48453001200,484530012000,geocoder
C17-2017-0069,48453001101,484530011010,geocoder
C17-2017-0070,48453000402,484530004020,geocoder
C17-2017-0093,48453001101,484530011010,geocoder
C17-2017-0128.SH,48453001304,484530013040,geocoder
C17-2017-0142,48453001103,484530011030,geocoder
C17-2017-0154,48453000902,484530009020,geocoder
C17-2017-0155,48453001401,484530014010,geocoder
C17-2018-0008,48453000804,484530008040,geocoder
C17-2018-0011,48453000700,484530007000,geocoder
C17-2018-0012,48453001200,484530012000,geocoder
C17-2018-0016,48453000700,484530007000,geocoder
C17-2018-0038,48453001101,484530011010,geocoder
C17-2018-0045,48453001911,484530019110,geocoder
C17-2018-0049,48453000700,484530007000,geocoder
C17-2018-0054,48453000700,484530007000,geocoder
C17-2018-0059,48453001101,484530011010,geocoder
C17-2018-0067,48453000901,484530009010,geocoder
C17-2018-0086,48453000309,484530003090,geocoder
C17-2018-0114,48453001102,484530011020,geocoder
C17-2018-0129,48453000402,484530004020,geocoder
C17-2018-0144,48453001103,484530011030,geocoder
C17-2018-0153,48453001101,484530011010,geocoder
C17-2018-0200,48453001102,484530011020,geocoder
C17-2019-0036,48453001000,484530010000,geocoder
C17-2019-0052,48453001103,484530011030,geocoder
C17-2019-0062,48453000700,484530007000,geocoder
C17-2019-0080,48453001605,484530016050,geocoder
C17-2019-0086,48453001103,484530011030,geocoder
C17-2019-0119.SH,48453000402,484530004020,geocoder
C17-2019-0122,48453000700,484530007000,geocoder
C17-2019-0132,48453000402,484530004020,geocoder
C17-2019-0149,48453001103,484530011030,geocoder
C17-2019-0150,48453001000,484530010000,geocoder
C17-2019-0154,48453001101,484530011010,geocoder
C17-2020-0018,48453001200,484530012000,geocoder
C17-2020-0021,48453000700,484530007000,geocoder
C17-2020-0028,48453001101,484530011010,geocoder
C17-2020-0034,48453000402,484530004020,geocoder
C17-2020-0051,48453001000,484530010000,geocoder
C17-2020-0068,48453000700,484530007000,geocoder
C17-2020-0077,48453001101,484530011010,geocoder
C17-2020-0088,48453000700,484530007000,geocoder
C17-2020-0098,48453001910,484530019100,geocoder
C17-2020-0103,48453001101,484530011010,geocoder
C17-2020-0114,48453001101,484530011010,geocoder
C17-2020-0119,48453001101,484530011010,geocoder
C17-2020-0129,48453001200,484530012000,geocoder
C17-2020-0140,48453001101,484530011010,geocoder
C17-2020-0141,48453001101,484530011010,geocoder
C17-2020-0148,48453000902,484530009020,geocoder
C17-2020-0202,48453001101,484530011010,geocoder
C17-2021-0004,48453001102,484530011020,geocoder
C17-2021-0051,48453000700,484530007000,geocoder
C17-2021-0052,48453000700,484530007000,geocoder
C17-2021-0085,48453001101,484530011010,geocoder
C17-2021-0086,48453001101,484530011010,geocoder
C17-2021-0102,48453000700,484530007000,geocoder
C17-2021-0135,48453001101,484530011010,geocoder
C17-2021-0149,48453001200,484530012000,geocoder
C17-2021-0163,48453001101,484530011010,geocoder
C17-2021-0167,48453001101,484530011010,geocoder
C17-2021-0178,48453001401,484530014010,geocoder
C17-2022-0023,48453000901,484530009010,geocoder
C17-2022-0061,48453001101,484530011010,geocoder
C17-2022-0065,48453001101,484530011010,geocoder
C17-2022-0134,48453000700,484530007000,geocoder
C17-2022-0138,48453001103,484530011030,geocoder
C17-2022-0152,48453000700,484530007000,geocoder
C17-2022-0165,48453001200,484530012000,geocoder
C17-2023-0031,48453000402,484530004020,geocoder
C17-2023-0062,48453001102,484530011020,geocoder
C17-2023-0069,48453000601,484530006010,geocoder
C17-2023-0082,48453000902,484530009020,geocoder
C17-2023-0102,48453001101,484530011010,geocoder
C17-2023-0142,48453001103,484530011030,geocoder
C17-2024-0013,48453001000,484530010000,geocoder
C17-2024-0020,48453001200,484530012000,geocoder
C17-2024-0078,48453001101,484530011010,geocoder
C17-2024-0096,48453000700,484530007000,geocoder
C17-2024-0117,48453001200,484530012000,geocoder
C17-2024-0131,48453000700,484530007000,geocoder
C17-2024-0156,48453001200,484530012000,geocoder
C17-2024-0157,48453001200,484530012000,geocoder
C17-2025-0031,48453000401,484530004010,geocoder
C17-2025-0067,48453001101,484530011010,geocoder
C17-2025-0119,48453000902,484530009020,geocoder
C17-2026-0003,48453001200,484530012000,geocoder
C17-99-0003,48453001200,484530012000,geocoder
C17-99-0005,48453001200,484530012000,geocoder
C2-66-001(RCA),48453002422,484530024220,geocoder
C2A-74-002,48453002500,484530025000,geocoder
C2A-78-003,48453002313,484530023130,geocoder
C2A-81-004,48453002448,484530024480,geocoder
C2A-81-004(RCA),48453002448,484530024480,geocoder
C814-00-2063.04,48453002219,484530022190,geocoder
C814-00-2063.06,48453002219,484530022190,geocoder
C814-00-2063.08,48453002219,484530022190,geocoder
C814-00-2063.09,48453002219,484530022190,geocoder
C814-00-2063.10,48453002219,484530022190,geocoder
C814-00-2063.12,48453002219,484530022190,geocoder
C814-00-2222,48453001912,484530019120,geocoder
C814-01-0038.03,48453042100,484530421000,geocoder
C814-01-0096,48453032600,484530326000,geocoder
C814-01-0096(RCT),48453032600,484530326000,geocoder
C814-03-0079,48453000308,484530003080,geocoder
C814-04-0055.04.SH,48453000308,484530003080,geocoder
C814-04-0144,48453001200,484530012000,geocoder
C814-05-0056,48453000401,484530004010,geocoder
C814-05-0069.01,48453002453,484530024530,geocoder
C814-05-0099,48453042200,484530422000,geocoder
C814-06-0068,48453000401,484530004010,geocoder
C814-06-0106,48453001311,484530013110,geocoder
C814-06-0106.01,48453001311,484530013110,geocoder
C814-06-0106.02,48453001311,484530013110,geocoder
C814-06-0106.03,48453001311,484530013110,geocoder
C814-06-0109.03,48453002304,484530023040,geocoder
C814-06-0175,48453000401,484530004010,geocoder
C814-06-0175.01,48453000401,484530004010,geocoder
C814-06-0175.02,48453000401,484530004010,geocoder
C814-06-0175.03,48453000401,484530004010,geocoder
C814-06-0175.04,48453000401,484530004010,geocoder
C814-06-0175.05,48453000401,484530004010,geocoder
C814-06-0175.06,48453000401,484530004010,geocoder
C814-06-0175.07,48453000401,484530004010,geocoder
C814-06-0202,48453001912,484530019120,geocoder
C814-2007-0009,48453001920,484530019200,geocoder
C814-2007-0009.01,48453001920,484530019200,geocoder
C814-2007-0009.02,48453001920,484530019200,geocoder
C814-2007-0163,48453035800,484530358000,geocoder
C814-2008-0016,48453032200,484530322000,geocoder
C814-2008-0087,48453002304,484530023040,geocoder
C814-2008-0087.01,48453002304,484530023040,geocoder
C814-2008-0087.02,48453002304,484530023040,geocoder
C814-2008-0113,48453000401,484530004010,geocoder
C814-2008-0136,48453042200,484530422000,geocoder
C814-2008-0136.01,48453042200,484530422000,geocoder
C814-2008-0136.02,48453042200,484530422000,geocoder
C814-2008-0145,48453001311,484530013110,geocoder
C814-2008-0145.01,48453001311,484530013110,geocoder
C814-2008-0146,48453043900,484530439000,geocoder
C814-2008-0146.01,48453043900,484530439000,geocoder
C814-2008-0146.02,48453043900,484530439000,geocoder
C814-2008-0165,48453001401,484530014010,geocoder
C814-2008-0165.01,48453001401,484530014010,geocoder
C814-2009-0094,48453002219,484530022190,geocoder
C814-2009-0094.01,48453002219,484530022190,geocoder
C814-2009-0094.02,48453002219,484530022190,geocoder
C814-2009-0094.03,48453002219,484530022190,geocoder
C814-2009-0139,48453030700,484530307000,geocoder
C814-2009-0139.01,48453030700,484530307000,geocoder
C814-2009-0139.02,48453030700,484530307000,geocoder
C814-2009-0139.03,48453030700,484530307000,geocoder
C814-2009-0139.04,48453030700,484530307000,geocoder
C814-2012-0055,48453033000,484530330000,geocoder
C814-2012-0055(RCT),48453033000,484530330000,geocoder
C814-2012-0055.01,48453033000,484530330000,geocoder
C814-2012-0055.02,48453033000,484530330000,geocoder
C814-2012-0071,48453001311,484530013110,geocoder
C814-2012-0085,48453002407,484530024070,geocoder
C814-2012-0085.01,48453002407,484530024070,geocoder
C814-2012-0085.02,48453002407,484530024070,geocoder
C814-2012-0128.01.SH,48453002111,484530021110,geocoder
C814-2012-0128.02.SH,48453002111,484530021110,geocoder
C814-2012-0128.03.SH,48453002111,484530021110,geocoder
C814-2012-0128.SH,48453002111,484530021110,geocoder
C814-2012-0152.06,48453002432,484530024320,geocoder
C814-2012-0160,48453001309,484530013090,geocoder
C814-2012-0160.01,48453001309,484530013090,geocoder
C814-2012-0163,48453002450,484530024500,geocoder
C814-2012-0163.01,48453002450,484530024500,geocoder
C814-2014-0083,48453002434,484530024340,geocoder
C814-2014-0083.01,48453002434,484530024340,geocoder
C814-2014-0110.01.SH,48453002222,484530022220,geocoder
C814-2014-0110.02.SH,48453002222,484530022220,geocoder
C814-2014-0110.SH,48453002222,484530022220,geocoder
C814-2014-0120,48453032300,484530323000,geocoder
C814-2015-0074,48453000101,484530001010,geocoder
C814-2017-0001,48453001311,484530013110,geocoder
C814-2017-0024,48453030700,484530307000,geocoder
C814-2017-0024.01,48453030700,484530307000,geocoder
C814-2018-0121,48453001309,484530013090,geocoder
C814-2018-0122,48453002450,484530024500,geocoder
C814-2018-0122.01,48453002450,484530024500,geocoder
C814-2018-0122.02,48453002450,484530024500,geocoder
C814-2018-0122.03,48453002450,484530024500,geocoder
C814-2018-0154,48453002216,484530022160,geocoder
C814-2020-0104,48453002111,484530021110,geocoder
C814-2020-0132,48453000700,484530007000,geocoder
C814-2021-0099,48453001922,484530019220,geocoder
C814-2021-0175,48453001311,484530013110,geocoder
C814-2022-0095,48453001310,484530013100,geocoder
C814-2023-0027,48453001401,484530014010,geocoder
C814-2023-0057,48453001401,484530014010,geocoder
C814-2024-0001,48453001311,484530013110,geocoder
C814-2025-0001,48453001401,484530014010,geocoder
C814-2025-0111,48453002304,484530023040,geocoder
C814-82-006.01(83),48453001200,484530012000,geocoder
C814-82-006.02(83),48453001200,484530012000,geocoder
C814-86-009.12,48453001911,484530019110,geocoder
C814-86-009.14,48453001911,484530019110,geocoder
C814-86-023.01,48453032900,484530329000,geocoder
C814-86-023.02,48453032900,484530329000,geocoder
C814-86-023.03,48453032900,484530329000,geocoder
C814-87-007.01,48453001917,484530019170,geocoder
C814-88-0001(RCA),48453001912,484530019120,geocoder
C814-88-0001.07,48453001913,484530019130,geocoder
C814-88-0001.10,48453001912,484530019120,geocoder
C814-88-0001.11,48453001912,484530019120,geocoder
C814-88-0001.12,48453001912,484530019120,geocoder
C814-89-0006.01,48453030500,484530305000,geocoder
C814-89-0006.02,48453030500,484530305000,geocoder
C814-89-0006.03,48453030500,484530305000,geocoder
C814-90-0003.17,48453042400,484530424000,geocoder
C814-90-0003.18,48453042400,484530424000,geocoder
C814-90-0003.20,48453042400,484530424000,geocoder
C814-90-0003.22,48453045000,484530450000,geocoder
C814-94-0002,48453002003,484530020030,geocoder
C814-95-0001,48453002003,484530020030,geocoder
C814-95-0001.02,48453002003,484530020030,geocoder
C814-95-0002.01,48453034600,484530346000,geocoder
C814-95-0002.04,48453034600,484530346000,geocoder
C814-95-0002.05,48453034600,484530346000,geocoder
C814-95-0002.10,48453034600,484530346000,geocoder
C814-95-0002.11,48453034600,484530346000,geocoder
C814-95-0002.13,48453034600,484530346000,geocoder
C814-96-0001,48453001200,484530012000,geocoder
C814-96-0002,48453001200,484530012000,geocoder
C814-96-0003.09,48453044900,484530449000,geocoder
C814-96-0003.11,48453045000,484530450000,geocoder
C814-96-0003.12,48453043500,484530435000,geocoder
C814-96-0003.19,48453045000,484530450000,geocoder
C814-96-0003.20,48453044900,484530449000,geocoder
C814-98-0001.01,48453031200,484530312000,geocoder
C814-98-0001.03,48453031200,484530312000,geocoder
C814-98-0002,48453034000,484530340000,geocoder
C814-99-0001.04,48491020508,484910205080,geocoder
C814-99-0001.05,48491020509,484910205090,geocoder
C814-99-0001.07,48491020508,484910205080,geocoder
C814S-86-029,48453032700,484530327000,geocoder
C814S-86-030,48453002409,484530024090,geocoder
C8S-87-098(RCT),48453000204,484530002040,geocoder
NPA-03-0002.01,48453000902,484530009020,geocoder
NPA-03-0007.01,48453040800,484530408000,geocoder
NPA-03-0009.01,48453000803,484530008030,geocoder
NPA-03-0009.02,48453000901,484530009010,geocoder
NPA-03-0014.02,48453002448,484530024480,geocoder
NPA-03-0014.03,48453002448,484530024480,geocoder
NPA-04-0009.01,48453000803,484530008030,geocoder
NPA-04-0009.02,48453000803,484530008030,geocoder
NPA-04-0011.01,48453000305,484530003050,geocoder
NPA-04-0016.01,48453000902,484530009020,geocoder
NPA-05-0004.01,48453000305,484530003050,geocoder
NPA-05-0006.01,48453001605,484530016050,geocoder
NPA-05-0006.02,48453001605,484530016050,geocoder
NPA-05-0013.01,48453001312,484530013120,geocoder
NPA-05-0014.01,48453002411,484530024110,geocoder
NPA-05-0016.02,48453000902,484530009020,geocoder
NPA-05-0018.01,48453001505,484530015050,geocoder
NPA-06-0001.01,48453001308,484530013080,geocoder
NPA-06-0003.01,48453000803,484530008030,geocoder
NPA-06-0006.01,48453001200,484530012000,geocoder
NPA-06-0007.01,48453040800,484530408000,geocoder
NPA-06-0007.02,48453040700,484530407000,geocoder
NPA-06-0008.01,48453000802,484530008020,geocoder
NPA-06-0009.01,48453000901,484530009010,geocoder
NPA-06-0009.02,48453000901,484530009010,geocoder
NPA-06-0009.03,48453000803,484530008030,geocoder
NPA-06-0009.05,48453000803,484530008030,geocoder
NPA-06-0010.01,48453000902,484530009020,geocoder
NPA-06-0011.01,48453000304,484530003040,geocoder
NPA-06-0015.01,48453002108,484530021080,geocoder
NPA-06-0016.01,48453002111,484530021110,geocoder
NPA-06-0017.01,48453040500,484530405000,geocoder
NPA-07-0007.01,48453040100,484530401000,geocoder
NPA-07-0008.01,48453000802,484530008020,geocoder
NPA-07-0011.01,48453001503,484530015030,geocoder
NPA-07-0013.01,48453001311,484530013110,geocoder
NPA-07-0017.01,48453001504,484530015040,geocoder
NPA-07-0018.01,48453000205,484530002050,geocoder
NPA-07-0019.01,48453000401,484530004010,geocoder
NPA-07-0022.01,48453001401,484530014010,geocoder
NPA-2007-0001.02,48453001308,484530013080,geocoder
NPA-2007-0003.01,48453000803,484530008030,geocoder
NPA-2007-0005.01,48453002320,484530023200,geocoder
NPA-2007-0005.02,48453002321,484530023210,geocoder
NPA-2007-0009.03,48453000803,484530008030,geocoder
NPA-2007-0009.04,48453000804,484530008040,geocoder
NPA-2007-0012.01,48453000401,484530004010,geocoder
NPA-2007-0012.02,48453000402,484530004020,geocoder
NPA-2007-0012.03,48453000402,484530004020,geocoder
NPA-2007-0012.04,48453000402,484530004020,geocoder
NPA-2007-0012.05,48453000307,484530003070,geocoder
NPA-2007-0014.01,48453002432,484530024320,geocoder
NPA-2007-0015.02,48453002107,484530021070,geocoder
NPA-2007-0015.03,48453002214,484530022140,geocoder
NPA-2007-0016.01,48453001923,484530019230,geocoder
NPA-2007-0021.01,48453001403,484530014030,geocoder
NPA-2008-0001.01,48453001308,484530013080,geocoder
NPA-2008-0001.02,48453001308,484530013080,geocoder
NPA-2008-0007.01,48453040700,484530407000,geocoder
NPA-2008-0009.02,48453000803,484530008030,geocoder
NPA-2008-0009.03,48453000803,484530008030,geocoder
NPA-2008-0012.02,48453000307,484530003070,geocoder
NPA-2008-0012.03,48453000401,484530004010,geocoder
NPA-2008-0013.01,48453001312,484530013120,geocoder
NPA-2008-0014.01,48453002411,484530024110,geocoder
NPA-2008-0014.03,48453002413,484530024130,geocoder
NPA-2008-0015.02,48453002110,484530021100,geocoder
NPA-2008-0015.03,48453002109,484530021090,geocoder
NPA-2008-0015.04.SH,48453002109,484530021090,geocoder
NPA-2008-0016.02,48453002111,484530021110,geocoder
NPA-2008-0019.01,48453000204,484530002040,geocoder
NPA-2008-0019.02,48453000601,484530006010,geocoder
NPA-2008-0021.01,48453001403,484530014030,geocoder
NPA-2008-0022.01,48453002322,484530023220,geocoder
NPA-2008-0023.01,48453002112,484530021120,geocoder
NPA-2008-0023.02,48453002106,484530021060,geocoder
NPA-2009-0005.01,48453002320,484530023200,geocoder
NPA-2009-0007.01,48453040700,484530407000,geocoder
NPA-2009-0007.02,48453040700,484530407000,geocoder
NPA-2009-0012.01,48453000402,484530004020,geocoder
NPA-2009-0012.02,48453000402,484530004020,geocoder
NPA-2009-0014.01,48453002448,484530024480,geocoder
NPA-2009-0016.01,48453000902,484530009020,geocoder
NPA-2009-0016.02,48453002111,484530021110,geocoder
NPA-2009-0018.01,48453001503,484530015030,geocoder
NPA-2009-0018.02,48453000205,484530002050,geocoder
NPA-2009-0019.01,48453000500,484530005000,geocoder
NPA-2009-0020.01,48453002003,484530020030,geocoder
NPA-2009-0021.01,48453002314,484530023140,geocoder
NPA-2009-0022.01,48453001401,484530014010,geocoder
NPA-2009-0025.01,48453032000,484530320000,geocoder
NPA-2010-0002.01,48453000902,484530009020,geocoder
NPA-2010-0005.02,48453002314,484530023140,geocoder
NPA-2010-0005.03,48453002321,484530023210,geocoder
NPA-2010-0007.01,48453040900,484530409000,geocoder
NPA-2010-0008.01,48453000804,484530008040,geocoder
NPA-2010-0010.01,48453000902,484530009020,geocoder
NPA-2010-0012.01,48453000402,484530004020,geocoder
NPA-2010-0012.02,48453000402,484530004020,geocoder
NPA-2010-0014.01,48453002447,484530024470,geocoder
NPA-2010-0014.02,48453002411,484530024110,geocoder
NPA-2010-0016.01,48453002111,484530021110,geocoder
NPA-2010-0016.02.SH,48453002111,484530021110,geocoder
NPA-2010-0018.01,48453001505,484530015050,geocoder
NPA-2010-0018.02,48453000205,484530002050,geocoder
NPA-2010-0018.03,48453000205,484530002050,geocoder
NPA-2010-0019.01,48453000500,484530005000,geocoder
NPA-2010-0019.02,48453000500,484530005000,geocoder
NPA-2010-0020.01,48453002444,484530024440,geocoder
NPA-2010-0021.01,48453002327,484530023270,geocoder
NPA-2010-0021.02,48453001403,484530014030,geocoder
NPA-2010-0021.03.SH,48453002307,484530023070,geocoder
NPA-2010-0022.01,48453001401,484530014010,geocoder
NPA-2010-0025.01,48453033000,484530330000,geocoder
NPA-2011-0001.01,48453001308,484530013080,geocoder
NPA-2011-0002.01,48453000902,484530009020,geocoder
NPA-2011-0005.01,48453002321,484530023210,geocoder
NPA-2011-0005.02,48453002320,484530023200,geocoder
NPA-2011-0008.01,48453000802,484530008020,geocoder
NPA-2011-0009.01,48453000901,484530009010,geocoder
NPA-2011-0009.02,48453000803,484530008030,geocoder
NPA-2011-0010.01,48453001000,484530010000,geocoder
NPA-2011-0012.01,48453000307,484530003070,geocoder
NPA-2011-0015.01,48453002214,484530022140,geocoder
NPA-2011-0015.02,48453002109,484530021090,geocoder
NPA-2011-0016.01,48453002111,484530021110,geocoder
NPA-2011-0016.02,48453002111,484530021110,geocoder
NPA-2011-0018.01,48453000205,484530002050,geocoder
NPA-2011-0019.01,48453000500,484530005000,geocoder
NPA-2011-0019.02,48453000401,484530004010,geocoder
NPA-2011-0021.02,48453002304,484530023040,geocoder
NPA-2011-0023.01,48453002113,484530021130,geocoder
NPA-2011-0025.01,48453033000,484530330000,geocoder
NPA-2011-0025.02,48453001920,484530019200,geocoder
NPA-2011-0025.03,48453034700,484530347000,geocoder
NPA-2011-0025.04,48453033000,484530330000,geocoder
NPA-2012-0003.01.SH,48453000803,484530008030,geocoder
NPA-2012-0005.01,48453002321,484530023210,geocoder
NPA-2012-0005.02,48453002321,484530023210,geocoder
NPA-2012-0005.03,48453002320,484530023200,geocoder
NPA-2012-0011.01,48453000304,484530003040,geocoder
NPA-2012-0013.01,48453001312,484530013120,geocoder
NPA-2012-0013.02,48453001311,484530013110,geocoder
NPA-2012-0015.01,48453002109,484530021090,geocoder
NPA-2012-0016.01.SH,48453002111,484530021110,geocoder
NPA-2012-0018.01,48453000205,484530002050,geocoder
NPA-2012-0018.02,48453000205,484530002050,geocoder
NPA-2012-0018.03,48453000205,484530002050,geocoder
NPA-2012-0018.04,48453000205,484530002050,geocoder
NPA-2012-0018.05,48453000205,484530002050,geocoder
NPA-2012-0018.06,48453000205,484530002050,geocoder
NPA-2012-0018.07,48453000205,484530002050,geocoder
NPA-2012-0018.08,48453000205,484530002050,geocoder
NPA-2012-0018.09,48453000205,484530002050,geocoder
NPA-2012-0019.01,48453000204,484530002040,geocoder
NPA-2012-0019.02,48453000605,484530006050,geocoder
NPA-2012-0019.03,48453000605,484530006050,geocoder
NPA-2012-0019.04,48453000302,484530003020,geocoder
NPA-2012-0021.01,48453001403,484530014030,geocoder
NPA-2012-0021.02,48453002304,484530023040,geocoder
NPA-2012-0022.01,48453002323,484530023230,geocoder
NPA-2012-0023.01,48453002105,484530021050,geocoder
NPA-2012-0025.01,48453001914,484530019140,geocoder
NPA-2012-0025.02,48453033000,484530330000,geocoder
NPA-2012-0025.03,48453001920,484530019200,geocoder
NPA-2012-0026.01,48453041000,484530410000,geocoder
NPA-2012-0026.02,48453043100,484530431000,geocoder
NPA-2012-0028.01,48453041600,484530416000,geocoder
NPA-2012-0028.02,48453040300,484530403000,geocoder
NPA-2013-0005.01,48453002320,484530023200,geocoder
NPA-2013-0005.02,48453002320,484530023200,geocoder
NPA-2013-0008.01,48453000802,484530008020,geocoder
NPA-2013-0009.01,48453000804,484530008040,geocoder
NPA-2013-0010.01,48453000902,484530009020,geocoder
NPA-2013-0011.01,48453000304,484530003040,geocoder
NPA-2013-0011.02,48453000304,484530003040,geocoder
NPA-2013-0012.01,48453000307,484530003070,geocoder
NPA-2013-0013.01,48453001312,484530013120,geocoder
NPA-2013-0015.01,48453002111,484530021110,geocoder
NPA-2013-0019.01,48453000302,484530003020,geocoder
NPA-2013-0022.01,48453001401,484530014010,geocoder
NPA-2013-0025.01,48453001915,484530019150,geocoder
NPA-2013-0025.02,48453001915,484530019150,geocoder
NPA-2013-0025.03,48453001920,484530019200,geocoder
NPA-2013-0025.04,48453032000,484530320000,geocoder
NPA-2013-0026.01,48453041000,484530410000,geocoder
NPA-2013-0028.01,48453040300,484530403000,geocoder
NPA-2014-0003.01,48453000803,484530008030,geocoder
NPA-2014-0005.01,48453002321,484530023210,geocoder
NPA-2014-0005.02,48453002321,484530023210,geocoder
NPA-2014-0007.01,48453040900,484530409000,geocoder
NPA-2014-0009.01,48453000803,484530008030,geocoder
NPA-2014-0011.01,48453000304,484530003040,geocoder
NPA-2014-0015.01,48453002110,484530021100,geocoder
NPA-2014-0016.01,48453000902,484530009020,geocoder
NPA-2014-0016.02,48453002111,484530021110,geocoder
NPA-2014-0016.03,48453000902,484530009020,geocoder
NPA-2014-0017.01,48453001504,484530015040,geocoder
NPA-2014-0019.01,48453000302,484530003020,geocoder
NPA-2014-0020.01,48453002403,484530024030,geocoder
NPA-2014-0022.01,48453002323,484530023230,geocoder
NPA-2014-0022.02,48453001401,484530014010,geocoder
NPA-2014-0025.01,48453001920,484530019200,geocoder
NPA-2014-0025.02,48453001915,484530019150,geocoder
NPA-2014-0027.01,48453001602,484530016020,geocoder
NPA-2014-0027.02,48453000204,484530002040,geocoder
NPA-2014-0029.01,48453040200,484530402000,geocoder
NPA-2015-0002.01,48453001000,484530010000,geocoder
NPA-2015-0002.02,48453001000,484530010000,geocoder
NPA-2015-0003.01,48453000803,484530008030,geocoder
NPA-2015-0005.01,48453002321,484530023210,geocoder
NPA-2015-0005.02,48453002320,484530023200,geocoder
NPA-2015-0005.03,48453002320,484530023200,geocoder
NPA-2015-0005.04,48453002321,484530023210,geocoder
NPA-2015-0007.01,48453040100,484530401000,geocoder
NPA-2015-0008.01,48453000802,484530008020,geocoder
NPA-2015-0009.01,48453000804,484530008040,geocoder
NPA-2015-0009.02,48453000804,484530008040,geocoder
NPA-2015-0011.01,48453000304,484530003040,geocoder
NPA-2015-0013.01,48453001312,484530013120,geocoder
NPA-2015-0014.01,48453002413,484530024130,geocoder
NPA-2015-0015.01,48453002111,484530021110,geocoder
NPA-2015-0015.02,48453002107,484530021070,geocoder
NPA-2015-0015.03,48453002109,484530021090,geocoder
NPA-2015-0016.01,48453002111,484530021110,geocoder
NPA-2015-0017.01,48453001504,484530015040,geocoder
NPA-2015-0019.01,48453000605,484530006050,geocoder
NPA-2015-0019.02,48453000204,484530002040,geocoder
NPA-2015-0023.01,48453002108,484530021080,geocoder
NPA-2015-0025.01,48453001915,484530019150,geocoder
NPA-2015-0026.01,48453043100,484530431000,geocoder
NPA-2015-0027.01,48453001603,484530016030,geocoder
NPA-2015-0028.01,48453040300,484530403000,geocoder
NPA-2015-0029.01,48453043400,484530434000,geocoder
NPA-2016-0002.01,48453001000,484530010000,geocoder
NPA-2016-0005.01,48453002320,484530023200,geocoder
NPA-2016-0005.02,48453002320,484530023200,geocoder
NPA-2016-0005.03,48453002320,484530023200,geocoder
NPA-2016-0005.04,48453002327,484530023270,geocoder
NPA-2016-0010.01,48453000902,484530009020,geocoder
NPA-2016-0013.01,48453001311,484530013110,geocoder
NPA-2016-0014.01.SH,48453002413,484530024130,geocoder
NPA-2016-0015.01,48453002109,484530021090,geocoder
NPA-2016-0016.01,48453000902,484530009020,geocoder
NPA-2016-0016.02,48453002111,484530021110,geocoder
NPA-2016-0016.03,48453002111,484530021110,geocoder
NPA-2016-0016.04,48453000902,484530009020,geocoder
NPA-2016-0020.01,48453002403,484530024030,geocoder
NPA-2016-0021.01,48453002313,484530023130,geocoder
NPA-2016-0021.02,48453002307,484530023070,geocoder
NPA-2016-0022.01,48453002322,484530023220,geocoder
NPA-2016-0025.01,48453001915,484530019150,geocoder
NPA-2016-0030.01,48453002003,484530020030,geocoder
NPA-2017-0002.01,48453000902,484530009020,geocoder
NPA-2017-0005.01,48453002320,484530023200,geocoder
NPA-2017-0005.03,48453002320,484530023200,geocoder
NPA-2017-0005.04,48453002320,484530023200,geocoder
NPA-2017-0009.01,48453000804,484530008040,geocoder
NPA-2017-0013.01,48453001312,484530013120,geocoder
NPA-2017-0014.01,48453002432,484530024320,geocoder
NPA-2017-0015.01,48453002108,484530021080,geocoder
NPA-2017-0015.02,48453002214,484530022140,geocoder
NPA-2017-0015.03,48453002110,484530021100,geocoder
NPA-2017-0016.01.SH,48453000902,484530009020,geocoder
NPA-2017-0016.02,48453002111,484530021110,geocoder
NPA-2017-0016.03,48453000902,484530009020,geocoder
NPA-2017-0016.04,48453002111,484530021110,geocoder
NPA-2017-0016.05,48453000902,484530009020,geocoder
NPA-2017-0016.06,48453000902,484530009020,geocoder
NPA-2017-0018.01,48453001505,484530015050,geocoder
NPA-2017-0021.01,48453002313,484530023130,geocoder
NPA-2017-0022.01,48453002322,484530023220,geocoder
NPA-2017-0025.01,48453033000,484530330000,geocoder
NPA-2017-0029.01,48453043300,484530433000,geocoder
NPA-2018-0001.01,48453001308,484530013080,geocoder
NPA-2018-0002.01.SH,48453000902,484530009020,geocoder
NPA-2018-0005.01,48453002320,484530023200,geocoder
NPA-2018-0005.02.SH,48453002321,484530023210,geocoder
NPA-2018-0007.01,48453040900,484530409000,geocoder
NPA-2018-0012.01,48453000402,484530004020,geocoder
NPA-2018-0012.02.SH,48453000402,484530004020,geocoder
NPA-2018-0016.01,48453002111,484530021110,geocoder
NPA-2018-0016.02,48453000902,484530009020,geocoder
NPA-2018-0016.03,48453000801,484530008010,geocoder
NPA-2018-0016.04,48453002111,484530021110,geocoder
NPA-2018-0021.02,48453002314,484530023140,geocoder
NPA-2018-0021.03,48453002314,484530023140,geocoder
NPA-2018-0023.01,48453002112,484530021120,geocoder
NPA-2018-0024.01,48453040700,484530407000,geocoder
NPA-2018-0025.01,48453001915,484530019150,geocoder
NPA-2018-0026.01,48453043200,484530432000,geocoder
NPA-2018-0026.02,48453040000,484530400000,geocoder
NPA-2018-0028.01,48453041600,484530416000,geocoder
NPA-2018-0028.02,48453041600,484530416000,geocoder
NPA-2019-0003.01,48453000803,484530008030,geocoder
NPA-2019-0005.01,48453002321,484530023210,geocoder
NPA-2019-0005.02,48453002320,484530023200,geocoder
NPA-2019-0005.03,48453002321,484530023210,geocoder
NPA-2019-0007.01,48453040700,484530407000,geocoder
NPA-2019-0008.01,48453000402,484530004020,geocoder
NPA-2019-0010.01,48453000902,484530009020,geocoder
NPA-2019-0011.01.SH,48453000304,484530003040,geocoder
NPA-2019-0012.01.SH,48453000307,484530003070,geocoder
NPA-2019-0012.02,48453000402,484530004020,geocoder
NPA-2019-0013.01,48453001311,484530013110,geocoder
NPA-2019-0014.01,48453002447,484530024470,geocoder
NPA-2019-0014.02,48453002447,484530024470,geocoder
NPA-2019-0015.01,48453002109,484530021090,geocoder
NPA-2019-0015.02,48453002107,484530021070,geocoder
NPA-2019-0016.01,48453002111,484530021110,geocoder
NPA-2019-0018.01.SH,48453000205,484530002050,geocoder
NPA-2019-0019.01,48453000302,484530003020,geocoder
NPA-2019-0020.01,48453002403,484530024030,geocoder
NPA-2019-0020.02,48453002403,484530024030,geocoder
NPA-2019-0020.03,48453002443,484530024430,geocoder
NPA-2019-0020.04,48453002403,484530024030,geocoder
NPA-2019-0021.01,48453002313,484530023130,geocoder
NPA-2019-0021.02,48453002313,484530023130,geocoder
NPA-2019-0022.01,48453001401,484530014010,geocoder
NPA-2019-0022.02,48453001401,484530014010,geocoder
NPA-2019-0026.01,48453040000,484530400000,geocoder
NPA-2019-0027.01,48453001602,484530016020,geocoder
NPA-2019-0027.02,48453001603,484530016030,geocoder
NPA-2019-0028.01,48453040300,484530403000,geocoder
NPA-2019-0029.01,48453040200,484530402000,geocoder
NPA-2020-0002.01,48453000902,484530009020,geocoder
NPA-2020-0002.02,48453000902,484530009020,geocoder
NPA-2020-0003.01,48453000803,484530008030,geocoder
NPA-2020-0005.01,48453002321,484530023210,geocoder
NPA-2020-0014.01,48453002448,484530024480,geocoder
NPA-2020-0014.02,48453002432,484530024320,geocoder
NPA-2020-0015.01,48453002214,484530022140,geocoder
NPA-2020-0015.02.SH,48453002107,484530021070,geocoder
NPA-2020-0015.03,48453002214,484530022140,geocoder
NPA-2020-0015.04.SH,48453002110,484530021100,geocoder
NPA-2020-0016.01,48453002111,484530021110,geocoder
NPA-2020-0016.02,48453002111,484530021110,geocoder
NPA-2020-0016.03,48453000801,484530008010,geocoder
NPA-2020-0016.04,48453000902,484530009020,geocoder
NPA-2020-0016.05,48453002111,484530021110,geocoder
NPA-2020-0017.01,48453001504,484530015040,geocoder
NPA-2020-0017.02,48453001504,484530015040,geocoder
NPA-2020-0019.01,48453000607,484530006070,geocoder
NPA-2020-0021.01,48453001403,484530014030,geocoder
NPA-2020-0021.02,48453001403,484530014030,geocoder
NPA-2020-0025.01,48453033000,484530330000,geocoder
NPA-2020-0027.01,48453001602,484530016020,geocoder
NPA-2020-0030.01,48453030400,484530304000,geocoder
NPA-2020-0031.01,48453030200,484530302000,geocoder
NPA-2021-0002.01,48453000902,484530009020,geocoder
NPA-2021-0005.01,48453002320,484530023200,geocoder
NPA-2021-0005.02,48453002320,484530023200,geocoder
NPA-2021-0007.01,48453040900,484530409000,geocoder
NPA-2021-0009.01,48453000901,484530009010,geocoder
NPA-2021-0010.01,48453000902,484530009020,geocoder
NPA-2021-0011.01,48453002105,484530021050,geocoder
NPA-2021-0011.02,48453002105,484530021050,geocoder
NPA-2021-0015.01,48453002111,484530021110,geocoder
NPA-2021-0015.02,48453002214,484530022140,geocoder
NPA-2021-0015.03,48453002214,484530022140,geocoder
NPA-2021-0015.04,48453002214,484530022140,geocoder
NPA-2021-0016.01.SH,48453002111,484530021110,geocoder
NPA-2021-0016.02.SH,48453000801,484530008010,geocoder
NPA-2021-0016.03,48453000902,484530009020,geocoder
NPA-2021-0016.04,48453002111,484530021110,geocoder
NPA-2021-0016.05.SH,48453000801,484530008010,geocoder
NPA-2021-0017.01,48453001504,484530015040,geocoder
NPA-2021-0017.02,48453001504,484530015040,geocoder
NPA-2021-0018.01,48453000205,484530002050,geocoder
NPA-2021-0020.01,48453002403,484530024030,geocoder
NPA-2021-0021.01.SH,48453002315,484530023150,geocoder
NPA-2021-0021.02,48453001403,484530014030,geocoder
NPA-2021-0023.01.SH,48453002112,484530021120,geocoder
NPA-2021-0025.01,48453033000,484530330000,geocoder
NPA-2021-0025.02,48453033000,484530330000,geocoder
NPA-2021-0026.01,48453041000,484530410000,geocoder
NPA-2021-0029.01.SH,48453043400,484530434000,geocoder
NPA-2022-0002.01,48453000902,484530009020,geocoder
NPA-2022-0005.01,48453002321,484530023210,geocoder
NPA-2022-0005.02,48453002320,484530023200,geocoder
NPA-2022-0007.01,48453040900,484530409000,geocoder
NPA-2022-0008.01,48453000802,484530008020,geocoder
NPA-2022-0009.01,48453000902,484530009020,geocoder
NPA-2022-0010.01,48453000902,484530009020,geocoder
NPA-2022-0010.02,48453000902,484530009020,geocoder
NPA-2022-0010.03,48453000902,484530009020,geocoder
NPA-2022-0014.01,48453002448,484530024480,geocoder
NPA-2022-0014.02,48453002413,484530024130,geocoder
NPA-2022-0014.03,48453002447,484530024470,geocoder
NPA-2022-0014.05,48453002448,484530024480,geocoder
NPA-2022-0015.01,48453002214,484530022140,geocoder
NPA-2022-0015.02,48453002110,484530021100,geocoder
NPA-2022-0015.03,48453002110,484530021100,geocoder
NPA-2022-0015.04,48453002110,484530021100,geocoder
NPA-2022-0015.05,48453002109,484530021090,geocoder
NPA-2022-0015.06,48453002107,484530021070,geocoder
NPA-2022-0015.07.SH,48453002110,484530021100,geocoder
NPA-2022-0016.01,48453002111,484530021110,geocoder
NPA-2022-0016.02,48453002111,484530021110,geocoder
NPA-2022-0016.03,48453002111,484530021110,geocoder
NPA-2022-0017.01,48453001504,484530015040,geocoder
NPA-2022-0017.02,48453001504,484530015040,geocoder
NPA-2022-0019.01.SH,48453000302,484530003020,geocoder
NPA-2022-0020.01,48453002403,484530024030,geocoder
NPA-2022-0021.01,48453002307,484530023070,geocoder
NPA-2022-0021.02,48453002313,484530023130,geocoder
NPA-2022-0022.01,48453002322,484530023220,geocoder
NPA-2022-0023.01.SH,48453002105,484530021050,geocoder
NPA-2022-0023.02,48453002105,484530021050,geocoder
NPA-2022-0023.03,48453002112,484530021120,geocoder
NPA-2022-0026.01,48453043200,484530432000,geocoder
NPA-2022-0027.01,48453001603,484530016030,geocoder
NPA-2022-0028.01,48453041600,484530416000,geocoder
NPA-2022-0028.02,48453041600,484530416000,geocoder
NPA-2022-0029.01,48453040200,484530402000,geocoder
NPA-2022-0029.02,48453043300,484530433000,geocoder
NPA-2022-0029.03,48453040200,484530402000,geocoder
NPA-2022-0030.01,48453002409,484530024090,geocoder
NPA-2022-0031.01,48453040400,484530404000,geocoder
NPA-2023-0002.01,48453000902,484530009020,geocoder
NPA-2023-0002.02,48453000902,484530009020,geocoder
NPA-2023-0005.01,48453002325,484530023250,geocoder
NPA-2023-0005.02,48453002327,484530023270,geocoder
NPA-2023-0010.01,48453000902,484530009020,geocoder
NPA-2023-0010.02,48453000902,484530009020,geocoder
NPA-2023-0013.01,48453001312,484530013120,geocoder
NPA-2023-0013.02,48453001312,484530013120,geocoder
NPA-2023-0014.01.SH,48453002413,484530024130,geocoder
NPA-2023-0014.02.SH,48453002413,484530024130,geocoder
NPA-2023-0014.03,48453002448,484530024480,geocoder
NPA-2023-0014.04,48453002413,484530024130,geocoder
NPA-2023-0015.01,48453002214,484530022140,geocoder
NPA-2023-0015.02,48453002110,484530021100,geocoder
NPA-2023-0015.03,48453002214,484530022140,geocoder
NPA-2023-0015.04,48453002109,484530021090,geocoder
NPA-2023-0015.05.SH,48453002109,484530021090,geocoder
NPA-2023-0015.06,48453002111,484530021110,geocoder
NPA-2023-0016.01.SH,48453000902,484530009020,geocoder
NPA-2023-0017.01,48453040500,484530405000,geocoder
NPA-2023-0018.01,48453001503,484530015030,geocoder
NPA-2023-0018.02,48453000205,484530002050,geocoder
NPA-2023-0018.03,48453000205,484530002050,geocoder
NPA-2023-0018.04,48453001503,484530015030,geocoder
NPA-2023-0018.05,48453001503,484530015030,geocoder
NPA-2023-0018.06,48453001503,484530015030,geocoder
NPA-2023-0019.01,48453000500,484530005000,geocoder
NPA-2023-0020.01,48453002403,484530024030,geocoder
NPA-2023-0020.02,48453002444,484530024440,geocoder
NPA-2023-0020.03,48453002403,484530024030,geocoder
NPA-2023-0022.01,48453002322,484530023220,geocoder
NPA-2023-0023.01,48453002105,484530021050,geocoder
NPA-2023-0023.02,48453002112,484530021120,geocoder
NPA-2023-0023.03.SH,48453002112,484530021120,geocoder
NPA-2023-0023.04,48453002104,484530021040,geocoder
NPA-2023-0024.01,48453045300,484530453000,geocoder
NPA-2023-0025.01,48453032000,484530320000,geocoder
NPA-2023-0025.02,48453001915,484530019150,geocoder
NPA-2023-0028.01,48453040300,484530403000,geocoder
NPA-2023-0029.01,48453043400,484530434000,geocoder
NPA-2023-0029.02,48453043300,484530433000,geocoder
NPA-2023-0030.01.SH,48453002410,484530024100,geocoder
NPA-2023-0030.02,48453002410,484530024100,geocoder
NPA-2023-0030.02.SH,48453002410,484530024100,geocoder
NPA-2024-0005.01,48453002321,484530023210,geocoder
NPA-2024-0008.01,48453000402,484530004020,geocoder
NPA-2024-0008.02,48453000402,484530004020,geocoder
NPA-2024-0012.01,48453000401,484530004010,geocoder
NPA-2024-0012.02,48453000401,484530004010,geocoder
NPA-2024-0015.01,48453002111,484530021110,geocoder
NPA-2024-0015.02,48453002107,484530021070,geocoder
NPA-2024-0015.03,48453002107,484530021070,geocoder
NPA-2024-0015.04,48453002214,484530022140,geocoder
NPA-2024-0016.01.SH,48453002111,484530021110,geocoder
NPA-2024-0016.02,48453002111,484530021110,geocoder
NPA-2024-0016.03,48453000902,484530009020,geocoder
NPA-2024-0016.04,48453002111,484530021110,geocoder
NPA-2024-0016.05,48453002111,484530021110,geocoder
NPA-2024-0018.01,48453001503,484530015030,geocoder
NPA-2024-0018.02,48453001503,484530015030,geocoder
NPA-2024-0018.03,48453000205,484530002050,geocoder
NPA-2024-0018.04,48453000205,484530002050,geocoder
NPA-2024-0019.01,48453000302,484530003020,geocoder
NPA-2024-0019.02,48453000204,484530002040,geocoder
NPA-2024-0020.01,48453002443,484530024430,geocoder
NPA-2024-0023.01,48453002105,484530021050,geocoder
NPA-2024-0024.01,48453045300,484530453000,geocoder
NPA-2024-0024.02,48453045300,484530453000,geocoder
NPA-2024-0025.01,48453001920,484530019200,geocoder
NPA-2024-0025.02,48453032000,484530320000,geocoder
NPA-2024-0026.01,48453041000,484530410000,geocoder
NPA-2024-0026.02.SH,48453041000,484530410000,geocoder
NPA-2024-0027.01,48453001604,484530016040,geocoder
NPA-2024-0030.01,48453002409,484530024090,geocoder
NPA-2024-0030.02,48453002002,484530020020,geocoder
NPA-2025-0001.01,48453001308,484530013080,geocoder
NPA-2025-0002.01,48453000902,484530009020,geocoder
NPA-2025-0007.01,48453040100,484530401000,geocoder
NPA-2025-0008.01,48453000802,484530008020,geocoder
NPA-2025-0012.01,48453000402,484530004020,geocoder
NPA-2025-0016.01,48453002111,484530021110,geocoder
NPA-2025-0016.02,48453000902,484530009020,geocoder
NPA-2025-0017.01,48453040500,484530405000,geocoder
NPA-2025-0017.02,48453001504,484530015040,geocoder
NPA-2025-0018.01,48453040000,484530400000,geocoder
NPA-2025-0018.02,48453001503,484530015030,geocoder
NPA-2025-0019.01.SH,48453000500,484530005000,geocoder
NPA-2025-0019.02,48453000606,484530006060,geocoder
NPA-2025-0019.03,48453000302,484530003020,geocoder
NPA-2025-0019.04,48453000607,484530006070,geocoder
NPA-2025-0020.01,48453002003,484530020030,geocoder
NPA-2025-0020.02,48453002403,484530024030,geocoder
NPA-2025-0020.03,48453002403,484530024030,geocoder
NPA-2025-0020.04,48453002443,484530024430,geocoder
NPA-2025-0022.01,48453002322,484530023220,geocoder
NPA-2025-0024.01,48453040700,484530407000,geocoder
NPA-2025-0025.01,48453001915,484530019150,geocoder
NPA-2025-0025.02,48453001915,484530019150,geocoder
NPA-2025-0025.03,48453001920,484530019200,geocoder
NPA-2025-0026.01,48453040000,484530400000,geocoder
NPA-2025-0026.02,48453041000,484530410000,geocoder
NPA-2025-0027.01,48453001602,484530016020,geocoder
NPA-2025-0030.01,48453030300,484530303000,geocoder
NPA-2025-0031.01,48453030200,484530302000,geocoder
NPA-2026-0022.01.SH,48453001401,484530014010,geocoder
SP-97-0477D(RCA),48453002447,484530024470,geocoder
,48453041200,484530412000,geocoder
