{"type": "FeatureCollection", "features": [{"type": "Feature", "properties": {"id": "tract_0_0", "Latitude": 30.20625, "Longitude": -97.845, "Median_Income": 95900.67850799879}, "geometry": {"type": "Polygon", "coordinates": [[[-97.85, 30.2], [-97.83999999999999, 30.2], [-97.83999999999999, 30.2125], [-97.85, 30.2125], [-97.85, 30.2]]]}}, {"type": "Feature", "properties": {"id": "tract_0_1", "Latitude": 30.21875, "Longitude": -97.845, "Median_Income": 144715.36476681542}, "geometry": {"type": "Polygon", "coordinates": [[[-97.85, 30.2125], [-97.83999999999999, 30.2125], [-97.83999999999999, 30.224999999999998], [-97.85, 30.224999999999998], [-97.85, 30.2125]]]}}, {"type": "Feature", "properties": {"id": "tract_0_2", "Latitude": 30.23125, "Longitude": -97.845, "Median_Income": 96217.61505118675}, "geometry": {"type": "Polygon", "coordinates": [[[-97.85, 30.224999999999998], [-97.83999999999999, 30.224999999999998], [-97.83999999999999, 30.237499999999997], [-97.85, 30.237499999999997], [-97.85, 30.224999999999998]]]}}, {"type": "Feature", "properties": {"id": "tract_0_3", "Latitude": 30.243750000000002, "Longitude": -97.845, "Median_Income": 126853.97894999561}, "geometry": {"type": "Polygon", "coordinates": [[[-97.85, 30.2375], [-97.83999999999999, 30.2375], [-97.83999999999999, 30.25], [-97.85, 30.25], [-97.85, 30.2375]]]}}, {"type": "Feature", "properties": {"id": "tract_0_4", "Latitude": 30.25625, "Longitude": -97.845, "Median_Income": 104441.54670237834}, "geometry": {"type": "Polygon", "coordinates": [[[-97.85, 30.25], [-97.83999999999999, 30.25], [-97.83999999999999, 30.2625], [-97.85, 30.2625], [-97.85, 30.25]]]}}, {"type": "Feature", "properties": {"id": "tract_0_5", "Latitude": 30.26875, "Longitude": -97.845, "Median_Income": 112867.30104219075}, "geometry": {"type": "Polygon", "coordinates": [[[-97.85, 30.2625], [-97.83999999999999, 30.2625], [-97.83999999999999, 30.275], [-97.85, 30.275], [-97.85, 30.2625]]]}}, {"type": "Feature", "properties": {"id": "tract_0_6", "Latitude": 30.28125, "Longitude": -97.845, "Median_Income": 102040.02511271567}, "geometry": {"type": "Polygon", "coordinates": [[[-97.85, 30.275], [-97.83999999999999, 30.275], [-97.83999999999999, 30.287499999999998], [-97.85, 30.287499999999998], [-97.85, 30.275]]]}}, {"type": "Feature", "properties": {"id": "tract_0_7", "Latitude": 30.29375, "Longitude": -97.845, "Median_Income": 135146.43148675983}, "geometry": {"type": "Polygon", "coordinates": [[[-97.85, 30.287499999999998], [-97.83999999999999, 30.287499999999998], [-97.83999999999999, 30.299999999999997], [-97.85, 30.299999999999997], [-97.85, 30.287499999999998]]]}}, {"type": "Feature", "properties": {"id": "tract_0_8", "Latitude": 30.306250000000002, "Longitude": -97.845, "Median_Income": 90574.87334100401}, "geometry": {"type": "Polygon", "coordinates": [[[-97.85, 30.3], [-97.83999999999999, 30.3], [-97.83999999999999, 30.3125], [-97.85, 30.3125], [-97.85, 30.3]]]}}, {"type": "Feature", "properties": {"id": "tract_0_9", "Latitude": 30.31875, "Longitude": -97.845, "Median_Income": 146815.24592449123}, "geometry": {"type": "Polygon", "coordinates": [[[-97.85, 30.3125], [-97.83999999999999, 30.3125], [-97.83999999999999, 30.325], [-97.85, 30.325], [-97.85, 30.3125]]]}}, {"type": "Feature", "properties": {"id": "tract_0_10", "Latitude": 30.33125, "Longitude": -97.845, "Median_Income": 92386.51472939775}, "geometry": {"type": "Polygon", "coordinates": [[[-97.85, 30.325], [-97.83999999999999, 30.325], [-97.83999999999999, 30.3375], [-97.85, 30.3375], [-97.85, 30.325]]]}}, {"type": "Feature", "properties": {"id": "tract_0_11", "Latitude": 30.34375, "Longitude": -97.845, "Median_Income": 140416.1316012404}, "geometry": {"type": "Polygon", "coordinates": [[[-97.85, 30.3375], [-97.83999999999999, 30.3375], [-97.83999999999999, 30.349999999999998], [-97.85, 30.349999999999998], [-97.85, 30.3375]]]}}, {"type": "Feature", "properties": {"id": "tract_0_12", "Latitude": 30.35625, "Longitude": -97.845, "Median_Income": 120823.62964597563}, "geometry": {"type": "Polygon", "coordinates": [[[-97.85, 30.349999999999998], [-97.83999999999999, 30.349999999999998], [-97.83999999999999, 30.362499999999997], [-97.85, 30.362499999999997], [-97.85, 30.349999999999998]]]}}, {"type": "Feature", "properties": {"id": "tract_0_13", "Latitude": 30.368750000000002, "Longitude": -97.845, "Median_Income": 100780.16197875753}, "geometry": {"type": "Polygon", "coordinates": [[[-97.85, 30.3625], [-97.83999999999999, 30.3625], [-97.83999999999999, 30.375], [-97.85, 30.375], [-97.85, 30.3625]]]}}, {"type": "Feature", "properties": {"id": "tract_0_14", "Latitude": 30.38125, "Longitude": -97.845, "Median_Income": 146273.2033883122}, "geometry": {"type": "Polygon", "coordinates": [[[-97.85, 30.375], [-97.83999999999999, 30.375], [-97.83999999999999, 30.3875], [-97.85, 30.3875], [-97.85, 30.375]]]}}, {"type": "Feature", "properties": {"id": "tract_0_15", "Latitude": 30.39375, "Longitude": -97.845, "Median_Income": 90633.17290236954}, "geometry": {"type": "Polygon", "coordinates": [[[-97.85, 30.3875], [-97.83999999999999, 30.3875], [-97.83999999999999, 30.4], [-97.85, 30.4], [-97.85, 30.3875]]]}}, {"type": "Feature", "properties": {"id": "tract_0_16", "Latitude": 30.40625, "Longitude": -97.845, "Median_Income": 131869.8031605398}, "geometry": {"type": "Polygon", "coordinates": [[[-97.85, 30.4], [-97.83999999999999, 30.4], [-97.83999999999999, 30.412499999999998], [-97.85, 30.412499999999998], [-97.85, 30.4]]]}}, {"type": "Feature", "properties": {"id": "tract_0_17", "Latitude": 30.41875, "Longitude": -97.845, "Median_Income": 100018.62676623432}, "geometry": {"type": "Polygon", "coordinates": [[[-97.85, 30.412499999999998], [-97.83999999999999, 30.412499999999998], [-97.83999999999999, 30.424999999999997], [-97.85, 30.424999999999997], [-97.85, 30.412499999999998]]]}}, {"type": "Feature", "properties": {"id": "tract_0_18", "Latitude": 30.431250000000002, "Longitude": -97.845, "Median_Income": 112263.35341032887}, "geometry": {"type": "Polygon", "coordinates": [[[-97.85, 30.425], [-97.83999999999999, 30.425], [-97.83999999999999, 30.4375], [-97.85, 30.4375], [-97.85, 30.425]]]}}, {"type": "Feature", "properties": {"id": "tract_0_19", "Latitude": 30.44375, "Longitude": -97.845, "Median_Income": 118743.27623884985}, "geometry": {"type": "Polygon", "coordinates": [[[-97.85, 30.4375], [-97.83999999999999, 30.4375], [-97.83999999999999, 30.45], [-97.85, 30.45], [-97.85, 30.4375]]]}}, {"type": "Feature", "properties": {"id": "tract_1_0", "Latitude": 30.20625, "Longitude": -97.835, "Median_Income": 139384.333417663}, "geometry": {"type": "Polygon", "coordinates": [[[-97.83999999999999, 30.2], [-97.82999999999998, 30.2], [-97.82999999999998, 30.2125], [-97.83999999999999, 30.2125], [-97.83999999999999, 30.2]]]}}, {"type": "Feature", "properties": {"id": "tract_1_1", "Latitude": 30.21875, "Longitude": -97.835, "Median_Income": 141203.2022780159}, "geometry": {"type": "Polygon", "coordinates": [[[-97.83999999999999, 30.2125], [-97.82999999999998, 30.2125], [-97.82999999999998, 30.224999999999998], [-97.83999999999999, 30.224999999999998], [-97.83999999999999, 30.2125]]]}}, {"type": "Feature", "properties": {"id": "tract_1_2", "Latitude": 30.23125, "Longitude": -97.835, "Median_Income": 104362.6092276108}, "geometry": {"type": "Polygon", "coordinates": [[[-97.83999999999999, 30.224999999999998], [-97.82999999999998, 30.224999999999998], [-97.82999999999998, 30.237499999999997], [-97.83999999999999, 30.237499999999997], [-97.83999999999999, 30.224999999999998]]]}}, {"type": "Feature", "properties": {"id": "tract_1_3", "Latitude": 30.243750000000002, "Longitude": -97.835, "Median_Income": 114123.78312564267}, "geometry": {"type": "Polygon", "coordinates": [[[-97.83999999999999, 30.2375], [-97.82999999999998, 30.2375], [-97.82999999999998, 30.25], [-97.83999999999999, 30.25], [-97.83999999999999, 30.2375]]]}}, {"type": "Feature", "properties": {"id": "tract_1_4", "Latitude": 30.25625, "Longitude": -97.835, "Median_Income": 126570.70513835191}, "geometry": {"type": "Polygon", "coordinates": [[[-97.83999999999999, 30.25], [-97.82999999999998, 30.25], [-97.82999999999998, 30.2625], [-97.83999999999999, 30.2625], [-97.83999999999999, 30.25]]]}}, {"type": "Feature", "properties": {"id": "tract_1_5", "Latitude": 30.26875, "Longitude": -97.835, "Median_Income": 112599.60881481302}, "geometry": {"type": "Polygon", "coordinates": [[[-97.83999999999999, 30.2625], [-97.82999999999998, 30.2625], [-97.82999999999998, 30.275], [-97.83999999999999, 30.275], [-97.83999999999999, 30.2625]]]}}, {"type": "Feature", "properties": {"id": "tract_1_6", "Latitude": 30.28125, "Longitude": -97.835, "Median_Income": 101484.30743558359}, "geometry": {"type": "Polygon", "coordinates": [[[-97.83999999999999, 30.275], [-97.82999999999998, 30.275], [-97.82999999999998, 30.287499999999998], [-97.83999999999999, 30.287499999999998], [-97.83999999999999, 30.275]]]}}, {"type": "Feature", "properties": {"id": "tract_1_7", "Latitude": 30.29375, "Longitude": -97.835, "Median_Income": 95702.5660897928}, "geometry": {"type": "Polygon", "coordinates": [[[-97.83999999999999, 30.287499999999998], [-97.82999999999998, 30.287499999999998], [-97.82999999999998, 30.299999999999997], [-97.83999999999999, 30.299999999999997], [-97.83999999999999, 30.287499999999998]]]}}, {"type": "Feature", "properties": {"id": "tract_1_8", "Latitude": 30.306250000000002, "Longitude": -97.835, "Median_Income": 124720.23945795809}, "geometry": {"type": "Polygon", "coordinates": [[[-97.83999999999999, 30.3], [-97.82999999999998, 30.3], [-97.82999999999998, 30.3125], [-97.83999999999999, 30.3125], [-97.83999999999999, 30.3]]]}}, {"type": "Feature", "properties": {"id": "tract_1_9", "Latitude": 30.31875, "Longitude": -97.835, "Median_Income": 141655.26154724826}, "geometry": {"type": "Polygon", "coordinates": [[[-97.83999999999999, 30.3125], [-97.82999999999998, 30.3125], [-97.82999999999998, 30.325], [-97.83999999999999, 30.325], [-97.83999999999999, 30.3125]]]}}, {"type": "Feature", "properties": {"id": "tract_1_10", "Latitude": 30.33125, "Longitude": -97.835, "Median_Income": 142206.2682793692}, "geometry": {"type": "Polygon", "coordinates": [[[-97.83999999999999, 30.325], [-97.82999999999998, 30.325], [-97.82999999999998, 30.3375], [-97.83999999999999, 30.3375], [-97.83999999999999, 30.325]]]}}, {"type": "Feature", "properties": {"id": "tract_1_11", "Latitude": 30.34375, "Longitude": -97.835, "Median_Income": 121704.5040317308}, "geometry": {"type": "Polygon", "coordinates": [[[-97.83999999999999, 30.3375], [-97.82999999999998, 30.3375], [-97.82999999999998, 30.349999999999998], [-97.83999999999999, 30.349999999999998], [-97.83999999999999, 30.3375]]]}}, {"type": "Feature", "properties": {"id": "tract_1_12", "Latitude": 30.35625, "Longitude": -97.835, "Median_Income": 128293.34068581695}, "geometry": {"type": "Polygon", "coordinates": [[[-97.83999999999999, 30.349999999999998], [-97.82999999999998, 30.349999999999998], [-97.82999999999998, 30.362499999999997], [-97.83999999999999, 30.362499999999997], [-97.83999999999999, 30.349999999999998]]]}}, {"type": "Feature", "properties": {"id": "tract_1_13", "Latitude": 30.368750000000002, "Longitude": -97.835, "Median_Income": 94385.10526168175}, "geometry": {"type": "Polygon", "coordinates": [[[-97.83999999999999, 30.3625], [-97.82999999999998, 30.3625], [-97.82999999999998, 30.375], [-97.83999999999999, 30.375], [-97.83999999999999, 30.3625]]]}}, {"type": "Feature", "properties": {"id": "tract_1_14", "Latitude": 30.38125, "Longitude": -97.835, "Median_Income": 105968.8439146193}, "geometry": {"type": "Polygon", "coordinates": [[[-97.83999999999999, 30.375], [-97.82999999999998, 30.375], [-97.82999999999998, 30.3875], [-97.83999999999999, 30.3875], [-97.83999999999999, 30.375]]]}}, {"type": "Feature", "properties": {"id": "tract_1_15", "Latitude": 30.39375, "Longitude": -97.835, "Median_Income": 147346.74058092872}, "geometry": {"type": "Polygon", "coordinates": [[[-97.83999999999999, 30.3875], [-97.82999999999998, 30.3875], [-97.82999999999998, 30.4], [-97.83999999999999, 30.4], [-97.83999999999999, 30.3875]]]}}, {"type": "Feature", "properties": {"id": "tract_1_16", "Latitude": 30.40625, "Longitude": -97.835, "Median_Income": 131676.56713259197}, "geometry": {"type": "Polygon", "coordinates": [[[-97.83999999999999, 30.4], [-97.82999999999998, 30.4], [-97.82999999999998, 30.412499999999998], [-97.83999999999999, 30.412499999999998], [-97.83999999999999, 30.4]]]}}, {"type": "Feature", "properties": {"id": "tract_1_17", "Latitude": 30.41875, "Longitude": -97.835, "Median_Income": 103464.90045653882}, "geometry": {"type": "Polygon", "coordinates": [[[-97.83999999999999, 30.412499999999998], [-97.82999999999998, 30.412499999999998], [-97.82999999999998, 30.424999999999997], [-97.83999999999999, 30.424999999999997], [-97.83999999999999, 30.412499999999998]]]}}, {"type": "Feature", "properties": {"id": "tract_1_18", "Latitude": 30.431250000000002, "Longitude": -97.835, "Median_Income": 118540.13138434791}, "geometry": {"type": "Polygon", "coordinates": [[[-97.83999999999999, 30.425], [-97.82999999999998, 30.425], [-97.82999999999998, 30.4375], [-97.83999999999999, 30.4375], [-97.83999999999999, 30.425]]]}}, {"type": "Feature", "properties": {"id": "tract_1_19", "Latitude": 30.44375, "Longitude": -97.835, "Median_Income": 139066.66578324686}, "geometry": {"type": "Polygon", "coordinates": [[[-97.83999999999999, 30.4375], [-97.82999999999998, 30.4375], [-97.82999999999998, 30.45], [-97.83999999999999, 30.45], [-97.83999999999999, 30.4375]]]}}, {"type": "Feature", "properties": {"id": "tract_2_0", "Latitude": 30.20625, "Longitude": -97.825, "Median_Income": 138420.9152965824}, "geometry": {"type": "Polygon", "coordinates": [[[-97.83, 30.2], [-97.82, 30.2], [-97.82, 30.2125], [-97.83, 30.2125], [-97.83, 30.2]]]}}, {"type": "Feature", "properties": {"id": "tract_2_1", "Latitude": 30.21875, "Longitude": -97.825, "Median_Income": 113261.3189076679}, "geometry": {"type": "Polygon", "coordinates": [[[-97.83, 30.2125], [-97.82, 30.2125], [-97.82, 30.224999999999998], [-97.83, 30.224999999999998], [-97.83, 30.2125]]]}}, {"type": "Feature", "properties": {"id": "tract_2_2", "Latitude": 30.23125, "Longitude": -97.825, "Median_Income": 136806.91587173296}, "geometry": {"type": "Polygon", "coordinates": [[[-97.83, 30.224999999999998], [-97.82, 30.224999999999998], [-97.82, 30.237499999999997], [-97.83, 30.237499999999997], [-97.83, 30.224999999999998]]]}}, {"type": "Feature", "properties": {"id": "tract_2_3", "Latitude": 30.243750000000002, "Longitude": -97.825, "Median_Income": 90061.02418081755}, "geometry": {"type": "Polygon", "coordinates": [[[-97.83, 30.2375], [-97.82, 30.2375], [-97.82, 30.25], [-97.83, 30.25], [-97.83, 30.2375]]]}}, {"type": "Feature", "properties": {"id": "tract_2_4", "Latitude": 30.25625, "Longitude": -97.825, "Median_Income": 144178.4901858376}, "geometry": {"type": "Polygon", "coordinates": [[[-97.83, 30.25], [-97.82, 30.25], [-97.82, 30.2625], [-97.83, 30.2625], [-97.83, 30.25]]]}}, {"type": "Feature", "properties": {"id": "tract_2_5", "Latitude": 30.26875, "Longitude": -97.825, "Median_Income": 108776.88854196195}, "geometry": {"type": "Polygon", "coordinates": [[[-97.83, 30.2625], [-97.82, 30.2625], [-97.82, 30.275], [-97.83, 30.275], [-97.83, 30.2625]]]}}, {"type": "Feature", "properties": {"id": "tract_2_6", "Latitude": 30.28125, "Longitude": -97.825, "Median_Income": 98457.73331354347}, "geometry": {"type": "Polygon", "coordinates": [[[-97.83, 30.275], [-97.82, 30.275], [-97.82, 30.287499999999998], [-97.83, 30.287499999999998], [-97.83, 30.275]]]}}, {"type": "Feature", "properties": {"id": "tract_2_7", "Latitude": 30.29375, "Longitude": -97.825, "Median_Income": 90788.77096663296}, "geometry": {"type": "Polygon", "coordinates": [[[-97.83, 30.287499999999998], [-97.82, 30.287499999999998], [-97.82, 30.299999999999997], [-97.83, 30.299999999999997], [-97.83, 30.287499999999998]]]}}, {"type": "Feature", "properties": {"id": "tract_2_8", "Latitude": 30.306250000000002, "Longitude": -97.825, "Median_Income": 105106.653566891}, "geometry": {"type": "Polygon", "coordinates": [[[-97.83, 30.3], [-97.82, 30.3], [-97.82, 30.3125], [-97.83, 30.3125], [-97.83, 30.3]]]}}, {"type": "Feature", "properties": {"id": "tract_2_9", "Latitude": 30.31875, "Longitude": -97.825, "Median_Income": 113999.2964077832}, "geometry": {"type": "Polygon", "coordinates": [[[-97.83, 30.3125], [-97.82, 30.3125], [-97.82, 30.325], [-97.83, 30.325], [-97.83, 30.3125]]]}}, {"type": "Feature", "properties": {"id": "tract_2_10", "Latitude": 30.33125, "Longitude": -97.825, "Median_Income": 138455.66605449026}, "geometry": {"type": "Polygon", "coordinates": [[[-97.83, 30.325], [-97.82, 30.325], [-97.82, 30.3375], [-97.83, 30.3375], [-97.83, 30.325]]]}}, {"type": "Feature", "properties": {"id": "tract_2_11", "Latitude": 30.34375, "Longitude": -97.825, "Median_Income": 92918.48645607287}, "geometry": {"type": "Polygon", "coordinates": [[[-97.83, 30.3375], [-97.82, 30.3375], [-97.82, 30.349999999999998], [-97.83, 30.349999999999998], [-97.83, 30.3375]]]}}, {"type": "Feature", "properties": {"id": "tract_2_12", "Latitude": 30.35625, "Longitude": -97.825, "Median_Income": 100960.46739347633}, "geometry": {"type": "Polygon", "coordinates": [[[-97.83, 30.349999999999998], [-97.82, 30.349999999999998], [-97.82, 30.362499999999997], [-97.83, 30.362499999999997], [-97.83, 30.349999999999998]]]}}, {"type": "Feature", "properties": {"id": "tract_2_13", "Latitude": 30.368750000000002, "Longitude": -97.825, "Median_Income": 131977.15206453388}, "geometry": {"type": "Polygon", "coordinates": [[[-97.83, 30.3625], [-97.82, 30.3625], [-97.82, 30.375], [-97.83, 30.375], [-97.83, 30.3625]]]}}, {"type": "Feature", "properties": {"id": "tract_2_14", "Latitude": 30.38125, "Longitude": -97.825, "Median_Income": 115092.28894937725}, "geometry": {"type": "Polygon", "coordinates": [[[-97.83, 30.375], [-97.82, 30.375], [-97.82, 30.3875], [-97.83, 30.3875], [-97.83, 30.375]]]}}, {"type": "Feature", "properties": {"id": "tract_2_15", "Latitude": 30.39375, "Longitude": -97.825, "Median_Income": 141666.11718566387}, "geometry": {"type": "Polygon", "coordinates": [[[-97.83, 30.3875], [-97.82, 30.3875], [-97.82, 30.4], [-97.83, 30.4], [-97.83, 30.3875]]]}}, {"type": "Feature", "properties": {"id": "tract_2_16", "Latitude": 30.40625, "Longitude": -97.825, "Median_Income": 128049.36548789042}, "geometry": {"type": "Polygon", "coordinates": [[[-97.83, 30.4], [-97.82, 30.4], [-97.82, 30.412499999999998], [-97.83, 30.412499999999998], [-97.83, 30.4]]]}}, {"type": "Feature", "properties": {"id": "tract_2_17", "Latitude": 30.41875, "Longitude": -97.825, "Median_Income": 105313.56603456622}, "geometry": {"type": "Polygon", "coordinates": [[[-97.83, 30.412499999999998], [-97.82, 30.412499999999998], [-97.82, 30.424999999999997], [-97.83, 30.424999999999997], [-97.83, 30.412499999999998]]]}}, {"type": "Feature", "properties": {"id": "tract_2_18", "Latitude": 30.431250000000002, "Longitude": -97.825, "Median_Income": 135298.81300399522}, "geometry": {"type": "Polygon", "coordinates": [[[-97.83, 30.425], [-97.82, 30.425], [-97.82, 30.4375], [-97.83, 30.4375], [-97.83, 30.425]]]}}, {"type": "Feature", "properties": {"id": "tract_2_19", "Latitude": 30.44375, "Longitude": -97.825, "Median_Income": 120873.39427601437}, "geometry": {"type": "Polygon", "coordinates": [[[-97.83, 30.4375], [-97.82, 30.4375], [-97.82, 30.45], [-97.83, 30.45], [-97.83, 30.4375]]]}}, {"type": "Feature", "properties": {"id": "tract_3_0", "Latitude": 30.20625, "Longitude": -97.815, "Median_Income": 109411.58696267853}, "geometry": {"type": "Polygon", "coordinates": [[[-97.82, 30.2], [-97.80999999999999, 30.2], [-97.80999999999999, 30.2125], [-97.82, 30.2125], [-97.82, 30.2]]]}}, {"type": "Feature", "properties": {"id": "tract_3_1", "Latitude": 30.21875, "Longitude": -97.815, "Median_Income": 148841.45525139547}, "geometry": {"type": "Polygon", "coordinates": [[[-97.82, 30.2125], [-97.80999999999999, 30.2125], [-97.80999999999999, 30.224999999999998], [-97.82, 30.224999999999998], [-97.82, 30.2125]]]}}, {"type": "Feature", "properties": {"id": "tract_3_2", "Latitude": 30.23125, "Longitude": -97.815, "Median_Income": 107001.26894347821}, "geometry": {"type": "Polygon", "coordinates": [[[-97.82, 30.224999999999998], [-97.80999999999999, 30.224999999999998], [-97.80999999999999, 30.237499999999997], [-97.82, 30.237499999999997], [-97.82, 30.224999999999998]]]}}, {"type": "Feature", "properties": {"id": "tract_3_3", "Latitude": 30.243750000000002, "Longitude": -97.815, "Median_Income": 98868.0998770868}, "geometry": {"type": "Polygon", "coordinates": [[[-97.82, 30.2375], [-97.80999999999999, 30.2375], [-97.80999999999999, 30.25], [-97.82, 30.25], [-97.82, 30.2375]]]}}, {"type": "Feature", "properties": {"id": "tract_3_4", "Latitude": 30.25625, "Longitude": -97.815, "Median_Income": 138188.1273595254}, "geometry": {"type": "Polygon", "coordinates": [[[-97.82, 30.25], [-97.80999999999999, 30.25], [-97.80999999999999, 30.2625], [-97.82, 30.2625], [-97.82, 30.25]]]}}, {"type": "Feature", "properties": {"id": "tract_3_5", "Latitude": 30.26875, "Longitude": -97.815, "Median_Income": 127663.28137368089}, "geometry": {"type": "Polygon", "coordinates": [[[-97.82, 30.2625], [-97.80999999999999, 30.2625], [-97.80999999999999, 30.275], [-97.82, 30.275], [-97.82, 30.2625]]]}}, {"type": "Feature", "properties": {"id": "tract_3_6", "Latitude": 30.28125, "Longitude": -97.815, "Median_Income": 134986.62801307414}, "geometry": {"type": "Polygon", "coordinates": [[[-97.82, 30.275], [-97.80999999999999, 30.275], [-97.80999999999999, 30.287499999999998], [-97.82, 30.287499999999998], [-97.82, 30.275]]]}}, {"type": "Feature", "properties": {"id": "tract_3_7", "Latitude": 30.29375, "Longitude": -97.815, "Median_Income": 126286.15913487802}, "geometry": {"type": "Polygon", "coordinates": [[[-97.82, 30.287499999999998], [-97.80999999999999, 30.287499999999998], [-97.80999999999999, 30.299999999999997], [-97.82, 30.299999999999997], [-97.82, 30.287499999999998]]]}}, {"type": "Feature", "properties": {"id": "tract_3_8", "Latitude": 30.306250000000002, "Longitude": -97.815, "Median_Income": 96780.2909329683}, "geometry": {"type": "Polygon", "coordinates": [[[-97.82, 30.3], [-97.80999999999999, 30.3], [-97.80999999999999, 30.3125], [-97.82, 30.3125], [-97.82, 30.3]]]}}, {"type": "Feature", "properties": {"id": "tract_3_9", "Latitude": 30.31875, "Longitude": -97.815, "Median_Income": 112443.85241123101}, "geometry": {"type": "Polygon", "coordinates": [[[-97.82, 30.3125], [-97.80999999999999, 30.3125], [-97.80999999999999, 30.325], [-97.82, 30.325], [-97.82, 30.3125]]]}}, {"type": "Feature", "properties": {"id": "tract_3_10", "Latitude": 30.33125, "Longitude": -97.815, "Median_Income": 116436.22541134222}, "geometry": {"type": "Polygon", "coordinates": [[[-97.82, 30.325], [-97.80999999999999, 30.325], [-97.80999999999999, 30.3375], [-97.82, 30.3375], [-97.82, 30.325]]]}}, {"type": "Feature", "properties": {"id": "tract_3_11", "Latitude": 30.34375, "Longitude": -97.815, "Median_Income": 101824.25373795898}, "geometry": {"type": "Polygon", "coordinates": [[[-97.82, 30.3375], [-97.80999999999999, 30.3375], [-97.80999999999999, 30.349999999999998], [-97.82, 30.349999999999998], [-97.82, 30.3375]]]}}, {"type": "Feature", "properties": {"id": "tract_3_12", "Latitude": 30.35625, "Longitude": -97.815, "Median_Income": 91215.13782412141}, "geometry": {"type": "Polygon", "coordinates": [[[-97.82, 30.349999999999998], [-97.80999999999999, 30.349999999999998], [-97.80999999999999, 30.362499999999997], [-97.82, 30.362499999999997], [-97.82, 30.349999999999998]]]}}, {"type": "Feature", "properties": {"id": "tract_3_13", "Latitude": 30.368750000000002, "Longitude": -97.815, "Median_Income": 98980.09770929403}, "geometry": {"type": "Polygon", "coordinates": [[[-97.82, 30.3625], [-97.80999999999999, 30.3625], [-97.80999999999999, 30.375], [-97.82, 30.375], [-97.82, 30.3625]]]}}, {"type": "Feature", "properties": {"id": "tract_3_14", "Latitude": 30.38125, "Longitude": -97.815, "Median_Income": 121201.95215022884}, "geometry": {"type": "Polygon", "coordinates": [[[-97.82, 30.375], [-97.80999999999999, 30.375], [-97.80999999999999, 30.3875], [-97.82, 30.3875], [-97.82, 30.375]]]}}, {"type": "Feature", "properties": {"id": "tract_3_15", "Latitude": 30.39375, "Longitude": -97.815, "Median_Income": 137306.25283397667}, "geometry": {"type": "Polygon", "coordinates": [[[-97.82, 30.3875], [-97.80999999999999, 30.3875], [-97.80999999999999, 30.4], [-97.82, 30.4], [-97.82, 30.3875]]]}}, {"type": "Feature", "properties": {"id": "tract_3_16", "Latitude": 30.40625, "Longitude": -97.815, "Median_Income": 116161.01712276894}, "geometry": {"type": "Polygon", "coordinates": [[[-97.82, 30.4], [-97.80999999999999, 30.4], [-97.80999999999999, 30.412499999999998], [-97.82, 30.412499999999998], [-97.82, 30.4]]]}}, {"type": "Feature", "properties": {"id": "tract_3_17", "Latitude": 30.41875, "Longitude": -97.815, "Median_Income": 96377.67404656459}, "geometry": {"type": "Polygon", "coordinates": [[[-97.82, 30.412499999999998], [-97.80999999999999, 30.412499999999998], [-97.80999999999999, 30.424999999999997], [-97.82, 30.424999999999997], [-97.82, 30.412499999999998]]]}}, {"type": "Feature", "properties": {"id": "tract_3_18", "Latitude": 30.431250000000002, "Longitude": -97.815, "Median_Income": 96160.43999193465}, "geometry": {"type": "Polygon", "coordinates": [[[-97.82, 30.425], [-97.80999999999999, 30.425], [-97.80999999999999, 30.4375], [-97.82, 30.4375], [-97.82, 30.425]]]}}, {"type": "Feature", "properties": {"id": "tract_3_19", "Latitude": 30.44375, "Longitude": -97.815, "Median_Income": 99630.49627371284}, "geometry": {"type": "Polygon", "coordinates": [[[-97.82, 30.4375], [-97.80999999999999, 30.4375], [-97.80999999999999, 30.45], [-97.82, 30.45], [-97.82, 30.4375]]]}}, {"type": "Feature", "properties": {"id": "tract_4_0", "Latitude": 30.20625, "Longitude": -97.805, "Median_Income": 145832.38645265647}, "geometry": {"type": "Polygon", "coordinates": [[[-97.81, 30.2], [-97.8, 30.2], [-97.8, 30.2125], [-97.81, 30.2125], [-97.81, 30.2]]]}}, {"type": "Feature", "properties": {"id": "tract_4_1", "Latitude": 30.21875, "Longitude": -97.805, "Median_Income": 90749.74602911771}, "geometry": {"type": "Polygon", "coordinates": [[[-97.81, 30.2125], [-97.8, 30.2125], [-97.8, 30.224999999999998], [-97.81, 30.224999999999998], [-97.81, 30.2125]]]}}, {"type": "Feature", "properties": {"id": "tract_4_2", "Latitude": 30.23125, "Longitude": -97.805, "Median_Income": 123998.19902143246}, "geometry": {"type": "Polygon", "coordinates": [[[-97.81, 30.224999999999998], [-97.8, 30.224999999999998], [-97.8, 30.237499999999997], [-97.81, 30.237499999999997], [-97.81, 30.224999999999998]]]}}, {"type": "Feature", "properties": {"id": "tract_4_3", "Latitude": 30.243750000000002, "Longitude": -97.805, "Median_Income": 126406.4157315669}, "geometry": {"type": "Polygon", "coordinates": [[[-97.81, 30.2375], [-97.8, 30.2375], [-97.8, 30.25], [-97.81, 30.25], [-97.81, 30.2375]]]}}, {"type": "Feature", "properties": {"id": "tract_4_4", "Latitude": 30.25625, "Longitude": -97.805, "Median_Income": 117411.16842800585}, "geometry": {"type": "Polygon", "coordinates": [[[-97.81, 30.25], [-97.8, 30.25], [-97.8, 30.2625], [-97.81, 30.2625], [-97.81, 30.25]]]}}, {"type": "Feature", "properties": {"id": "tract_4_5", "Latitude": 30.26875, "Longitude": -97.805, "Median_Income": 95916.42198503335}, "geometry": {"type": "Polygon", "coordinates": [[[-97.81, 30.2625], [-97.8, 30.2625], [-97.8, 30.275], [-97.81, 30.275], [-97.81, 30.2625]]]}}, {"type": "Feature", "properties": {"id": "tract_4_6", "Latitude": 30.28125, "Longitude": -97.805, "Median_Income": 122665.0521811228}, "geometry": {"type": "Polygon", "coordinates": [[[-97.81, 30.275], [-97.8, 30.275], [-97.8, 30.287499999999998], [-97.81, 30.287499999999998], [-97.81, 30.275]]]}}, {"type": "Feature", "properties": {"id": "tract_4_7", "Latitude": 30.29375, "Longitude": -97.805, "Median_Income": 143252.65066855424}, "geometry": {"type": "Polygon", "coordinates": [[[-97.81, 30.287499999999998], [-97.8, 30.287499999999998], [-97.8, 30.299999999999997], [-97.81, 30.299999999999997], [-97.81, 30.287499999999998]]]}}, {"type": "Feature", "properties": {"id": "tract_4_8", "Latitude": 30.306250000000002, "Longitude": -97.805, "Median_Income": 94557.51619794942}, "geometry": {"type": "Polygon", "coordinates": [[[-97.81, 30.3], [-97.8, 30.3], [-97.8, 30.3125], [-97.81, 30.3125], [-97.81, 30.3]]]}}, {"type": "Feature", "properties": {"id": "tract_4_9", "Latitude": 30.31875, "Longitude": -97.805, "Median_Income": 130224.97096410446}, "geometry": {"type": "Polygon", "coordinates": [[[-97.81, 30.3125], [-97.8, 30.3125], [-97.8, 30.325], [-97.81, 30.325], [-97.81, 30.3125]]]}}, {"type": "Feature", "properties": {"id": "tract_4_10", "Latitude": 30.33125, "Longitude": -97.805, "Median_Income": 145347.7637821312}, "geometry": {"type": "Polygon", "coordinates": [[[-97.81, 30.325], [-97.8, 30.325], [-97.8, 30.3375], [-97.81, 30.3375], [-97.81, 30.325]]]}}, {"type": "Feature", "properties": {"id": "tract_4_11", "Latitude": 30.34375, "Longitude": -97.805, "Median_Income": 102091.79718978985}, "geometry": {"type": "Polygon", "coordinates": [[[-97.81, 30.3375], [-97.8, 30.3375], [-97.8, 30.349999999999998], [-97.81, 30.349999999999998], [-97.81, 30.3375]]]}}, {"type": "Feature", "properties": {"id": "tract_4_12", "Latitude": 30.35625, "Longitude": -97.805, "Median_Income": 137922.38135641473}, "geometry": {"type": "Polygon", "coordinates": [[[-97.81, 30.349999999999998], [-97.8, 30.349999999999998], [-97.8, 30.362499999999997], [-97.81, 30.362499999999997], [-97.81, 30.349999999999998]]]}}, {"type": "Feature", "properties": {"id": "tract_4_13", "Latitude": 30.368750000000002, "Longitude": -97.805, "Median_Income": 92434.38963748948}, "geometry": {"type": "Polygon", "coordinates": [[[-97.81, 30.3625], [-97.8, 30.3625], [-97.8, 30.375], [-97.81, 30.375], [-97.81, 30.3625]]]}}, {"type": "Feature", "properties": {"id": "tract_4_14", "Latitude": 30.38125, "Longitude": -97.805, "Median_Income": 131406.7518798296}, "geometry": {"type": "Polygon", "coordinates": [[[-97.81, 30.375], [-97.8, 30.375], [-97.8, 30.3875], [-97.81, 30.3875], [-97.81, 30.375]]]}}, {"type": "Feature", "properties": {"id": "tract_4_15", "Latitude": 30.39375, "Longitude": -97.805, "Median_Income": 148403.2476508948}, "geometry": {"type": "Polygon", "coordinates": [[[-97.81, 30.3875], [-97.8, 30.3875], [-97.8, 30.4], [-97.81, 30.4], [-97.81, 30.3875]]]}}, {"type": "Feature", "properties": {"id": "tract_4_16", "Latitude": 30.40625, "Longitude": -97.805, "Median_Income": 135076.9817700181}, "geometry": {"type": "Polygon", "coordinates": [[[-97.81, 30.4], [-97.8, 30.4], [-97.8, 30.412499999999998], [-97.81, 30.412499999999998], [-97.81, 30.4]]]}}, {"type": "Feature", "properties": {"id": "tract_4_17", "Latitude": 30.41875, "Longitude": -97.805, "Median_Income": 114633.61380380346}, "geometry": {"type": "Polygon", "coordinates": [[[-97.81, 30.412499999999998], [-97.8, 30.412499999999998], [-97.8, 30.424999999999997], [-97.81, 30.424999999999997], [-97.81, 30.412499999999998]]]}}, {"type": "Feature", "properties": {"id": "tract_4_18", "Latitude": 30.431250000000002, "Longitude": -97.805, "Median_Income": 94103.26386798148}, "geometry": {"type": "Polygon", "coordinates": [[[-97.81, 30.425], [-97.8, 30.425], [-97.8, 30.4375], [-97.81, 30.4375], [-97.81, 30.425]]]}}, {"type": "Feature", "properties": {"id": "tract_4_19", "Latitude": 30.44375, "Longitude": -97.805, "Median_Income": 135205.5354944586}, "geometry": {"type": "Polygon", "coordinates": [[[-97.81, 30.4375], [-97.8, 30.4375], [-97.8, 30.45], [-97.81, 30.45], [-97.81, 30.4375]]]}}, {"type": "Feature", "properties": {"id": "tract_5_0", "Latitude": 30.20625, "Longitude": -97.795, "Median_Income": 94077.18939508134}, "geometry": {"type": "Polygon", "coordinates": [[[-97.8, 30.2], [-97.78999999999999, 30.2], [-97.78999999999999, 30.2125], [-97.8, 30.2125], [-97.8, 30.2]]]}}, {"type": "Feature", "properties": {"id": "tract_5_1", "Latitude": 30.21875, "Longitude": -97.795, "Median_Income": 91039.61256808037}, "geometry": {"type": "Polygon", "coordinates": [[[-97.8, 30.2125], [-97.78999999999999, 30.2125], [-97.78999999999999, 30.224999999999998], [-97.8, 30.224999999999998], [-97.8, 30.2125]]]}}, {"type": "Feature", "properties": {"id": "tract_5_2", "Latitude": 30.23125, "Longitude": -97.795, "Median_Income": 143669.5701157363}, "geometry": {"type": "Polygon", "coordinates": [[[-97.8, 30.224999999999998], [-97.78999999999999, 30.224999999999998], [-97.78999999999999, 30.237499999999997], [-97.8, 30.237499999999997], [-97.8, 30.224999999999998]]]}}, {"type": "Feature", "properties": {"id": "tract_5_3", "Latitude": 30.243750000000002, "Longitude": -97.795, "Median_Income": 124012.31564065737}, "geometry": {"type": "Polygon", "coordinates": [[[-97.8, 30.2375], [-97.78999999999999, 30.2375], [-97.78999999999999, 30.25], [-97.8, 30.25], [-97.8, 30.2375]]]}}, {"type": "Feature", "properties": {"id": "tract_5_4", "Latitude": 30.25625, "Longitude": -97.795, "Median_Income": 112336.31617239001}, "geometry": {"type": "Polygon", "coordinates": [[[-97.8, 30.25], [-97.78999999999999, 30.25], [-97.78999999999999, 30.2625], [-97.8, 30.2625], [-97.8, 30.25]]]}}, {"type": "Feature", "properties": {"id": "tract_5_5", "Latitude": 30.26875, "Longitude": -97.795, "Median_Income": 99187.33169154642}, "geometry": {"type": "Polygon", "coordinates": [[[-97.8, 30.2625], [-97.78999999999999, 30.2625], [-97.78999999999999, 30.275], [-97.8, 30.275], [-97.8, 30.2625]]]}}, {"type": "Feature", "properties": {"id": "tract_5_6", "Latitude": 30.28125, "Longitude": -97.795, "Median_Income": 100637.7138680598}, "geometry": {"type": "Polygon", "coordinates": [[[-97.8, 30.275], [-97.78999999999999, 30.275], [-97.78999999999999, 30.287499999999998], [-97.8, 30.287499999999998], [-97.8, 30.275]]]}}, {"type": "Feature", "properties": {"id": "tract_5_7", "Latitude": 30.29375, "Longitude": -97.795, "Median_Income": 118177.86942019098}, "geometry": {"type": "Polygon", "coordinates": [[[-97.8, 30.287499999999998], [-97.78999999999999, 30.287499999999998], [-97.78999999999999, 30.299999999999997], [-97.8, 30.299999999999997], [-97.8, 30.287499999999998]]]}}, {"type": "Feature", "properties": {"id": "tract_5_8", "Latitude": 30.306250000000002, "Longitude": -97.795, "Median_Income": 141484.60012585844}, "geometry": {"type": "Polygon", "coordinates": [[[-97.8, 30.3], [-97.78999999999999, 30.3], [-97.78999999999999, 30.3125], [-97.8, 30.3125], [-97.8, 30.3]]]}}, {"type": "Feature", "properties": {"id": "tract_5_9", "Latitude": 30.31875, "Longitude": -97.795, "Median_Income": 113540.59844159884}, "geometry": {"type": "Polygon", "coordinates": [[[-97.8, 30.3125], [-97.78999999999999, 30.3125], [-97.78999999999999, 30.325], [-97.8, 30.325], [-97.8, 30.3125]]]}}, {"type": "Feature", "properties": {"id": "tract_5_10", "Latitude": 30.33125, "Longitude": -97.795, "Median_Income": 132669.80442549667}, "geometry": {"type": "Polygon", "coordinates": [[[-97.8, 30.325], [-97.78999999999999, 30.325], [-97.78999999999999, 30.3375], [-97.8, 30.3375], [-97.8, 30.325]]]}}, {"type": "Feature", "properties": {"id": "tract_5_11", "Latitude": 30.34375, "Longitude": -97.795, "Median_Income": 110661.2039422877}, "geometry": {"type": "Polygon", "coordinates": [[[-97.8, 30.3375], [-97.78999999999999, 30.3375], [-97.78999999999999, 30.349999999999998], [-97.8, 30.349999999999998], [-97.8, 30.3375]]]}}, {"type": "Feature", "properties": {"id": "tract_5_12", "Latitude": 30.35625, "Longitude": -97.795, "Median_Income": 122543.83243656192}, "geometry": {"type": "Polygon", "coordinates": [[[-97.8, 30.349999999999998], [-97.78999999999999, 30.349999999999998], [-97.78999999999999, 30.362499999999997], [-97.8, 30.362499999999997], [-97.8, 30.349999999999998]]]}}, {"type": "Feature", "properties": {"id": "tract_5_13", "Latitude": 30.368750000000002, "Longitude": -97.795, "Median_Income": 92227.44143301708}, "geometry": {"type": "Polygon", "coordinates": [[[-97.8, 30.3625], [-97.78999999999999, 30.3625], [-97.78999999999999, 30.375], [-97.8, 30.375], [-97.8, 30.3625]]]}}, {"type": "Feature", "properties": {"id": "tract_5_14", "Latitude": 30.38125, "Longitude": -97.795, "Median_Income": 145728.38565310746}, "geometry": {"type": "Polygon", "coordinates": [[[-97.8, 30.375], [-97.78999999999999, 30.375], [-97.78999999999999, 30.3875], [-97.8, 30.3875], [-97.8, 30.375]]]}}, {"type": "Feature", "properties": {"id": "tract_5_15", "Latitude": 30.39375, "Longitude": -97.795, "Median_Income": 104872.48740140139}, "geometry": {"type": "Polygon", "coordinates": [[[-97.8, 30.3875], [-97.78999999999999, 30.3875], [-97.78999999999999, 30.4], [-97.8, 30.4], [-97.8, 30.3875]]]}}, {"type": "Feature", "properties": {"id": "tract_5_16", "Latitude": 30.40625, "Longitude": -97.795, "Median_Income": 114270.31283183629}, "geometry": {"type": "Polygon", "coordinates": [[[-97.8, 30.4], [-97.78999999999999, 30.4], [-97.78999999999999, 30.412499999999998], [-97.8, 30.412499999999998], [-97.8, 30.4]]]}}, {"type": "Feature", "properties": {"id": "tract_5_17", "Latitude": 30.41875, "Longitude": -97.795, "Median_Income": 119721.08099432354}, "geometry": {"type": "Polygon", "coordinates": [[[-97.8, 30.412499999999998], [-97.78999999999999, 30.412499999999998], [-97.78999999999999, 30.424999999999997], [-97.8, 30.424999999999997], [-97.8, 30.412499999999998]]]}}, {"type": "Feature", "properties": {"id": "tract_5_18", "Latitude": 30.431250000000002, "Longitude": -97.795, "Median_Income": 131476.87014862598}, "geometry": {"type": "Polygon", "coordinates": [[[-97.8, 30.425], [-97.78999999999999, 30.425], [-97.78999999999999, 30.4375], [-97.8, 30.4375], [-97.8, 30.425]]]}}, {"type": "Feature", "properties": {"id": "tract_5_19", "Latitude": 30.44375, "Longitude": -97.795, "Median_Income": 110911.31447065742}, "geometry": {"type": "Polygon", "coordinates": [[[-97.8, 30.4375], [-97.78999999999999, 30.4375], [-97.78999999999999, 30.45], [-97.8, 30.45], [-97.8, 30.4375]]]}}, {"type": "Feature", "properties": {"id": "tract_6_0", "Latitude": 30.20625, "Longitude": -97.785, "Median_Income": 142283.52202498625}, "geometry": {"type": "Polygon", "coordinates": [[[-97.78999999999999, 30.2], [-97.77999999999999, 30.2], [-97.77999999999999, 30.2125], [-97.78999999999999, 30.2125], [-97.78999999999999, 30.2]]]}}, {"type": "Feature", "properties": {"id": "tract_6_1", "Latitude": 30.21875, "Longitude": -97.785, "Median_Income": 91940.61155174463}, "geometry": {"type": "Polygon", "coordinates": [[[-97.78999999999999, 30.2125], [-97.77999999999999, 30.2125], [-97.77999999999999, 30.224999999999998], [-97.78999999999999, 30.224999999999998], [-97.78999999999999, 30.2125]]]}}, {"type": "Feature", "properties": {"id": "tract_6_2", "Latitude": 30.23125, "Longitude": -97.785, "Median_Income": 119541.54205417182}, "geometry": {"type": "Polygon", "coordinates": [[[-97.78999999999999, 30.224999999999998], [-97.77999999999999, 30.224999999999998], [-97.77999999999999, 30.237499999999997], [-97.78999999999999, 30.237499999999997], [-97.78999999999999, 30.224999999999998]]]}}, {"type": "Feature", "properties": {"id": "tract_6_3", "Latitude": 30.243750000000002, "Longitude": -97.785, "Median_Income": 93577.23188662309}, "geometry": {"type": "Polygon", "coordinates": [[[-97.78999999999999, 30.2375], [-97.77999999999999, 30.2375], [-97.77999999999999, 30.25], [-97.78999999999999, 30.25], [-97.78999999999999, 30.2375]]]}}, {"type": "Feature", "properties": {"id": "tract_6_4", "Latitude": 30.25625, "Longitude": -97.785, "Median_Income": 122302.7239288789}, "geometry": {"type": "Polygon", "coordinates": [[[-97.78999999999999, 30.25], [-97.77999999999999, 30.25], [-97.77999999999999, 30.2625], [-97.78999999999999, 30.2625], [-97.78999999999999, 30.25]]]}}, {"type": "Feature", "properties": {"id": "tract_6_5", "Latitude": 30.26875, "Longitude": -97.785, "Median_Income": 116165.56273829786}, "geometry": {"type": "Polygon", "coordinates": [[[-97.78999999999999, 30.2625], [-97.77999999999999, 30.2625], [-97.77999999999999, 30.275], [-97.78999999999999, 30.275], [-97.78999999999999, 30.2625]]]}}, {"type": "Feature", "properties": {"id": "tract_6_6", "Latitude": 30.28125, "Longitude": -97.785, "Median_Income": 146773.5438853901}, "geometry": {"type": "Polygon", "coordinates": [[[-97.78999999999999, 30.275], [-97.77999999999999, 30.275], [-97.77999999999999, 30.287499999999998], [-97.78999999999999, 30.287499999999998], [-97.78999999999999, 30.275]]]}}, {"type": "Feature", "properties": {"id": "tract_6_7", "Latitude": 30.29375, "Longitude": -97.785, "Median_Income": 133441.95818332204}, "geometry": {"type": "Polygon", "coordinates": [[[-97.78999999999999, 30.287499999999998], [-97.77999999999999, 30.287499999999998], [-97.77999999999999, 30.299999999999997], [-97.78999999999999, 30.299999999999997], [-97.78999999999999, 30.287499999999998]]]}}, {"type": "Feature", "properties": {"id": "tract_6_8", "Latitude": 30.306250000000002, "Longitude": -97.785, "Median_Income": 128908.8585427686}, "geometry": {"type": "Polygon", "coordinates": [[[-97.78999999999999, 30.3], [-97.77999999999999, 30.3], [-97.77999999999999, 30.3125], [-97.78999999999999, 30.3125], [-97.78999999999999, 30.3]]]}}, {"type": "Feature", "properties": {"id": "tract_6_9", "Latitude": 30.31875, "Longitude": -97.785, "Median_Income": 108429.11319957359}, "geometry": {"type": "Polygon", "coordinates": [[[-97.78999999999999, 30.3125], [-97.77999999999999, 30.3125], [-97.77999999999999, 30.325], [-97.78999999999999, 30.325], [-97.78999999999999, 30.3125]]]}}, {"type": "Feature", "properties": {"id": "tract_6_10", "Latitude": 30.33125, "Longitude": -97.785, "Median_Income": 121663.81399600317}, "geometry": {"type": "Polygon", "coordinates": [[[-97.78999999999999, 30.325], [-97.77999999999999, 30.325], [-97.77999999999999, 30.3375], [-97.78999999999999, 30.3375], [-97.78999999999999, 30.325]]]}}, {"type": "Feature", "properties": {"id": "tract_6_11", "Latitude": 30.34375, "Longitude": -97.785, "Median_Income": 130672.26337853889}, "geometry": {"type": "Polygon", "coordinates": [[[-97.78999999999999, 30.3375], [-97.77999999999999, 30.3375], [-97.77999999999999, 30.349999999999998], [-97.78999999999999, 30.349999999999998], [-97.78999999999999, 30.3375]]]}}, {"type": "Feature", "properties": {"id": "tract_6_12", "Latitude": 30.35625, "Longitude": -97.785, "Median_Income": 124038.96085729763}, "geometry": {"type": "Polygon", "coordinates": [[[-97.78999999999999, 30.349999999999998], [-97.77999999999999, 30.349999999999998], [-97.77999999999999, 30.362499999999997], [-97.78999999999999, 30.362499999999997], [-97.78999999999999, 30.349999999999998]]]}}, {"type": "Feature", "properties": {"id": "tract_6_13", "Latitude": 30.368750000000002, "Longitude": -97.785, "Median_Income": 115570.28263365486}, "geometry": {"type": "Polygon", "coordinates": [[[-97.78999999999999, 30.3625], [-97.77999999999999, 30.3625], [-97.77999999999999, 30.375], [-97.78999999999999, 30.375], [-97.78999999999999, 30.3625]]]}}, {"type": "Feature", "properties": {"id": "tract_6_14", "Latitude": 30.38125, "Longitude": -97.785, "Median_Income": 104996.03859534665}, "geometry": {"type": "Polygon", "coordinates": [[[-97.78999999999999, 30.375], [-97.77999999999999, 30.375], [-97.77999999999999, 30.3875], [-97.78999999999999, 30.3875], [-97.78999999999999, 30.375]]]}}, {"type": "Feature", "properties": {"id": "tract_6_15", "Latitude": 30.39375, "Longitude": -97.785, "Median_Income": 124335.82050814222}, "geometry": {"type": "Polygon", "coordinates": [[[-97.78999999999999, 30.3875], [-97.77999999999999, 30.3875], [-97.77999999999999, 30.4], [-97.78999999999999, 30.4], [-97.78999999999999, 30.3875]]]}}, {"type": "Feature", "properties": {"id": "tract_6_16", "Latitude": 30.40625, "Longitude": -97.785, "Median_Income": 132330.29284685652}, "geometry": {"type": "Polygon", "coordinates": [[[-97.78999999999999, 30.4], [-97.77999999999999, 30.4], [-97.77999999999999, 30.412499999999998], [-97.78999999999999, 30.412499999999998], [-97.78999999999999, 30.4]]]}}, {"type": "Feature", "properties": {"id": "tract_6_17", "Latitude": 30.41875, "Longitude": -97.785, "Median_Income": 124837.82929418448}, "geometry": {"type": "Polygon", "coordinates": [[[-97.78999999999999, 30.412499999999998], [-97.77999999999999, 30.412499999999998], [-97.77999999999999, 30.424999999999997], [-97.78999999999999, 30.424999999999997], [-97.78999999999999, 30.412499999999998]]]}}, {"type": "Feature", "properties": {"id": "tract_6_18", "Latitude": 30.431250000000002, "Longitude": -97.785, "Median_Income": 94223.92698576828}, "geometry": {"type": "Polygon", "coordinates": [[[-97.78999999999999, 30.425], [-97.77999999999999, 30.425], [-97.77999999999999, 30.4375], [-97.78999999999999, 30.4375], [-97.78999999999999, 30.425]]]}}, {"type": "Feature", "properties": {"id": "tract_6_19", "Latitude": 30.44375, "Longitude": -97.785, "Median_Income": 126975.73276645422}, "geometry": {"type": "Polygon", "coordinates": [[[-97.78999999999999, 30.4375], [-97.77999999999999, 30.4375], [-97.77999999999999, 30.45], [-97.78999999999999, 30.45], [-97.78999999999999, 30.4375]]]}}, {"type": "Feature", "properties": {"id": "tract_7_0", "Latitude": 30.20625, "Longitude": -97.775, "Median_Income": 111212.7369629987}, "geometry": {"type": "Polygon", "coordinates": [[[-97.78, 30.2], [-97.77, 30.2], [-97.77, 30.2125], [-97.78, 30.2125], [-97.78, 30.2]]]}}, {"type": "Feature", "properties": {"id": "tract_7_1", "Latitude": 30.21875, "Longitude": -97.775, "Median_Income": 134497.18116986612}, "geometry": {"type": "Polygon", "coordinates": [[[-97.78, 30.2125], [-97.77, 30.2125], [-97.77, 30.224999999999998], [-97.78, 30.224999999999998], [-97.78, 30.2125]]]}}, {"type": "Feature", "properties": {"id": "tract_7_2", "Latitude": 30.23125, "Longitude": -97.775, "Median_Income": 131878.35435605957}, "geometry": {"type": "Polygon", "coordinates": [[[-97.78, 30.224999999999998], [-97.77, 30.224999999999998], [-97.77, 30.237499999999997], [-97.78, 30.237499999999997], [-97.78, 30.224999999999998]]]}}, {"type": "Feature", "properties": {"id": "tract_7_3", "Latitude": 30.243750000000002, "Longitude": -97.775, "Median_Income": 94495.88117924436}, "geometry": {"type": "Polygon", "coordinates": [[[-97.78, 30.2375], [-97.77, 30.2375], [-97.77, 30.25], [-97.78, 30.25], [-97.78, 30.2375]]]}}, {"type": "Feature", "properties": {"id": "tract_7_4", "Latitude": 30.25625, "Longitude": -97.775, "Median_Income": 117241.89613682809}, "geometry": {"type": "Polygon", "coordinates": [[[-97.78, 30.25], [-97.77, 30.25], [-97.77, 30.2625], [-97.78, 30.2625], [-97.78, 30.25]]]}}, {"type": "Feature", "properties": {"id": "tract_7_5", "Latitude": 30.26875, "Longitude": -97.775, "Median_Income": 141502.01681487844}, "geometry": {"type": "Polygon", "coordinates": [[[-97.78, 30.2625], [-97.77, 30.2625], [-97.77, 30.275], [-97.78, 30.275], [-97.78, 30.2625]]]}}, {"type": "Feature", "properties": {"id": "tract_7_6", "Latitude": 30.28125, "Longitude": -97.775, "Median_Income": 95178.5793655632}, "geometry": {"type": "Polygon", "coordinates": [[[-97.78, 30.275], [-97.77, 30.275], [-97.77, 30.287499999999998], [-97.78, 30.287499999999998], [-97.78, 30.275]]]}}, {"type": "Feature", "properties": {"id": "tract_7_7", "Latitude": 30.29375, "Longitude": -97.775, "Median_Income": 144562.90462240044}, "geometry": {"type": "Polygon", "coordinates": [[[-97.78, 30.287499999999998], [-97.77, 30.287499999999998], [-97.77, 30.299999999999997], [-97.78, 30.299999999999997], [-97.78, 30.287499999999998]]]}}, {"type": "Feature", "properties": {"id": "tract_7_8", "Latitude": 30.306250000000002, "Longitude": -97.775, "Median_Income": 92551.60625632887}, "geometry": {"type": "Polygon", "coordinates": [[[-97.78, 30.3], [-97.77, 30.3], [-97.77, 30.3125], [-97.78, 30.3125], [-97.78, 30.3]]]}}, {"type": "Feature", "properties": {"id": "tract_7_9", "Latitude": 30.31875, "Longitude": -97.775, "Median_Income": 125002.34796862473}, "geometry": {"type": "Polygon", "coordinates": [[[-97.78, 30.3125], [-97.77, 30.3125], [-97.77, 30.325], [-97.78, 30.325], [-97.78, 30.3125]]]}}, {"type": "Feature", "properties": {"id": "tract_7_10", "Latitude": 30.33125, "Longitude": -97.775, "Median_Income": 146506.75878743263}, "geometry": {"type": "Polygon", "coordinates": [[[-97.78, 30.325], [-97.77, 30.325], [-97.77, 30.3375], [-97.78, 30.3375], [-97.78, 30.325]]]}}, {"type": "Feature", "properties": {"id": "tract_7_11", "Latitude": 30.34375, "Longitude": -97.775, "Median_Income": 98200.23574904594}, "geometry": {"type": "Polygon", "coordinates": [[[-97.78, 30.3375], [-97.77, 30.3375], [-97.77, 30.349999999999998], [-97.78, 30.349999999999998], [-97.78, 30.3375]]]}}, {"type": "Feature", "properties": {"id": "tract_7_12", "Latitude": 30.35625, "Longitude": -97.775, "Median_Income": 136376.00024058053}, "geometry": {"type": "Polygon", "coordinates": [[[-97.78, 30.349999999999998], [-97.77, 30.349999999999998], [-97.77, 30.362499999999997], [-97.78, 30.362499999999997], [-97.78, 30.349999999999998]]]}}, {"type": "Feature", "properties": {"id": "tract_7_13", "Latitude": 30.368750000000002, "Longitude": -97.775, "Median_Income": 109844.18288274597}, "geometry": {"type": "Polygon", "coordinates": [[[-97.78, 30.3625], [-97.77, 30.3625], [-97.77, 30.375], [-97.78, 30.375], [-97.78, 30.3625]]]}}, {"type": "Feature", "properties": {"id": "tract_7_14", "Latitude": 30.38125, "Longitude": -97.775, "Median_Income": 149961.55541888202}, "geometry": {"type": "Polygon", "coordinates": [[[-97.78, 30.375], [-97.77, 30.375], [-97.77, 30.3875], [-97.78, 30.3875], [-97.78, 30.375]]]}}, {"type": "Feature", "properties": {"id": "tract_7_15", "Latitude": 30.39375, "Longitude": -97.775, "Median_Income": 130501.16958268653}, "geometry": {"type": "Polygon", "coordinates": [[[-97.78, 30.3875], [-97.77, 30.3875], [-97.77, 30.4], [-97.78, 30.4], [-97.78, 30.3875]]]}}, {"type": "Feature", "properties": {"id": "tract_7_16", "Latitude": 30.40625, "Longitude": -97.775, "Median_Income": 135020.5331450243}, "geometry": {"type": "Polygon", "coordinates": [[[-97.78, 30.4], [-97.77, 30.4], [-97.77, 30.412499999999998], [-97.78, 30.412499999999998], [-97.78, 30.4]]]}}, {"type": "Feature", "properties": {"id": "tract_7_17", "Latitude": 30.41875, "Longitude": -97.775, "Median_Income": 109448.28347023312}, "geometry": {"type": "Polygon", "coordinates": [[[-97.78, 30.412499999999998], [-97.77, 30.412499999999998], [-97.77, 30.424999999999997], [-97.78, 30.424999999999997], [-97.78, 30.412499999999998]]]}}, {"type": "Feature", "properties": {"id": "tract_7_18", "Latitude": 30.431250000000002, "Longitude": -97.775, "Median_Income": 143560.9516246154}, "geometry": {"type": "Polygon", "coordinates": [[[-97.78, 30.425], [-97.77, 30.425], [-97.77, 30.4375], [-97.78, 30.4375], [-97.78, 30.425]]]}}, {"type": "Feature", "properties": {"id": "tract_7_19", "Latitude": 30.44375, "Longitude": -97.775, "Median_Income": 142093.5358973035}, "geometry": {"type": "Polygon", "coordinates": [[[-97.78, 30.4375], [-97.77, 30.4375], [-97.77, 30.45], [-97.78, 30.45], [-97.78, 30.4375]]]}}, {"type": "Feature", "properties": {"id": "tract_8_0", "Latitude": 30.20625, "Longitude": -97.765, "Median_Income": 140565.93025774098}, "geometry": {"type": "Polygon", "coordinates": [[[-97.77, 30.2], [-97.75999999999999, 30.2], [-97.75999999999999, 30.2125], [-97.77, 30.2125], [-97.77, 30.2]]]}}, {"type": "Feature", "properties": {"id": "tract_8_1", "Latitude": 30.21875, "Longitude": -97.765, "Median_Income": 96254.11819695136}, "geometry": {"type": "Polygon", "coordinates": [[[-97.77, 30.2125], [-97.75999999999999, 30.2125], [-97.75999999999999, 30.224999999999998], [-97.77, 30.224999999999998], [-97.77, 30.2125]]]}}, {"type": "Feature", "properties": {"id": "tract_8_2", "Latitude": 30.23125, "Longitude": -97.765, "Median_Income": 97883.52818766939}, "geometry": {"type": "Polygon", "coordinates": [[[-97.77, 30.224999999999998], [-97.75999999999999, 30.224999999999998], [-97.75999999999999, 30.237499999999997], [-97.77, 30.237499999999997], [-97.77, 30.224999999999998]]]}}, {"type": "Feature", "properties": {"id": "tract_8_3", "Latitude": 30.243750000000002, "Longitude": -97.765, "Median_Income": 98406.7979098084}, "geometry": {"type": "Polygon", "coordinates": [[[-97.77, 30.2375], [-97.75999999999999, 30.2375], [-97.75999999999999, 30.25], [-97.77, 30.25], [-97.77, 30.2375]]]}}, {"type": "Feature", "properties": {"id": "tract_8_4", "Latitude": 30.25625, "Longitude": -97.765, "Median_Income": 94215.9889502013}, "geometry": {"type": "Polygon", "coordinates": [[[-97.77, 30.25], [-97.75999999999999, 30.25], [-97.75999999999999, 30.2625], [-97.77, 30.2625], [-97.77, 30.25]]]}}, {"type": "Feature", "properties": {"id": "tract_8_5", "Latitude": 30.26875, "Longitude": -97.765, "Median_Income": 144545.43886339446}, "geometry": {"type": "Polygon", "coordinates": [[[-97.77, 30.2625], [-97.75999999999999, 30.2625], [-97.75999999999999, 30.275], [-97.77, 30.275], [-97.77, 30.2625]]]}}, {"type": "Feature", "properties": {"id": "tract_8_6", "Latitude": 30.28125, "Longitude": -97.765, "Median_Income": 123833.29772843543}, "geometry": {"type": "Polygon", "coordinates": [[[-97.77, 30.275], [-97.75999999999999, 30.275], [-97.75999999999999, 30.287499999999998], [-97.77, 30.287499999999998], [-97.77, 30.275]]]}}, {"type": "Feature", "properties": {"id": "tract_8_7", "Latitude": 30.29375, "Longitude": -97.765, "Median_Income": 99811.1702622734}, "geometry": {"type": "Polygon", "coordinates": [[[-97.77, 30.287499999999998], [-97.75999999999999, 30.287499999999998], [-97.75999999999999, 30.299999999999997], [-97.77, 30.299999999999997], [-97.77, 30.287499999999998]]]}}, {"type": "Feature", "properties": {"id": "tract_8_8", "Latitude": 30.306250000000002, "Longitude": -97.765, "Median_Income": 106212.06502543051}, "geometry": {"type": "Polygon", "coordinates": [[[-97.77, 30.3], [-97.75999999999999, 30.3], [-97.75999999999999, 30.3125], [-97.77, 30.3125], [-97.77, 30.3]]]}}, {"type": "Feature", "properties": {"id": "tract_8_9", "Latitude": 30.31875, "Longitude": -97.765, "Median_Income": 121480.99710895764}, "geometry": {"type": "Polygon", "coordinates": [[[-97.77, 30.3125], [-97.75999999999999, 30.3125], [-97.75999999999999, 30.325], [-97.77, 30.325], [-97.77, 30.3125]]]}}, {"type": "Feature", "properties": {"id": "tract_8_10", "Latitude": 30.33125, "Longitude": -97.765, "Median_Income": 130533.72375105399}, "geometry": {"type": "Polygon", "coordinates": [[[-97.77, 30.325], [-97.75999999999999, 30.325], [-97.75999999999999, 30.3375], [-97.77, 30.3375], [-97.77, 30.325]]]}}, {"type": "Feature", "properties": {"id": "tract_8_11", "Latitude": 30.34375, "Longitude": -97.765, "Median_Income": 93425.21545841148}, "geometry": {"type": "Polygon", "coordinates": [[[-97.77, 30.3375], [-97.75999999999999, 30.3375], [-97.75999999999999, 30.349999999999998], [-97.77, 30.349999999999998], [-97.77, 30.3375]]]}}, {"type": "Feature", "properties": {"id": "tract_8_12", "Latitude": 30.35625, "Longitude": -97.765, "Median_Income": 137686.04834251117}, "geometry": {"type": "Polygon", "coordinates": [[[-97.77, 30.349999999999998], [-97.75999999999999, 30.349999999999998], [-97.75999999999999, 30.362499999999997], [-97.77, 30.362499999999997], [-97.77, 30.349999999999998]]]}}, {"type": "Feature", "properties": {"id": "tract_8_13", "Latitude": 30.368750000000002, "Longitude": -97.765, "Median_Income": 108034.5738844648}, "geometry": {"type": "Polygon", "coordinates": [[[-97.77, 30.3625], [-97.75999999999999, 30.3625], [-97.75999999999999, 30.375], [-97.77, 30.375], [-97.77, 30.3625]]]}}, {"type": "Feature", "properties": {"id": "tract_8_14", "Latitude": 30.38125, "Longitude": -97.765, "Median_Income": 142447.6922108533}, "geometry": {"type": "Polygon", "coordinates": [[[-97.77, 30.375], [-97.75999999999999, 30.375], [-97.75999999999999, 30.3875], [-97.77, 30.3875], [-97.77, 30.375]]]}}, {"type": "Feature", "properties": {"id": "tract_8_15", "Latitude": 30.39375, "Longitude": -97.765, "Median_Income": 147651.28432149955}, "geometry": {"type": "Polygon", "coordinates": [[[-97.77, 30.3875], [-97.75999999999999, 30.3875], [-97.75999999999999, 30.4], [-97.77, 30.4], [-97.77, 30.3875]]]}}, {"type": "Feature", "properties": {"id": "tract_8_16", "Latitude": 30.40625, "Longitude": -97.765, "Median_Income": 139124.4273864886}, "geometry": {"type": "Polygon", "coordinates": [[[-97.77, 30.4], [-97.75999999999999, 30.4], [-97.75999999999999, 30.412499999999998], [-97.77, 30.412499999999998], [-97.77, 30.4]]]}}, {"type": "Feature", "properties": {"id": "tract_8_17", "Latitude": 30.41875, "Longitude": -97.765, "Median_Income": 133959.50003542853}, "geometry": {"type": "Polygon", "coordinates": [[[-97.77, 30.412499999999998], [-97.75999999999999, 30.412499999999998], [-97.75999999999999, 30.424999999999997], [-97.77, 30.424999999999997], [-97.77, 30.412499999999998]]]}}, {"type": "Feature", "properties": {"id": "tract_8_18", "Latitude": 30.431250000000002, "Longitude": -97.765, "Median_Income": 120556.81303629355}, "geometry": {"type": "Polygon", "coordinates": [[[-97.77, 30.425], [-97.75999999999999, 30.425], [-97.75999999999999, 30.4375], [-97.77, 30.4375], [-97.77, 30.425]]]}}, {"type": "Feature", "properties": {"id": "tract_8_19", "Latitude": 30.44375, "Longitude": -97.765, "Median_Income": 137665.83797354202}, "geometry": {"type": "Polygon", "coordinates": [[[-97.77, 30.4375], [-97.75999999999999, 30.4375], [-97.75999999999999, 30.45], [-97.77, 30.45], [-97.77, 30.4375]]]}}, {"type": "Feature", "properties": {"id": "tract_9_0", "Latitude": 30.20625, "Longitude": -97.75500000000001, "Median_Income": 120826.82108953859}, "geometry": {"type": "Polygon", "coordinates": [[[-97.76, 30.2], [-97.75, 30.2], [-97.75, 30.2125], [-97.76, 30.2125], [-97.76, 30.2]]]}}, {"type": "Feature", "properties": {"id": "tract_9_1", "Latitude": 30.21875, "Longitude": -97.75500000000001, "Median_Income": 101544.01865545455}, "geometry": {"type": "Polygon", "coordinates": [[[-97.76, 30.2125], [-97.75, 30.2125], [-97.75, 30.224999999999998], [-97.76, 30.224999999999998], [-97.76, 30.2125]]]}}, {"type": "Feature", "properties": {"id": "tract_9_2", "Latitude": 30.23125, "Longitude": -97.75500000000001, "Median_Income": 118760.1119902254}, "geometry": {"type": "Polygon", "coordinates": [[[-97.76, 30.224999999999998], [-97.75, 30.224999999999998], [-97.75, 30.237499999999997], [-97.76, 30.237499999999997], [-97.76, 30.224999999999998]]]}}, {"type": "Feature", "properties": {"id": "tract_9_3", "Latitude": 30.243750000000002, "Longitude": -97.75500000000001, "Median_Income": 121876.34577517492}, "geometry": {"type": "Polygon", "coordinates": [[[-97.76, 30.2375], [-97.75, 30.2375], [-97.75, 30.25], [-97.76, 30.25], [-97.76, 30.2375]]]}}, {"type": "Feature", "properties": {"id": "tract_9_4", "Latitude": 30.25625, "Longitude": -97.75500000000001, "Median_Income": 137350.6178622454}, "geometry": {"type": "Polygon", "coordinates": [[[-97.76, 30.25], [-97.75, 30.25], [-97.75, 30.2625], [-97.76, 30.2625], [-97.76, 30.25]]]}}, {"type": "Feature", "properties": {"id": "tract_9_5", "Latitude": 30.26875, "Longitude": -97.75500000000001, "Median_Income": 110028.92209665742}, "geometry": {"type": "Polygon", "coordinates": [[[-97.76, 30.2625], [-97.75, 30.2625], [-97.75, 30.275], [-97.76, 30.275], [-97.76, 30.2625]]]}}, {"type": "Feature", "properties": {"id": "tract_9_6", "Latitude": 30.28125, "Longitude": -97.75500000000001, "Median_Income": 109812.27440426283}, "geometry": {"type": "Polygon", "coordinates": [[[-97.76, 30.275], [-97.75, 30.275], [-97.75, 30.287499999999998], [-97.76, 30.287499999999998], [-97.76, 30.275]]]}}, {"type": "Feature", "properties": {"id": "tract_9_7", "Latitude": 30.29375, "Longitude": -97.75500000000001, "Median_Income": 120361.5811215343}, "geometry": {"type": "Polygon", "coordinates": [[[-97.76, 30.287499999999998], [-97.75, 30.287499999999998], [-97.75, 30.299999999999997], [-97.76, 30.299999999999997], [-97.76, 30.287499999999998]]]}}, {"type": "Feature", "properties": {"id": "tract_9_8", "Latitude": 30.306250000000002, "Longitude": -97.75500000000001, "Median_Income": 114086.51323276862}, "geometry": {"type": "Polygon", "coordinates": [[[-97.76, 30.3], [-97.75, 30.3], [-97.75, 30.3125], [-97.76, 30.3125], [-97.76, 30.3]]]}}, {"type": "Feature", "properties": {"id": "tract_9_9", "Latitude": 30.31875, "Longitude": -97.75500000000001, "Median_Income": 117748.96137993969}, "geometry": {"type": "Polygon", "coordinates": [[[-97.76, 30.3125], [-97.75, 30.3125], [-97.75, 30.325], [-97.76, 30.325], [-97.76, 30.3125]]]}}, {"type": "Feature", "properties": {"id": "tract_9_10", "Latitude": 30.33125, "Longitude": -97.75500000000001, "Median_Income": 146407.54261525633}, "geometry": {"type": "Polygon", "coordinates": [[[-97.76, 30.325], [-97.75, 30.325], [-97.75, 30.3375], [-97.76, 30.3375], [-97.76, 30.325]]]}}, {"type": "Feature", "properties": {"id": "tract_9_11", "Latitude": 30.34375, "Longitude": -97.75500000000001, "Median_Income": 111392.50656270428}, "geometry": {"type": "Polygon", "coordinates": [[[-97.76, 30.3375], [-97.75, 30.3375], [-97.75, 30.349999999999998], [-97.76, 30.349999999999998], [-97.76, 30.3375]]]}}, {"type": "Feature", "properties": {"id": "tract_9_12", "Latitude": 30.35625, "Longitude": -97.75500000000001, "Median_Income": 137898.07893796553}, "geometry": {"type": "Polygon", "coordinates": [[[-97.76, 30.349999999999998], [-97.75, 30.349999999999998], [-97.75, 30.362499999999997], [-97.76, 30.362499999999997], [-97.76, 30.349999999999998]]]}}, {"type": "Feature", "properties": {"id": "tract_9_13", "Latitude": 30.368750000000002, "Longitude": -97.75500000000001, "Median_Income": 106324.85050289345}, "geometry": {"type": "Polygon", "coordinates": [[[-97.76, 30.3625], [-97.75, 30.3625], [-97.75, 30.375], [-97.76, 30.375], [-97.76, 30.3625]]]}}, {"type": "Feature", "properties": {"id": "tract_9_14", "Latitude": 30.38125, "Longitude": -97.75500000000001, "Median_Income": 102649.10266713102}, "geometry": {"type": "Polygon", "coordinates": [[[-97.76, 30.375], [-97.75, 30.375], [-97.75, 30.3875], [-97.76, 30.3875], [-97.76, 30.375]]]}}, {"type": "Feature", "properties": {"id": "tract_9_15", "Latitude": 30.39375, "Longitude": -97.75500000000001, "Median_Income": 97638.45949477899}, "geometry": {"type": "Polygon", "coordinates": [[[-97.76, 30.3875], [-97.75, 30.3875], [-97.75, 30.4], [-97.76, 30.4], [-97.76, 30.3875]]]}}, {"type": "Feature", "properties": {"id": "tract_9_16", "Latitude": 30.40625, "Longitude": -97.75500000000001, "Median_Income": 127706.45767365105}, "geometry": {"type": "Polygon", "coordinates": [[[-97.76, 30.4], [-97.75, 30.4], [-97.75, 30.412499999999998], [-97.76, 30.412499999999998], [-97.76, 30.4]]]}}, {"type": "Feature", "properties": {"id": "tract_9_17", "Latitude": 30.41875, "Longitude": -97.75500000000001, "Median_Income": 104767.63041586027}, "geometry": {"type": "Polygon", "coordinates": [[[-97.76, 30.412499999999998], [-97.75, 30.412499999999998], [-97.75, 30.424999999999997], [-97.76, 30.424999999999997], [-97.76, 30.412499999999998]]]}}, {"type": "Feature", "properties": {"id": "tract_9_18", "Latitude": 30.431250000000002, "Longitude": -97.75500000000001, "Median_Income": 140863.4010390276}, "geometry": {"type": "Polygon", "coordinates": [[[-97.76, 30.425], [-97.75, 30.425], [-97.75, 30.4375], [-97.76, 30.4375], [-97.76, 30.425]]]}}, {"type": "Feature", "properties": {"id": "tract_9_19", "Latitude": 30.44375, "Longitude": -97.75500000000001, "Median_Income": 139424.7616659705}, "geometry": {"type": "Polygon", "coordinates": [[[-97.76, 30.4375], [-97.75, 30.4375], [-97.75, 30.45], [-97.76, 30.45], [-97.76, 30.4375]]]}}, {"type": "Feature", "properties": {"id": "tract_10_0", "Latitude": 30.20625, "Longitude": -97.745, "Median_Income": 74804.73339085534}, "geometry": {"type": "Polygon", "coordinates": [[[-97.75, 30.2], [-97.74, 30.2], [-97.74, 30.2125], [-97.75, 30.2125], [-97.75, 30.2]]]}}, {"type": "Feature", "properties": {"id": "tract_10_1", "Latitude": 30.21875, "Longitude": -97.745, "Median_Income": 77749.20292633378}, "geometry": {"type": "Polygon", "coordinates": [[[-97.75, 30.2125], [-97.74, 30.2125], [-97.74, 30.224999999999998], [-97.75, 30.224999999999998], [-97.75, 30.2125]]]}}, {"type": "Feature", "properties": {"id": "tract_10_2", "Latitude": 30.23125, "Longitude": -97.745, "Median_Income": 78847.80365722437}, "geometry": {"type": "Polygon", "coordinates": [[[-97.75, 30.224999999999998], [-97.74, 30.224999999999998], [-97.74, 30.237499999999997], [-97.75, 30.237499999999997], [-97.75, 30.224999999999998]]]}}, {"type": "Feature", "properties": {"id": "tract_10_3", "Latitude": 30.243750000000002, "Longitude": -97.745, "Median_Income": 73587.05485796169}, "geometry": {"type": "Polygon", "coordinates": [[[-97.75, 30.2375], [-97.74, 30.2375], [-97.74, 30.25], [-97.75, 30.25], [-97.75, 30.2375]]]}}, {"type": "Feature", "properties": {"id": "tract_10_4", "Latitude": 30.25625, "Longitude": -97.745, "Median_Income": 56148.19768281459}, "geometry": {"type": "Polygon", "coordinates": [[[-97.75, 30.25], [-97.74, 30.25], [-97.74, 30.2625], [-97.75, 30.2625], [-97.75, 30.25]]]}}, {"type": "Feature", "properties": {"id": "tract_10_5", "Latitude": 30.26875, "Longitude": -97.745, "Median_Income": 68582.20273153129}, "geometry": {"type": "Polygon", "coordinates": [[[-97.75, 30.2625], [-97.74, 30.2625], [-97.74, 30.275], [-97.75, 30.275], [-97.75, 30.2625]]]}}, {"type": "Feature", "properties": {"id": "tract_10_6", "Latitude": 30.28125, "Longitude": -97.745, "Median_Income": 85525.30383760629}, "geometry": {"type": "Polygon", "coordinates": [[[-97.75, 30.275], [-97.74, 30.275], [-97.74, 30.287499999999998], [-97.75, 30.287499999999998], [-97.75, 30.275]]]}}, {"type": "Feature", "properties": {"id": "tract_10_7", "Latitude": 30.29375, "Longitude": -97.745, "Median_Income": 89966.25613927082}, "geometry": {"type": "Polygon", "coordinates": [[[-97.75, 30.287499999999998], [-97.74, 30.287499999999998], [-97.74, 30.299999999999997], [-97.75, 30.299999999999997], [-97.75, 30.287499999999998]]]}}, {"type": "Feature", "properties": {"id": "tract_10_8", "Latitude": 30.306250000000002, "Longitude": -97.745, "Median_Income": 79084.17665121445}, "geometry": {"type": "Polygon", "coordinates": [[[-97.75, 30.3], [-97.74, 30.3], [-97.74, 30.3125], [-97.75, 30.3125], [-97.75, 30.3]]]}}, {"type": "Feature", "properties": {"id": "tract_10_9", "Latitude": 30.31875, "Longitude": -97.745, "Median_Income": 63039.82561983148}, "geometry": {"type": "Polygon", "coordinates": [[[-97.75, 30.3125], [-97.74, 30.3125], [-97.74, 30.325], [-97.75, 30.325], [-97.75, 30.3125]]]}}, {"type": "Feature", "properties": {"id": "tract_10_10", "Latitude": 30.33125, "Longitude": -97.745, "Median_Income": 63082.86515125397}, "geometry": {"type": "Polygon", "coordinates": [[[-97.75, 30.325], [-97.74, 30.325], [-97.74, 30.3375], [-97.75, 30.3375], [-97.75, 30.325]]]}}, {"type": "Feature", "properties": {"id": "tract_10_11", "Latitude": 30.34375, "Longitude": -97.745, "Median_Income": 72567.84547848921}, "geometry": {"type": "Polygon", "coordinates": [[[-97.75, 30.3375], [-97.74, 30.3375], [-97.74, 30.349999999999998], [-97.75, 30.349999999999998], [-97.75, 30.3375]]]}}, {"type": "Feature", "properties": {"id": "tract_10_12", "Latitude": 30.35625, "Longitude": -97.745, "Median_Income": 66976.3982522001}, "geometry": {"type": "Polygon", "coordinates": [[[-97.75, 30.349999999999998], [-97.74, 30.349999999999998], [-97.74, 30.362499999999997], [-97.75, 30.362499999999997], [-97.75, 30.349999999999998]]]}}, {"type": "Feature", "properties": {"id": "tract_10_13", "Latitude": 30.368750000000002, "Longitude": -97.745, "Median_Income": 72447.02610945016}, "geometry": {"type": "Polygon", "coordinates": [[[-97.75, 30.3625], [-97.74, 30.3625], [-97.74, 30.375], [-97.75, 30.375], [-97.75, 30.3625]]]}}, {"type": "Feature", "properties": {"id": "tract_10_14", "Latitude": 30.38125, "Longitude": -97.745, "Median_Income": 84038.65791262442}, "geometry": {"type": "Polygon", "coordinates": [[[-97.75, 30.375], [-97.74, 30.375], [-97.74, 30.3875], [-97.75, 30.3875], [-97.75, 30.375]]]}}, {"type": "Feature", "properties": {"id": "tract_10_15", "Latitude": 30.39375, "Longitude": -97.745, "Median_Income": 70816.67253998219}, "geometry": {"type": "Polygon", "coordinates": [[[-97.75, 30.3875], [-97.74, 30.3875], [-97.74, 30.4], [-97.75, 30.4], [-97.75, 30.3875]]]}}, {"type": "Feature", "properties": {"id": "tract_10_16", "Latitude": 30.40625, "Longitude": -97.745, "Median_Income": 89494.83196956958}, "geometry": {"type": "Polygon", "coordinates": [[[-97.75, 30.4], [-97.74, 30.4], [-97.74, 30.412499999999998], [-97.75, 30.412499999999998], [-97.75, 30.4]]]}}, {"type": "Feature", "properties": {"id": "tract_10_17", "Latitude": 30.41875, "Longitude": -97.745, "Median_Income": 89227.29517487364}, "geometry": {"type": "Polygon", "coordinates": [[[-97.75, 30.412499999999998], [-97.74, 30.412499999999998], [-97.74, 30.424999999999997], [-97.75, 30.424999999999997], [-97.75, 30.412499999999998]]]}}, {"type": "Feature", "properties": {"id": "tract_10_18", "Latitude": 30.431250000000002, "Longitude": -97.745, "Median_Income": 75530.77193446334}, "geometry": {"type": "Polygon", "coordinates": [[[-97.75, 30.425], [-97.74, 30.425], [-97.74, 30.4375], [-97.75, 30.4375], [-97.75, 30.425]]]}}, {"type": "Feature", "properties": {"id": "tract_10_19", "Latitude": 30.44375, "Longitude": -97.745, "Median_Income": 58209.72968879254}, "geometry": {"type": "Polygon", "coordinates": [[[-97.75, 30.4375], [-97.74, 30.4375], [-97.74, 30.45], [-97.75, 30.45], [-97.75, 30.4375]]]}}, {"type": "Feature", "properties": {"id": "tract_11_0", "Latitude": 30.20625, "Longitude": -97.735, "Median_Income": 63258.15519112935}, "geometry": {"type": "Polygon", "coordinates": [[[-97.74, 30.2], [-97.72999999999999, 30.2], [-97.72999999999999, 30.2125], [-97.74, 30.2125], [-97.74, 30.2]]]}}, {"type": "Feature", "properties": {"id": "tract_11_1", "Latitude": 30.21875, "Longitude": -97.735, "Median_Income": 71787.32708276667}, "geometry": {"type": "Polygon", "coordinates": [[[-97.74, 30.2125], [-97.72999999999999, 30.2125], [-97.72999999999999, 30.224999999999998], [-97.74, 30.224999999999998], [-97.74, 30.2125]]]}}, {"type": "Feature", "properties": {"id": "tract_11_2", "Latitude": 30.23125, "Longitude": -97.735, "Median_Income": 69482.1099349773}, "geometry": {"type": "Polygon", "coordinates": [[[-97.74, 30.224999999999998], [-97.72999999999999, 30.224999999999998], [-97.72999999999999, 30.237499999999997], [-97.74, 30.237499999999997], [-97.74, 30.224999999999998]]]}}, {"type": "Feature", "properties": {"id": "tract_11_3", "Latitude": 30.243750000000002, "Longitude": -97.735, "Median_Income": 88407.53782626236}, "geometry": {"type": "Polygon", "coordinates": [[[-97.74, 30.2375], [-97.72999999999999, 30.2375], [-97.72999999999999, 30.25], [-97.74, 30.25], [-97.74, 30.2375]]]}}, {"type": "Feature", "properties": {"id": "tract_11_4", "Latitude": 30.25625, "Longitude": -97.735, "Median_Income": 87120.65138699717}, "geometry": {"type": "Polygon", "coordinates": [[[-97.74, 30.25], [-97.72999999999999, 30.25], [-97.72999999999999, 30.2625], [-97.74, 30.2625], [-97.74, 30.25]]]}}, {"type": "Feature", "properties": {"id": "tract_11_5", "Latitude": 30.26875, "Longitude": -97.735, "Median_Income": 57046.11224861631}, "geometry": {"type": "Polygon", "coordinates": [[[-97.74, 30.2625], [-97.72999999999999, 30.2625], [-97.72999999999999, 30.275], [-97.74, 30.275], [-97.74, 30.2625]]]}}, {"type": "Feature", "properties": {"id": "tract_11_6", "Latitude": 30.28125, "Longitude": -97.735, "Median_Income": 74779.73695903103}, "geometry": {"type": "Polygon", "coordinates": [[[-97.74, 30.275], [-97.72999999999999, 30.275], [-97.72999999999999, 30.287499999999998], [-97.74, 30.287499999999998], [-97.74, 30.275]]]}}, {"type": "Feature", "properties": {"id": "tract_11_7", "Latitude": 30.29375, "Longitude": -97.735, "Median_Income": 53901.95342302176}, "geometry": {"type": "Polygon", "coordinates": [[[-97.74, 30.287499999999998], [-97.72999999999999, 30.287499999999998], [-97.72999999999999, 30.299999999999997], [-97.74, 30.299999999999997], [-97.74, 30.287499999999998]]]}}, {"type": "Feature", "properties": {"id": "tract_11_8", "Latitude": 30.306250000000002, "Longitude": -97.735, "Median_Income": 63349.44665452225}, "geometry": {"type": "Polygon", "coordinates": [[[-97.74, 30.3], [-97.72999999999999, 30.3], [-97.72999999999999, 30.3125], [-97.74, 30.3125], [-97.74, 30.3]]]}}, {"type": "Feature", "properties": {"id": "tract_11_9", "Latitude": 30.31875, "Longitude": -97.735, "Median_Income": 60308.56471963994}, "geometry": {"type": "Polygon", "coordinates": [[[-97.74, 30.3125], [-97.72999999999999, 30.3125], [-97.72999999999999, 30.325], [-97.74, 30.325], [-97.74, 30.3125]]]}}, {"type": "Feature", "properties": {"id": "tract_11_10", "Latitude": 30.33125, "Longitude": -97.735, "Median_Income": 85661.65404411333}, "geometry": {"type": "Polygon", "coordinates": [[[-97.74, 30.325], [-97.72999999999999, 30.325], [-97.72999999999999, 30.3375], [-97.74, 30.3375], [-97.74, 30.325]]]}}, {"type": "Feature", "properties": {"id": "tract_11_11", "Latitude": 30.34375, "Longitude": -97.735, "Median_Income": 62151.355785494095}, "geometry": {"type": "Polygon", "coordinates": [[[-97.74, 30.3375], [-97.72999999999999, 30.3375], [-97.72999999999999, 30.349999999999998], [-97.74, 30.349999999999998], [-97.74, 30.3375]]]}}, {"type": "Feature", "properties": {"id": "tract_11_12", "Latitude": 30.35625, "Longitude": -97.735, "Median_Income": 52892.791449519915}, "geometry": {"type": "Polygon", "coordinates": [[[-97.74, 30.349999999999998], [-97.72999999999999, 30.349999999999998], [-97.72999999999999, 30.362499999999997], [-97.74, 30.362499999999997], [-97.74, 30.349999999999998]]]}}, {"type": "Feature", "properties": {"id": "tract_11_13", "Latitude": 30.368750000000002, "Longitude": -97.735, "Median_Income": 82990.08529594829}, "geometry": {"type": "Polygon", "coordinates": [[[-97.74, 30.3625], [-97.72999999999999, 30.3625], [-97.72999999999999, 30.375], [-97.74, 30.375], [-97.74, 30.3625]]]}}, {"type": "Feature", "properties": {"id": "tract_11_14", "Latitude": 30.38125, "Longitude": -97.735, "Median_Income": 74534.69618785733}, "geometry": {"type": "Polygon", "coordinates": [[[-97.74, 30.375], [-97.72999999999999, 30.375], [-97.72999999999999, 30.3875], [-97.74, 30.3875], [-97.74, 30.375]]]}}, {"type": "Feature", "properties": {"id": "tract_11_15", "Latitude": 30.39375, "Longitude": -97.735, "Median_Income": 72483.52366763262}, "geometry": {"type": "Polygon", "coordinates": [[[-97.74, 30.3875], [-97.72999999999999, 30.3875], [-97.72999999999999, 30.4], [-97.74, 30.4], [-97.74, 30.3875]]]}}, {"type": "Feature", "properties": {"id": "tract_11_16", "Latitude": 30.40625, "Longitude": -97.735, "Median_Income": 57809.55916003999}, "geometry": {"type": "Polygon", "coordinates": [[[-97.74, 30.4], [-97.72999999999999, 30.4], [-97.72999999999999, 30.412499999999998], [-97.74, 30.412499999999998], [-97.74, 30.4]]]}}, {"type": "Feature", "properties": {"id": "tract_11_17", "Latitude": 30.41875, "Longitude": -97.735, "Median_Income": 89488.6635532252}, "geometry": {"type": "Polygon", "coordinates": [[[-97.74, 30.412499999999998], [-97.72999999999999, 30.412499999999998], [-97.72999999999999, 30.424999999999997], [-97.74, 30.424999999999997], [-97.74, 30.412499999999998]]]}}, {"type": "Feature", "properties": {"id": "tract_11_18", "Latitude": 30.431250000000002, "Longitude": -97.735, "Median_Income": 81289.41648204337}, "geometry": {"type": "Polygon", "coordinates": [[[-97.74, 30.425], [-97.72999999999999, 30.425], [-97.72999999999999, 30.4375], [-97.74, 30.4375], [-97.74, 30.425]]]}}, {"type": "Feature", "properties": {"id": "tract_11_19", "Latitude": 30.44375, "Longitude": -97.735, "Median_Income": 79842.20786478091}, "geometry": {"type": "Polygon", "coordinates": [[[-97.74, 30.4375], [-97.72999999999999, 30.4375], [-97.72999999999999, 30.45], [-97.74, 30.45], [-97.74, 30.4375]]]}}, {"type": "Feature", "properties": {"id": "tract_12_0", "Latitude": 30.20625, "Longitude": -97.72500000000001, "Median_Income": 59811.94788219707}, "geometry": {"type": "Polygon", "coordinates": [[[-97.73, 30.2], [-97.72, 30.2], [-97.72, 30.2125], [-97.73, 30.2125], [-97.73, 30.2]]]}}, {"type": "Feature", "properties": {"id": "tract_12_1", "Latitude": 30.21875, "Longitude": -97.72500000000001, "Median_Income": 88687.7349204692}, "geometry": {"type": "Polygon", "coordinates": [[[-97.73, 30.2125], [-97.72, 30.2125], [-97.72, 30.224999999999998], [-97.73, 30.224999999999998], [-97.73, 30.2125]]]}}, {"type": "Feature", "properties": {"id": "tract_12_2", "Latitude": 30.23125, "Longitude": -97.72500000000001, "Median_Income": 60261.832927483214}, "geometry": {"type": "Polygon", "coordinates": [[[-97.73, 30.224999999999998], [-97.72, 30.224999999999998], [-97.72, 30.237499999999997], [-97.73, 30.237499999999997], [-97.73, 30.224999999999998]]]}}, {"type": "Feature", "properties": {"id": "tract_12_3", "Latitude": 30.243750000000002, "Longitude": -97.72500000000001, "Median_Income": 53845.113881083606}, "geometry": {"type": "Polygon", "coordinates": [[[-97.73, 30.2375], [-97.72, 30.2375], [-97.72, 30.25], [-97.73, 30.25], [-97.73, 30.2375]]]}}, {"type": "Feature", "properties": {"id": "tract_12_4", "Latitude": 30.25625, "Longitude": -97.72500000000001, "Median_Income": 63526.76865261626}, "geometry": {"type": "Polygon", "coordinates": [[[-97.73, 30.25], [-97.72, 30.25], [-97.72, 30.2625], [-97.73, 30.2625], [-97.73, 30.25]]]}}, {"type": "Feature", "properties": {"id": "tract_12_5", "Latitude": 30.26875, "Longitude": -97.72500000000001, "Median_Income": 82990.43951107682}, "geometry": {"type": "Polygon", "coordinates": [[[-97.73, 30.2625], [-97.72, 30.2625], [-97.72, 30.275], [-97.73, 30.275], [-97.73, 30.2625]]]}}, {"type": "Feature", "properties": {"id": "tract_12_6", "Latitude": 30.28125, "Longitude": -97.72500000000001, "Median_Income": 57809.75894585478}, "geometry": {"type": "Polygon", "coordinates": [[[-97.73, 30.275], [-97.72, 30.275], [-97.72, 30.287499999999998], [-97.73, 30.287499999999998], [-97.73, 30.275]]]}}, {"type": "Feature", "properties": {"id": "tract_12_7", "Latitude": 30.29375, "Longitude": -97.72500000000001, "Median_Income": 74480.2342636979}, "geometry": {"type": "Polygon", "coordinates": [[[-97.73, 30.287499999999998], [-97.72, 30.287499999999998], [-97.72, 30.299999999999997], [-97.73, 30.299999999999997], [-97.73, 30.287499999999998]]]}}, {"type": "Feature", "properties": {"id": "tract_12_8", "Latitude": 30.306250000000002, "Longitude": -97.72500000000001, "Median_Income": 69246.86406665378}, "geometry": {"type": "Polygon", "coordinates": [[[-97.73, 30.3], [-97.72, 30.3], [-97.72, 30.3125], [-97.73, 30.3125], [-97.73, 30.3]]]}}, {"type": "Feature", "properties": {"id": "tract_12_9", "Latitude": 30.31875, "Longitude": -97.72500000000001, "Median_Income": 79187.52659439934}, "geometry": {"type": "Polygon", "coordinates": [[[-97.73, 30.3125], [-97.72, 30.3125], [-97.72, 30.325], [-97.73, 30.325], [-97.73, 30.3125]]]}}, {"type": "Feature", "properties": {"id": "tract_12_10", "Latitude": 30.33125, "Longitude": -97.72500000000001, "Median_Income": 75905.60961209888}, "geometry": {"type": "Polygon", "coordinates": [[[-97.73, 30.325], [-97.72, 30.325], [-97.72, 30.3375], [-97.73, 30.3375], [-97.73, 30.325]]]}}, {"type": "Feature", "properties": {"id": "tract_12_11", "Latitude": 30.34375, "Longitude": -97.72500000000001, "Median_Income": 56358.234571752924}, "geometry": {"type": "Polygon", "coordinates": [[[-97.73, 30.3375], [-97.72, 30.3375], [-97.72, 30.349999999999998], [-97.73, 30.349999999999998], [-97.73, 30.3375]]]}}, {"type": "Feature", "properties": {"id": "tract_12_12", "Latitude": 30.35625, "Longitude": -97.72500000000001, "Median_Income": 88398.87832768538}, "geometry": {"type": "Polygon", "coordinates": [[[-97.73, 30.349999999999998], [-97.72, 30.349999999999998], [-97.72, 30.362499999999997], [-97.73, 30.362499999999997], [-97.73, 30.349999999999998]]]}}, {"type": "Feature", "properties": {"id": "tract_12_13", "Latitude": 30.368750000000002, "Longitude": -97.72500000000001, "Median_Income": 77749.76890080712}, "geometry": {"type": "Polygon", "coordinates": [[[-97.73, 30.3625], [-97.72, 30.3625], [-97.72, 30.375], [-97.73, 30.375], [-97.73, 30.3625]]]}}, {"type": "Feature", "properties": {"id": "tract_12_14", "Latitude": 30.38125, "Longitude": -97.72500000000001, "Median_Income": 70388.06817848401}, "geometry": {"type": "Polygon", "coordinates": [[[-97.73, 30.375], [-97.72, 30.375], [-97.72, 30.3875], [-97.73, 30.3875], [-97.73, 30.375]]]}}, {"type": "Feature", "properties": {"id": "tract_12_15", "Latitude": 30.39375, "Longitude": -97.72500000000001, "Median_Income": 64563.08583948967}, "geometry": {"type": "Polygon", "coordinates": [[[-97.73, 30.3875], [-97.72, 30.3875], [-97.72, 30.4], [-97.73, 30.4], [-97.73, 30.3875]]]}}, {"type": "Feature", "properties": {"id": "tract_12_16", "Latitude": 30.40625, "Longitude": -97.72500000000001, "Median_Income": 51165.082480240475}, "geometry": {"type": "Polygon", "coordinates": [[[-97.73, 30.4], [-97.72, 30.4], [-97.72, 30.412499999999998], [-97.73, 30.412499999999998], [-97.73, 30.4]]]}}, {"type": "Feature", "properties": {"id": "tract_12_17", "Latitude": 30.41875, "Longitude": -97.72500000000001, "Median_Income": 53602.40750755116}, "geometry": {"type": "Polygon", "coordinates": [[[-97.73, 30.412499999999998], [-97.72, 30.412499999999998], [-97.72, 30.424999999999997], [-97.73, 30.424999999999997], [-97.73, 30.412499999999998]]]}}, {"type": "Feature", "properties": {"id": "tract_12_18", "Latitude": 30.431250000000002, "Longitude": -97.72500000000001, "Median_Income": 86529.80504030212}, "geometry": {"type": "Polygon", "coordinates": [[[-97.73, 30.425], [-97.72, 30.425], [-97.72, 30.4375], [-97.73, 30.4375], [-97.73, 30.425]]]}}, {"type": "Feature", "properties": {"id": "tract_12_19", "Latitude": 30.44375, "Longitude": -97.72500000000001, "Median_Income": 50585.50163441318}, "geometry": {"type": "Polygon", "coordinates": [[[-97.73, 30.4375], [-97.72, 30.4375], [-97.72, 30.45], [-97.73, 30.45], [-97.73, 30.4375]]]}}, {"type": "Feature", "properties": {"id": "tract_13_0", "Latitude": 30.20625, "Longitude": -97.715, "Median_Income": 52293.920341882855}, "geometry": {"type": "Polygon", "coordinates": [[[-97.72, 30.2], [-97.71, 30.2], [-97.71, 30.2125], [-97.72, 30.2125], [-97.72, 30.2]]]}}, {"type": "Feature", "properties": {"id": "tract_13_1", "Latitude": 30.21875, "Longitude": -97.715, "Median_Income": 53268.56756673933}, "geometry": {"type": "Polygon", "coordinates": [[[-97.72, 30.2125], [-97.71, 30.2125], [-97.71, 30.224999999999998], [-97.72, 30.224999999999998], [-97.72, 30.2125]]]}}, {"type": "Feature", "properties": {"id": "tract_13_2", "Latitude": 30.23125, "Longitude": -97.715, "Median_Income": 65649.63066159029}, "geometry": {"type": "Polygon", "coordinates": [[[-97.72, 30.224999999999998], [-97.71, 30.224999999999998], [-97.71, 30.237499999999997], [-97.72, 30.237499999999997], [-97.72, 30.224999999999998]]]}}, {"type": "Feature", "properties": {"id": "tract_13_3", "Latitude": 30.243750000000002, "Longitude": -97.715, "Median_Income": 78448.8744260546}, "geometry": {"type": "Polygon", "coordinates": [[[-97.72, 30.2375], [-97.71, 30.2375], [-97.71, 30.25], [-97.72, 30.25], [-97.72, 30.2375]]]}}, {"type": "Feature", "properties": {"id": "tract_13_4", "Latitude": 30.25625, "Longitude": -97.715, "Median_Income": 74131.84026518257}, "geometry": {"type": "Polygon", "coordinates": [[[-97.72, 30.25], [-97.71, 30.25], [-97.71, 30.2625], [-97.72, 30.2625], [-97.72, 30.25]]]}}, {"type": "Feature", "properties": {"id": "tract_13_5", "Latitude": 30.26875, "Longitude": -97.715, "Median_Income": 57448.81209154926}, "geometry": {"type": "Polygon", "coordinates": [[[-97.72, 30.2625], [-97.71, 30.2625], [-97.71, 30.275], [-97.72, 30.275], [-97.72, 30.2625]]]}}, {"type": "Feature", "properties": {"id": "tract_13_6", "Latitude": 30.28125, "Longitude": -97.715, "Median_Income": 72508.93389550461}, "geometry": {"type": "Polygon", "coordinates": [[[-97.72, 30.275], [-97.71, 30.275], [-97.71, 30.287499999999998], [-97.72, 30.287499999999998], [-97.72, 30.275]]]}}, {"type": "Feature", "properties": {"id": "tract_13_7", "Latitude": 30.29375, "Longitude": -97.715, "Median_Income": 77252.37641852959}, "geometry": {"type": "Polygon", "coordinates": [[[-97.72, 30.287499999999998], [-97.71, 30.287499999999998], [-97.71, 30.299999999999997], [-97.72, 30.299999999999997], [-97.72, 30.287499999999998]]]}}, {"type": "Feature", "properties": {"id": "tract_13_8", "Latitude": 30.306250000000002, "Longitude": -97.715, "Median_Income": 50915.9758431475}, "geometry": {"type": "Polygon", "coordinates": [[[-97.72, 30.3], [-97.71, 30.3], [-97.71, 30.3125], [-97.72, 30.3125], [-97.72, 30.3]]]}}, {"type": "Feature", "properties": {"id": "tract_13_9", "Latitude": 30.31875, "Longitude": -97.715, "Median_Income": 54429.48789219449}, "geometry": {"type": "Polygon", "coordinates": [[[-97.72, 30.3125], [-97.71, 30.3125], [-97.71, 30.325], [-97.72, 30.325], [-97.72, 30.3125]]]}}, {"type": "Feature", "properties": {"id": "tract_13_10", "Latitude": 30.33125, "Longitude": -97.715, "Median_Income": 63841.06517852349}, "geometry": {"type": "Polygon", "coordinates": [[[-97.72, 30.325], [-97.71, 30.325], [-97.71, 30.3375], [-97.72, 30.3375], [-97.72, 30.325]]]}}, {"type": "Feature", "properties": {"id": "tract_13_11", "Latitude": 30.34375, "Longitude": -97.715, "Median_Income": 53411.41647714331}, "geometry": {"type": "Polygon", "coordinates": [[[-97.72, 30.3375], [-97.71, 30.3375], [-97.71, 30.349999999999998], [-97.72, 30.349999999999998], [-97.72, 30.3375]]]}}, {"type": "Feature", "properties": {"id": "tract_13_12", "Latitude": 30.35625, "Longitude": -97.715, "Median_Income": 59471.583987295635}, "geometry": {"type": "Polygon", "coordinates": [[[-97.72, 30.349999999999998], [-97.71, 30.349999999999998], [-97.71, 30.362499999999997], [-97.72, 30.362499999999997], [-97.72, 30.349999999999998]]]}}, {"type": "Feature", "properties": {"id": "tract_13_13", "Latitude": 30.368750000000002, "Longitude": -97.715, "Median_Income": 86697.79820661368}, "geometry": {"type": "Polygon", "coordinates": [[[-97.72, 30.3625], [-97.71, 30.3625], [-97.71, 30.375], [-97.72, 30.375], [-97.72, 30.3625]]]}}, {"type": "Feature", "properties": {"id": "tract_13_14", "Latitude": 30.38125, "Longitude": -97.715, "Median_Income": 65447.058690297476}, "geometry": {"type": "Polygon", "coordinates": [[[-97.72, 30.375], [-97.71, 30.375], [-97.71, 30.3875], [-97.72, 30.3875], [-97.72, 30.375]]]}}, {"type": "Feature", "properties": {"id": "tract_13_15", "Latitude": 30.39375, "Longitude": -97.715, "Median_Income": 76802.14471196943}, "geometry": {"type": "Polygon", "coordinates": [[[-97.72, 30.3875], [-97.71, 30.3875], [-97.71, 30.4], [-97.72, 30.4], [-97.72, 30.3875]]]}}, {"type": "Feature", "properties": {"id": "tract_13_16", "Latitude": 30.40625, "Longitude": -97.715, "Median_Income": 66611.60587002012}, "geometry": {"type": "Polygon", "coordinates": [[[-97.72, 30.4], [-97.71, 30.4], [-97.71, 30.412499999999998], [-97.72, 30.412499999999998], [-97.72, 30.4]]]}}, {"type": "Feature", "properties": {"id": "tract_13_17", "Latitude": 30.41875, "Longitude": -97.715, "Median_Income": 51969.369579970284}, "geometry": {"type": "Polygon", "coordinates": [[[-97.72, 30.412499999999998], [-97.71, 30.412499999999998], [-97.71, 30.424999999999997], [-97.72, 30.424999999999997], [-97.72, 30.412499999999998]]]}}, {"type": "Feature", "properties": {"id": "tract_13_18", "Latitude": 30.431250000000002, "Longitude": -97.715, "Median_Income": 62394.41605336149}, "geometry": {"type": "Polygon", "coordinates": [[[-97.72, 30.425], [-97.71, 30.425], [-97.71, 30.4375], [-97.72, 30.4375], [-97.72, 30.425]]]}}, {"type": "Feature", "properties": {"id": "tract_13_19", "Latitude": 30.44375, "Longitude": -97.715, "Median_Income": 57247.56907259562}, "geometry": {"type": "Polygon", "coordinates": [[[-97.72, 30.4375], [-97.71, 30.4375], [-97.71, 30.45], [-97.72, 30.45], [-97.72, 30.4375]]]}}, {"type": "Feature", "properties": {"id": "tract_14_0", "Latitude": 30.20625, "Longitude": -97.70500000000001, "Median_Income": 83791.02067684526}, "geometry": {"type": "Polygon", "coordinates": [[[-97.71000000000001, 30.2], [-97.7, 30.2], [-97.7, 30.2125], [-97.71000000000001, 30.2125], [-97.71000000000001, 30.2]]]}}, {"type": "Feature", "properties": {"id": "tract_14_1", "Latitude": 30.21875, "Longitude": -97.70500000000001, "Median_Income": 86348.75806800199}, "geometry": {"type": "Polygon", "coordinates": [[[-97.71000000000001, 30.2125], [-97.7, 30.2125], [-97.7, 30.224999999999998], [-97.71000000000001, 30.224999999999998], [-97.71000000000001, 30.2125]]]}}, {"type": "Feature", "properties": {"id": "tract_14_2", "Latitude": 30.23125, "Longitude": -97.70500000000001, "Median_Income": 59183.480650798534}, "geometry": {"type": "Polygon", "coordinates": [[[-97.71000000000001, 30.224999999999998], [-97.7, 30.224999999999998], [-97.7, 30.237499999999997], [-97.71000000000001, 30.237499999999997], [-97.71000000000001, 30.224999999999998]]]}}, {"type": "Feature", "properties": {"id": "tract_14_3", "Latitude": 30.243750000000002, "Longitude": -97.70500000000001, "Median_Income": 67539.05760109957}, "geometry": {"type": "Polygon", "coordinates": [[[-97.71000000000001, 30.2375], [-97.7, 30.2375], [-97.7, 30.25], [-97.71000000000001, 30.25], [-97.71000000000001, 30.2375]]]}}, {"type": "Feature", "properties": {"id": "tract_14_4", "Latitude": 30.25625, "Longitude": -97.70500000000001, "Median_Income": 82213.42384023509}, "geometry": {"type": "Polygon", "coordinates": [[[-97.71000000000001, 30.25], [-97.7, 30.25], [-97.7, 30.2625], [-97.71000000000001, 30.2625], [-97.71000000000001, 30.25]]]}}, {"type": "Feature", "properties": {"id": "tract_14_5", "Latitude": 30.26875, "Longitude": -97.70500000000001, "Median_Income": 60316.72187933038}, "geometry": {"type": "Polygon", "coordinates": [[[-97.71000000000001, 30.2625], [-97.7, 30.2625], [-97.7, 30.275], [-97.71000000000001, 30.275], [-97.71000000000001, 30.2625]]]}}, {"type": "Feature", "properties": {"id": "tract_14_6", "Latitude": 30.28125, "Longitude": -97.70500000000001, "Median_Income": 59301.797017458724}, "geometry": {"type": "Polygon", "coordinates": [[[-97.71000000000001, 30.275], [-97.7, 30.275], [-97.7, 30.287499999999998], [-97.71000000000001, 30.287499999999998], [-97.71000000000001, 30.275]]]}}, {"type": "Feature", "properties": {"id": "tract_14_7", "Latitude": 30.29375, "Longitude": -97.70500000000001, "Median_Income": 86029.26487283959}, "geometry": {"type": "Polygon", "coordinates": [[[-97.71000000000001, 30.287499999999998], [-97.7, 30.287499999999998], [-97.7, 30.299999999999997], [-97.71000000000001, 30.299999999999997], [-97.71000000000001, 30.287499999999998]]]}}, {"type": "Feature", "properties": {"id": "tract_14_8", "Latitude": 30.306250000000002, "Longitude": -97.70500000000001, "Median_Income": 59178.20474959226}, "geometry": {"type": "Polygon", "coordinates": [[[-97.71000000000001, 30.3], [-97.7, 30.3], [-97.7, 30.3125], [-97.71000000000001, 30.3125], [-97.71000000000001, 30.3]]]}}, {"type": "Feature", "properties": {"id": "tract_14_9", "Latitude": 30.31875, "Longitude": -97.70500000000001, "Median_Income": 81163.10001701275}, "geometry": {"type": "Polygon", "coordinates": [[[-97.71000000000001, 30.3125], [-97.7, 30.3125], [-97.7, 30.325], [-97.71000000000001, 30.325], [-97.71000000000001, 30.3125]]]}}, {"type": "Feature", "properties": {"id": "tract_14_10", "Latitude": 30.33125, "Longitude": -97.70500000000001, "Median_Income": 87057.20908940521}, "geometry": {"type": "Polygon", "coordinates": [[[-97.71000000000001, 30.325], [-97.7, 30.325], [-97.7, 30.3375], [-97.71000000000001, 30.3375], [-97.71000000000001, 30.325]]]}}, {"type": "Feature", "properties": {"id": "tract_14_11", "Latitude": 30.34375, "Longitude": -97.70500000000001, "Median_Income": 66834.24217743857}, "geometry": {"type": "Polygon", "coordinates": [[[-97.71000000000001, 30.3375], [-97.7, 30.3375], [-97.7, 30.349999999999998], [-97.71000000000001, 30.349999999999998], [-97.71000000000001, 30.3375]]]}}, {"type": "Feature", "properties": {"id": "tract_14_12", "Latitude": 30.35625, "Longitude": -97.70500000000001, "Median_Income": 78268.6183749504}, "geometry": {"type": "Polygon", "coordinates": [[[-97.71000000000001, 30.349999999999998], [-97.7, 30.349999999999998], [-97.7, 30.362499999999997], [-97.71000000000001, 30.362499999999997], [-97.71000000000001, 30.349999999999998]]]}}, {"type": "Feature", "properties": {"id": "tract_14_13", "Latitude": 30.368750000000002, "Longitude": -97.70500000000001, "Median_Income": 76990.61020696451}, "geometry": {"type": "Polygon", "coordinates": [[[-97.71000000000001, 30.3625], [-97.7, 30.3625], [-97.7, 30.375], [-97.71000000000001, 30.375], [-97.71000000000001, 30.3625]]]}}, {"type": "Feature", "properties": {"id": "tract_14_14", "Latitude": 30.38125, "Longitude": -97.70500000000001, "Median_Income": 78842.42405715992}, "geometry": {"type": "Polygon", "coordinates": [[[-97.71000000000001, 30.375], [-97.7, 30.375], [-97.7, 30.3875], [-97.71000000000001, 30.3875], [-97.71000000000001, 30.375]]]}}, {"type": "Feature", "properties": {"id": "tract_14_15", "Latitude": 30.39375, "Longitude": -97.70500000000001, "Median_Income": 43280.022176459555}, "geometry": {"type": "Polygon", "coordinates": [[[-97.71000000000001, 30.3875], [-97.7, 30.3875], [-97.7, 30.4], [-97.71000000000001, 30.4], [-97.71000000000001, 30.3875]]]}}, {"type": "Feature", "properties": {"id": "tract_14_16", "Latitude": 30.40625, "Longitude": -97.70500000000001, "Median_Income": 48722.22403907863}, "geometry": {"type": "Polygon", "coordinates": [[[-97.71000000000001, 30.4], [-97.7, 30.4], [-97.7, 30.412499999999998], [-97.71000000000001, 30.412499999999998], [-97.71000000000001, 30.4]]]}}, {"type": "Feature", "properties": {"id": "tract_14_17", "Latitude": 30.41875, "Longitude": -97.70500000000001, "Median_Income": 42172.99231980212}, "geometry": {"type": "Polygon", "coordinates": [[[-97.71000000000001, 30.412499999999998], [-97.7, 30.412499999999998], [-97.7, 30.424999999999997], [-97.71000000000001, 30.424999999999997], [-97.71000000000001, 30.412499999999998]]]}}, {"type": "Feature", "properties": {"id": "tract_14_18", "Latitude": 30.431250000000002, "Longitude": -97.70500000000001, "Median_Income": 50012.17109221018}, "geometry": {"type": "Polygon", "coordinates": [[[-97.71000000000001, 30.425], [-97.7, 30.425], [-97.7, 30.4375], [-97.71000000000001, 30.4375], [-97.71000000000001, 30.425]]]}}, {"type": "Feature", "properties": {"id": "tract_14_19", "Latitude": 30.44375, "Longitude": -97.70500000000001, "Median_Income": 47421.595645206406}, "geometry": {"type": "Polygon", "coordinates": [[[-97.71000000000001, 30.4375], [-97.7, 30.4375], [-97.7, 30.45], [-97.71000000000001, 30.45], [-97.71000000000001, 30.4375]]]}}, {"type": "Feature", "properties": {"id": "tract_15_0", "Latitude": 30.20625, "Longitude": -97.69500000000001, "Median_Income": 54839.48104321321}, "geometry": {"type": "Polygon", "coordinates": [[[-97.7, 30.2], [-97.69, 30.2], [-97.69, 30.2125], [-97.7, 30.2125], [-97.7, 30.2]]]}}, {"type": "Feature", "properties": {"id": "tract_15_1", "Latitude": 30.21875, "Longitude": -97.69500000000001, "Median_Income": 66893.21756136473}, "geometry": {"type": "Polygon", "coordinates": [[[-97.7, 30.2125], [-97.69, 30.2125], [-97.69, 30.224999999999998], [-97.7, 30.224999999999998], [-97.7, 30.2125]]]}}, {"type": "Feature", "properties": {"id": "tract_15_2", "Latitude": 30.23125, "Longitude": -97.69500000000001, "Median_Income": 68888.49712180758}, "geometry": {"type": "Polygon", "coordinates": [[[-97.7, 30.224999999999998], [-97.69, 30.224999999999998], [-97.69, 30.237499999999997], [-97.7, 30.237499999999997], [-97.7, 30.224999999999998]]]}}, {"type": "Feature", "properties": {"id": "tract_15_3", "Latitude": 30.243750000000002, "Longitude": -97.69500000000001, "Median_Income": 61131.529943787056}, "geometry": {"type": "Polygon", "coordinates": [[[-97.7, 30.2375], [-97.69, 30.2375], [-97.69, 30.25], [-97.7, 30.25], [-97.7, 30.2375]]]}}, {"type": "Feature", "properties": {"id": "tract_15_4", "Latitude": 30.25625, "Longitude": -97.69500000000001, "Median_Income": 50891.015683073834}, "geometry": {"type": "Polygon", "coordinates": [[[-97.7, 30.25], [-97.69, 30.25], [-97.69, 30.2625], [-97.7, 30.2625], [-97.7, 30.25]]]}}, {"type": "Feature", "properties": {"id": "tract_15_5", "Latitude": 30.26875, "Longitude": -97.69500000000001, "Median_Income": 56334.7938047222}, "geometry": {"type": "Polygon", "coordinates": [[[-97.7, 30.2625], [-97.69, 30.2625], [-97.69, 30.275], [-97.7, 30.275], [-97.7, 30.2625]]]}}, {"type": "Feature", "properties": {"id": "tract_15_6", "Latitude": 30.28125, "Longitude": -97.69500000000001, "Median_Income": 86277.36030432313}, "geometry": {"type": "Polygon", "coordinates": [[[-97.7, 30.275], [-97.69, 30.275], [-97.69, 30.287499999999998], [-97.7, 30.287499999999998], [-97.7, 30.275]]]}}, {"type": "Feature", "properties": {"id": "tract_15_7", "Latitude": 30.29375, "Longitude": -97.69500000000001, "Median_Income": 71091.98765067013}, "geometry": {"type": "Polygon", "coordinates": [[[-97.7, 30.287499999999998], [-97.69, 30.287499999999998], [-97.69, 30.299999999999997], [-97.7, 30.299999999999997], [-97.7, 30.287499999999998]]]}}, {"type": "Feature", "properties": {"id": "tract_15_8", "Latitude": 30.306250000000002, "Longitude": -97.69500000000001, "Median_Income": 77399.42981861279}, "geometry": {"type": "Polygon", "coordinates": [[[-97.7, 30.3], [-97.69, 30.3], [-97.69, 30.3125], [-97.7, 30.3125], [-97.7, 30.3]]]}}, {"type": "Feature", "properties": {"id": "tract_15_9", "Latitude": 30.31875, "Longitude": -97.69500000000001, "Median_Income": 75318.78000256063}, "geometry": {"type": "Polygon", "coordinates": [[[-97.7, 30.3125], [-97.69, 30.3125], [-97.69, 30.325], [-97.7, 30.325], [-97.7, 30.3125]]]}}, {"type": "Feature", "properties": {"id": "tract_15_10", "Latitude": 30.33125, "Longitude": -97.69500000000001, "Median_Income": 87057.98462543185}, "geometry": {"type": "Polygon", "coordinates": [[[-97.7, 30.325], [-97.69, 30.325], [-97.69, 30.3375], [-97.7, 30.3375], [-97.7, 30.325]]]}}, {"type": "Feature", "properties": {"id": "tract_15_11", "Latitude": 30.34375, "Longitude": -97.69500000000001, "Median_Income": 57744.06572982375}, "geometry": {"type": "Polygon", "coordinates": [[[-97.7, 30.3375], [-97.69, 30.3375], [-97.69, 30.349999999999998], [-97.7, 30.349999999999998], [-97.7, 30.3375]]]}}, {"type": "Feature", "properties": {"id": "tract_15_12", "Latitude": 30.35625, "Longitude": -97.69500000000001, "Median_Income": 78974.55335362435}, "geometry": {"type": "Polygon", "coordinates": [[[-97.7, 30.349999999999998], [-97.69, 30.349999999999998], [-97.69, 30.362499999999997], [-97.7, 30.362499999999997], [-97.7, 30.349999999999998]]]}}, {"type": "Feature", "properties": {"id": "tract_15_13", "Latitude": 30.368750000000002, "Longitude": -97.69500000000001, "Median_Income": 50515.68263549685}, "geometry": {"type": "Polygon", "coordinates": [[[-97.7, 30.3625], [-97.69, 30.3625], [-97.69, 30.375], [-97.7, 30.375], [-97.7, 30.3625]]]}}, {"type": "Feature", "properties": {"id": "tract_15_14", "Latitude": 30.38125, "Longitude": -97.69500000000001, "Median_Income": 62732.99124994223}, "geometry": {"type": "Polygon", "coordinates": [[[-97.7, 30.375], [-97.69, 30.375], [-97.69, 30.3875], [-97.7, 30.3875], [-97.7, 30.375]]]}}, {"type": "Feature", "properties": {"id": "tract_15_15", "Latitude": 30.39375, "Longitude": -97.69500000000001, "Median_Income": 43072.54414072311}, "geometry": {"type": "Polygon", "coordinates": [[[-97.7, 30.3875], [-97.69, 30.3875], [-97.69, 30.4], [-97.7, 30.4], [-97.7, 30.3875]]]}}, {"type": "Feature", "properties": {"id": "tract_15_16", "Latitude": 30.40625, "Longitude": -97.69500000000001, "Median_Income": 48919.22093756535}, "geometry": {"type": "Polygon", "coordinates": [[[-97.7, 30.4], [-97.69, 30.4], [-97.69, 30.412499999999998], [-97.7, 30.412499999999998], [-97.7, 30.4]]]}}, {"type": "Feature", "properties": {"id": "tract_15_17", "Latitude": 30.41875, "Longitude": -97.69500000000001, "Median_Income": 45883.23247530305}, "geometry": {"type": "Polygon", "coordinates": [[[-97.7, 30.412499999999998], [-97.69, 30.412499999999998], [-97.69, 30.424999999999997], [-97.7, 30.424999999999997], [-97.7, 30.412499999999998]]]}}, {"type": "Feature", "properties": {"id": "tract_15_18", "Latitude": 30.431250000000002, "Longitude": -97.69500000000001, "Median_Income": 45006.834098358966}, "geometry": {"type": "Polygon", "coordinates": [[[-97.7, 30.425], [-97.69, 30.425], [-97.69, 30.4375], [-97.7, 30.4375], [-97.7, 30.425]]]}}, {"type": "Feature", "properties": {"id": "tract_15_19", "Latitude": 30.44375, "Longitude": -97.69500000000001, "Median_Income": 40672.00120567049}, "geometry": {"type": "Polygon", "coordinates": [[[-97.7, 30.4375], [-97.69, 30.4375], [-97.69, 30.45], [-97.7, 30.45], [-97.7, 30.4375]]]}}, {"type": "Feature", "properties": {"id": "tract_16_0", "Latitude": 30.20625, "Longitude": -97.685, "Median_Income": 64584.56384228628}, "geometry": {"type": "Polygon", "coordinates": [[[-97.69, 30.2], [-97.67999999999999, 30.2], [-97.67999999999999, 30.2125], [-97.69, 30.2125], [-97.69, 30.2]]]}}, {"type": "Feature", "properties": {"id": "tract_16_1", "Latitude": 30.21875, "Longitude": -97.685, "Median_Income": 70002.4391365253}, "geometry": {"type": "Polygon", "coordinates": [[[-97.69, 30.2125], [-97.67999999999999, 30.2125], [-97.67999999999999, 30.224999999999998], [-97.69, 30.224999999999998], [-97.69, 30.2125]]]}}, {"type": "Feature", "properties": {"id": "tract_16_2", "Latitude": 30.23125, "Longitude": -97.685, "Median_Income": 83722.35792744867}, "geometry": {"type": "Polygon", "coordinates": [[[-97.69, 30.224999999999998], [-97.67999999999999, 30.224999999999998], [-97.67999999999999, 30.237499999999997], [-97.69, 30.237499999999997], [-97.69, 30.224999999999998]]]}}, {"type": "Feature", "properties": {"id": "tract_16_3", "Latitude": 30.243750000000002, "Longitude": -97.685, "Median_Income": 67912.68898383516}, "geometry": {"type": "Polygon", "coordinates": [[[-97.69, 30.2375], [-97.67999999999999, 30.2375], [-97.67999999999999, 30.25], [-97.69, 30.25], [-97.69, 30.2375]]]}}, {"type": "Feature", "properties": {"id": "tract_16_4", "Latitude": 30.25625, "Longitude": -97.685, "Median_Income": 51052.28049544017}, "geometry": {"type": "Polygon", "coordinates": [[[-97.69, 30.25], [-97.67999999999999, 30.25], [-97.67999999999999, 30.2625], [-97.69, 30.2625], [-97.69, 30.25]]]}}, {"type": "Feature", "properties": {"id": "tract_16_5", "Latitude": 30.26875, "Longitude": -97.685, "Median_Income": 57915.67100700115}, "geometry": {"type": "Polygon", "coordinates": [[[-97.69, 30.2625], [-97.67999999999999, 30.2625], [-97.67999999999999, 30.275], [-97.69, 30.275], [-97.69, 30.2625]]]}}, {"type": "Feature", "properties": {"id": "tract_16_6", "Latitude": 30.28125, "Longitude": -97.685, "Median_Income": 74471.46889676193}, "geometry": {"type": "Polygon", "coordinates": [[[-97.69, 30.275], [-97.67999999999999, 30.275], [-97.67999999999999, 30.287499999999998], [-97.69, 30.287499999999998], [-97.69, 30.275]]]}}, {"type": "Feature", "properties": {"id": "tract_16_7", "Latitude": 30.29375, "Longitude": -97.685, "Median_Income": 50273.049758669775}, "geometry": {"type": "Polygon", "coordinates": [[[-97.69, 30.287499999999998], [-97.67999999999999, 30.287499999999998], [-97.67999999999999, 30.299999999999997], [-97.69, 30.299999999999997], [-97.69, 30.287499999999998]]]}}, {"type": "Feature", "properties": {"id": "tract_16_8", "Latitude": 30.306250000000002, "Longitude": -97.685, "Median_Income": 84174.67821462161}, "geometry": {"type": "Polygon", "coordinates": [[[-97.69, 30.3], [-97.67999999999999, 30.3], [-97.67999999999999, 30.3125], [-97.69, 30.3125], [-97.69, 30.3]]]}}, {"type": "Feature", "properties": {"id": "tract_16_9", "Latitude": 30.31875, "Longitude": -97.685, "Median_Income": 59097.13571752414}, "geometry": {"type": "Polygon", "coordinates": [[[-97.69, 30.3125], [-97.67999999999999, 30.3125], [-97.67999999999999, 30.325], [-97.69, 30.325], [-97.69, 30.3125]]]}}, {"type": "Feature", "properties": {"id": "tract_16_10", "Latitude": 30.33125, "Longitude": -97.685, "Median_Income": 78518.64476698401}, "geometry": {"type": "Polygon", "coordinates": [[[-97.69, 30.325], [-97.67999999999999, 30.325], [-97.67999999999999, 30.3375], [-97.69, 30.3375], [-97.69, 30.325]]]}}, {"type": "Feature", "properties": {"id": "tract_16_11", "Latitude": 30.34375, "Longitude": -97.685, "Median_Income": 88038.13173431586}, "geometry": {"type": "Polygon", "coordinates": [[[-97.69, 30.3375], [-97.67999999999999, 30.3375], [-97.67999999999999, 30.349999999999998], [-97.69, 30.349999999999998], [-97.69, 30.3375]]]}}, {"type": "Feature", "properties": {"id": "tract_16_12", "Latitude": 30.35625, "Longitude": -97.685, "Median_Income": 75579.64780919813}, "geometry": {"type": "Polygon", "coordinates": [[[-97.69, 30.349999999999998], [-97.67999999999999, 30.349999999999998], [-97.67999999999999, 30.362499999999997], [-97.69, 30.362499999999997], [-97.69, 30.349999999999998]]]}}, {"type": "Feature", "properties": {"id": "tract_16_13", "Latitude": 30.368750000000002, "Longitude": -97.685, "Median_Income": 75965.5340609311}, "geometry": {"type": "Polygon", "coordinates": [[[-97.69, 30.3625], [-97.67999999999999, 30.3625], [-97.67999999999999, 30.375], [-97.69, 30.375], [-97.69, 30.3625]]]}}, {"type": "Feature", "properties": {"id": "tract_16_14", "Latitude": 30.38125, "Longitude": -97.685, "Median_Income": 52992.09146293416}, "geometry": {"type": "Polygon", "coordinates": [[[-97.69, 30.375], [-97.67999999999999, 30.375], [-97.67999999999999, 30.3875], [-97.69, 30.3875], [-97.69, 30.375]]]}}, {"type": "Feature", "properties": {"id": "tract_16_15", "Latitude": 30.39375, "Longitude": -97.685, "Median_Income": 53518.98494531645}, "geometry": {"type": "Polygon", "coordinates": [[[-97.69, 30.3875], [-97.67999999999999, 30.3875], [-97.67999999999999, 30.4], [-97.69, 30.4], [-97.69, 30.3875]]]}}, {"type": "Feature", "properties": {"id": "tract_16_16", "Latitude": 30.40625, "Longitude": -97.685, "Median_Income": 56042.64163570792}, "geometry": {"type": "Polygon", "coordinates": [[[-97.69, 30.4], [-97.67999999999999, 30.4], [-97.67999999999999, 30.412499999999998], [-97.69, 30.412499999999998], [-97.69, 30.4]]]}}, {"type": "Feature", "properties": {"id": "tract_16_17", "Latitude": 30.41875, "Longitude": -97.685, "Median_Income": 55200.563277489404}, "geometry": {"type": "Polygon", "coordinates": [[[-97.69, 30.412499999999998], [-97.67999999999999, 30.412499999999998], [-97.67999999999999, 30.424999999999997], [-97.69, 30.424999999999997], [-97.69, 30.412499999999998]]]}}, {"type": "Feature", "properties": {"id": "tract_16_18", "Latitude": 30.431250000000002, "Longitude": -97.685, "Median_Income": 55844.617540900246}, "geometry": {"type": "Polygon", "coordinates": [[[-97.69, 30.425], [-97.67999999999999, 30.425], [-97.67999999999999, 30.4375], [-97.69, 30.4375], [-97.69, 30.425]]]}}, {"type": "Feature", "properties": {"id": "tract_16_19", "Latitude": 30.44375, "Longitude": -97.685, "Median_Income": 57162.1304388743}, "geometry": {"type": "Polygon", "coordinates": [[[-97.69, 30.4375], [-97.67999999999999, 30.4375], [-97.67999999999999, 30.45], [-97.69, 30.45], [-97.69, 30.4375]]]}}, {"type": "Feature", "properties": {"id": "tract_17_0", "Latitude": 30.20625, "Longitude": -97.67500000000001, "Median_Income": 66460.92045330994}, "geometry": {"type": "Polygon", "coordinates": [[[-97.68, 30.2], [-97.67, 30.2], [-97.67, 30.2125], [-97.68, 30.2125], [-97.68, 30.2]]]}}, {"type": "Feature", "properties": {"id": "tract_17_1", "Latitude": 30.21875, "Longitude": -97.67500000000001, "Median_Income": 71601.9526422645}, "geometry": {"type": "Polygon", "coordinates": [[[-97.68, 30.2125], [-97.67, 30.2125], [-97.67, 30.224999999999998], [-97.68, 30.224999999999998], [-97.68, 30.2125]]]}}, {"type": "Feature", "properties": {"id": "tract_17_2", "Latitude": 30.23125, "Longitude": -97.67500000000001, "Median_Income": 59905.98001658941}, "geometry": {"type": "Polygon", "coordinates": [[[-97.68, 30.224999999999998], [-97.67, 30.224999999999998], [-97.67, 30.237499999999997], [-97.68, 30.237499999999997], [-97.68, 30.224999999999998]]]}}, {"type": "Feature", "properties": {"id": "tract_17_3", "Latitude": 30.243750000000002, "Longitude": -97.67500000000001, "Median_Income": 65859.69632498895}, "geometry": {"type": "Polygon", "coordinates": [[[-97.68, 30.2375], [-97.67, 30.2375], [-97.67, 30.25], [-97.68, 30.25], [-97.68, 30.2375]]]}}, {"type": "Feature", "properties": {"id": "tract_17_4", "Latitude": 30.25625, "Longitude": -97.67500000000001, "Median_Income": 76690.31793696454}, "geometry": {"type": "Polygon", "coordinates": [[[-97.68, 30.25], [-97.67, 30.25], [-97.67, 30.2625], [-97.68, 30.2625], [-97.68, 30.25]]]}}, {"type": "Feature", "properties": {"id": "tract_17_5", "Latitude": 30.26875, "Longitude": -97.67500000000001, "Median_Income": 61103.949601247754}, "geometry": {"type": "Polygon", "coordinates": [[[-97.68, 30.2625], [-97.67, 30.2625], [-97.67, 30.275], [-97.68, 30.275], [-97.68, 30.2625]]]}}, {"type": "Feature", "properties": {"id": "tract_17_6", "Latitude": 30.28125, "Longitude": -97.67500000000001, "Median_Income": 59634.03307178078}, "geometry": {"type": "Polygon", "coordinates": [[[-97.68, 30.275], [-97.67, 30.275], [-97.67, 30.287499999999998], [-97.68, 30.287499999999998], [-97.68, 30.275]]]}}, {"type": "Feature", "properties": {"id": "tract_17_7", "Latitude": 30.29375, "Longitude": -97.67500000000001, "Median_Income": 61387.74050098909}, "geometry": {"type": "Polygon", "coordinates": [[[-97.68, 30.287499999999998], [-97.67, 30.287499999999998], [-97.67, 30.299999999999997], [-97.68, 30.299999999999997], [-97.68, 30.287499999999998]]]}}, {"type": "Feature", "properties": {"id": "tract_17_8", "Latitude": 30.306250000000002, "Longitude": -97.67500000000001, "Median_Income": 51978.211626410775}, "geometry": {"type": "Polygon", "coordinates": [[[-97.68, 30.3], [-97.67, 30.3], [-97.67, 30.3125], [-97.68, 30.3125], [-97.68, 30.3]]]}}, {"type": "Feature", "properties": {"id": "tract_17_9", "Latitude": 30.31875, "Longitude": -97.67500000000001, "Median_Income": 69737.79005503256}, "geometry": {"type": "Polygon", "coordinates": [[[-97.68, 30.3125], [-97.67, 30.3125], [-97.67, 30.325], [-97.68, 30.325], [-97.68, 30.3125]]]}}, {"type": "Feature", "properties": {"id": "tract_17_10", "Latitude": 30.33125, "Longitude": -97.67500000000001, "Median_Income": 68733.71232619796}, "geometry": {"type": "Polygon", "coordinates": [[[-97.68, 30.325], [-97.67, 30.325], [-97.67, 30.3375], [-97.68, 30.3375], [-97.68, 30.325]]]}}, {"type": "Feature", "properties": {"id": "tract_17_11", "Latitude": 30.34375, "Longitude": -97.67500000000001, "Median_Income": 76214.67278902882}, "geometry": {"type": "Polygon", "coordinates": [[[-97.68, 30.3375], [-97.67, 30.3375], [-97.67, 30.349999999999998], [-97.68, 30.349999999999998], [-97.68, 30.3375]]]}}, {"type": "Feature", "properties": {"id": "tract_17_12", "Latitude": 30.35625, "Longitude": -97.67500000000001, "Median_Income": 74256.97026016857}, "geometry": {"type": "Polygon", "coordinates": [[[-97.68, 30.349999999999998], [-97.67, 30.349999999999998], [-97.67, 30.362499999999997], [-97.68, 30.362499999999997], [-97.68, 30.349999999999998]]]}}, {"type": "Feature", "properties": {"id": "tract_17_13", "Latitude": 30.368750000000002, "Longitude": -97.67500000000001, "Median_Income": 84956.21646706999}, "geometry": {"type": "Polygon", "coordinates": [[[-97.68, 30.3625], [-97.67, 30.3625], [-97.67, 30.375], [-97.68, 30.375], [-97.68, 30.3625]]]}}, {"type": "Feature", "properties": {"id": "tract_17_14", "Latitude": 30.38125, "Longitude": -97.67500000000001, "Median_Income": 58116.86274087255}, "geometry": {"type": "Polygon", "coordinates": [[[-97.68, 30.375], [-97.67, 30.375], [-97.67, 30.3875], [-97.68, 30.3875], [-97.68, 30.375]]]}}, {"type": "Feature", "properties": {"id": "tract_17_15", "Latitude": 30.39375, "Longitude": -97.67500000000001, "Median_Income": 40230.3604507565}, "geometry": {"type": "Polygon", "coordinates": [[[-97.68, 30.3875], [-97.67, 30.3875], [-97.67, 30.4], [-97.68, 30.4], [-97.68, 30.3875]]]}}, {"type": "Feature", "properties": {"id": "tract_17_16", "Latitude": 30.40625, "Longitude": -97.67500000000001, "Median_Income": 56491.50346198824}, "geometry": {"type": "Polygon", "coordinates": [[[-97.68, 30.4], [-97.67, 30.4], [-97.67, 30.412499999999998], [-97.68, 30.412499999999998], [-97.68, 30.4]]]}}, {"type": "Feature", "properties": {"id": "tract_17_17", "Latitude": 30.41875, "Longitude": -97.67500000000001, "Median_Income": 45504.75376291316}, "geometry": {"type": "Polygon", "coordinates": [[[-97.68, 30.412499999999998], [-97.67, 30.412499999999998], [-97.67, 30.424999999999997], [-97.68, 30.424999999999997], [-97.68, 30.412499999999998]]]}}, {"type": "Feature", "properties": {"id": "tract_17_18", "Latitude": 30.431250000000002, "Longitude": -97.67500000000001, "Median_Income": 46177.30802626413}, "geometry": {"type": "Polygon", "coordinates": [[[-97.68, 30.425], [-97.67, 30.425], [-97.67, 30.4375], [-97.68, 30.4375], [-97.68, 30.425]]]}}, {"type": "Feature", "properties": {"id": "tract_17_19", "Latitude": 30.44375, "Longitude": -97.67500000000001, "Median_Income": 54287.16970018187}, "geometry": {"type": "Polygon", "coordinates": [[[-97.68, 30.4375], [-97.67, 30.4375], [-97.67, 30.45], [-97.68, 30.45], [-97.68, 30.4375]]]}}, {"type": "Feature", "properties": {"id": "tract_18_0", "Latitude": 30.20625, "Longitude": -97.665, "Median_Income": 53110.647040559794}, "geometry": {"type": "Polygon", "coordinates": [[[-97.67, 30.2], [-97.66, 30.2], [-97.66, 30.2125], [-97.67, 30.2125], [-97.67, 30.2]]]}}, {"type": "Feature", "properties": {"id": "tract_18_1", "Latitude": 30.21875, "Longitude": -97.665, "Median_Income": 85704.60448796418}, "geometry": {"type": "Polygon", "coordinates": [[[-97.67, 30.2125], [-97.66, 30.2125], [-97.66, 30.224999999999998], [-97.67, 30.224999999999998], [-97.67, 30.2125]]]}}, {"type": "Feature", "properties": {"id": "tract_18_2", "Latitude": 30.23125, "Longitude": -97.665, "Median_Income": 77785.14477860808}, "geometry": {"type": "Polygon", "coordinates": [[[-97.67, 30.224999999999998], [-97.66, 30.224999999999998], [-97.66, 30.237499999999997], [-97.67, 30.237499999999997], [-97.67, 30.224999999999998]]]}}, {"type": "Feature", "properties": {"id": "tract_18_3", "Latitude": 30.243750000000002, "Longitude": -97.665, "Median_Income": 79624.19320231918}, "geometry": {"type": "Polygon", "coordinates": [[[-97.67, 30.2375], [-97.66, 30.2375], [-97.66, 30.25], [-97.67, 30.25], [-97.67, 30.2375]]]}}, {"type": "Feature", "properties": {"id": "tract_18_4", "Latitude": 30.25625, "Longitude": -97.665, "Median_Income": 63955.89110425774}, "geometry": {"type": "Polygon", "coordinates": [[[-97.67, 30.25], [-97.66, 30.25], [-97.66, 30.2625], [-97.67, 30.2625], [-97.67, 30.25]]]}}, {"type": "Feature", "properties": {"id": "tract_18_5", "Latitude": 30.26875, "Longitude": -97.665, "Median_Income": 52863.62068943626}, "geometry": {"type": "Polygon", "coordinates": [[[-97.67, 30.2625], [-97.66, 30.2625], [-97.66, 30.275], [-97.67, 30.275], [-97.67, 30.2625]]]}}, {"type": "Feature", "properties": {"id": "tract_18_6", "Latitude": 30.28125, "Longitude": -97.665, "Median_Income": 65704.0949144013}, "geometry": {"type": "Polygon", "coordinates": [[[-97.67, 30.275], [-97.66, 30.275], [-97.66, 30.287499999999998], [-97.67, 30.287499999999998], [-97.67, 30.275]]]}}, {"type": "Feature", "properties": {"id": "tract_18_7", "Latitude": 30.29375, "Longitude": -97.665, "Median_Income": 72189.83094151755}, "geometry": {"type": "Polygon", "coordinates": [[[-97.67, 30.287499999999998], [-97.66, 30.287499999999998], [-97.66, 30.299999999999997], [-97.67, 30.299999999999997], [-97.67, 30.287499999999998]]]}}, {"type": "Feature", "properties": {"id": "tract_18_8", "Latitude": 30.306250000000002, "Longitude": -97.665, "Median_Income": 55543.85709349113}, "geometry": {"type": "Polygon", "coordinates": [[[-97.67, 30.3], [-97.66, 30.3], [-97.66, 30.3125], [-97.67, 30.3125], [-97.67, 30.3]]]}}, {"type": "Feature", "properties": {"id": "tract_18_9", "Latitude": 30.31875, "Longitude": -97.665, "Median_Income": 53843.005698382374}, "geometry": {"type": "Polygon", "coordinates": [[[-97.67, 30.3125], [-97.66, 30.3125], [-97.66, 30.325], [-97.67, 30.325], [-97.67, 30.3125]]]}}, {"type": "Feature", "properties": {"id": "tract_18_10", "Latitude": 30.33125, "Longitude": -97.665, "Median_Income": 63734.97998743478}, "geometry": {"type": "Polygon", "coordinates": [[[-97.67, 30.325], [-97.66, 30.325], [-97.66, 30.3375], [-97.67, 30.3375], [-97.67, 30.325]]]}}, {"type": "Feature", "properties": {"id": "tract_18_11", "Latitude": 30.34375, "Longitude": -97.665, "Median_Income": 50709.22458773857}, "geometry": {"type": "Polygon", "coordinates": [[[-97.67, 30.3375], [-97.66, 30.3375], [-97.66, 30.349999999999998], [-97.67, 30.349999999999998], [-97.67, 30.3375]]]}}, {"type": "Feature", "properties": {"id": "tract_18_12", "Latitude": 30.35625, "Longitude": -97.665, "Median_Income": 86396.14448412196}, "geometry": {"type": "Polygon", "coordinates": [[[-97.67, 30.349999999999998], [-97.66, 30.349999999999998], [-97.66, 30.362499999999997], [-97.67, 30.362499999999997], [-97.67, 30.349999999999998]]]}}, {"type": "Feature", "properties": {"id": "tract_18_13", "Latitude": 30.368750000000002, "Longitude": -97.665, "Median_Income": 59410.50317139835}, "geometry": {"type": "Polygon", "coordinates": [[[-97.67, 30.3625], [-97.66, 30.3625], [-97.66, 30.375], [-97.67, 30.375], [-97.67, 30.3625]]]}}, {"type": "Feature", "properties": {"id": "tract_18_14", "Latitude": 30.38125, "Longitude": -97.665, "Median_Income": 60257.29160565192}, "geometry": {"type": "Polygon", "coordinates": [[[-97.67, 30.375], [-97.66, 30.375], [-97.66, 30.3875], [-97.67, 30.3875], [-97.67, 30.375]]]}}, {"type": "Feature", "properties": {"id": "tract_18_15", "Latitude": 30.39375, "Longitude": -97.665, "Median_Income": 59291.25738588357}, "geometry": {"type": "Polygon", "coordinates": [[[-97.67, 30.3875], [-97.66, 30.3875], [-97.66, 30.4], [-97.67, 30.4], [-97.67, 30.3875]]]}}, {"type": "Feature", "properties": {"id": "tract_18_16", "Latitude": 30.40625, "Longitude": -97.665, "Median_Income": 42892.770187584945}, "geometry": {"type": "Polygon", "coordinates": [[[-97.67, 30.4], [-97.66, 30.4], [-97.66, 30.412499999999998], [-97.67, 30.412499999999998], [-97.67, 30.4]]]}}, {"type": "Feature", "properties": {"id": "tract_18_17", "Latitude": 30.41875, "Longitude": -97.665, "Median_Income": 59573.69019880782}, "geometry": {"type": "Polygon", "coordinates": [[[-97.67, 30.412499999999998], [-97.66, 30.412499999999998], [-97.66, 30.424999999999997], [-97.67, 30.424999999999997], [-97.67, 30.412499999999998]]]}}, {"type": "Feature", "properties": {"id": "tract_18_18", "Latitude": 30.431250000000002, "Longitude": -97.665, "Median_Income": 46168.67073778705}, "geometry": {"type": "Polygon", "coordinates": [[[-97.67, 30.425], [-97.66, 30.425], [-97.66, 30.4375], [-97.67, 30.4375], [-97.67, 30.425]]]}}, {"type": "Feature", "properties": {"id": "tract_18_19", "Latitude": 30.44375, "Longitude": -97.665, "Median_Income": 48674.211103923226}, "geometry": {"type": "Polygon", "coordinates": [[[-97.67, 30.4375], [-97.66, 30.4375], [-97.66, 30.45], [-97.67, 30.45], [-97.67, 30.4375]]]}}, {"type": "Feature", "properties": {"id": "tract_19_0", "Latitude": 30.20625, "Longitude": -97.65500000000002, "Median_Income": 57606.183775855636}, "geometry": {"type": "Polygon", "coordinates": [[[-97.66000000000001, 30.2], [-97.65, 30.2], [-97.65, 30.2125], [-97.66000000000001, 30.2125], [-97.66000000000001, 30.2]]]}}, {"type": "Feature", "properties": {"id": "tract_19_1", "Latitude": 30.21875, "Longitude": -97.65500000000002, "Median_Income": 74872.56728779797}, "geometry": {"type": "Polygon", "coordinates": [[[-97.66000000000001, 30.2125], [-97.65, 30.2125], [-97.65, 30.224999999999998], [-97.66000000000001, 30.224999999999998], [-97.66000000000001, 30.2125]]]}}, {"type": "Feature", "properties": {"id": "tract_19_2", "Latitude": 30.23125, "Longitude": -97.65500000000002, "Median_Income": 77627.07395390887}, "geometry": {"type": "Polygon", "coordinates": [[[-97.66000000000001, 30.224999999999998], [-97.65, 30.224999999999998], [-97.65, 30.237499999999997], [-97.66000000000001, 30.237499999999997], [-97.66000000000001, 30.224999999999998]]]}}, {"type": "Feature", "properties": {"id": "tract_19_3", "Latitude": 30.243750000000002, "Longitude": -97.65500000000002, "Median_Income": 85178.48215689935}, "geometry": {"type": "Polygon", "coordinates": [[[-97.66000000000001, 30.2375], [-97.65, 30.2375], [-97.65, 30.25], [-97.66000000000001, 30.25], [-97.66000000000001, 30.2375]]]}}, {"type": "Feature", "properties": {"id": "tract_19_4", "Latitude": 30.25625, "Longitude": -97.65500000000002, "Median_Income": 66528.15193365383}, "geometry": {"type": "Polygon", "coordinates": [[[-97.66000000000001, 30.25], [-97.65, 30.25], [-97.65, 30.2625], [-97.66000000000001, 30.2625], [-97.66000000000001, 30.25]]]}}, {"type": "Feature", "properties": {"id": "tract_19_5", "Latitude": 30.26875, "Longitude": -97.65500000000002, "Median_Income": 64582.58843478135}, "geometry": {"type": "Polygon", "coordinates": [[[-97.66000000000001, 30.2625], [-97.65, 30.2625], [-97.65, 30.275], [-97.66000000000001, 30.275], [-97.66000000000001, 30.2625]]]}}, {"type": "Feature", "properties": {"id": "tract_19_6", "Latitude": 30.28125, "Longitude": -97.65500000000002, "Median_Income": 65509.69892006638}, "geometry": {"type": "Polygon", "coordinates": [[[-97.66000000000001, 30.275], [-97.65, 30.275], [-97.65, 30.287499999999998], [-97.66000000000001, 30.287499999999998], [-97.66000000000001, 30.275]]]}}, {"type": "Feature", "properties": {"id": "tract_19_7", "Latitude": 30.29375, "Longitude": -97.65500000000002, "Median_Income": 84558.62773426941}, "geometry": {"type": "Polygon", "coordinates": [[[-97.66000000000001, 30.287499999999998], [-97.65, 30.287499999999998], [-97.65, 30.299999999999997], [-97.66000000000001, 30.299999999999997], [-97.66000000000001, 30.287499999999998]]]}}, {"type": "Feature", "properties": {"id": "tract_19_8", "Latitude": 30.306250000000002, "Longitude": -97.65500000000002, "Median_Income": 77266.5851219859}, "geometry": {"type": "Polygon", "coordinates": [[[-97.66000000000001, 30.3], [-97.65, 30.3], [-97.65, 30.3125], [-97.66000000000001, 30.3125], [-97.66000000000001, 30.3]]]}}, {"type": "Feature", "properties": {"id": "tract_19_9", "Latitude": 30.31875, "Longitude": -97.65500000000002, "Median_Income": 57377.40749180491}, "geometry": {"type": "Polygon", "coordinates": [[[-97.66000000000001, 30.3125], [-97.65, 30.3125], [-97.65, 30.325], [-97.66000000000001, 30.325], [-97.66000000000001, 30.3125]]]}}, {"type": "Feature", "properties": {"id": "tract_19_10", "Latitude": 30.33125, "Longitude": -97.65500000000002, "Median_Income": 78844.23037488584}, "geometry": {"type": "Polygon", "coordinates": [[[-97.66000000000001, 30.325], [-97.65, 30.325], [-97.65, 30.3375], [-97.66000000000001, 30.3375], [-97.66000000000001, 30.325]]]}}, {"type": "Feature", "properties": {"id": "tract_19_11", "Latitude": 30.34375, "Longitude": -97.65500000000002, "Median_Income": 70269.63726814561}, "geometry": {"type": "Polygon", "coordinates": [[[-97.66000000000001, 30.3375], [-97.65, 30.3375], [-97.65, 30.349999999999998], [-97.66000000000001, 30.349999999999998], [-97.66000000000001, 30.3375]]]}}, {"type": "Feature", "properties": {"id": "tract_19_12", "Latitude": 30.35625, "Longitude": -97.65500000000002, "Median_Income": 78962.13990921837}, "geometry": {"type": "Polygon", "coordinates": [[[-97.66000000000001, 30.349999999999998], [-97.65, 30.349999999999998], [-97.65, 30.362499999999997], [-97.66000000000001, 30.362499999999997], [-97.66000000000001, 30.349999999999998]]]}}, {"type": "Feature", "properties": {"id": "tract_19_13", "Latitude": 30.368750000000002, "Longitude": -97.65500000000002, "Median_Income": 57994.24625010939}, "geometry": {"type": "Polygon", "coordinates": [[[-97.66000000000001, 30.3625], [-97.65, 30.3625], [-97.65, 30.375], [-97.66000000000001, 30.375], [-97.66000000000001, 30.3625]]]}}, {"type": "Feature", "properties": {"id": "tract_19_14", "Latitude": 30.38125, "Longitude": -97.65500000000002, "Median_Income": 86947.71291741915}, "geometry": {"type": "Polygon", "coordinates": [[[-97.66000000000001, 30.375], [-97.65, 30.375], [-97.65, 30.3875], [-97.66000000000001, 30.3875], [-97.66000000000001, 30.375]]]}}, {"type": "Feature", "properties": {"id": "tract_19_15", "Latitude": 30.39375, "Longitude": -97.65500000000002, "Median_Income": 51275.822990547735}, "geometry": {"type": "Polygon", "coordinates": [[[-97.66000000000001, 30.3875], [-97.65, 30.3875], [-97.65, 30.4], [-97.66000000000001, 30.4], [-97.66000000000001, 30.3875]]]}}, {"type": "Feature", "properties": {"id": "tract_19_16", "Latitude": 30.40625, "Longitude": -97.65500000000002, "Median_Income": 58567.47341074562}, "geometry": {"type": "Polygon", "coordinates": [[[-97.66000000000001, 30.4], [-97.65, 30.4], [-97.65, 30.412499999999998], [-97.66000000000001, 30.412499999999998], [-97.66000000000001, 30.4]]]}}, {"type": "Feature", "properties": {"id": "tract_19_17", "Latitude": 30.41875, "Longitude": -97.65500000000002, "Median_Income": 48559.13009794939}, "geometry": {"type": "Polygon", "coordinates": [[[-97.66000000000001, 30.412499999999998], [-97.65, 30.412499999999998], [-97.65, 30.424999999999997], [-97.66000000000001, 30.424999999999997], [-97.66000000000001, 30.412499999999998]]]}}, {"type": "Feature", "properties": {"id": "tract_19_18", "Latitude": 30.431250000000002, "Longitude": -97.65500000000002, "Median_Income": 45868.52320804203}, "geometry": {"type": "Polygon", "coordinates": [[[-97.66000000000001, 30.425], [-97.65, 30.425], [-97.65, 30.4375], [-97.66000000000001, 30.4375], [-97.66000000000001, 30.425]]]}}, {"type": "Feature", "properties": {"id": "tract_19_19", "Latitude": 30.44375, "Longitude": -97.65500000000002, "Median_Income": 51479.12401321158}, "geometry": {"type": "Polygon", "coordinates": [[[-97.66000000000001, 30.4375], [-97.65, 30.4375], [-97.65, 30.45], [-97.66000000000001, 30.45], [-97.66000000000001, 30.4375]]]}}]}