geoid_tract,vintage,total_population,median_age,race_white,race_black,race_asian,race_hispanic,median_household_income,poverty_count,median_home_value,owner_occupied_units,renter_occupied_units,median_gross_rent,total_housing_units
48453001718,2009,5328,36.9,4663,11,551,278,68006,705,323000,1393,1405,1059,2937
48453001719,2009,3563,46.1,3369,12,113,319,148611,18,450300,1458,44,2001,1608
48453001722,2009,3948,30.6,3193,53,413,437,43931,336,302300,325,2274,858,2809
48453001728,2009,6935,34.0,5680,217,75,2377,63758,1001,159000,1959,831,1191,3028
48453001729,2009,4539,31.9,3614,61,105,1583,55080,315,147500,1275,764,1136,2159
48453001732,2009,24234,33.7,18896,651,1676,5551,103906,837,270400,7284,540,1790,8214
48453001733,2009,3405,43.0,3242,18,49,341,112429,93,289900,1072,82,1131,1182
48453001737,2009,9934,33.8,7773,318,877,1542,106069,299,247900,3114,655,1037,3833
48453001738,2009,6649,39.3,6125,194,80,837,90367,183,214200,2222,328,888,2588
48453001739,2009,8016,32.5,5945,850,149,2223,66389,595,154900,2418,1070,1007,3769
48453001740,2009,3973,34.5,3120,159,242,863,87399,317,228400,1039,486,898,1561
48453001741,2009,3603,44.0,3039,0,0,678,68427,501,290700,1243,252,942,1800
48453001742,2009,4606,34.4,3250,6,67,1726,74625,692,208900,1454,235,964,1864
48453001743,2009,10612,35.2,9494,140,730,710,117909,344,347300,3024,378,1825,3513
48453001744,2009,8880,29.1,6842,451,858,1254,51083,994,141600,906,4300,907,5364
48453001745,2009,2263,38.4,1873,136,102,360,82976,180,240700,615,281,920,945
48453001746,2009,3831,34.7,3231,95,75,1254,67282,186,170100,1001,618,776,1619
48453001747,2009,5228,28.7,3921,172,147,1937,52229,1010,170200,993,1048,995,2167
48453001748,2009,4431,32.6,3768,107,103,1453,67321,118,208600,1268,512,1057,1876
48453001749,2009,5958,28.3,4607,114,804,790,51924,812,185000,828,2171,962,3202
48453001750,2009,4882,28.5,3681,55,204,1493,53071,443,165200,666,1796,887,2716
48453001751,2009,1948,49.8,1890,24,22,71,105417,45,351300,865,38,1671,934
48453001752,2009,3585,27.4,2255,159,989,389,32083,808,139500,156,2130,765,2610
48453001753,2009,1213,29.5,835,11,241,137,57292,97,,10,830,938,923
48453001754,2009,5716,41.4,4374,233,311,904,54457,652,197000,1015,1392,830,2456
48453001755,2009,5636,39.6,4010,20,1353,405,146452,148,381400,1878,26,1833,1939
48453001756,2009,3981,40.6,3171,120,490,177,79358,291,218900,1257,448,1171,1761
48453001757,2009,1843,39.2,1800,25,18,93,116229,109,371200,616,256,1098,892
48453001758,2009,2732,32.3,2400,69,153,162,77500,77,325400,631,659,848,1344
48453001759,2009,2162,38.3,1730,202,150,131,48542,256,208200,442,935,946,1533
48453001760,2009,11550,33.6,9199,156,1371,1049,128802,470,365500,3200,763,1688,4451
48453001761,2009,6585,36.2,5539,155,538,335,121442,129,619100,1627,992,935,2864
48453001762,2009,12031,46.2,11350,22,182,935,107354,365,390800,4005,876,1124,5784
48453001764,2009,5506,45.8,5096,0,59,567,91296,388,269000,2158,184,1244,2970
48453001765,2009,13535,33.3,11508,237,880,1702,82563,650,302200,3026,2191,961,5699
48453001766,2009,6162,36.8,5275,9,31,756,51120,472,120400,2040,335,780,2700
48453001767,2009,9923,44.3,8929,204,60,979,68886,452,185600,3496,626,1046,5218
48453001768,2009,5013,44.7,4662,56,33,434,99871,373,280900,1560,200,1072,1875
48453001769,2009,5683,34.7,4688,79,312,1098,80455,361,184700,1687,496,958,2280
48453001804,2009,6563,27.6,4490,652,299,3803,33490,2683,132900,717,1728,715,2763
48453001805,2009,5249,29.8,2962,520,192,3112,37255,1431,111900,556,1155,566,1883
48453001806,2009,5937,27.6,3496,688,0,4197,31496,1432,109300,513,1743,660,2842
48453001811,2009,2899,30.8,1708,606,0,1646,31933,909,131300,403,751,631,1336
48453001812,2009,7258,26.5,4040,1122,13,4992,27005,2862,106700,353,2237,693,3082
48453001813,2009,6244,29.5,4330,500,56,4416,32356,1714,131700,726,1514,672,2266
48453001817,2009,4474,33.0,2983,190,407,1059,41974,310,171700,934,1262,837,2476
48453001818,2009,5734,29.9,3131,205,71,3159,43133,1817,171700,1102,1049,774,2323
48453001819,2009,4159,29.0,1846,630,363,2191,36856,1066,145900,296,1087,734,1444
48453001820,2009,7847,27.9,2962,627,208,5306,33013,2121,128700,555,2249,666,3275
48453001821,2009,5653,30.2,2868,445,165,3231,42581,1428,135500,914,752,942,1904
48453001822,2009,6213,28.6,2609,805,217,3735,29222,1972,123500,425,1728,744,2514
48453001823,2009,6490,26.3,4116,908,25,4676,31336,1831,107000,554,1565,805,2281
48453001824,2009,2007,34.9,1007,238,200,623,42125,156,164900,423,385,885,837
48453001826,2009,2139,27.0,1329,602,170,434,58345,290,205400,256,729,905,1163
48453001828,2009,3630,37.5,3181,11,49,775,87125,365,173700,1375,221,1173,1707
48453001829,2009,2407,28.6,1834,94,116,565,52206,200,158900,299,991,862,1523
48453001832,2009,2420,36.5,1711,466,61,449,44487,381,150100,590,505,718,1193
48453001833,2009,7957,29.5,4028,1970,122,3948,44193,1771,128300,1034,1355,826,2499
48453001834,2009,6657,29.1,3105,1049,752,2170,51919,553,166700,1207,1947,829,3591
48453001835,2009,5097,29.3,2809,1065,160,2149,48207,1018,113900,862,762,1103,1722
48453001836,2009,29171,30.3,18029,5072,2402,7869,76318,1649,155700,6914,2383,1105,9998
48453001837,2009,20746,31.1,14094,2528,1388,5655,80010,710,175200,5748,631,1429,6891
48453001839,2009,5679,29.6,2718,915,1381,1256,56725,317,152200,1224,1320,853,2727
48453001840,2009,6599,29.9,2981,885,1034,2039,50963,345,124600,1728,557,1085,2526
48453001841,2009,15357,31.2,7898,2167,1924,5249,64626,1356,150400,3698,862,1122,4884
48453001842,2009,6159,28.7,3270,715,211,2924,51580,860,106200,1394,584,1065,2041
48453001843,2009,2264,33.8,1360,220,140,763,72539,89,139300,739,183,1348,922
48453001844,2009,3726,30.9,2211,701,316,826,50179,480,139800,617,1070,876,1766
48453001845,2009,3264,33.0,2389,224,368,720,59861,485,159900,840,504,880,1488
48453001846,2009,2328,43.0,2084,65,96,414,103000,67,190200,924,18,,942
48453001847,2009,7033,32.8,4345,436,1374,1998,64739,580,166900,2011,1020,941,3208
48453001848,2009,4682,29.5,2779,505,805,1017,58117,401,196500,781,1096,881,2033
48453001849,2009,5798,28.7,2844,534,1687,563,48987,314,,72,3157,862,3473
48453001850,2009,4177,29.7,2053,825,202,1501,39936,759,127400,354,1716,886,2216
48453001851,2009,9508,31.6,6186,801,1438,2345,55507,502,170000,1755,2336,888,4406
48453001852,2009,5905,28.1,3432,1314,531,1485,36021,896,127800,247,3069,759,4111
48453001853,2009,3611,34.4,2850,108,366,489,85482,160,161000,1273,177,1116,1450
48453001901,2009,5228,36.6,4870,66,35,624,56875,169,328000,1143,1769,910,3134
48453001904,2009,5989,46.3,5674,0,139,250,141295,93,563900,2013,186,1495,2362
48453001906,2009,8407,38.3,7296,9,679,538,155217,231,486500,2529,127,1702,2759
48453001908,2009,6599,32.8,4968,153,295,1739,87438,876,509400,1617,1122,990,3018
48453001909,2009,8238,36.6,7241,54,456,1116,78852,69,278600,1785,1867,1118,3727
48453001910,2009,4089,44.5,3680,0,178,396,98233,100,476900,1051,729,1107,1847
48453001911,2009,2891,30.5,2688,54,0,313,50297,309,287200,248,1637,1042,2110
48453001912,2009,3715,37.7,3457,35,191,238,145438,170,882000,1104,173,1287,1422
48453001913,2009,5000,41.6,4399,84,343,116,212059,90,798900,1533,93,968,1799
48453002002,2009,2875,34.7,2007,77,16,1130,43333,451,146600,722,598,865,1404
48453002003,2009,3965,30.1,2448,38,13,2544,41064,861,120900,617,835,740,1540
48453002004,2009,2395,29.7,1771,65,87,950,36161,421,326300,115,1232,781,1537
48453002005,2009,5011,29.0,3398,417,106,2016,36784,1198,177600,301,2030,868,2549
48453002104,2009,3103,34.0,2456,326,0,1128,63142,472,173600,741,398,961,1248
48453002105,2009,5001,26.5,2867,352,70,3223,25439,1651,163900,323,1682,729,2327
48453002106,2009,3363,30.3,1988,678,179,805,52932,722,162900,718,373,1032,1176
48453002107,2009,4197,30.3,1955,1798,0,1232,37600,1459,121800,772,662,719,1625
48453002108,2009,3392,31.0,1012,1780,44,1412,31910,753,124300,424,701,701,1323
48453002109,2009,3354,35.9,696,1616,6,1443,30500,789,105600,688,654,799,1639
48453002110,2009,4568,27.8,1701,1422,20,2663,36733,1247,93300,534,854,862,1505
48453002111,2009,4523,29.2,1799,775,13,3087,24900,1743,98300,796,726,719,1708
48453002112,2009,4763,30.4,2510,1140,0,2459,34729,1285,135200,589,1080,729,1987
48453002113,2009,3682,33.6,1806,1178,31,1380,59736,573,142700,975,244,836,1333
48453002201,2009,1998,26.3,737,1146,0,732,43167,270,120800,360,198,847,558
48453002202,2009,6232,25.7,1372,2620,90,3043,33668,1722,110000,685,1056,947,2050
48453002205,2009,7837,29.2,3749,1622,27,4701,38000,1782,82700,1561,787,870,2510
48453002206,2009,16532,29.9,8346,3137,404,8088,49340,1810,119600,4604,711,1142,5686
48453002303,2009,1023,35.1,604,347,0,273,,243,,0,12,,12
48453002304,2009,4688,27.5,1175,235,96,3678,33193,1342,,22,1679,740,2311
48453002307,2009,4812,27.5,2204,283,223,2682,31768,828,121200,479,1891,775,2654
48453002308,2009,5672,24.5,4135,234,96,2822,35288,1093,217800,512,1604,765,2393
48453002310,2009,2759,29.6,855,239,0,2212,24361,1114,24100,499,444,830,1150
48453002311,2009,9524,22.4,3520,1671,576,5427,25026,4159,85700,813,2464,861,3647
48453002312,2009,5794,27.4,2204,446,0,5010,30453,2071,75900,842,1095,794,2052
48453002313,2009,3964,28.2,1787,713,167,1705,32167,727,123800,247,1803,784,2199
48453002314,2009,5000,26.0,1907,931,606,2214,29597,1352,137000,38,2285,755,2538
48453002315,2009,3307,28.5,1141,357,64,2051,27520,1001,125000,144,1266,680,1695
48453002316,2009,5613,27.9,1735,331,84,4338,26790,2726,,15,2106,703,2539
48453002402,2009,5905,29.9,3860,376,267,2919,43765,1046,123400,1011,1644,993,2979
48453002403,2009,2874,29.7,1332,8,59,1834,37946,618,128700,535,485,744,1103
48453002407,2009,3701,39.6,3185,23,92,998,81787,153,197500,1251,208,1002,1557
48453002409,2009,3314,32.3,1993,201,34,1911,53513,437,126200,776,471,1000,1291
48453002410,2009,3647,31.3,2564,127,9,2149,38042,934,132900,391,1119,796,1686
48453002411,2009,6024,25.2,1619,570,0,5118,31294,2090,98100,656,880,940,1607
48453002412,2009,5141,29.7,1396,362,47,4236,50861,599,95500,992,333,1252,1404
48453002413,2009,4356,22.6,1290,526,36,3614,28182,1846,99300,331,699,938,1146
48453002416,2009,13758,29.7,6378,1177,283,8836,49375,1706,117900,3161,767,984,4486
48453002417,2009,9756,30.1,4722,552,72,6578,46823,1299,116300,2089,800,875,3296
48453002418,2009,10509,33.6,5196,894,234,5485,58121,1881,157600,2893,937,1085,4047
48453002419,2009,3697,26.3,1455,437,45,2108,28740,865,128400,38,1810,759,2157
48453002420,2009,13432,27.7,6780,1088,65,9143,46019,2063,112800,2948,1495,911,4757
48453002421,2009,4284,30.9,3011,222,149,1509,55726,512,145100,1045,830,1052,2137
48453002422,2009,5153,28.3,3032,552,107,2612,28475,1697,139500,776,1485,831,2332
48453002423,2009,5499,34.2,3948,160,142,2430,65186,457,137500,1622,415,1145,2100
48453002424,2009,3911,33.0,2728,131,0,1804,40602,474,119800,685,637,785,1433
48453000101,2009,4069,40.0,3874,0,0,253,80202,562,302500,1126,567,1252,1783
48453000102,2009,2438,46.5,2405,0,0,136,136087,126,585400,924,58,1228,1091
48453000201,2009,6649,35.5,5665,320,99,1035,47534,1002,276500,1380,2266,691,3759
48453000203,2009,817,24.3,677,0,77,113,38147,299,,0,466,1540,573
48453000204,2009,2744,31.0,2400,60,173,159,61738,387,353600,616,879,837,1685
48453000301,2009,6429,27.6,5790,53,164,852,39330,1680,253900,893,2255,798,3510
48453000302,2009,5080,29.2,3844,139,534,709,31444,1158,341200,875,2065,725,3019
48453000303,2009,2187,34.8,1553,252,0,635,56230,394,278100,529,605,730,1320
48453000401,2009,2979,26.4,2470,130,202,237,32574,866,262700,564,901,850,1778
48453000402,2009,2582,34.0,1445,874,0,567,35917,265,161700,574,714,709,1396
48453000500,2009,4410,27.5,3652,106,512,427,29158,1512,340800,575,1844,772,2694
48453000601,2009,8476,19.4,5348,590,1677,1807,4836,947,,0,469,951,635
48453000603,2009,4659,20.9,3793,130,578,426,8190,3596,145200,280,1440,962,1872
48453000604,2009,2846,21.4,2231,0,377,367,9017,1837,162500,99,1131,854,1417
48453000700,2009,964,29.4,844,0,102,55,39250,329,269600,192,400,936,830
48453000801,2009,1048,47.0,694,144,0,783,36983,109,138300,326,168,716,567
48453000802,2009,3526,29.5,975,1519,104,1009,28807,1223,149800,501,618,426,1196
48453000803,2009,1903,35.9,918,604,9,809,41750,543,160100,511,345,833,1050
48453000804,2009,2412,30.5,1406,630,0,983,35030,714,188800,352,465,422,1011
48453000901,2009,1511,28.2,599,631,33,450,37477,346,157300,313,296,938,708
48453000902,2009,5288,31.7,2730,372,23,4203,31199,2085,122400,802,847,640,1818
48453001000,2009,4310,35.0,2529,125,105,3088,41910,829,142900,769,670,854,1641
48453001100,2009,3390,39.8,2656,312,78,721,69125,748,263600,768,1090,1566,2097
48453001200,2009,3363,32.8,2979,125,175,346,46042,560,396100,665,1446,956,2253
48453001303,2009,2284,39.5,2161,0,35,261,68047,146,309100,696,643,820,1521
48453001304,2009,3904,31.5,3239,348,33,502,50827,744,315600,795,1160,988,2075
48453001305,2009,5338,31.0,3948,491,88,1876,39714,1392,268100,1254,1604,741,3056
48453001307,2009,3790,30.2,2558,164,27,1777,37096,737,200000,500,1313,734,1881
48453001308,2009,2499,32.8,1833,129,29,1029,38450,417,185500,477,743,737,1471
48453001401,2009,3091,32.5,2775,16,53,549,66375,273,383500,589,1017,1097,1757
48453001402,2009,3031,33.0,2610,48,0,745,60125,385,364200,692,777,873,1550
48453001403,2009,1316,36.7,853,75,87,360,40478,402,225000,268,433,690,794
48453001501,2009,4619,41.0,4422,38,95,309,81303,394,278300,1564,431,822,2125
48453001503,2009,4091,30.7,2622,102,32,1646,39596,657,174000,680,1013,748,1938
48453001504,2009,4186,38.5,3536,95,106,696,58516,374,211800,1188,766,935,1984
48453001505,2009,4170,36.3,3670,34,42,820,50365,349,219400,1287,843,922,2247
48453001602,2009,3595,32.1,2602,20,759,557,47869,589,526000,497,1289,756,1963
48453001603,2009,4665,36.6,4317,62,149,326,135432,232,498000,1461,386,1624,1907
48453001604,2009,3993,42.3,3704,0,19,130,123125,314,688000,1345,329,1136,1818
48453001605,2009,3764,32.9,3637,27,10,470,54227,805,451300,897,952,960,2277
48453001606,2009,2762,51.1,2498,139,0,620,,1935,,0,0,,0
48453001705,2009,4698,41.3,4223,107,328,337,102813,211,429500,1471,619,1144,2208
48453001706,2009,3578,33.1,3103,65,292,383,70500,246,297900,969,735,914,1764
48453001707,2009,4601,35.9,3851,17,202,647,64974,576,274000,1150,1263,830,2491
48453001712,2009,3612,43.0,2851,273,0,689,35403,405,192500,958,1000,821,2020
48453001713,2009,3764,34.7,2738,31,39,1205,44025,352,149300,1007,606,880,1657
48453001714,2009,12146,31.6,9107,449,1680,1466,92067,408,338500,2530,2320,976,5200
48453001715,2009,7814,40.6,6016,491,1080,657,103352,404,313600,2221,661,874,3135
48453001716,2009,4643,40.6,4244,75,188,310,126477,140,371300,1424,718,1228,2216
48453000101,2010,3904,40.5,3763,0,0,256,71944,646,325000,1089,653,1168,1840
48453000102,2010,2486,48.3,2458,0,0,132,142188,106,622200,969,56,1188,1145
48453000203,2010,1982,25.7,1481,244,114,328,35208,1340,,0,666,1495,747
48453000204,2010,2773,30.1,2319,116,243,142,53472,479,359500,573,946,882,1701
48453000205,2010,3251,35.1,2536,179,121,731,37989,733,246900,565,1478,703,2090
48453000206,2010,2894,37.8,2663,78,71,233,59408,149,294200,777,776,948,1668
48453000302,2010,5208,29.3,4122,142,460,732,32406,1398,365500,922,2095,740,3112
48453000304,2010,2833,24.3,2313,64,238,257,36393,923,285800,317,997,786,1619
48453000305,2010,3620,28.9,3183,0,154,399,47105,983,281800,390,1466,986,1971
48453000306,2010,1230,34.6,751,221,20,527,40288,235,323900,140,450,689,645
48453000307,2010,1566,33.9,1399,54,0,442,59087,209,268900,422,394,899,900
48453000401,2010,3106,25.8,2580,148,164,377,35573,797,301700,598,981,817,1884
48453000402,2010,2458,34.5,1493,718,0,479,34109,369,176000,514,791,784,1407
48453000500,2010,4455,26.2,3580,117,594,533,25780,1788,369400,494,1962,816,2756
48453000601,2010,9211,19.4,5964,671,1771,2070,8321,1245,,0,650,1060,779
48453000603,2010,6173,20.8,4768,132,1037,758,6737,4957,144100,261,2121,1111,2540
48453000604,2010,3682,21.3,2767,0,615,378,7594,2436,231600,121,1467,970,1910
48453000700,2010,1102,28.2,891,0,193,97,37708,400,289100,240,454,969,924
48453000801,2010,1326,37.5,797,88,0,1133,36034,153,147100,346,162,723,586
48453000802,2010,3038,29.5,1127,1361,94,1136,20391,1272,116800,418,700,464,1274
48453000803,2010,2103,40.1,1110,657,11,507,44698,531,162300,558,378,880,1124
48453000804,2010,2697,27.6,1500,609,9,1241,30813,1016,195900,386,573,411,1030
48453000901,2010,1666,27.3,834,572,41,504,37552,408,162900,343,338,1133,787
48453000902,2010,5280,31.2,2952,399,26,4078,31662,2168,134600,851,882,685,1870
48453001000,2010,4020,34.8,2537,149,86,2850,30313,876,159200,735,763,718,1661
48453001100,2010,3377,40.4,2770,330,116,415,74359,659,320100,758,1240,1585,2518
48453001200,2010,3520,32.8,3146,59,202,349,48357,479,400600,641,1531,1086,2429
48453001303,2010,2379,39.0,2242,39,24,225,74833,236,356900,721,565,828,1525
48453001304,2010,3680,33.7,3143,193,63,609,59615,617,317600,854,1116,962,2056
48453001305,2010,4996,31.5,3936,280,86,1890,41504,1310,304400,1140,1502,812,2952
48453001307,2010,3768,29.8,2632,221,47,1571,34875,777,260400,531,1291,746,1885
48453001308,2010,2676,31.1,2213,95,18,1238,41432,499,211200,458,719,744,1438
48453001401,2010,2788,32.7,2448,21,45,488,67629,276,401500,487,1014,1107,1771
48453001402,2010,2693,33.5,2320,45,0,556,52868,365,379100,696,724,898,1502
48453001403,2010,1360,36.4,894,28,83,465,37799,427,269300,257,470,774,824
48453001501,2010,4983,40.9,4751,43,62,540,73523,374,294500,1565,668,928,2314
48453001503,2010,3996,31.2,3234,82,37,1450,37594,860,175200,652,1085,746,1936
48453001504,2010,4263,39.7,3516,107,247,598,58964,324,223800,1190,867,915,2090
48453001505,2010,4236,35.2,3812,18,53,823,46855,484,236200,1262,924,889,2248
48453001602,2010,3180,33.1,2394,86,572,456,49038,389,479500,528,1146,699,1882
48453001603,2010,4455,37.8,4221,95,80,212,116007,90,527000,1426,389,1759,1912
48453001604,2010,4050,42.9,3881,0,26,100,125000,312,728300,1408,284,1515,1865
48453001605,2010,3777,32.7,3602,21,16,464,57644,698,515500,825,982,994,2252
48453001606,2010,2020,51.0,1825,104,0,453,,1420,,0,0,,0
48453001705,2010,4618,43.0,4181,85,298,387,106369,131,445200,1508,569,1208,2225
48453001706,2010,3595,35.4,3118,80,291,261,70819,271,296100,1087,706,904,1876
48453001707,2010,4756,40.6,3656,48,300,896,65766,657,297400,1254,1127,898,2490
48453001712,2010,3670,42.1,3014,295,0,940,37188,463,203800,845,1102,876,2023
48453001713,2010,3750,35.6,2686,64,39,1211,41719,400,163300,955,682,921,1692
48453001714,2010,11063,35.4,8201,459,1686,899,90395,267,352200,2555,1999,955,4864
48453001716,2010,4694,41.9,4415,0,195,481,121507,183,381600,1430,763,1171,2272
48453001718,2010,5392,38.4,4657,13,654,391,68219,548,335100,1506,1349,1067,3042
48453001719,2010,3608,48.7,3359,23,158,300,145435,30,477900,1504,44,2001,1635
48453001722,2010,4032,29.4,3152,111,438,530,41638,401,341800,283,2345,866,2789
48453001728,2010,6517,35.0,5470,424,74,1613,63952,804,168400,1898,846,1187,3009
48453001729,2010,4456,34.3,3539,31,165,1516,56642,280,156800,1258,803,1059,2201
48453001733,2010,3064,46.9,2919,54,54,355,108824,159,320300,1065,79,1097,1184
48453001737,2010,9974,34.7,7985,195,943,1689,105962,406,267600,3068,718,1119,3821
48453001738,2010,6820,40.4,6118,113,331,972,94225,192,224600,2337,351,761,2688
48453001740,2010,3964,34.8,3203,109,310,1057,76801,214,236900,958,651,979,1654
48453001741,2010,3609,44.3,2989,0,47,669,64821,267,294600,1244,302,986,1709
48453001742,2010,4436,36.0,3120,0,127,1456,78171,550,216700,1421,302,1238,1919
48453001745,2010,2413,37.8,2035,135,63,302,73438,217,249500,680,338,1002,1068
48453001746,2010,3806,36.0,3295,76,79,1229,64707,199,174900,1067,590,763,1690
48453001747,2010,5319,30.5,3758,452,138,1809,53938,787,176800,999,1015,1045,2092
48453001748,2010,4686,33.0,4105,76,121,1412,67128,224,216200,1278,598,1080,1966
48453001749,2010,5727,29.0,4294,226,875,698,52482,694,191200,820,2009,1001,3138
48453001750,2010,5083,27.9,3650,60,174,1901,54201,707,183800,607,1831,949,2692
48453001751,2010,1989,50.3,1857,26,33,129,106847,49,384800,859,66,1714,981
48453001752,2010,3835,25.9,2580,249,785,605,33556,1026,139600,143,2209,786,2536
48453001753,2010,1101,27.6,751,11,169,167,54850,115,,0,789,949,824
48453001754,2010,5331,39.8,4037,281,182,909,52530,603,218400,1075,1209,821,2414
48453001755,2010,5765,39.8,3877,20,1550,387,142031,143,398900,1841,98,1361,1979
48453001756,2010,3956,41.6,3023,74,541,328,77375,440,227800,1279,446,1190,1759
48453001757,2010,1796,43.1,1554,25,217,77,119980,86,370700,605,238,1218,862
48453001760,2010,12035,34.6,9553,211,1482,1016,122470,493,367000,3290,782,1701,4622
48453001761,2010,7026,37.3,5753,192,737,525,121614,115,608400,1801,1015,991,3024
48453001764,2010,5379,45.8,5152,0,31,385,101739,230,311000,2044,192,1206,2766
48453001765,2010,15929,32.8,13569,419,934,2414,87734,991,309100,3537,2433,1029,6463
48453001766,2010,7247,36.6,6194,50,91,1177,53711,509,135900,2128,549,799,2959
48453001768,2010,5200,45.1,4802,75,60,359,92401,452,291100,1652,365,1050,2186
48453001769,2010,5489,37.1,4784,0,296,1011,75709,228,185300,1823,403,998,2293
48453001770,2010,10932,35.3,8937,277,878,1281,132627,204,346100,3182,228,2001,3574
48453001771,2010,3841,49.5,3580,0,0,383,104083,169,370100,1497,100,1025,2016
48453001772,2010,2479,32.3,1474,64,38,1459,68967,47,162300,781,94,1425,892
48453001773,2010,5025,44.4,4788,6,95,341,109191,237,468000,1556,448,1167,2209
48453001774,2010,7911,35.0,6184,375,487,2039,93612,281,219800,2613,172,1724,2895
48453001775,2010,4087,41.3,3334,40,424,646,114318,104,305800,1226,10,2001,1354
48453001776,2010,2459,37.2,1835,273,0,683,73485,227,146700,942,143,1331,1170
48453001777,2010,5403,31.8,3976,706,106,1453,63713,304,170600,1344,877,999,2463
48453001778,2010,3668,46.2,3467,16,77,345,78716,206,364500,1070,490,1137,1728
48453001779,2010,5615,45.2,5258,145,0,452,71758,221,192300,1984,295,934,2803
48453001780,2010,3802,47.4,3563,79,39,324,59911,196,209000,1389,340,1085,2214
48453001781,2010,2265,48.2,1977,0,186,177,79709,32,308200,762,235,780,1042
48453001782,2010,5015,39.4,3237,312,1239,505,111506,323,361400,1312,259,1171,1753
48453001783,2010,5404,40.6,5134,0,108,315,106141,90,295600,1742,300,1586,2094
48453001784,2010,4786,35.1,3975,32,686,166,126435,38,438200,1271,182,2000,1533
48453001785,2010,4023,30.6,2886,381,500,781,52099,461,179300,392,1902,868,2377
48453001786,2010,4889,28.1,3555,162,667,680,53580,423,151900,446,2325,994,2841
48453001804,2010,5995,31.0,3696,831,346,3055,32145,1909,144200,614,1859,703,2794
48453001805,2010,4878,29.4,2564,512,150,3033,35485,1332,113400,486,1199,577,1887
48453001806,2010,5725,27.0,3672,763,9,3879,22934,1926,117300,494,1825,640,2856
48453001811,2010,3103,30.9,1960,580,10,2006,31840,1151,132600,389,781,624,1348
48453001812,2010,7484,26.2,4302,1504,34,5026,25850,3143,108000,334,2380,727,3178
48453001813,2010,6154,29.6,3795,566,202,4139,31582,1812,129800,824,1444,706,2327
48453001817,2010,3418,36.9,2755,109,333,364,41070,260,170700,1010,985,863,2302
48453001818,2010,5831,29.4,3411,93,88,3432,44128,2200,182100,1036,1088,777,2295
48453001819,2010,4403,27.3,1760,536,295,2875,34486,1114,153700,232,1156,802,1483
48453001820,2010,7266,27.0,2616,744,148,4894,29670,2327,134000,506,2107,678,3284
48453001821,2010,5273,30.4,2486,330,265,3008,42683,1205,137800,828,886,940,1950
48453001822,2010,6422,28.5,2438,842,209,3864,32386,1833,130300,471,1717,832,2567
48453001823,2010,5958,26.3,3093,686,57,4409,29966,1935,113400,546,1482,805,2286
48453001824,2010,1887,39.0,1050,206,182,474,57652,156,172000,463,360,864,847
48453001826,2010,2006,27.7,1163,435,282,412,54063,225,219200,236,760,908,1136
48453001828,2010,3602,38.4,3166,24,61,727,87475,300,182600,1279,238,1198,1692
48453001829,2010,2416,27.8,1885,119,176,431,49700,233,163200,275,1093,847,1538
48453001832,2010,2698,34.6,2005,531,48,849,43469,490,150600,502,635,768,1245
48453001833,2010,7618,29.7,3861,1464,359,4128,42333,1545,134100,1150,1307,847,2603
48453001834,2010,7365,28.8,3451,1312,737,2310,53624,609,171300,1315,2055,848,3762
48453001835,2010,4886,30.7,2718,954,279,2566,49109,900,113400,1022,667,1001,1915
48453001839,2010,6113,31.7,2766,1059,1631,1209,57134,322,152100,1264,1401,872,2914
48453001840,2010,7686,29.0,3277,1374,1164,2936,42468,1132,127600,1756,779,1218,2783
48453001841,2010,16295,30.9,8665,2317,2597,5632,64400,1969,152000,3859,1080,1101,5182
48453001842,2010,6218,30.1,3617,752,238,2643,58864,1039,135600,1419,637,1071,2168
48453001843,2010,2454,32.0,1536,204,147,953,73090,302,144400,710,243,1107,953
48453001844,2010,3593,31.5,1847,699,288,1082,50065,353,140900,526,1057,897,1686
48453001845,2010,3264,33.1,2170,223,487,786,63179,468,165300,856,521,887,1496
48453001846,2010,2374,44.9,2226,14,73,396,103320,116,204200,940,44,1750,984
48453001847,2010,6894,31.8,3932,737,1545,2189,65445,965,183000,1770,1131,967,3093
48453001848,2010,4601,29.8,2664,510,692,1083,53712,536,201600,718,1176,902,2056
48453001849,2010,5258,28.6,2896,483,1113,743,51164,397,,31,3108,888,3430
48453001850,2010,4255,29.2,2019,498,438,1640,41431,734,126600,353,1707,907,2198
48453001851,2010,8856,30.9,5669,774,1392,2154,52639,1051,171100,1641,2268,897,4232
48453001853,2010,3198,35.2,2265,272,347,617,79523,130,164900,1152,207,1132,1379
48453001854,2010,4363,29.5,2458,1372,36,1313,47879,485,135100,1058,324,1417,1500
48453001855,2010,11647,30.5,6414,2209,1607,2598,78776,1041,174900,2933,744,1211,3883
48453001856,2010,4650,32.8,2684,686,494,1654,77267,354,167500,1290,156,796,1726
48453001857,2010,5032,31.9,3117,527,537,1383,77036,75,157900,1367,474,1361,1958
48453001858,2010,12960,32.9,9623,1208,691,2869,97728,278,190700,3912,257,1690,4310
48453001859,2010,1124,36.6,1001,0,66,112,89605,0,308200,268,94,1035,390
48453001860,2010,3667,29.5,2448,697,219,1527,44240,768,117600,543,826,1062,1630
48453001861,2010,4737,32.2,2877,785,393,1631,73986,33,135600,1288,172,1616,1539
48453001862,2010,4909,30.8,2605,1103,541,794,74766,288,173800,1069,626,979,1877
48453001863,2010,3275,25.8,1904,835,263,1042,29264,860,180400,22,1899,723,2180
48453001864,2010,2742,29.2,1695,563,171,562,42859,315,123600,254,1211,936,1821
48453001901,2010,5341,36.7,5007,91,32,723,57476,253,372600,1198,1704,928,3102
48453001908,2010,7375,33.5,5387,169,416,2281,79750,1107,509600,1686,1348,1053,3384
48453001910,2010,4067,46.2,3606,0,257,366,99091,166,500500,1019,821,1112,1896
48453001911,2010,2930,29.8,2626,58,22,480,52895,246,279400,235,1579,1086,2007
48453001912,2010,3785,39.7,3490,36,238,265,148869,177,867100,1122,241,1248,1519
48453001913,2010,4902,42.4,4453,80,262,123,223098,160,862500,1550,67,983,1783
48453001914,2010,5775,36.6,5072,16,375,527,82701,31,309600,1501,1236,1107,2871
48453001915,2010,1846,42.2,1657,18,108,464,49788,58,192200,245,575,1068,820
48453001916,2010,3316,35.7,2792,12,119,213,172054,219,600600,943,0,,1002
48453001917,2010,4778,43.6,4182,0,503,196,150568,30,448100,1630,94,1791,1724
48453001918,2010,2519,45.9,2298,0,100,127,160625,85,607900,857,53,1495,983
48453001919,2010,3719,44.6,3468,0,69,158,136964,25,574000,1183,181,1285,1450
48453002002,2010,2842,33.6,1934,54,0,1096,53207,457,160100,685,577,881,1394
48453002003,2010,3815,31.1,2295,98,10,2386,40846,1114,130100,605,828,736,1558
48453002004,2010,2244,32.2,1567,56,44,847,32679,239,310000,99,1256,811,1546
48453002005,2010,4563,29.4,3173,243,133,1830,35698,1056,217800,403,1836,866,2495
48453002104,2010,3234,32.6,2707,301,41,1116,59552,655,185700,738,471,979,1266
48453002105,2010,5242,25.8,2976,534,104,3510,24550,2341,184200,305,1704,737,2327
48453002106,2010,3359,32.2,2051,609,240,998,54833,595,182200,783,341,971,1199
48453002107,2010,3786,31.2,1779,1597,0,1405,37644,1413,120900,679,675,785,1599
48453002108,2010,3552,30.5,1384,1692,29,1711,29551,972,130500,475,805,690,1414
48453002109,2010,3080,38.8,869,1597,35,1082,35044,481,111900,813,612,800,1755
48453002110,2010,4438,27.1,1665,1208,28,2863,31656,1572,125900,631,756,836,1528
48453002111,2010,4349,29.6,2130,665,10,3057,23611,1745,108800,846,704,744,1772
48453002112,2010,4822,27.8,2836,1094,6,2498,35605,1398,138300,566,1134,739,2034
48453002113,2010,3669,37.6,1872,1258,22,1305,53152,564,145800,995,325,869,1416
48453002201,2010,1870,28.5,685,1095,0,670,41472,290,106500,394,198,875,614
48453002202,2010,7575,24.2,2135,2943,88,4163,32769,2251,104500,823,1255,939,2412
48453002207,2010,7565,30.3,2441,2260,138,4178,54184,911,118500,2003,397,1191,2593
48453002208,2010,6310,26.7,3240,1250,0,3787,36310,1758,60600,995,676,1016,1816
48453002209,2010,6841,32.0,3716,1592,120,2408,51836,515,129300,1989,362,1315,2596
48453002210,2010,3280,31.1,2528,32,18,1634,47193,571,89300,870,153,863,1068
48453002211,2010,1529,31.8,939,263,0,1071,50054,356,109300,419,74,600,493
48453002212,2010,880,29.7,489,257,0,396,58716,0,128600,293,13,,306
48453002304,2010,4285,27.7,1197,141,76,3452,36701,1101,133900,67,1426,793,2014
48453002307,2010,5020,26.4,2844,198,135,3004,31597,869,129500,409,1914,804,2649
48453002308,2010,5320,24.9,3862,261,82,2504,37136,1285,229800,536,1603,849,2483
48453002310,2010,2335,32.4,713,243,0,1854,24223,1101,25200,468,399,812,1060
48453002312,2010,6102,25.2,2085,615,0,4971,31989,2259,95000,867,1113,825,2106
48453002313,2010,4133,27.2,1596,534,255,1995,31798,794,135200,196,1924,807,2274
48453002314,2010,4858,25.0,2265,808,438,2172,29020,1336,128800,34,2373,798,2627
48453002315,2010,3212,26.9,1157,358,74,1967,28034,1126,135600,134,1197,737,1670
48453002316,2010,5659,26.9,1725,249,58,4494,23468,2956,,12,2131,703,2503
48453002317,2010,4802,21.4,1785,1025,486,2319,15723,3051,75700,216,1386,899,1668
48453002318,2010,5571,23.5,1820,680,396,3365,28667,1953,93500,721,1407,823,2449
48453002319,2010,809,35.0,460,285,0,236,,137,,0,0,,0
48453002402,2010,5991,31.8,3940,522,133,2993,40663,1214,134200,1050,1727,992,3126
48453002403,2010,3326,28.2,1466,14,102,2222,43042,588,135500,578,503,787,1161
48453002407,2010,3707,39.1,3249,40,105,933,84302,96,204200,1233,247,1052,1626
48453002409,2010,3406,31.8,2224,166,30,2011,48654,592,128300,787,499,1124,1311
48453002410,2010,3878,30.5,2573,113,106,2046,32440,1001,133400,369,1271,802,1723
48453002411,2010,6110,24.7,1734,571,8,5157,31936,2080,103200,627,966,940,1660
48453002412,2010,5162,27.8,1552,401,32,4249,50672,809,99700,1052,309,1233,1443
48453002413,2010,4715,21.5,1376,584,0,3885,32615,1819,95700,338,831,930,1250
48453002419,2010,3809,26.4,1504,580,35,2348,27839,917,112500,16,1893,763,2119
48453002421,2010,4923,29.7,3302,646,139,1625,50700,994,147500,982,1308,1031,2519
48453002422,2010,4785,31.3,3034,218,72,2468,32440,1168,148200,899,1332,848,2298
48453002423,2010,5890,32.6,4470,149,227,3005,64667,524,141600,1607,465,1201,2135
48453002424,2010,3682,32.6,2570,127,0,1693,40746,612,125400,622,740,815,1498
48453002425,2010,2787,29.3,1578,382,59,1403,68163,131,186100,814,306,1085,1184
48453002426,2010,6460,27.3,2740,711,189,4237,50953,1160,127900,1513,452,1278,2006
48453002427,2010,7380,27.4,3261,399,28,5771,40841,1124,105600,1455,873,881,2481
48453002428,2010,4806,39.9,3349,364,166,1585,63980,662,228200,1362,801,1005,2245
48453002429,2010,531,26.5,366,15,0,178,34271,126,144200,92,213,859,305
48453002430,2010,3521,29.2,1967,230,0,2425,38015,721,83900,811,302,1074,1113
48453002431,2010,6224,28.3,2334,512,0,4426,46454,876,118600,1359,574,966,2125
48453002432,2010,2050,33.3,1221,15,0,1444,46283,260,104900,360,245,666,713
48453002433,2010,5233,29.1,2796,655,16,3193,54144,600,113700,1229,210,1092,1637
48453002434,2010,1473,37.8,1032,53,7,692,60313,130,104900,413,80,892,543
48453002435,2010,5760,27.3,2930,418,411,3733,47575,749,114800,1253,369,1132,1924
48453002436,2010,2332,35.2,1230,0,0,1535,52778,257,93600,647,153,1123,969
48453002500,2010,4919,34.8,4176,180,274,494,60221,358,288900,1145,1571,956,2835
48453980000,2010,0,-666666666.0,0,0,0,0,,0,,0,0,,0
48453001782,2011,5017,39.2,3164,396,1208,536,112880,432,372400,1348,274,1177,1773
48453001783,2011,5313,40.8,4999,0,158,817,103971,139,315800,1731,301,1494,2074
48453001784,2011,5225,35.1,4493,0,652,341,150972,95,466200,1267,284,2001,1640
48453001785,2011,3932,29.9,2527,483,623,831,52351,467,178800,437,1823,897,2331
48453001786,2011,5171,29.0,3647,119,1027,650,52384,506,152800,469,2276,1038,2791
48453001854,2011,4493,29.9,2306,1270,71,1576,51184,694,133700,1210,228,1474,1564
48453001855,2011,13145,31.2,6789,3139,1762,2992,72782,1509,180600,3245,946,1157,4337
48453001856,2011,5332,33.0,3023,910,497,1858,82500,487,166700,1443,171,898,1862
48453001857,2011,4841,34.3,2983,626,504,1500,73156,198,158500,1259,598,1307,2106
48453001858,2011,14265,32.5,10974,1052,665,2778,101335,288,194300,4316,222,1790,4805
48453001859,2011,1080,34.9,1019,0,61,37,93401,0,230600,247,86,1044,362
48453001860,2011,4055,30.9,2598,917,181,1526,45572,899,120300,548,952,1089,1722
48453001861,2011,4431,36.2,2649,677,451,1299,80553,57,139300,1323,209,1654,1587
48453001862,2011,5549,30.8,2964,1293,685,1121,77938,290,171900,1111,712,988,2014
48453001863,2011,3603,28.1,1846,1019,312,1289,30708,852,176700,28,1912,760,2162
48453001864,2011,2817,28.7,1781,658,174,628,44797,458,126700,224,1236,1000,1796
48453001914,2011,5917,37.1,5238,0,409,574,83995,63,333300,1606,1174,1147,2875
48453001915,2011,1806,36.7,1645,27,101,389,51887,43,196700,237,596,1094,833
48453001916,2011,3484,37.3,2957,14,288,178,176948,137,608800,935,0,,1000
48453001917,2011,4618,43.5,4156,0,436,165,152981,80,456800,1643,75,1784,1718
48453001918,2011,2413,46.1,2178,0,92,171,150850,157,639800,884,25,,994
48453001919,2011,3802,45.1,3534,38,72,187,147076,58,581700,1255,156,1593,1465
48453002207,2011,7954,31.6,3421,2335,221,4155,55580,1063,117700,2051,415,1059,2677
48453002208,2011,6728,29.4,3577,1184,0,4347,36557,2136,70300,984,721,1029,1882
48453002209,2011,7320,29.4,4370,1601,99,3066,52500,506,131300,1903,373,1344,2570
48453002210,2011,3055,31.1,2311,31,29,1351,52438,503,90500,831,142,889,1109
48453002211,2011,1455,33.3,761,347,0,951,48487,418,143700,452,113,644,597
48453002212,2011,712,29.4,399,123,0,350,61667,0,126600,223,5,,228
48453002317,2011,4715,21.5,1884,954,452,2285,17150,3102,72900,182,1466,899,1754
48453002318,2011,5714,23.1,2681,561,416,3571,29316,2549,112200,697,1422,799,2426
48453002319,2011,642,30.0,464,168,0,341,,12,,0,0,,0
48453002425,2011,2972,29.1,1786,392,27,1597,70852,132,193500,796,412,1094,1208
48453002426,2011,6643,27.1,2790,778,205,4402,54000,1373,129300,1572,496,1294,2160
48453002427,2011,7173,28.7,3228,312,33,5627,40525,1581,103800,1318,1012,847,2446
48453002428,2011,5277,38.0,3473,196,305,1950,53636,966,252400,1361,1023,1028,2468
48453002429,2011,562,26.1,386,15,0,192,33539,150,158500,71,248,939,361
48453002430,2011,3359,30.7,1954,236,0,2255,38690,605,87700,778,265,1021,1043
48453002409,2011,3373,33.7,2203,40,53,2300,49653,547,128300,779,508,1148,1299
48453002410,2011,3746,29.3,2745,103,118,1914,38157,854,132700,361,1246,843,1741
48453002419,2011,3912,26.7,1850,495,56,2478,29328,1218,129700,26,1922,802,2132
48453002421,2011,6325,28.1,4477,704,191,2198,52652,1228,155100,1056,1803,1056,2964
48453000803,2011,1953,39.3,1115,564,0,464,47843,477,178000,515,358,874,1102
48453001200,2011,3632,35.0,3182,20,284,431,60667,499,413600,625,1591,1355,2605
48453001503,2011,3862,32.7,3156,201,47,1282,43816,711,200700,663,1117,752,1927
48453001602,2011,3234,31.0,2358,56,560,490,50326,329,491700,493,1101,757,1796
48453001712,2011,3703,42.0,3276,148,0,1066,45000,446,214400,887,1043,902,2008
48453001746,2011,3990,34.0,3518,53,106,1359,66180,176,181700,1021,652,845,1721
48453001749,2011,5659,30.3,4361,280,738,871,53819,618,196600,740,2029,1015,3113
48453001751,2011,1953,50.2,1817,28,36,125,106556,25,389700,845,76,1614,989
48453001813,2011,6538,27.1,4174,464,95,4884,34361,1748,129400,785,1401,754,2311
48453001829,2011,2699,27.7,2101,173,199,408,46771,238,170400,286,1179,897,1568
48453001842,2011,7342,28.5,4657,696,309,3624,62524,1360,140500,1591,753,1111,2429
48453001844,2011,3454,32.4,1820,778,254,880,51134,412,136100,495,1039,898,1675
48453001912,2011,3943,42.6,3541,53,330,227,153750,225,874000,1197,249,1583,1592
48453002105,2011,5310,26.2,3221,677,196,3453,25542,2410,195800,298,1728,788,2353
48453002109,2011,3171,38.6,961,1754,35,867,32125,565,120400,838,687,896,1757
48453002308,2011,5603,25.1,4224,336,131,2420,36197,1729,236300,556,1705,859,2571
48453002313,2011,4495,27.1,1754,559,315,2408,32860,749,135000,214,1961,800,2284
48453001716,2011,4843,42.4,4535,0,194,694,127600,103,393800,1427,823,1163,2329
48453001754,2011,4587,37.6,3607,277,181,851,55737,491,231300,1011,1230,876,2433
48453001769,2011,5249,38.6,4587,2,325,1012,78491,275,199500,1769,365,1102,2286
48453001817,2011,3687,37.5,2943,149,312,470,42500,253,194600,988,1014,853,2296
48453001826,2011,2059,27.6,1119,421,386,469,53908,313,212000,226,739,968,1179
48453001848,2011,4532,30.0,2640,561,801,982,50375,575,214500,696,1190,935,2028
48453001910,2011,3970,46.5,3437,29,279,376,88447,212,541700,998,887,1274,1919
48453001911,2011,2964,28.9,2686,74,77,474,54833,296,279800,253,1547,1097,1973
48453002005,2011,4522,28.9,3224,250,44,2151,37222,1267,209300,397,1775,909,2489
48453000901,2011,1860,27.7,1045,380,74,677,37188,473,167500,300,446,1071,864
48453000402,2011,2471,33.9,1656,560,98,497,36085,430,186200,486,793,801,1385
48453000601,2011,9381,19.5,6366,559,1620,1769,8683,1233,,0,624,1269,747
48453001303,2011,2358,40.2,2119,59,34,265,75893,262,389900,762,498,876,1566
48453001304,2011,3790,34.0,3434,7,75,638,59750,397,330200,915,1138,1027,2111
48453001501,2011,4850,41.8,4640,22,61,567,65639,377,308200,1651,636,977,2339
48453001713,2011,3895,36.6,3144,57,36,1044,44386,376,170800,1037,685,953,1754
48453001729,2011,4666,34.5,3853,88,79,1493,65150,307,161200,1255,790,1110,2210
48453001733,2011,3321,45.1,3180,65,38,579,116458,116,328900,1090,120,1026,1228
48453002314,2011,5256,24.5,2509,578,409,2818,29854,1886,79600,48,2211,843,2558
48453002411,2011,6089,26.2,1914,495,7,5300,33750,2223,105600,584,1050,947,1672
48453001603,2011,4448,37.0,4273,70,74,194,130850,108,581500,1337,408,1677,1878
48453001605,2011,3817,34.4,3522,25,18,504,71594,579,617700,895,904,1085,2236
48453001706,2011,3570,35.9,3155,94,160,289,74762,226,312200,1057,673,958,1881
48453001738,2011,6676,42.0,6156,101,210,1095,97686,266,233500,2272,385,1556,2699
48453001757,2011,1975,42.3,1739,25,169,125,122762,74,383000,665,262,1214,948
48453001819,2011,4856,25.6,1631,698,242,3391,33750,1564,151200,192,1231,784,1512
48453001846,2011,2494,42.8,2208,47,122,434,104318,173,214900,962,52,2001,1014
48453001764,2011,5557,46.8,5287,0,35,447,95221,280,314500,2118,214,1363,2801
48453001742,2011,5108,36.1,3645,0,235,1433,81605,673,235200,1430,388,1400,2016
48453001761,2011,6820,38.7,5632,192,667,394,124943,141,627700,1753,961,1061,3020
48453001768,2011,5368,42.6,4950,82,58,495,95288,396,310800,1646,540,1160,2417
48453001806,2011,6486,27.6,3894,742,9,4668,28242,2083,116700,594,1785,677,2784
48453001811,2011,3032,30.5,2097,587,10,1905,34196,1284,129500,399,716,636,1356
48453001824,2011,1817,35.7,1155,120,55,494,54479,188,170000,491,320,953,831
48453001833,2011,7388,30.9,3380,1515,377,3661,45324,1951,141900,1095,1281,893,2563
48453002431,2011,6844,30.2,3454,535,3,5005,50408,1145,124700,1550,591,995,2291
48453002432,2011,2121,33.4,1355,95,0,1414,41623,447,104900,346,292,689,726
48453002433,2011,5409,30.7,2960,902,130,2826,61107,500,120000,1467,87,1506,1705
48453002434,2011,1616,35.5,1075,34,0,841,61950,119,107600,388,123,1259,537
48453002435,2011,6466,29.6,2897,608,115,4127,44250,1309,110200,1426,438,1389,2104
48453002436,2011,2007,38.8,1378,0,0,1063,41250,149,114300,602,70,1163,940
48453002500,2011,5153,35.7,4209,212,363,604,56563,479,286400,1053,1703,1022,2849
48453980000,2011,19,41.8,15,4,0,8,,0,,0,0,,0
48453001781,2011,2272,44.8,2026,0,117,157,81803,139,321900,767,196,865,1025
48453002202,2011,8714,25.1,3028,3253,0,5134,33721,3062,111400,869,1393,969,2550
48453001835,2011,5213,30.8,2583,857,227,2955,50254,1137,113800,1106,681,972,1974
48453001840,2011,8435,28.3,4287,1363,797,3766,52065,1222,130800,1746,866,1199,2799
48453001850,2011,4303,29.1,2224,449,409,1707,41346,650,125500,293,1741,946,2210
48453001853,2011,3110,35.7,2042,328,345,628,81721,131,165600,1105,215,1137,1344
48453002003,2011,3878,33.6,2565,181,10,2374,44167,1231,130500,650,742,800,1542
48453002107,2011,4122,31.2,2045,1577,0,1715,41746,1183,146700,685,726,835,1611
48453001745,2011,2491,41.1,2071,183,61,300,76302,238,251900,711,346,1079,1090
48453001747,2011,5196,32.3,3921,437,155,1792,58717,766,179000,987,1002,1047,2106
48453001748,2011,4892,32.0,4330,52,122,1665,74018,192,215000,1334,634,1098,2073
48453001750,2011,5124,28.9,3883,121,237,1558,56199,939,211100,708,1778,976,2705
48453001812,2011,7381,28.7,4813,1156,43,5195,26525,2614,108800,290,2565,733,3257
48453001822,2011,6809,28.2,2707,1062,209,4071,31731,2056,130200,553,1692,819,2544
48453001849,2011,5651,28.6,2863,602,1333,1044,52158,355,,35,3171,921,3539
48453000203,2011,1373,23.8,1118,15,140,178,39225,519,,0,733,1561,827
48453000802,2011,3127,29.1,1121,1346,114,1231,21044,1418,161100,383,758,475,1255
48453001740,2011,4098,34.0,3330,132,295,1054,78897,299,243800,1000,667,1139,1699
48453001839,2011,6200,33.5,2882,935,1815,1274,56479,333,151900,1372,1442,870,3161
48453002307,2011,5567,26.7,3448,220,140,3265,33787,1560,132100,401,1937,841,2618
48453002310,2011,2624,28.6,915,218,13,2151,22568,1312,45300,396,449,833,975
48453001741,2011,3615,46.4,3130,0,53,589,76964,288,292900,1298,264,1238,1768
48453002112,2011,4836,25.9,2852,1434,15,2240,35423,1462,142700,512,1175,819,1968
48453002106,2011,3373,34.1,2385,499,247,1159,57234,643,188700,791,342,695,1190
48453002316,2011,5856,26.7,1994,468,56,4592,21993,3002,,13,2188,745,2538
48453001804,2011,5885,31.6,4207,360,567,3481,34119,1762,154400,569,1950,755,2753
48453001834,2011,7687,29.4,3467,1354,992,2374,54041,678,171200,1408,2112,894,3909
48453002402,2011,6165,33.2,4616,371,159,2939,42323,1181,143500,1090,1852,1021,3253
48453002423,2011,5753,32.7,4704,150,219,3223,59972,613,140700,1409,627,1146,2115
48453001901,2011,5550,36.9,5169,113,33,781,60768,256,403400,1324,1671,960,3126
48453002004,2011,2117,31.8,1640,40,50,743,33592,163,297900,121,1147,831,1559
48453002108,2011,3814,29.1,1553,1950,0,1639,31853,1127,137200,476,865,727,1454
48453002412,2011,5508,27.6,1990,139,20,5042,49766,1037,97200,1015,341,1125,1450
48453002422,2011,5270,30.9,3700,264,90,3002,36486,1280,155500,864,1417,895,2354
48453000603,2011,7128,20.9,5151,174,1492,1055,6328,5572,142300,214,2397,1247,2764
48453000804,2011,2528,27.4,1432,558,17,1068,29410,923,204700,386,599,511,1031
48453001100,2011,3800,36.1,3060,395,172,462,82136,608,327800,789,1475,1752,2939
48453002110,2011,4451,27.3,1644,1237,27,2819,31558,1555,124500,632,766,872,1516
48453002315,2011,3336,27.5,1204,322,22,2272,28551,1217,148400,135,1229,766,1622
48453001308,2011,2731,31.6,2313,116,0,1309,46927,537,253400,467,724,762,1452
48453001821,2011,5312,30.5,2829,457,158,3039,44258,1069,140500,934,872,946,1962
48453001823,2011,6300,26.7,3322,652,83,4769,31387,1658,110000,635,1427,811,2314
48453001828,2011,3656,40.4,3278,47,18,564,92500,276,188200,1224,318,1179,1714
48453001841,2011,16730,31.5,9339,2712,2607,5615,72536,2202,157800,3828,1182,1109,5236
48453001843,2011,2280,35.7,1490,156,110,781,77528,147,149300,733,228,1144,961
48453001847,2011,7293,30.0,4096,1111,1511,1923,70015,916,192900,1785,1068,1051,3042
48453001908,2011,7791,34.8,6371,88,550,1949,79340,921,518800,1826,1500,1072,3682
48453002201,2011,1783,31.1,499,1020,0,689,40827,454,105300,395,192,882,623
48453000102,2011,2526,48.1,2483,13,0,172,145324,132,645300,1004,73,1117,1161
48453000302,2011,5411,28.0,4368,140,521,652,34657,1503,357300,880,2119,814,3138
48453000401,2011,3236,25.5,2720,161,229,387,36417,819,303900,571,1001,882,1884
48453000902,2011,5348,30.8,3615,153,23,4045,34264,2287,166300,820,1013,680,1937
48453001305,2011,5551,31.5,4447,345,80,2112,45808,1657,334600,1272,1438,867,2942
48453001307,2011,3780,31.1,2794,266,48,1449,41071,628,267400,600,1244,805,1914
48453001401,2011,2913,32.9,2501,20,86,449,70813,259,395100,566,975,1108,1875
48453001403,2011,1315,37.5,883,29,0,520,39570,142,275400,233,524,762,814
48453001504,2011,4644,38.3,3925,108,284,676,61157,502,230300,1262,928,953,2236
48453001505,2011,4220,37.2,3995,37,52,654,50357,509,243600,1313,917,828,2245
48453001604,2011,3855,46.8,3663,0,27,131,127670,274,729900,1430,217,1202,1827
48453001714,2011,11986,37.2,9063,501,1676,1423,90908,278,359200,2609,2218,1019,5147
48453001718,2011,5440,38.0,4657,3,657,336,75320,452,357200,1481,1350,1070,3000
48453001728,2011,6516,35.8,5753,295,77,1806,64313,657,176300,1782,991,1177,3003
48453002403,2011,3209,29.4,2007,71,140,1969,45214,258,143400,639,489,870,1184
48453002407,2011,4247,37.8,3666,98,162,1298,82553,197,210000,1243,352,1128,1680
48453002413,2011,4355,22.2,1513,595,3,3497,31841,1587,100600,347,820,938,1272
48453002424,2011,3212,39.4,2551,136,11,1517,44225,503,137600,667,673,877,1506
48453000204,2011,2994,29.4,2588,115,199,142,59643,505,371100,609,981,890,1729
48453001000,2011,3751,36.5,2550,95,131,2636,40371,569,185700,794,711,827,1699
48453001402,2011,2701,33.2,2466,84,0,566,50000,440,376600,634,820,905,1500
48453001705,2011,4594,43.4,4268,100,190,370,108958,163,465700,1392,649,1223,2233
48453001722,2011,4187,30.1,3236,95,512,506,46316,295,364400,277,2439,869,2791
48453001752,2011,3757,26.4,2223,212,1077,474,32466,1089,148600,130,2152,811,2540
48453001756,2011,4020,41.5,3150,75,536,199,79966,203,233800,1303,394,1141,1726
48453001765,2011,14221,33.4,12308,273,873,1982,97560,826,332700,3528,1735,1073,5793
48453001766,2011,7102,37.8,6255,40,63,1133,49821,721,149200,2043,541,870,2873
48453000101,2011,3801,40.2,3607,23,27,348,78424,488,336100,1114,711,1293,1912
48453000500,2011,4547,26.4,3843,38,496,571,30764,1708,404100,535,2001,894,2775
48453000604,2011,5032,20.9,3913,74,745,468,10491,2948,229900,135,1639,1062,2052
48453000700,2011,1157,27.5,1004,2,143,86,33542,485,292400,200,516,990,926
48453000801,2011,1394,39.1,844,168,4,1026,38021,172,148300,360,140,647,588
48453001606,2011,584,41.4,499,76,0,122,,293,,0,0,,0
48453001707,2011,5221,39.3,4113,56,270,1133,71803,785,313500,1331,1125,936,2528
48453001719,2011,3830,49.0,3505,37,185,299,149700,57,493800,1548,82,2000,1675
48453001737,2011,10085,35.5,8311,88,973,1893,109366,243,273300,3116,775,1196,3899
48453001753,2011,1182,26.6,834,14,146,183,59531,156,,0,821,965,821
48453000304,2011,3349,24.5,2761,60,199,358,39211,1085,287400,333,1121,811,1585
48453000205,2011,3158,38.2,2727,143,106,533,40556,365,254100,603,1453,741,2092
48453000206,2011,3246,36.6,3046,79,64,371,60775,199,334800,780,820,922,1692
48453000305,2011,3064,29.8,2797,0,165,345,36615,598,317800,362,1528,833,1992
48453000306,2011,1830,33.2,1056,369,47,660,58333,335,353400,277,521,799,915
48453000307,2011,1664,36.2,1361,71,0,599,60625,326,291100,411,410,879,906
48453001770,2011,11279,35.1,9386,265,752,1838,138172,204,356400,3316,235,1942,3706
48453001771,2011,3977,47.6,3775,0,0,290,92083,146,368200,1526,112,1579,1905
48453001772,2011,2763,30.5,1764,311,23,1175,91667,3,176100,866,70,1750,1020
48453001773,2011,5388,44.8,4968,37,199,437,114886,258,479200,1621,464,1167,2271
48453001755,2011,5813,40.3,3857,19,1663,343,157250,129,412000,1828,114,1286,1990
48453001760,2011,14133,33.2,11596,221,1508,1199,123581,561,370600,3590,867,1481,5007
48453001805,2011,4547,29.6,2041,551,113,2738,33700,1152,119100,513,1193,593,1925
48453001818,2011,5593,30.5,3642,73,92,3062,47835,1869,192500,997,1135,845,2324
48453001820,2011,6864,27.8,2594,860,182,4515,29726,2507,133700,517,2070,692,3192
48453001832,2011,3069,34.6,2567,337,32,1315,48031,443,153200,498,671,773,1257
48453001845,2011,3209,33.5,2351,212,341,908,60370,543,171900,850,544,938,1534
48453001851,2011,8443,30.6,5400,970,1123,2142,54229,915,173900,1600,2243,909,4124
48453001913,2011,4801,42.7,4511,8,219,126,227875,147,863800,1511,92,1304,1803
48453002002,2011,2769,35.0,2266,47,0,861,64115,230,181400,715,598,998,1403
48453002104,2011,3117,35.1,2500,475,48,1001,62566,651,208400,725,497,969,1281
48453002113,2011,3635,36.5,2179,1035,0,1279,52434,774,154300,1028,348,867,1443
48453002312,2011,6409,26.2,3011,581,1,5196,32215,2301,101200,855,1247,821,2193
48453002111,2011,4365,32.4,2410,649,12,2988,30220,1810,114000,838,753,727,1787
48453002304,2011,4270,28.2,1509,178,118,3448,34614,1420,136600,79,1344,841,1868
48453001774,2011,7651,32.6,6344,156,236,1892,96340,233,214700,2383,387,1742,3038
48453001775,2011,4293,38.8,3612,38,334,659,110191,80,320500,1403,8,2001,1499
48453001776,2011,2387,37.0,1945,232,0,460,77773,231,155000,892,156,1326,1164
48453001777,2011,5561,32.5,4240,670,142,1469,65218,424,173800,1388,854,1090,2474
48453001778,2011,3582,45.1,3414,0,75,328,83000,285,368800,1080,424,1288,1677
48453001779,2011,5984,48.6,5754,100,0,243,73939,115,202500,2140,371,1008,3131
48453001780,2011,4115,48.9,3920,37,65,325,57583,304,214400,1524,323,1048,2428
48453001839,2012,6283,33.3,3375,932,1570,1411,58655,594,155900,1344,1511,913,3301
48453002307,2012,5556,28.7,3589,316,134,3027,32891,1469,132000,368,2125,865,2683
48453002310,2012,2879,26.8,1374,225,8,2294,24776,1425,37700,442,463,814,994
48453001741,2012,3725,44.4,3146,0,205,787,83342,378,291000,1257,302,1133,1760
48453002112,2012,5101,26.2,3238,1417,23,2371,36003,1634,142700,586,1157,807,1939
48453002106,2012,3343,33.5,2364,472,260,1270,55590,650,194500,764,372,822,1210
48453002316,2012,5766,28.1,2997,230,78,4426,25654,2410,,7,2167,779,2497
48453001804,2012,5946,32.1,3733,500,779,3309,33223,1632,147700,542,1931,763,2707
48453001834,2012,8084,30.3,3753,1444,1237,2452,55649,819,174500,1499,2117,943,3889
48453001745,2012,2540,41.1,2139,138,71,249,89427,196,253000,766,313,1084,1090
48453001747,2012,5376,32.1,4112,545,99,1925,57361,871,177700,1017,1009,1064,2117
48453001748,2012,5545,32.1,4898,141,110,1624,78783,188,213800,1352,773,1112,2218
48453001750,2012,4919,30.8,4234,84,148,1293,60395,801,219500,785,1729,984,2717
48453001812,2012,7332,29.1,4634,1316,84,5056,26244,2812,119100,335,2582,735,3259
48453001822,2012,7121,29.0,3294,977,281,4612,32002,2143,141600,567,1700,825,2525
48453001849,2012,5639,28.9,3143,810,1019,955,53986,344,,0,3308,929,3660
48453000203,2012,1541,25.7,1299,50,92,207,44083,414,,0,737,1552,843
48453000802,2012,3397,25.3,1295,1452,59,1486,23023,1757,174600,347,819,498,1274
48453001740,2012,4370,33.0,3540,128,251,1132,76906,418,244000,995,706,1308,1758
48453001782,2012,5367,40.4,3741,148,1204,819,113333,602,372600,1442,274,1163,1807
48453001783,2012,5493,40.8,5206,0,191,460,105250,127,353300,1726,297,1516,2071
48453001784,2012,5624,36.9,4656,0,844,465,153056,78,482900,1363,317,2001,1757
48453001785,2012,4147,30.7,2635,496,680,909,54116,596,180900,451,1795,886,2316
48453001786,2012,5213,30.0,3774,75,1087,569,56141,530,154700,443,2136,1113,2770
48453001854,2012,4387,29.7,2332,1103,69,1834,51694,800,131600,1194,195,1442,1508
48453001855,2012,14195,31.3,9069,3115,1042,3383,73557,1509,179200,3629,895,1198,4650
48453001856,2012,5901,33.6,3316,1354,488,2189,75066,575,168800,1670,169,910,2057
48453001857,2012,5417,34.3,3860,587,614,1761,64763,270,158400,1249,695,1247,2215
48453001858,2012,15083,33.7,11203,1594,1178,2829,97938,307,191300,4632,224,1709,5084
48453001859,2012,1238,34.9,1042,0,77,219,92344,11,189300,274,115,1043,447
48453001860,2012,4014,33.4,2705,869,173,1577,47862,839,118500,622,943,1096,1717
48453001861,2012,4536,36.6,3282,628,216,1405,74292,283,134100,1310,216,1646,1615
48453001862,2012,5685,33.1,3268,1176,627,1244,84947,399,172500,1210,698,978,2123
48453001863,2012,4075,29.0,2128,1117,323,1568,30596,1051,140600,70,1859,787,2140
48453001864,2012,2932,30.1,2006,490,208,772,46135,390,135600,253,1290,1022,1754
48453001914,2012,6150,35.5,5494,31,363,655,85792,106,348900,1555,1194,1154,2856
48453001915,2012,2052,33.0,1893,22,85,603,52356,58,187700,250,549,1104,829
48453001916,2012,3387,38.4,2821,13,300,228,180987,170,613500,927,0,,1006
48453001917,2012,4623,45.2,4010,0,578,275,156149,104,455800,1736,30,,1778
48453001919,2012,3827,43.3,3545,44,80,172,148333,68,594800,1266,138,1339,1447
48453002207,2012,8123,31.6,4127,2469,39,4289,51103,1400,117300,1946,584,1063,2799
48453002208,2012,7081,26.7,4133,1612,0,4428,35757,2731,77500,995,734,1089,1861
48453002209,2012,7255,30.1,4483,1629,21,2956,50954,809,123000,1832,546,1325,2663
48453002210,2012,3185,31.0,2587,32,0,1710,49949,719,89100,828,149,950,1108
48453002211,2012,2051,31.3,1291,480,0,1340,44795,458,139900,534,88,626,659
48453002212,2012,655,27.9,285,119,0,401,56953,0,125500,174,15,,189
48453002317,2012,4971,21.5,2196,1140,508,2064,16073,3520,110900,108,1551,862,1836
48453002318,2012,7541,22.3,4147,717,901,4502,29112,4014,116100,626,1913,882,2770
48453002319,2012,960,30.9,698,208,0,516,,8,,0,0,,0
48453002425,2012,2747,31.9,1988,74,155,1578,71848,101,187300,627,465,1112,1146
48453002426,2012,7066,28.6,3313,646,210,4824,54159,1719,126200,1563,616,1296,2283
48453002427,2012,7788,29.5,4049,298,16,6517,41199,2155,89300,1422,874,866,2433
48453002428,2012,6112,33.9,4181,287,443,2369,54575,994,239200,1430,1175,1060,2696
48453002429,2012,670,30.7,475,32,13,177,37460,130,172500,102,271,957,414
48453002430,2012,3397,29.1,1984,137,0,2414,41619,588,100900,744,224,1007,991
48453002110,2012,4411,27.4,1762,1374,6,2642,31589,1449,120500,642,735,877,1515
48453002315,2012,3265,27.9,1306,347,18,2323,30642,1280,140600,155,1131,794,1581
48453001918,2012,2350,46.2,1990,0,74,286,148654,207,718900,760,88,2001,958
48453002431,2012,6960,30.1,4392,613,0,5013,59398,988,122200,1549,581,1106,2336
48453002432,2012,2023,33.6,1457,111,0,1318,37500,519,114300,386,232,688,725
48453002433,2012,5586,30.3,3363,805,135,2906,59906,614,113900,1469,116,1556,1798
48453002434,2012,1739,38.1,1418,53,0,777,56677,276,105900,403,150,1271,580
48453002435,2012,6705,32.3,3401,689,80,4226,46033,1238,108900,1426,552,1338,2249
48453002436,2012,2250,38.1,1706,0,0,1419,45714,316,128400,567,149,956,986
48453002500,2012,5450,35.1,4507,180,510,732,59392,699,297600,1042,1747,1087,2874
48453980000,2012,198,45.2,131,48,0,78,,0,,0,0,,0
48453002409,2012,3191,36.5,2671,110,27,1902,48164,548,141600,823,466,1163,1296
48453002410,2012,3862,28.7,2998,185,108,1945,34758,1029,137000,394,1256,853,1726
48453002419,2012,4071,26.5,2193,610,29,2496,29115,1233,,10,1911,839,2085
48453002421,2012,6903,28.6,5120,669,284,2494,55881,991,157500,1097,2031,1072,3270
48453000803,2012,2162,35.9,1279,631,38,534,50114,460,190100,515,426,898,1103
48453001200,2012,4232,33.2,3606,122,389,456,62338,535,422500,752,1741,1503,2847
48453001503,2012,3858,33.0,3184,261,31,1183,45398,718,209700,627,1088,850,1931
48453001602,2012,3110,32.5,2336,77,514,413,51778,384,516300,547,1027,766,1781
48453001712,2012,3942,40.4,3571,127,0,1264,46091,588,222100,869,1087,948,1993
48453001746,2012,4061,34.1,3618,95,88,1276,60953,284,188100,958,765,889,1772
48453001749,2012,5710,30.1,4352,254,929,869,54531,613,207400,776,1901,1077,3126
48453001751,2012,1946,50.0,1767,95,17,116,106919,51,413700,791,85,1586,983
48453001813,2012,6570,27.1,4139,505,123,4858,32774,1924,122700,813,1318,778,2271
48453001829,2012,2703,28.9,2096,126,220,512,54308,156,177100,308,1165,921,1539
48453001842,2012,7860,28.6,5109,718,558,3940,58382,1570,139700,1631,815,1119,2514
48453001844,2012,3577,32.3,2182,749,175,1072,45441,629,141000,497,1027,921,1648
48453001912,2012,3919,44.4,3428,58,387,218,144563,309,905400,1184,255,1551,1614
48453002105,2012,5334,28.3,3581,624,194,3344,26639,2075,209300,421,1698,773,2369
48453002109,2012,3423,38.6,1124,1980,45,886,34421,743,119000,821,724,916,1731
48453002308,2012,5820,24.1,4631,370,102,2489,37456,1912,240200,551,1770,897,2651
48453002313,2012,4652,27.3,2094,611,219,2448,32965,1057,156700,262,1879,848,2258
48453001716,2012,4783,39.7,4421,0,198,611,111950,109,419200,1371,894,1181,2441
48453001754,2012,4542,37.9,3768,242,99,976,59464,509,244000,974,1253,867,2422
48453001769,2012,5262,40.2,4506,2,399,1048,76132,293,199200,1820,377,1124,2305
48453001817,2012,3654,39.5,2862,183,309,498,46623,342,207000,961,1055,819,2276
48453001826,2012,2142,28.6,1080,434,429,546,60231,278,207800,212,761,1033,1190
48453001848,2012,4787,31.3,2819,612,798,1221,51201,501,217100,742,1175,1031,2025
48453001910,2012,4281,44.4,3669,20,432,388,103750,92,584300,1003,863,1312,1925
48453001911,2012,3009,29.2,2633,59,80,583,55526,336,265700,232,1590,1122,1971
48453002005,2012,4771,28.5,3816,183,41,2406,39583,1518,216000,442,1764,913,2534
48453000901,2012,1984,27.4,1364,281,35,816,40556,334,156700,322,490,1231,928
48453000402,2012,2706,32.1,1814,552,114,467,37692,512,214200,459,907,889,1429
48453000601,2012,9310,19.5,6407,577,1530,2030,6458,980,,0,523,1340,629
48453001303,2012,2503,38.8,2348,43,37,271,82560,309,410800,822,554,922,1658
48453001304,2012,3681,32.6,3347,15,85,526,57083,397,335200,931,1110,1087,2110
48453001501,2012,4688,42.2,4433,30,59,668,66295,235,324200,1632,573,1032,2303
48453001713,2012,3839,36.7,3423,133,20,838,50643,250,174900,1072,685,942,1796
48453001729,2012,4728,34.0,3989,93,132,1395,70222,249,163100,1211,892,1154,2220
48453001733,2012,3580,40.5,3462,79,36,520,118656,180,334300,1153,126,1049,1279
48453002314,2012,4781,26.1,2561,533,287,2524,28689,1622,139200,85,2093,846,2532
48453002411,2012,6143,26.3,2306,716,9,5061,36168,1970,107000,590,1033,986,1706
48453001603,2012,4579,37.2,4338,90,82,228,121622,144,635900,1381,332,1738,1877
48453001605,2012,3652,34.8,3373,30,52,473,80393,546,661300,915,886,1109,2216
48453001706,2012,3564,39.5,3119,107,202,296,63534,246,311300,1066,709,974,1900
48453001738,2012,6685,41.8,6299,17,197,1088,98591,327,238900,2263,417,1604,2737
48453001757,2012,1901,46.9,1617,73,157,122,106042,72,391900,625,299,1134,966
48453001819,2012,4903,26.8,1745,711,256,3450,29093,1849,153900,172,1214,827,1483
48453001846,2012,2433,41.5,2169,41,116,393,94205,292,210700,970,68,2001,1038
48453001764,2012,5591,46.6,5240,0,104,511,85721,360,315700,2067,284,1125,2987
48453001742,2012,5977,35.0,5067,0,243,2066,73068,889,241800,1566,501,1361,2253
48453001761,2012,6822,40.0,5932,0,478,434,126476,360,639800,1783,1052,1066,3136
48453001768,2012,5547,42.8,5141,82,121,474,97197,228,324400,1746,586,1210,2569
48453001806,2012,6210,27.6,3601,924,7,4300,26936,2207,116100,531,1644,708,2675
48453001811,2012,3272,30.4,1913,640,17,2176,34112,1436,129700,381,776,657,1381
48453001824,2012,1794,37.1,1262,37,52,456,51548,172,169500,484,316,955,832
48453001833,2012,8036,32.9,4222,1288,301,4743,49390,2050,136300,1291,1084,950,2563
48453002202,2012,9298,24.4,4270,3269,0,5821,30032,3659,107600,961,1331,998,2623
48453001835,2012,5278,30.5,2867,712,210,3175,45918,1554,115400,1058,711,1059,2057
48453001840,2012,8848,29.7,4984,1486,1078,3813,53161,1097,129400,1771,1030,1161,2936
48453001850,2012,4284,29.5,2213,549,511,1354,39048,706,134100,275,1805,933,2230
48453001853,2012,2985,35.9,2050,279,245,598,84028,135,167700,1147,144,1142,1317
48453002003,2012,3621,36.5,2925,181,24,1968,43887,1005,141400,665,720,780,1531
48453002107,2012,4348,30.1,2510,1374,0,1884,40759,1286,156300,683,713,905,1573
48453002403,2012,2533,30.7,2089,133,45,1167,44493,247,145800,585,489,1043,1163
48453002407,2012,4890,37.1,4149,146,207,1730,78554,187,208100,1401,443,1168,1922
48453002413,2012,4828,22.3,2017,537,2,3969,29968,2003,104000,348,856,970,1295
48453002424,2012,3455,34.9,3016,139,14,1680,44401,748,145700,677,679,910,1502
48453000204,2012,2975,29.6,2637,68,190,196,48494,437,377200,640,919,931,1726
48453001000,2012,3577,37.2,2487,144,174,2362,29286,858,251400,686,792,665,1684
48453001402,2012,2721,31.3,2466,117,0,603,56016,476,368000,555,813,981,1483
48453001705,2012,4487,45.7,4214,87,144,373,104375,123,443300,1390,648,1209,2231
48453001722,2012,3943,31.4,2999,193,475,500,49609,222,377800,271,2286,890,2739
48453001752,2012,3834,26.4,2181,243,1116,530,31126,1012,143800,108,2090,827,2471
48453001756,2012,4025,41.3,3014,107,682,271,78011,194,238600,1188,568,1200,1756
48453001765,2012,13069,35.1,11441,375,755,1631,105033,828,344100,3323,1593,1090,5238
48453001766,2012,7465,43.9,6722,69,38,1258,52708,791,180800,2192,573,848,3024
48453000101,2012,3678,41.4,3495,25,15,358,68939,362,341000,1085,709,1297,1924
48453000500,2012,4666,26.2,3913,54,485,686,32472,1647,402200,569,1884,900,2661
48453000604,2012,5468,20.9,4431,66,678,531,9413,3044,217800,100,1624,1145,2043
48453000700,2012,1241,27.2,1127,1,109,207,39018,436,317100,226,498,991,903
48453000801,2012,1496,38.6,952,138,0,1091,40536,198,157700,346,205,764,615
48453001606,2012,434,49.9,378,44,0,84,,307,,0,0,,0
48453001707,2012,4715,41.9,4023,85,304,553,70889,377,314500,1343,1034,951,2493
48453001719,2012,3745,47.2,3455,37,130,425,136992,88,494700,1505,136,1775,1679
48453001737,2012,10401,36.3,8782,91,952,1737,111003,246,277200,3080,833,1229,3948
48453001753,2012,1131,30.0,891,46,68,244,59022,117,,0,773,992,821
48453001755,2012,5833,40.9,3725,21,1814,285,163451,135,430700,1810,175,1407,2006
48453001760,2012,15069,33.5,12282,273,1653,1324,125997,483,379800,3710,1006,1525,5306
48453001805,2012,4669,28.1,2277,662,52,2886,33295,1186,120100,465,1176,695,1875
48453001818,2012,5580,33.3,3710,73,106,2727,50108,1958,211700,1001,1092,869,2318
48453001820,2012,7263,27.6,3260,817,82,4777,31971,2914,130300,530,2089,715,3194
48453001832,2012,2990,35.4,2085,739,28,899,44184,591,158300,490,682,867,1262
48453001845,2012,3220,34.3,2342,322,291,970,62625,605,180100,827,555,962,1536
48453001851,2012,8812,31.0,6104,911,1050,1988,53299,985,177600,1525,2363,895,4141
48453001913,2012,4910,41.7,4435,0,415,198,209479,142,835600,1511,158,1473,1866
48453002002,2012,2781,36.1,2478,43,0,823,68750,157,202300,723,583,1015,1396
48453002104,2012,3108,34.3,2503,465,40,1159,57500,594,213400,693,511,938,1279
48453002113,2012,3574,35.0,2294,993,0,1392,58393,598,165200,973,319,894,1422
48453002312,2012,6346,25.6,3387,603,1,5092,29500,2573,88700,895,1179,843,2228
48453002111,2012,4290,32.8,2662,645,26,2804,32978,1593,126800,768,760,793,1760
48453002304,2012,4015,29.7,1875,137,90,2963,34786,1352,126300,58,1386,852,1720
48453000304,2012,3208,24.8,2727,73,186,483,41229,1076,289000,401,1065,853,1590
48453000205,2012,3379,35.5,2884,128,182,404,44375,576,289200,712,1296,776,2091
48453000206,2012,3216,36.0,2922,116,108,354,61354,223,347400,654,1007,930,1746
48453000305,2012,3279,29.3,2884,0,137,344,37734,648,299700,387,1519,838,1953
48453000306,2012,2223,32.9,1629,260,36,728,64211,331,354800,436,578,1196,1091
48453000307,2012,1726,36.1,1413,104,0,473,60942,413,311500,382,414,863,885
48453001770,2012,11505,35.2,9516,173,818,1597,134792,195,356300,3433,236,2001,3817
48453001771,2012,3993,49.5,3778,0,0,338,100655,189,372000,1547,122,1681,1924
48453001772,2012,2821,32.7,1971,187,117,1015,68333,20,173400,841,159,1554,1136
48453001773,2012,5811,43.7,5171,36,415,527,125577,222,479700,1681,395,1221,2335
48453002402,2012,6380,34.2,4768,435,161,3061,42175,1252,145700,990,2011,1082,3336
48453002423,2012,6019,32.2,4901,200,162,3212,59897,754,142600,1372,729,1125,2155
48453001901,2012,5249,35.2,5007,48,117,678,66581,343,396900,1329,1744,1031,3145
48453002004,2012,2014,31.0,1730,24,101,540,30264,246,283100,107,1218,861,1528
48453002108,2012,4277,27.5,2432,1695,0,2160,29770,1762,136000,508,843,685,1451
48453002412,2012,5822,27.8,3015,260,33,5135,47232,1274,97800,962,403,1125,1445
48453002422,2012,5249,30.1,3821,249,101,2814,36419,1373,157600,865,1438,925,2338
48453000603,2012,7715,20.8,5494,136,1691,1331,6832,6096,136200,160,2537,1363,2932
48453000804,2012,2397,29.7,1628,460,15,1092,31492,843,222000,424,530,709,1006
48453001100,2012,4302,37.2,3550,325,215,543,91774,603,338400,1019,1581,1815,3472
48453001774,2012,7953,34.4,6815,235,338,2080,98606,398,220300,2333,342,1722,2967
48453001775,2012,4944,37.2,4202,28,412,704,111250,54,333900,1530,50,188,1626
48453001776,2012,2468,37.8,1974,260,8,498,79125,215,162400,889,192,1351,1196
48453001777,2012,5504,33.6,4226,587,54,1564,67321,334,177200,1404,790,1134,2469
48453001778,2012,3727,45.6,3608,0,49,324,81607,340,362700,1083,491,1314,1707
48453001779,2012,5883,45.2,5699,103,10,754,74146,427,210300,1854,393,1067,2906
48453001780,2012,4195,50.1,3933,63,45,386,60714,285,224100,1612,274,1151,2494
48453001308,2012,2789,31.5,2528,117,12,1317,45242,632,263900,469,729,821,1438
48453001821,2012,5782,30.5,3349,713,209,2994,44481,1296,145800,874,990,1028,1967
48453001823,2012,6743,25.9,3544,532,157,5210,29967,2339,116200,538,1562,838,2272
48453001828,2012,3701,42.2,3201,165,18,608,94722,230,192500,1117,437,1112,1710
48453001841,2012,16551,32.5,9998,2528,2417,5965,72365,2126,162700,3932,1190,1142,5346
48453001843,2012,2232,40.1,1408,164,119,801,78929,162,145700,691,243,1087,950
48453001847,2012,7138,30.8,4191,1048,1547,1789,76635,1061,184700,1719,1164,1082,3029
48453001908,2012,8255,35.2,6722,114,551,2056,77862,816,498800,1930,1463,1086,3833
48453002201,2012,1718,32.3,638,925,0,755,37159,508,101500,411,181,967,628
48453000102,2012,2452,49.5,2412,16,0,119,143393,145,638500,979,86,1115,1146
48453000302,2012,5374,28.8,4556,70,434,777,32731,1678,374200,625,2404,837,3089
48453000401,2012,3213,25.8,2643,197,298,499,39469,810,283000,556,1045,951,1837
48453000902,2012,5328,31.2,3442,130,38,4036,33634,2039,170900,791,993,762,1960
48453001305,2012,5599,32.5,4812,283,44,2132,63883,1371,357200,1373,1348,894,2962
48453001307,2012,3578,30.0,3053,224,63,1117,38198,913,273200,563,1263,878,1922
48453001401,2012,2984,32.9,2720,26,92,266,68458,355,393100,565,1062,1219,1927
48453001403,2012,1309,35.3,1023,9,5,465,39496,127,267400,261,478,750,841
48453001504,2012,4808,36.9,4211,35,200,714,64110,445,239400,1247,1033,1044,2324
48453001505,2012,4454,35.7,4097,31,46,983,49239,629,259900,1211,995,907,2223
48453001604,2012,3876,46.1,3660,0,31,194,135750,132,734500,1420,238,1403,1813
48453001714,2012,11774,36.3,8973,458,1604,1630,79223,706,356900,2641,2252,1034,5242
48453001718,2012,5447,37.5,4485,48,741,362,74386,408,388200,1458,1389,1156,2981
48453001728,2012,6797,38.3,6102,330,50,1782,67426,554,179900,1751,1078,1277,3047
48453001781,2012,2388,43.3,2183,9,96,214,93324,154,336200,777,168,879,999
48453002402,2013,6788,34.0,5070,429,158,3367,41902,1588,142400,976,2080,1066,3422
48453002423,2013,5616,33.0,4780,253,130,3020,58539,662,145700,1288,817,1128,2157
48453001901,2013,5409,35.6,5168,38,109,566,65283,423,414100,1323,1755,1040,3129
48453002004,2013,2035,31.1,1773,21,77,620,30321,317,262200,88,1278,909,1525
48453002108,2013,3963,28.6,2103,1685,0,1903,31773,1423,129700,552,798,699,1463
48453002412,2013,5813,26.9,3646,367,29,4991,48105,1404,97700,894,432,1105,1422
48453002422,2013,5506,31.9,4024,314,81,2907,40333,1176,157600,954,1414,917,2368
48453000603,2013,7957,21.1,5380,290,1699,1463,7208,6124,145900,160,2476,1312,2942
48453000804,2013,2415,29.9,1443,683,18,948,32609,925,209100,456,512,729,1012
48453001100,2013,4631,36.5,3786,297,324,490,111151,544,359100,1109,1750,1851,3898
48453000304,2013,3297,26.0,2721,19,278,521,40542,1016,303800,362,1149,877,1567
48453000205,2013,3538,32.9,2919,209,181,394,48750,621,287500,700,1301,787,2082
48453000206,2013,3233,34.5,2778,184,92,346,60456,356,384200,639,1022,972,1752
48453000305,2013,3073,29.7,2725,0,96,286,36625,617,286300,350,1480,851,1919
48453000306,2013,2789,33.5,2185,276,93,802,64974,432,364600,496,763,1352,1346
48453000307,2013,1863,36.2,1556,85,0,516,61731,463,334900,397,415,957,882
48453001770,2013,11652,35.4,9645,115,788,1561,131860,170,361800,3528,231,2001,3877
48453001771,2013,4015,48.0,3739,44,42,443,103650,134,366600,1565,91,1723,1937
48453001772,2013,3247,32.1,2588,185,121,1286,73074,162,182600,867,184,1259,1201
48453001773,2013,6348,43.7,5572,117,380,564,112857,320,471200,1871,407,1233,2480
48453001308,2013,2805,31.5,2508,142,18,1247,53583,603,272600,491,716,843,1423
48453001821,2013,5923,30.9,3741,669,203,3182,46578,1406,146600,877,990,1025,1958
48453001823,2013,6699,27.4,3377,553,70,5189,30295,2418,119300,554,1487,914,2204
48453001828,2013,3893,40.1,3489,147,33,530,90933,40,198500,1159,409,1162,1741
48453001841,2013,17256,32.7,10957,2175,2665,5746,75152,2202,161700,4160,1052,1161,5469
48453001843,2013,2291,39.2,1542,149,124,711,76048,226,149400,705,249,1168,967
48453001847,2013,7360,30.2,3921,1149,1951,1233,77427,1068,193300,1575,1228,1098,2979
48453001908,2013,8776,34.8,7137,134,925,1730,84743,636,440900,2000,1419,1159,3875
48453002201,2013,1760,36.1,786,807,0,909,37063,507,97600,425,177,984,638
48453000102,2013,2518,51.1,2404,58,0,102,146193,126,615700,1020,59,1125,1189
48453000302,2013,5185,30.4,4421,75,344,774,39394,1367,371600,743,2210,848,3077
48453000401,2013,3307,25.5,2719,203,303,601,40000,822,288300,513,1051,986,1778
48453000902,2013,5351,31.4,3653,23,29,3959,35011,1824,183100,868,963,868,1978
48453001305,2013,5686,33.9,5080,282,44,1839,59983,1365,362500,1205,1490,953,2972
48453001307,2013,3614,31.1,3186,256,40,1207,37831,899,271800,574,1281,934,1923
48453001401,2013,2972,32.3,2630,68,128,282,71250,352,398900,485,1120,1269,1955
48453001403,2013,1322,36.8,1003,52,12,463,37051,190,263300,261,479,744,848
48453001504,2013,4896,36.8,4273,39,198,832,66443,428,245100,1309,1001,1099,2433
48453001505,2013,4213,35.9,3898,16,59,870,51964,688,254100,1212,1012,920,2224
48453001604,2013,3770,47.4,3565,0,25,182,128016,171,772500,1440,225,1445,1822
48453001714,2013,12405,36.1,9271,664,1914,1462,76076,859,347100,2710,2390,1040,5438
48453001718,2013,5448,36.7,4529,76,622,409,70575,481,401800,1485,1384,1207,2967
48453001728,2013,7124,38.5,6310,375,28,1960,69717,655,183900,1708,1213,1313,3068
48453001774,2013,8085,33.8,7369,88,288,2177,96341,436,222300,2223,425,1714,2939
48453001775,2013,5086,38.0,4271,51,368,796,113208,27,340000,1574,47,191,1668
48453001776,2013,2661,37.8,2062,184,40,764,81103,118,176600,853,205,1317,1199
48453001777,2013,5876,34.6,4973,550,64,1715,69842,486,184700,1404,868,1268,2433
48453001778,2013,3672,46.9,3579,0,47,292,85288,341,362000,1057,490,1311,1657
48453001779,2013,6056,48.7,5793,73,23,600,79266,270,194100,1991,397,1062,3130
48453001780,2013,4149,50.6,3952,15,50,332,66335,197,205200,1660,183,1271,2515
48453001781,2013,2321,44.4,2136,8,92,185,114435,100,342000,786,140,923,988
48453001729,2013,4728,34.9,4125,96,134,1300,71000,363,168400,1222,900,1122,2245
48453001733,2013,3634,42.0,3521,71,28,652,106324,218,353200,1145,137,1052,1282
48453002314,2013,4648,25.4,2705,539,102,2691,24762,1942,78400,59,1946,884,2482
48453002411,2013,6118,26.8,2946,637,10,5079,32303,2257,103300,610,1016,957,1722
48453001603,2013,4708,35.7,4466,29,82,244,120651,134,684500,1354,359,1759,1886
48453001605,2013,3583,34.8,3340,30,47,311,76319,389,496300,878,1053,1140,2159
48453001706,2013,3512,38.8,3038,147,193,253,77664,204,332600,1086,693,983,1900
48453001738,2013,6669,40.6,6160,15,151,1691,99082,311,242200,2209,491,1614,2752
48453001757,2013,2070,45.5,1778,62,113,224,92045,60,394600,575,385,1157,996
48453001819,2013,4635,27.2,1898,449,369,3306,28095,1976,157000,143,1180,828,1443
48453001846,2013,2510,43.0,2226,30,147,374,91172,314,216000,962,81,2001,1043
48453001764,2013,5528,48.1,5308,0,73,506,96477,332,310300,2014,276,1295,3048
48453001742,2013,6310,35.8,5472,0,268,2167,69722,892,262100,1567,583,1331,2340
48453001761,2013,7154,39.4,6369,0,393,519,127025,449,648600,1876,1081,1107,3200
48453001768,2013,5354,41.8,4922,108,214,601,94583,139,324700,1638,650,1260,2645
48453001806,2013,6077,27.2,3945,616,9,4200,24709,2200,113700,417,1705,709,2564
48453001811,2013,3284,32.2,1892,574,28,2158,37115,1456,131900,405,775,678,1350
48453001824,2013,1912,38.5,1391,43,43,521,62917,170,174600,530,271,971,813
48453001833,2013,7882,32.0,4380,1173,278,4759,47418,1778,137600,1166,1187,953,2531
48453001835,2013,5280,29.1,2754,749,147,3031,45640,1485,113000,973,836,1073,2113
48453001840,2013,9680,29.3,5893,1498,913,4711,55724,1642,125500,1896,1071,1211,3078
48453001850,2013,4228,29.5,2191,317,577,1742,42682,688,132500,307,1747,931,2206
48453001853,2013,3161,35.4,2160,281,249,662,89615,118,174000,1129,181,1179,1337
48453002003,2013,4026,33.5,3343,219,38,1872,41280,1215,145100,626,774,800,1536
48453002107,2013,4227,27.6,2439,1294,6,1927,37885,1669,155100,594,802,890,1578
48453002110,2013,4475,29.0,1861,1338,0,2697,30141,1663,122000,665,721,948,1548
48453002315,2013,3148,27.6,1828,275,17,2173,31822,1222,139000,197,1034,802,1559
48453002409,2013,3266,35.1,2829,175,20,1872,44430,621,147400,793,489,1214,1300
48453002410,2013,3805,30.6,3100,202,100,1901,36658,1068,137200,422,1225,885,1724
48453002419,2013,4329,26.0,2529,554,30,2771,30723,1387,,7,1894,854,2023
48453002421,2013,7456,28.9,6013,474,353,2580,59435,856,165100,1085,2251,1128,3466
48453000803,2013,2376,34.2,1621,458,42,668,55595,434,206800,517,479,1085,1111
48453001200,2013,4394,34.9,3855,123,275,566,61478,447,467800,876,1903,1360,3147
48453001503,2013,4008,33.2,3330,282,37,1268,53024,784,220300,690,1047,925,1938
48453001602,2013,3153,32.6,2308,89,546,376,50691,321,534800,472,1184,814,1814
48453001712,2013,4424,40.3,4085,108,0,1680,51250,720,227200,913,1082,930,2030
48453001746,2013,3707,34.4,3218,93,154,888,55060,297,192800,1026,703,945,1785
48453001749,2013,5532,34.4,4260,243,869,737,59792,539,211200,857,1752,1095,3115
48453001751,2013,1963,50.3,1764,97,16,126,106806,54,425000,794,84,1603,993
48453001813,2013,6281,26.4,4097,531,179,4534,29493,1884,139300,665,1352,785,2238
48453001829,2013,2672,30.5,2075,86,283,339,58235,124,182400,283,1203,908,1519
48453001842,2013,8734,29.8,5462,915,992,4693,57292,1579,139400,1670,935,1129,2676
48453001844,2013,3629,35.0,2367,598,128,1164,43605,583,141900,492,1021,954,1635
48453001912,2013,3812,44.7,3334,40,347,233,131830,365,869400,1201,266,1618,1676
48453002105,2013,5338,28.5,3654,784,202,3117,28333,1923,208700,350,1768,788,2363
48453002109,2013,3498,39.9,1428,1782,18,933,35701,835,122800,877,649,910,1769
48453002308,2013,5579,24.7,4983,201,130,2156,39264,1656,239800,530,1795,997,2694
48453002313,2013,4651,29.0,2263,781,253,2235,34635,1035,157500,278,1822,834,2207
48453001716,2013,5090,40.9,4510,60,218,585,90960,246,423900,1365,1014,1183,2596
48453001754,2013,4583,37.7,3790,200,129,917,61535,558,241100,925,1343,917,2408
48453001769,2013,5259,41.9,4504,1,387,930,80165,293,212000,1860,253,1134,2256
48453001817,2013,3577,39.2,2865,173,258,472,47634,342,215500,975,1029,812,2270
48453001826,2013,2205,30.9,1013,317,558,573,56324,283,223700,187,813,1048,1209
48453001848,2013,4694,32.9,2970,523,756,1182,55425,386,209200,731,1171,1079,2000
48453001910,2013,4477,41.9,3721,41,535,303,110625,210,555500,999,828,1291,1928
48453001911,2013,2999,29.9,2595,77,127,611,54707,293,282100,197,1610,1140,1939
48453002005,2013,4848,28.3,4172,212,37,2026,39156,1389,235100,377,1859,947,2580
48453000901,2013,1982,27.7,1458,269,24,833,38790,424,163800,307,517,1213,917
48453000402,2013,2837,33.3,1960,414,218,520,42226,436,228600,470,948,926,1455
48453000601,2013,9342,19.5,6685,763,1345,1989,7500,814,,0,446,1238,501
48453001303,2013,2555,39.6,2353,68,54,261,76838,304,445600,835,576,919,1768
48453001304,2013,3766,33.8,3496,19,81,537,64740,384,357400,961,1103,1144,2101
48453001501,2013,5115,42.0,4809,22,42,673,71445,206,335800,1758,509,1006,2354
48453001713,2013,4178,36.2,3576,133,50,1100,54821,505,177900,1121,703,912,1861
48453002202,2013,9243,24.8,4928,2876,0,5892,32247,3091,89500,926,1400,984,2587
48453001782,2013,5465,39.4,3517,144,1455,778,115313,667,374800,1408,320,1191,1805
48453001783,2013,5614,42.7,5237,0,224,597,96406,183,381400,1730,265,1507,2076
48453001784,2013,5799,37.3,4862,26,780,534,132792,207,461500,1414,349,1467,1848
48453001785,2013,4164,30.9,3063,59,745,1069,63940,428,151100,471,1686,1045,2279
48453001786,2013,5270,30.1,3859,80,1070,606,57589,591,150900,449,2059,1182,2708
48453001854,2013,4466,32.2,2180,1298,40,1617,52159,771,130700,1249,163,1447,1529
48453001855,2013,15016,32.2,9180,3393,1710,3854,74136,1852,182700,3846,1148,1237,5076
48453001856,2013,6145,36.2,3845,1232,584,2125,77586,567,165200,1839,217,966,2262
48453001857,2013,5651,39.2,3710,912,642,1955,67041,609,160900,1473,770,1160,2434
48453001858,2013,16801,34.2,12512,2029,1215,3396,102762,342,193500,5196,218,1648,5564
48453001859,2013,1290,34.0,1100,58,0,427,90404,108,150300,331,88,1036,483
48453001860,2013,4411,30.8,2982,778,269,1752,48958,798,113700,612,1096,1107,1808
48453001861,2013,4909,34.9,3934,740,64,1434,74203,304,133300,1338,275,1646,1707
48453001862,2013,6034,32.8,3755,1190,699,1562,80357,441,167200,1202,780,986,2256
48453001863,2013,3891,29.2,1965,1089,415,1412,31915,1039,140200,34,1851,807,2067
48453001864,2013,2809,31.1,1816,552,259,687,43511,363,129900,232,1274,1045,1706
48453001914,2013,6222,38.2,5630,46,303,693,88191,100,358700,1505,1245,1164,2861
48453001915,2013,1696,38.1,1557,19,81,256,53594,94,197600,260,533,1088,834
48453001916,2013,3406,39.2,2928,17,231,258,204250,161,648100,941,6,,1011
48453001917,2013,4719,43.4,4156,0,365,324,160417,210,467400,1666,54,,1760
48453001918,2013,2535,45.8,2158,0,70,318,157936,191,736400,800,89,2001,1002
48453001919,2013,3875,43.3,3557,41,88,250,150757,78,605400,1258,161,1335,1461
48453002207,2013,9261,31.1,5797,2068,20,5992,52293,1286,113700,2011,531,1253,2808
48453002208,2013,7386,27.8,4362,2045,20,4410,38009,2671,87300,1164,682,1084,1950
48453002209,2013,8502,28.7,5658,1723,20,4134,53681,1124,121000,1877,640,1328,2784
48453002210,2013,3316,33.3,2880,75,0,1806,56290,690,109900,852,100,941,1133
48453002211,2013,2240,31.7,1569,397,106,1279,47794,370,137700,600,144,636,783
48453002212,2013,563,29.0,180,90,0,389,50313,0,112200,144,17,,161
48453002317,2013,4933,21.7,2513,904,381,2212,16842,3553,109700,94,1608,854,1957
48453002318,2013,8291,22.9,4892,856,804,5040,30286,4207,125400,626,2190,943,3119
48453002319,2013,1335,29.8,921,364,0,580,,10,,0,0,,0
48453002425,2013,2949,32.2,2403,29,158,1653,71102,66,181500,668,490,1165,1215
48453002426,2013,7900,29.8,4762,763,158,5392,63523,964,135700,1562,712,1354,2343
48453002427,2013,8139,29.0,5369,307,12,6586,42025,2506,97300,1358,892,915,2436
48453002428,2013,6452,33.5,4394,520,391,2414,53495,899,254100,1553,1102,1041,2736
48453002429,2013,761,30.4,479,41,38,257,49449,125,169000,78,363,1092,476
48453002430,2013,3480,29.0,2148,181,0,2546,44375,343,95100,771,202,1091,1038
48453002431,2013,7331,30.3,4702,590,0,5467,59565,1196,119000,1472,607,1146,2332
48453002432,2013,1991,33.8,1267,108,0,1330,37464,542,116000,379,228,645,699
48453002433,2013,6282,30.3,3892,1023,225,3375,53203,991,103600,1673,151,1585,2006
48453002434,2013,1913,36.7,1562,59,0,910,55236,285,105700,391,166,1190,571
48453002435,2013,6844,30.5,3470,869,199,4206,51974,1491,112600,1481,501,1318,2223
48453002436,2013,2295,35.6,1852,0,0,1557,39181,534,120500,496,193,924,924
48453002500,2013,5413,36.9,4528,82,409,699,65568,503,305600,1070,1737,1115,2875
48453980000,2013,210,43.5,135,55,0,82,,0,,0,0,,0
48453001745,2013,2492,41.2,2081,94,80,335,88859,234,248000,734,305,1094,1066
48453001747,2013,5485,32.6,4449,549,109,1717,61017,1048,187100,1016,1037,1132,2112
48453001748,2013,6078,31.6,5411,131,174,1822,77713,579,213000,1449,832,1120,2342
48453001750,2013,4805,31.0,4160,72,125,1352,62750,735,215800,809,1658,991,2686
48453001812,2013,7636,28.7,5021,1104,120,5491,25964,3058,131000,403,2512,775,3185
48453001822,2013,7256,28.7,3823,831,240,5025,33858,1922,147400,663,1639,818,2511
48453001849,2013,5443,29.5,2837,621,1296,1011,54417,455,,0,3158,975,3544
48453000203,2013,1618,25.4,1355,55,102,230,51157,486,,0,755,1639,815
48453000802,2013,3586,26.5,1590,1416,8,1700,26830,1680,181500,382,825,508,1343
48453001740,2013,4475,32.4,3594,143,335,1068,78889,408,253000,1033,785,1272,1856
48453001839,2013,6712,33.9,3616,1204,1658,1337,62063,597,156400,1249,1769,938,3354
48453002307,2013,5665,30.3,4022,430,33,3418,35115,1521,151300,397,2077,890,2690
48453002310,2013,2930,25.9,1736,266,10,2282,24046,1434,37700,442,471,853,942
48453001741,2013,3793,44.6,3221,0,226,817,84595,311,292900,1251,327,1218,1822
48453002112,2013,4861,28.8,3279,1162,50,2526,34679,1696,147700,662,1055,770,1918
48453002106,2013,3565,34.3,2534,579,178,1398,57800,635,199600,772,474,816,1267
48453002316,2013,5514,28.7,3346,302,82,4118,26061,2337,,8,2135,778,2464
48453001804,2013,6985,31.3,4736,477,601,4241,34333,2812,162500,490,2050,808,2684
48453001834,2013,8370,31.7,3761,1655,1374,2431,56716,884,167600,1446,2187,979,3908
48453001755,2013,5874,41.4,3711,33,1822,405,154637,186,434900,1831,164,1429,2017
48453001760,2013,15900,35.5,13576,257,1437,1129,128629,338,384500,3961,927,1576,5509
48453001805,2013,4695,28.9,2606,550,109,2939,31970,1405,127000,510,1134,771,1863
48453001818,2013,5391,33.4,3841,231,155,2281,50343,1702,208900,1147,1014,895,2338
48453001820,2013,7059,29.1,3393,891,127,4434,32313,2635,136300,487,2137,709,3055
48453001832,2013,3207,34.8,2150,829,86,1021,44237,681,157000,418,781,903,1254
48453001845,2013,3306,33.5,2582,231,211,972,63177,637,185800,812,557,983,1520
48453001851,2013,9076,31.2,5998,1561,758,2259,54394,1014,175000,1408,2502,982,4147
48453001913,2013,4856,42.6,4076,0,601,285,207208,124,866000,1523,148,1914,1860
48453002002,2013,2945,38.9,2790,30,0,871,73902,190,215800,792,546,1168,1423
48453002104,2013,3007,34.6,2312,532,64,701,62039,600,215400,666,521,1127,1277
48453002113,2013,3728,36.2,2330,1029,7,1469,59907,613,165600,926,400,923,1446
48453002312,2013,6820,27.0,4251,490,1,5756,31304,2549,86100,898,1233,869,2258
48453002111,2013,4549,33.4,2911,733,32,3064,39375,1543,150000,738,878,760,1797
48453002304,2013,3596,30.1,2085,237,91,2415,33689,1474,149200,45,1393,875,1725
48453002403,2013,2603,34.3,2223,190,34,1217,45845,353,151100,581,470,1135,1152
48453002407,2013,5154,37.4,4462,135,193,1898,77721,186,206400,1431,529,1159,2057
48453002413,2013,5062,23.3,2901,665,0,3927,32612,2262,96500,359,910,957,1283
48453002424,2013,3650,36.1,3158,206,18,1764,46213,695,144900,707,676,937,1507
48453000204,2013,2955,30.2,2574,80,163,193,48209,584,386000,649,928,910,1688
48453001000,2013,3529,38.7,2518,99,142,2251,34531,794,252800,697,783,803,1664
48453001402,2013,2730,31.4,2487,106,0,433,56842,468,372800,553,819,1077,1487
48453001705,2013,4677,47.3,4348,114,175,297,84389,134,426500,1334,826,1279,2282
48453001722,2013,3881,31.7,2964,195,408,513,49615,224,376400,216,2294,919,2705
48453001752,2013,4004,26.9,2553,285,916,612,27360,1227,154600,142,2076,873,2412
48453001756,2013,3974,41.4,3157,107,496,249,75234,206,240400,1175,563,1267,1765
48453001765,2013,13738,34.8,12271,239,728,1718,111023,838,336500,3502,1468,1076,5248
48453001766,2013,6843,46.5,6455,4,25,1060,57641,572,177700,2140,531,894,3017
48453000101,2013,3831,40.1,3695,27,13,359,74474,357,350700,1084,744,1401,1989
48453000500,2013,4606,26.0,3908,58,390,667,33203,1628,436300,472,1900,942,2576
48453000604,2013,5888,20.8,4641,118,796,570,8780,3221,224600,81,1627,1162,2008
48453000700,2013,1136,28.0,1078,16,31,231,43106,312,336700,197,447,1010,898
48453000801,2013,1665,38.0,1110,180,0,1119,45083,260,162400,386,225,623,625
48453001606,2013,320,49.8,279,41,0,34,,210,,0,0,,0
48453001707,2013,4737,41.6,4051,34,317,753,68438,358,310600,1438,998,959,2486
48453001719,2013,3907,46.2,3492,38,281,429,139032,128,511600,1480,164,1782,1680
48453001737,2013,10488,37.3,9038,149,913,1767,112582,271,281000,2988,991,1221,4012
48453001753,2013,1051,29.9,826,38,87,218,57957,113,,0,751,1031,826
48453001755,2014,6025,41.8,3735,9,2042,383,172026,117,445800,1848,161,1493,2050
48453001760,2014,15890,37.5,13242,501,1573,994,121953,369,406200,3926,1148,1398,5644
48453001805,2014,4544,29.9,2528,522,188,3000,31208,1531,131300,530,1173,732,1862
48453001818,2014,5796,31.6,4211,206,85,2748,49913,2220,212200,1020,1087,1027,2325
48453001820,2014,6604,28.3,3717,710,67,4195,32646,2425,134500,480,2019,729,3019
48453001832,2014,3102,36.4,2387,573,44,1202,45575,680,154400,463,732,920,1259
48453001845,2014,3225,33.9,2636,155,247,934,61832,643,191200,798,573,999,1537
48453001851,2014,9141,31.7,6369,1312,894,2330,55657,1225,180000,1557,2415,972,4162
48453001913,2014,4850,43.0,4022,50,587,435,186786,127,856500,1593,131,1908,1867
48453002002,2014,3043,38.9,2828,38,0,1042,76007,263,212100,790,570,1209,1440
48453002104,2014,3359,33.4,2415,518,68,1158,58984,998,223600,653,556,1057,1272
48453002113,2014,3742,37.4,2430,940,21,1341,60500,892,181500,940,446,947,1464
48453002312,2014,7207,27.3,4848,563,1,6003,29753,2844,75600,932,1175,922,2306
48453002111,2014,5006,33.5,3164,816,40,3391,38532,1807,150300,806,903,865,1839
48453002304,2014,3437,30.1,2438,153,73,2268,35716,1308,158300,120,1335,886,1685
48453001782,2014,5331,42.1,3339,83,1532,661,111786,645,385700,1419,295,1191,1830
48453001783,2014,5636,41.8,5085,0,317,580,103162,225,403800,1685,320,1568,2018
48453001784,2014,5985,38.1,4929,25,902,651,144107,180,450100,1453,366,1672,1888
48453001785,2014,4378,30.6,3290,251,512,852,65170,286,179700,467,1760,1091,2287
48453001786,2014,5399,31.7,3296,75,1689,558,59511,403,152500,463,2004,1236,2736
48453001854,2014,4734,32.7,2285,1750,60,1286,64952,593,130000,1345,206,1419,1643
48453001855,2014,14846,34.0,9795,3465,1102,3637,72027,1966,187200,3844,1258,1212,5141
48453001856,2014,7207,36.0,4776,1413,499,2256,80027,549,164100,1997,296,1322,2483
48453001860,2014,4221,34.9,3133,710,67,1668,47745,654,116100,716,1083,1076,1825
48453001857,2014,6346,35.6,4280,818,728,1925,61586,682,158500,1504,870,1117,2542
48453001858,2014,18116,34.4,13729,2073,1161,3904,103762,335,199100,5529,272,1811,5973
48453001859,2014,1373,44.9,1162,54,32,514,86042,118,153400,438,63,744,567
48453001861,2014,5043,35.1,4134,636,71,1532,75647,381,135400,1343,311,1650,1736
48453001862,2014,6066,38.6,3595,1320,746,1428,80417,670,171300,1360,664,889,2260
48453001863,2014,3931,29.3,2086,938,468,1541,32864,1086,148600,17,1868,832,2048
48453001864,2014,2758,32.0,1903,486,198,704,44964,343,127800,210,1260,1096,1674
48453001914,2014,6141,39.1,5665,43,222,779,85234,186,376800,1490,1283,1218,2938
48453001915,2014,1757,35.9,1531,6,115,334,70875,92,196100,254,551,1189,841
48453001916,2014,3298,39.9,2871,0,267,255,216875,75,663800,911,23,1144,1006
48453001917,2014,4884,41.5,4259,0,382,387,154483,336,476100,1652,56,,1737
48453001918,2014,2635,46.3,2209,0,59,452,160439,199,826400,799,128,2001,990
48453001919,2014,3784,42.7,3463,36,86,246,152188,88,670400,1207,212,1444,1437
48453002207,2014,9050,31.8,5284,2967,34,4645,57200,1696,117400,1944,680,1262,2901
48453002208,2014,8404,27.7,5268,2121,17,5317,39424,2720,84600,1348,577,1034,1997
48453002209,2014,9076,29.6,6297,1649,20,4456,52513,1619,122400,2178,575,1298,2977
48453002210,2014,3199,34.0,2818,146,0,1523,68171,638,107700,786,160,787,1117
48453002211,2014,2592,31.5,1718,453,60,1501,51275,418,146300,619,126,795,813
48453002212,2014,687,23.8,166,216,0,365,57917,0,113600,158,14,,172
48453002317,2014,4883,21.8,2949,833,267,2152,18394,3252,120800,117,1579,748,1962
48453002318,2014,9747,22.7,6696,956,1017,5612,25189,5883,132200,540,2572,944,3450
48453002319,2014,1692,30.3,1134,494,0,698,,10,,0,0,,0
48453002425,2014,3121,32.3,2684,55,143,1708,73720,63,186000,701,441,1149,1183
48453002426,2014,8623,28.9,6201,820,65,5689,69245,820,138900,1759,640,1333,2487
48453002427,2014,8697,29.4,6254,267,15,7366,43627,2520,91400,1337,977,983,2462
48453002428,2014,6338,33.2,5064,308,313,2359,54316,424,260500,1561,1158,1118,2742
48453002429,2014,758,30.5,546,60,19,235,51544,99,150000,70,345,1085,477
48453002430,2014,3483,29.2,2117,185,0,2622,39726,629,89500,739,239,1030,1074
48453002409,2014,3401,34.6,2999,160,33,1926,50353,579,147700,736,557,1328,1333
48453002410,2014,3670,31.7,3019,232,189,1775,36811,932,141000,438,1165,984,1732
48453002419,2014,4355,26.6,3034,555,34,2747,35370,1394,,14,1809,870,1995
48453002421,2014,8834,29.0,6778,827,362,3229,62872,1058,171400,1270,2371,1166,3713
48453000803,2014,2376,35.1,1541,442,41,732,52083,361,217700,490,499,1131,1078
48453001200,2014,4698,32.4,3997,127,403,502,65206,410,489000,866,2089,1539,3321
48453001503,2014,4008,33.9,3337,261,47,1317,52348,753,229500,738,1026,918,1961
48453001602,2014,3152,31.9,2113,81,783,405,46193,416,520800,463,1184,818,1826
48453001712,2014,4471,40.6,4059,181,6,1637,48636,612,234000,840,1170,1002,2055
48453001746,2014,3813,36.0,3172,132,249,1048,62315,275,198100,1014,768,1074,1843
48453001749,2014,5809,34.6,4344,166,1125,781,66777,442,207100,822,1860,1140,3105
48453001751,2014,2165,47.6,1848,206,17,105,98571,76,441200,780,166,1738,1003
48453001813,2014,6349,27.8,4287,571,220,4566,31994,2043,137500,651,1327,805,2236
48453001829,2014,2550,31.8,2056,48,219,591,57994,152,188300,274,1199,926,1509
48453001842,2014,9615,30.6,6184,1581,1053,4809,61854,1389,143200,1869,932,1165,2885
48453001844,2014,3670,32.0,2379,756,169,1084,43330,497,148300,427,1132,966,1713
48453001912,2014,3855,44.7,3255,28,462,268,160795,313,867000,1141,322,1682,1712
48453002313,2014,4787,28.8,2650,819,256,2158,34862,1099,159400,261,1884,854,2193
48453002105,2014,5225,30.8,3580,681,217,2859,28803,1709,204900,399,1738,814,2370
48453002109,2014,3788,37.6,1538,1933,23,985,37594,908,152500,902,698,913,1747
48453002308,2014,5814,25.6,5097,198,125,2366,39260,1472,229000,479,1920,1101,2727
48453001716,2014,5168,40.7,4485,143,205,526,75697,266,423600,1289,1255,1288,2732
48453001754,2014,4754,39.3,4231,232,101,727,69333,342,249900,871,1393,951,2424
48453001769,2014,5342,41.2,4696,4,292,1237,83145,310,223300,1800,311,1210,2266
48453001817,2014,3761,37.7,3121,140,218,568,48485,404,234600,932,1200,863,2283
48453001826,2014,2307,32.4,1187,200,572,587,58750,191,225000,179,833,1073,1199
48453001848,2014,5011,34.7,3101,596,907,1203,59866,577,202500,842,1120,1106,2064
48453001910,2014,4447,41.3,3813,47,466,404,110938,257,583000,1021,789,1239,1956
48453001911,2014,3163,28.9,2777,20,168,755,64259,178,317100,143,1609,1226,1922
48453002005,2014,4617,29.0,4240,88,14,2108,41421,1464,248100,460,1617,956,2555
48453000901,2014,2049,28.0,1585,243,32,820,44167,363,199100,299,521,1267,912
48453000402,2014,2831,32.9,1830,510,172,496,43508,507,246300,472,912,938,1482
48453000601,2014,9508,19.5,6784,967,1233,2053,9224,642,,3,393,1107,419
48453001303,2014,2803,41.2,2535,60,111,227,76228,309,445400,937,668,958,1979
48453001304,2014,3818,33.3,3473,22,100,569,70714,328,375400,962,1074,1174,2096
48453001501,2014,5278,42.0,5036,62,42,663,77500,299,349900,1850,494,926,2387
48453001713,2014,4414,36.0,3720,191,44,1157,53651,700,184600,1118,812,1016,1984
48453001729,2014,4697,34.9,4185,75,180,881,71839,273,171400,1241,894,1106,2261
48453001733,2014,3706,43.8,3626,48,17,665,107102,191,348100,1185,136,1033,1321
48453002314,2014,4505,26.3,2831,517,91,2501,24554,1824,79700,60,1931,912,2450
48453002411,2014,6422,27.3,3722,677,9,5306,31338,2663,106000,685,1004,989,1747
48453001603,2014,4685,35.5,4404,32,94,237,120781,127,716100,1365,376,1808,1927
48453001605,2014,3616,35.0,3355,35,38,372,80511,418,637900,888,1048,1135,2171
48453001819,2014,4902,27.1,2367,313,334,3717,28344,2140,167700,143,1195,854,1456
48453001706,2014,3566,39.9,3224,44,198,398,75938,169,341800,1136,652,997,1899
48453001738,2014,6719,40.7,6081,63,270,1309,94028,320,253500,2117,618,1528,2796
48453001757,2014,2145,44.8,1876,57,81,294,97604,106,387200,616,391,1165,1032
48453001846,2014,2425,46.9,2117,31,211,278,85417,297,222000,944,100,2001,1044
48453001764,2014,5933,48.6,5703,0,78,643,95614,323,308600,2105,304,1176,3160
48453001742,2014,6564,34.3,5778,0,256,2259,67574,1208,280000,1522,620,1402,2325
48453001761,2014,7052,38.3,6305,0,470,696,109518,439,633000,1719,1327,1153,3312
48453001768,2014,5977,42.1,5515,78,250,535,89438,244,342300,1737,649,1220,2767
48453001806,2014,6693,27.7,4280,587,7,4721,25267,2176,114600,424,1886,747,2522
48453001811,2014,3699,30.5,1938,627,23,2431,35701,1675,127700,415,838,740,1368
48453001824,2014,1636,40.1,1335,40,44,322,57903,201,171100,488,270,990,821
48453001833,2014,7901,31.6,4838,1124,210,4905,48432,2252,143300,1194,1196,953,2609
48453002431,2014,7807,30.2,5788,529,0,5602,60612,1711,124300,1633,538,1116,2416
48453002432,2014,2152,29.8,1152,206,0,1565,38547,655,132400,412,227,705,733
48453002433,2014,6274,30.1,4343,1326,185,3395,49988,1136,95400,1577,254,1275,2032
48453002434,2014,1926,34.9,1558,58,0,1169,51083,495,87300,322,212,1009,558
48453002435,2014,7512,30.8,4361,832,141,4741,46047,1880,106900,1615,555,1373,2347
48453002436,2014,2330,37.3,2092,5,0,1819,39521,574,120900,459,184,885,901
48453002500,2014,5393,37.1,4402,105,348,851,69551,412,313600,1066,1768,1134,2961
48453980000,2014,224,44.3,145,58,0,87,,0,,0,0,,0
48453002402,2014,7517,33.7,5926,403,178,3877,43393,1551,149300,917,2278,1085,3515
48453002423,2014,5925,32.1,4998,379,108,2911,59699,600,147600,1193,918,1167,2196
48453001901,2014,5340,35.2,5068,45,123,572,72524,438,452000,1374,1654,1076,3123
48453002004,2014,2110,30.3,1843,27,78,549,30366,303,265600,113,1259,951,1526
48453002108,2014,3737,30.2,1863,1716,0,1523,34000,1443,139900,588,780,723,1491
48453002412,2014,5994,28.5,4341,378,9,5097,45657,1528,97200,903,478,1145,1432
48453002422,2014,5761,35.3,4584,251,48,3113,41538,1202,159200,1011,1357,906,2368
48453000603,2014,7400,21.1,4958,267,1562,1566,7030,5550,142500,127,2322,1236,2911
48453000804,2014,2519,29.0,1679,499,27,1124,28184,1085,228800,376,617,623,1043
48453001100,2014,4824,35.0,3890,287,431,562,110179,634,422200,1075,1877,1918,4104
48453002202,2014,9217,24.6,5171,2786,0,5941,29666,3281,86400,948,1458,978,2690
48453001835,2014,5839,30.2,3353,575,135,3588,46778,1790,112600,1046,917,1088,2229
48453001840,2014,10075,29.6,6454,1601,812,4830,59409,1582,122100,2001,1171,1143,3259
48453001850,2014,4097,29.5,2387,194,656,1575,44931,468,132500,324,1674,1025,2226
48453001853,2014,3176,35.9,2216,273,229,715,90646,124,176700,1108,199,1268,1330
48453002003,2014,3964,34.0,3238,293,31,1887,43510,1217,158700,671,720,865,1520
48453002107,2014,3879,29.4,2208,1157,23,1755,39531,1153,172100,493,855,907,1576
48453001308,2014,2883,33.4,2638,52,33,1489,46509,526,270500,532,730,916,1446
48453001821,2014,6179,30.4,4003,722,172,3493,46667,1489,151400,890,1022,1064,2006
48453001823,2014,7032,28.1,3465,917,74,5122,31545,2495,124800,528,1582,924,2281
48453001828,2014,4062,40.5,3527,136,76,438,94000,82,210000,1281,365,1184,1779
48453001841,2014,17664,32.5,11947,2281,2886,5722,73606,2172,157900,4151,1158,1195,5561
48453001843,2014,2334,40.0,1671,64,225,759,73833,363,151700,719,237,1172,969
48453001847,2014,7388,30.8,4131,941,1748,1646,69167,1184,192600,1597,1251,1135,3032
48453001908,2014,9251,35.6,7978,124,763,1963,92203,1127,476500,1994,1578,1179,3961
48453002201,2014,1820,36.4,833,771,0,1033,36996,427,97300,422,185,1050,639
48453000102,2014,2612,51.2,2496,77,0,121,145441,93,621300,1051,95,1222,1194
48453000302,2014,4978,30.7,4227,32,331,1076,41154,1289,373700,608,2320,884,3129
48453000401,2014,3359,26.0,2765,154,341,568,44200,781,296700,489,1051,1144,1770
48453000902,2014,5116,34.4,3784,167,39,3397,36624,1544,199700,995,871,844,1983
48453001305,2014,5868,32.6,5435,214,16,1662,57277,1358,365300,1117,1642,1083,2958
48453001307,2014,3559,32.8,3089,277,47,1053,40884,920,293100,534,1311,953,1897
48453001401,2014,3157,32.1,2828,74,118,247,68271,356,450000,501,1146,1355,2015
48453001403,2014,1439,35.9,1239,48,26,456,38561,218,261500,261,529,825,888
48453001504,2014,5022,35.9,4344,42,360,702,70948,339,268300,1373,919,1317,2537
48453001505,2014,4269,36.0,3911,15,53,693,52771,802,267800,1081,1143,993,2224
48453001728,2014,7147,38.7,6280,354,67,1910,68557,513,187400,1649,1301,1308,3109
48453001604,2014,3930,46.5,3731,0,24,255,128050,142,813700,1439,292,1265,1812
48453001714,2014,13058,35.9,9857,607,2077,1437,74219,960,356900,2812,2459,1044,5685
48453001718,2014,5696,37.6,4801,76,535,727,75843,437,414600,1497,1368,1226,3000
48453002110,2014,4364,31.3,1923,1148,32,2562,31639,1609,123300,756,612,931,1535
48453002315,2014,3199,27.1,2233,175,38,2043,30561,1359,147400,148,1127,798,1547
48453000304,2014,3338,27.2,2887,29,264,617,44183,940,347500,370,1085,903,1546
48453000205,2014,3811,33.9,2964,173,414,469,53274,577,295900,762,1264,839,2111
48453000206,2014,3331,33.8,2867,191,109,395,64509,369,388800,698,988,1003,1787
48453000305,2014,3121,29.4,2709,0,94,446,34104,724,292600,403,1389,877,1895
48453000306,2014,3303,32.6,2570,369,126,974,62175,563,379200,546,925,1305,1564
48453000307,2014,1971,34.5,1565,109,8,596,62596,503,328100,399,406,1063,855
48453001770,2014,12118,36.5,10093,76,923,1677,131129,178,372100,3700,260,2001,4019
48453001771,2014,4177,48.0,3745,88,91,554,107650,164,355600,1545,144,1845,2042
48453001772,2014,3296,34.1,2395,217,238,1261,68831,240,187100,940,160,992,1291
48453001773,2014,6767,44.2,5936,156,385,531,126515,319,473900,2100,340,1239,2714
48453002403,2014,2660,34.2,2269,251,55,1137,48194,452,157500,601,417,1261,1127
48453002407,2014,5583,34.6,4545,166,256,2167,70114,273,208500,1464,670,1173,2262
48453002413,2014,4806,24.8,3159,474,0,3762,33714,2092,92200,348,888,983,1255
48453002424,2014,3638,36.5,3220,205,18,1733,51042,705,151000,727,659,1020,1531
48453000204,2014,3132,31.1,2836,57,87,375,49375,642,430000,659,974,904,1696
48453001000,2014,3839,38.9,2754,108,125,2383,38520,862,282700,734,802,879,1689
48453001402,2014,2778,30.9,2621,82,0,511,58426,341,379800,529,817,1117,1486
48453001705,2014,4652,44.0,4458,23,112,385,85804,127,444300,1318,763,1504,2301
48453001722,2014,3716,32.5,2782,275,398,451,47376,217,369200,222,2084,949,2507
48453001752,2014,3828,27.3,2225,228,1124,530,27055,1205,159000,141,2037,912,2378
48453001756,2014,4045,40.2,3159,157,497,350,88250,124,253400,1073,681,1418,1786
48453001765,2014,13502,37.8,12167,131,708,1610,114391,605,335800,3722,1033,1040,5015
48453001766,2014,7152,44.8,6995,3,34,1153,58250,812,198400,2031,624,863,2991
48453000101,2014,3920,41.7,3702,53,12,420,80363,307,360300,1204,689,1474,2087
48453001781,2014,2406,41.4,2139,6,160,193,120000,131,364500,787,147,1011,969
48453001750,2014,4780,31.9,4165,47,189,1259,63582,666,223500,884,1568,1047,2690
48453001745,2014,2506,42.3,2059,97,76,342,92109,220,260300,741,329,1162,1097
48453001747,2014,5791,33.3,4851,437,143,1895,63808,957,189100,1053,1019,1146,2123
48453001748,2014,6564,32.1,5656,99,299,2054,76917,635,211400,1431,964,1187,2431
48453001812,2014,7765,28.5,4842,1223,143,5593,27164,2868,127100,422,2424,807,3067
48453001822,2014,7220,28.8,4723,753,210,5205,34982,1956,135700,746,1582,822,2508
48453001849,2014,5424,30.2,2937,719,1008,1029,56511,448,,0,3171,1025,3692
48453000203,2014,1660,25.4,1309,62,84,281,54350,449,,0,735,1637,828
48453000802,2014,3493,27.3,1675,1355,12,1500,27255,1693,187000,397,826,547,1365
48453001740,2014,4576,33.2,3746,83,288,1135,77175,321,268100,1037,838,1314,1924
48453001839,2014,6770,34.9,3843,954,1832,1538,57215,693,156400,1318,1803,944,3423
48453002307,2014,5896,30.2,4666,357,91,3334,35608,1515,151100,436,2177,905,2756
48453002310,2014,3151,24.6,2267,267,10,2517,28413,1353,38500,435,454,891,957
48453001741,2014,3328,46.5,2967,11,227,596,95417,214,296100,1130,311,1228,1746
48453002112,2014,5104,27.4,3331,1232,70,2558,32998,1797,140600,672,1045,811,1920
48453002106,2014,3031,37.6,2491,308,80,1545,51042,781,211500,757,452,724,1251
48453002316,2014,6088,28.5,4131,426,7,4628,27000,2493,,7,2205,798,2468
48453001804,2014,6748,32.3,4059,423,726,3927,37392,2384,171300,447,2069,815,2662
48453001834,2014,8192,32.6,3703,1924,1287,2106,53700,881,162900,1333,2355,1006,4006
48453000700,2014,1141,30.7,1073,19,34,231,49491,204,377800,234,425,1011,892
48453000500,2014,4817,26.0,4163,66,330,761,27639,1847,460000,450,1850,963,2574
48453000604,2014,6428,20.6,4838,125,1167,735,9120,3543,239400,82,1614,1197,1981
48453000801,2014,1683,39.7,1164,190,0,1119,41214,312,166800,343,275,783,631
48453001606,2014,114,49.6,82,32,0,14,,80,,0,0,,0
48453001707,2014,4749,41.2,4066,51,274,735,73012,450,317400,1398,951,1016,2473
48453001719,2014,4111,45.7,3669,19,301,475,147237,140,517100,1536,154,1639,1695
48453001737,2014,10889,37.8,9278,318,1018,1996,111071,261,288900,3032,1026,1223,4092
48453001753,2014,1028,30.3,746,75,109,232,59145,111,,0,741,1060,825
48453001774,2014,8208,34.1,7010,255,360,2265,96050,252,224100,2220,517,1726,2954
48453001775,2014,5325,36.9,4387,66,650,753,126061,59,348400,1647,43,192,1725
48453001776,2014,2771,37.4,2095,248,44,668,80521,222,172700,812,307,1349,1205
48453001777,2014,6135,33.2,5268,388,137,1736,80398,423,195600,1341,936,1355,2413
48453001778,2014,3944,47.6,3844,0,60,240,87200,351,347100,1189,475,1290,1828
48453001779,2014,6207,46.9,5905,81,25,699,76560,377,198000,1944,540,959,3283
48453001780,2014,4196,50.9,3931,38,45,359,63843,344,192900,1639,230,1252,2588
48453000304,2015,3359,27.5,3006,25,179,612,48653,840,371800,433,1006,931,1549
48453000205,2015,4154,32.7,3259,175,433,435,56138,583,332100,769,1368,898,2233
48453000206,2015,3251,34.2,2813,129,114,415,70625,323,419500,702,978,1126,1794
48453000305,2015,3272,29.6,2817,33,97,517,43125,789,301000,464,1309,918,1896
48453000306,2015,3603,32.5,2622,518,191,915,61791,799,422400,590,1001,1282,1708
48453000307,2015,2009,34.8,1603,97,23,555,65278,396,362500,386,426,1058,856
48453001770,2015,12469,37.7,10227,87,1202,1870,133794,328,394800,3778,246,2307,4074
48453001771,2015,4177,47.8,3818,100,127,490,108026,170,365900,1550,162,1911,2129
48453001772,2015,3715,34.4,2861,191,244,1329,74531,273,191500,1047,161,1188,1386
48453001773,2015,7199,43.5,6199,121,443,558,125160,272,482900,2232,396,1308,2988
48453002202,2015,8559,26.5,5252,2489,0,5543,32950,2955,87100,911,1410,959,2600
48453001755,2015,6279,44.1,3828,9,2231,524,170682,131,462200,1925,125,1476,2082
48453001760,2015,16778,38.2,14268,299,1672,1382,123690,243,455300,4205,1079,1372,5790
48453001805,2015,5030,28.9,2390,467,170,3379,32146,1464,129000,505,1281,747,1892
48453001818,2015,5733,31.4,3468,179,213,2811,48134,2435,225900,969,1119,1016,2349
48453001820,2015,6973,29.4,3998,623,93,4550,34000,2180,130000,549,2165,765,3025
48453001832,2015,3012,38.2,2211,556,122,1069,45859,418,160700,513,755,914,1268
48453001845,2015,3086,35.7,2642,150,148,809,60878,593,203300,845,521,1060,1539
48453001851,2015,9796,33.2,6337,2163,900,2026,61736,880,188400,1581,2524,1017,4181
48453001913,2015,4774,43.2,3976,71,537,524,206411,84,911000,1572,138,1893,1880
48453002002,2015,3098,40.2,2800,142,55,1003,67198,209,215800,882,541,1153,1446
48453002104,2015,3582,32.7,2524,430,48,1606,57353,1185,238000,647,573,1110,1279
48453002113,2015,3628,37.1,2705,718,26,1309,62648,944,203300,932,409,930,1438
48453002312,2015,7522,28.5,5562,480,1,6327,27273,2901,57400,960,1212,908,2367
48453002111,2015,5418,33.3,3593,858,75,3486,42420,1763,163500,861,880,854,1867
48453002304,2015,3295,30.8,2714,210,127,1621,36875,1086,167600,48,1605,967,1872
48453001835,2015,6037,30.2,3547,720,332,3500,48932,1614,112200,946,1079,1134,2212
48453001840,2015,10251,31.1,6430,1553,917,5209,58008,1615,121800,2104,1294,1175,3430
48453001850,2015,3916,33.9,2963,262,341,1135,44406,491,130900,309,1640,1084,2250
48453001853,2015,3115,38.4,2340,221,156,565,90355,154,180900,1097,228,1513,1325
48453002003,2015,4117,34.8,3584,175,27,2302,44277,949,181200,714,682,856,1529
48453002107,2015,4292,28.3,2578,1279,32,1805,41705,1173,195000,509,901,860,1624
48453001745,2015,2319,43.8,1990,76,84,302,92125,182,276200,735,303,1209,1091
48453001747,2015,5613,35.1,4574,398,150,1745,63216,1031,203400,1101,1044,1117,2211
48453001748,2015,7042,34.0,5856,252,351,2162,78986,601,224500,1592,907,1300,2532
48453001750,2015,4943,31.0,4267,45,344,1428,65328,452,246500,876,1649,1098,2717
48453001812,2015,8060,29.1,5168,1003,143,5836,28962,2811,151500,383,2547,834,3082
48453001822,2015,7291,29.2,4816,623,157,5348,36141,2083,131200,699,1700,846,2517
48453001849,2015,6013,29.7,3614,717,952,1317,52788,617,,0,3333,1072,3839
48453000203,2015,1460,25.6,1217,56,84,211,63523,417,,0,669,1674,818
48453000802,2015,3494,27.9,1884,1204,0,1469,27326,1766,214300,420,826,560,1352
48453001740,2015,4785,34.6,3936,111,370,1010,83970,406,279500,1027,926,1389,1977
48453001839,2015,6746,35.8,3737,948,1859,1577,62269,450,159400,1289,1865,976,3445
48453002307,2015,5572,30.8,4346,302,159,2903,36326,1252,145200,504,2113,924,2730
48453002310,2015,3455,25.3,2454,250,10,2780,35233,1257,43300,476,469,901,990
48453001741,2015,3285,47.5,2885,10,283,559,100396,207,356600,1054,295,1462,1700
48453002112,2015,5346,28.8,3322,1195,109,2648,33404,1821,146300,685,1083,833,1940
48453002106,2015,3011,35.5,2650,245,62,1497,39167,1010,236500,752,496,819,1316
48453002316,2015,5405,29.1,4230,374,29,3741,31020,1845,,7,2199,836,2443
48453001804,2015,7599,30.9,4280,552,537,4697,41213,2376,194600,594,2057,815,2746
48453001834,2015,8575,33.0,4020,1833,1681,2300,54034,1228,163000,1357,2474,1044,4137
48453001774,2015,8279,35.2,7038,295,404,2385,100885,215,234800,2282,486,1734,2991
48453001775,2015,5496,37.3,4610,99,417,908,119813,98,354000,1762,69,,1837
48453001776,2015,3011,35.1,2231,358,90,661,75663,289,194200,814,343,1363,1194
48453001777,2015,6091,32.8,5211,388,242,1597,81506,463,210400,1377,925,1350,2440
48453001778,2015,4080,48.0,4029,0,0,311,96056,229,350800,1262,496,1321,1910
48453001779,2015,6199,48.0,5920,54,29,859,76083,409,189100,2011,510,985,3403
48453001780,2015,4036,50.9,3693,35,48,333,62250,427,216900,1518,257,1292,2526
48453001782,2015,5355,42.8,3392,51,1548,607,120000,567,410100,1394,324,1228,1852
48453001783,2015,5467,40.6,4938,0,344,588,108243,149,420300,1693,278,1739,2014
48453001784,2015,6080,39.0,4949,21,996,657,156667,192,462300,1533,347,2467,1980
48453001785,2015,4641,30.8,3007,357,928,716,68550,314,198300,481,1836,1104,2396
48453001786,2015,5575,32.3,3316,50,1699,761,64178,381,156500,536,2005,1308,2768
48453002402,2015,7329,33.8,6402,330,138,3449,49824,1184,160300,1015,2289,1115,3592
48453002423,2015,5690,32.0,4811,315,85,2650,59740,547,163100,1271,884,1154,2235
48453001901,2015,5671,36.1,5393,19,116,977,73900,379,473200,1344,1706,1147,3131
48453002004,2015,2264,30.9,1943,68,117,626,36000,331,270900,142,1322,977,1589
48453002108,2015,3857,29.8,2263,1441,0,1624,38792,1416,147800,596,749,743,1486
48453002412,2015,6082,29.4,4305,499,40,5067,48608,1162,97700,942,491,1122,1468
48453002422,2015,5511,36.4,4719,348,63,2612,41084,956,167700,957,1491,915,2493
48453000603,2015,7672,21.2,5153,328,1651,1545,8007,5774,215200,82,2345,1236,2889
48453000804,2015,2300,32.5,1451,625,29,951,29315,837,247600,384,573,579,1061
48453001100,2015,5331,34.7,4337,241,464,650,128827,601,432400,1146,2061,1966,4359
48453001854,2015,5207,30.6,2768,1230,59,2658,67750,939,133700,1405,113,1250,1686
48453001855,2015,14644,36.4,9625,3513,728,3181,75923,1324,192200,4068,1081,1236,5227
48453001856,2015,7058,36.3,3887,2350,218,2291,75619,474,169000,1968,231,1387,2273
48453001857,2015,6322,35.8,4251,821,762,1997,65488,525,161900,1483,920,1155,2546
48453001858,2015,19013,34.2,14177,2645,1176,4281,98317,187,203300,5864,268,1791,6270
48453001859,2015,1769,39.1,1466,80,56,623,83393,199,166100,546,70,739,664
48453001860,2015,4262,33.9,3188,690,113,1772,47198,486,114900,700,1041,1057,1800
48453001861,2015,4822,35.2,3904,411,202,1568,77688,397,138100,1382,250,1579,1714
48453001862,2015,6786,35.8,4157,1400,678,1842,81821,750,182900,1400,733,1016,2297
48453001863,2015,3679,29.6,1985,925,341,1355,35891,821,,9,1834,869,2046
48453001864,2015,2776,32.2,1847,525,239,641,46593,362,133300,213,1238,1111,1668
48453001914,2015,6145,40.6,5594,56,246,761,97685,153,405700,1512,1192,1302,2881
48453001915,2015,1780,35.9,1622,12,65,287,53894,126,214900,233,570,1252,836
48453001916,2015,3259,38.9,2855,16,307,309,213348,96,668600,897,36,1205,1004
48453001917,2015,4985,41.5,4337,0,366,406,161008,328,525400,1605,102,1732,1742
48453001918,2015,2446,53.7,2183,0,56,279,143269,151,823200,860,136,1946,1030
48453001919,2015,3921,41.7,3526,33,149,359,154583,88,693500,1171,250,1644,1436
48453002207,2015,9450,31.7,6150,2474,23,5891,47478,1936,120300,2050,708,1000,2907
48453002208,2015,8548,28.5,5638,2133,10,5355,40363,2651,100000,1272,594,1087,1942
48453002209,2015,9122,28.8,5900,1727,0,5015,50450,1625,126800,2247,450,1222,2879
48453002210,2015,3561,35.0,2959,286,0,1634,68233,564,123000,836,179,765,1181
48453002211,2015,2512,30.7,1620,438,54,1535,51480,389,150500,575,169,874,798
48453002212,2015,828,24.1,265,297,0,437,59091,72,111900,165,31,1438,196
48453002317,2015,5150,22.1,3277,858,188,2264,21716,3067,153100,106,1693,803,2164
48453002318,2015,10290,22.9,7014,1342,1090,6001,27275,5991,142800,455,2950,916,3811
48453002319,2015,2264,32.9,1532,638,0,773,,12,,0,0,,0
48453002425,2015,3536,31.9,3009,120,160,2084,74956,67,193300,742,462,1269,1268
48453002426,2015,9702,29.4,7609,824,20,6865,71917,754,141000,2027,568,1381,2728
48453002427,2015,8261,29.7,5784,545,0,6853,41953,2522,87100,1274,1052,1028,2503
48453002428,2015,6618,33.6,5580,227,260,2749,60795,349,260200,1502,1275,1126,2811
48453002429,2015,762,33.4,576,58,14,303,54821,68,163600,68,339,1151,472
48453002430,2015,3482,29.5,2479,153,0,2763,44509,759,92700,728,159,998,1020
48453001781,2015,2397,40.5,2128,6,166,151,119271,161,373300,783,127,885,958
48453001308,2015,2779,35.8,2525,60,83,1182,47336,428,295200,533,838,1092,1504
48453001821,2015,6231,31.9,4180,761,155,3475,45198,1466,158700,916,1062,985,2046
48453001823,2015,7653,28.2,4382,1009,106,5496,34215,2551,119100,520,1709,949,2328
48453001828,2015,4254,41.3,3634,142,94,469,93590,81,228000,1329,379,1146,1769
48453001841,2015,17937,33.5,12298,2447,2537,6464,76932,2043,163500,4138,1294,1176,5688
48453001843,2015,2521,40.2,1902,57,313,824,67308,507,160500,709,269,1432,994
48453001847,2015,7085,34.6,4316,877,1310,1657,65724,921,182700,1659,1261,1091,3093
48453001908,2015,9205,37.9,8203,154,755,1770,100689,867,447300,2198,1499,1198,4077
48453002201,2015,2032,31.3,936,850,0,1169,40179,381,110800,373,197,1051,623
48453000102,2015,2556,50.0,2428,92,0,83,132763,80,673700,1021,81,1188,1181
48453000302,2015,5111,29.6,4061,109,436,983,43841,1250,402000,616,2189,908,3102
48453000401,2015,3515,26.2,2880,170,316,639,56935,858,297000,500,1014,1272,1724
48453000902,2015,5031,35.4,3983,206,142,3195,38042,1338,211700,974,905,899,2065
48453001305,2015,5769,31.9,5251,225,62,1544,60959,1253,386700,1173,1569,1112,2922
48453001307,2015,3719,31.0,3073,292,215,1070,43441,804,325300,520,1318,955,1934
48453001401,2015,3282,32.2,2950,68,137,284,71354,328,468100,526,1181,1414,1971
48453002431,2015,8167,30.5,6311,397,77,5693,59083,2087,122800,1599,628,1058,2440
48453002432,2015,2087,33.9,1466,222,0,1443,38000,762,140200,418,228,963,722
48453002433,2015,6793,30.9,4271,1315,287,3653,52037,1120,107100,1634,333,1435,2130
48453002434,2015,1764,32.3,1442,56,0,1070,49318,428,122700,274,210,972,547
48453002435,2015,8019,30.6,4389,1063,251,5015,49375,1914,114300,1747,556,1324,2454
48453002436,2015,2267,43.2,1957,4,3,1735,41012,334,115300,517,144,887,869
48453002500,2015,5630,37.2,4516,306,364,708,73833,670,331100,968,1838,1155,2979
48453980000,2015,0,-666666666.0,0,0,0,0,,0,,0,0,,0
48453001403,2015,1582,35.1,1292,53,40,578,39375,278,260300,228,561,905,881
48453001504,2015,5024,35.9,4418,28,276,786,72500,379,290800,1398,870,1291,2565
48453001505,2015,4246,38.0,3777,43,82,574,55274,573,309700,1134,1114,981,2262
48453001604,2015,4181,44.5,3977,0,14,363,142188,174,812000,1455,307,1203,1808
48453001714,2015,13871,35.5,9984,790,2559,1997,72120,1004,365600,2957,2457,1078,5815
48453001718,2015,5812,38.2,4984,105,460,428,80481,490,442300,1600,1253,1226,3015
48453001728,2015,7242,39.2,5994,333,167,1305,71593,410,194800,1773,1174,1359,3134
48453002409,2015,3529,35.3,3128,156,35,1867,56315,464,150800,706,581,1358,1346
48453002410,2015,4132,31.1,3554,251,140,2227,40601,1006,151300,465,1182,1034,1769
48453002419,2015,4327,27.1,2971,518,82,2761,35685,1354,,17,1824,901,1993
48453002421,2015,9346,29.4,7556,596,334,3686,66509,711,184900,1439,2303,1200,3829
48453000803,2015,2333,33.6,1679,345,49,608,60375,184,291000,522,470,1257,1096
48453001200,2015,4907,34.2,4115,134,474,608,64833,349,497400,837,2325,1545,3505
48453001503,2015,3987,33.9,3203,271,69,1168,52379,544,240800,731,1022,936,1982
48453001602,2015,3376,31.8,2296,77,749,399,57589,340,582600,600,1115,887,1852
48453001712,2015,4740,41.3,4301,195,9,1847,50521,850,248500,843,1166,978,2074
48453001746,2015,3933,36.5,3285,129,253,1080,64884,264,207000,1082,775,1078,1890
48453002403,2015,2575,35.4,2201,235,44,825,51192,395,161400,603,380,1356,1101
48453002407,2015,5896,34.7,4813,175,299,2272,73920,258,215500,1484,833,1253,2414
48453002413,2015,4953,25.4,3203,289,0,3988,31691,2347,105500,349,897,1033,1263
48453002424,2015,3871,34.7,3424,258,37,1897,51797,598,158400,774,636,1038,1532
48453000204,2015,3092,31.5,2746,27,116,415,53448,579,443800,665,947,939,1695
48453001000,2015,3687,39.9,2690,74,191,2265,41823,710,329600,778,681,934,1652
48453001402,2015,2830,30.7,2658,79,0,488,59844,327,410300,483,871,1193,1506
48453001705,2015,4630,45.7,4358,0,174,307,91161,127,484300,1366,726,1466,2341
48453001722,2015,3488,32.6,2636,251,384,480,47669,167,375500,236,2050,975,2509
48453001752,2015,3937,27.2,2465,123,1085,523,29896,1297,147300,82,2047,932,2395
48453001749,2015,6325,34.0,4623,104,1378,874,80545,374,214600,897,1922,1214,3160
48453001751,2015,2126,47.0,1845,211,28,104,92734,86,445400,785,144,1838,991
48453001813,2015,7424,28.6,5043,994,207,4977,38046,1726,156200,961,1416,830,2694
48453001829,2015,2465,34.7,1954,38,211,543,55980,170,197400,307,1151,921,1538
48453001842,2015,10349,30.9,7314,1281,1158,5626,58015,1321,135600,1982,1056,1170,3038
48453001844,2015,3729,31.8,2726,624,183,1138,40750,541,149300,468,1163,999,1781
48453001912,2015,3741,45.1,3182,42,365,235,168571,331,956300,1140,298,1761,1725
48453002105,2015,5241,30.9,3417,774,165,2759,29037,1444,204900,362,1848,822,2385
48453002109,2015,3963,37.2,1713,1833,32,1339,36431,1024,165800,851,746,872,1768
48453002308,2015,6352,25.9,5556,254,142,2834,42554,1751,235100,491,1958,1118,2745
48453002313,2015,4883,29.4,3104,898,118,2310,33465,1480,167900,280,1826,893,2178
48453001716,2015,5282,39.6,4335,151,358,460,77451,222,437000,1364,1279,1357,2908
48453001754,2015,4882,39.6,4435,196,133,749,70016,295,271000,938,1376,971,2433
48453001769,2015,5342,41.0,4881,23,188,1263,85541,227,245600,1742,333,1408,2235
48453001817,2015,3784,36.7,3209,82,190,624,54023,411,251700,865,1256,954,2283
48453001826,2015,2420,33.7,1323,212,589,597,59667,197,244400,200,868,1081,1223
48453001848,2015,5001,35.0,3186,416,1077,1083,70873,347,216700,925,1019,1113,2134
48453001910,2015,4529,41.2,3929,48,435,400,111588,224,616100,1031,740,1384,1953
48453001911,2015,3083,29.9,2628,40,280,629,65351,238,331300,145,1635,1289,1950
48453002005,2015,4921,29.0,4414,153,98,2049,48235,1424,271200,453,1785,969,2581
48453000901,2015,2165,28.3,1663,284,54,820,60125,316,206100,288,598,1373,971
48453000402,2015,3271,32.3,2045,657,256,413,46723,564,247300,493,958,951,1529
48453000601,2015,9792,19.6,7163,1084,927,1934,8235,591,,5,363,1107,403
48453001303,2015,3289,38.8,3016,30,133,438,76552,260,472700,1006,833,1116,2316
48453001304,2015,3769,33.5,3475,57,67,455,72126,254,421000,968,1014,1249,2104
48453001501,2015,5266,42.1,4973,40,62,617,87957,248,364000,1919,414,895,2423
48453001756,2015,4256,40.7,3377,141,493,352,100368,97,274600,1046,737,1432,1833
48453001765,2015,13993,38.7,12586,233,654,1519,123996,436,353200,3949,938,974,5181
48453001766,2015,6931,46.4,6811,3,0,1075,61793,951,209000,2066,519,792,2965
48453000101,2015,4061,39.8,3775,24,47,407,86464,267,384300,1189,756,1512,2144
48453000500,2015,4894,26.9,4125,59,375,712,38147,1650,470100,546,1734,994,2614
48453000604,2015,6839,20.7,4974,200,1339,740,7741,3893,241300,33,1679,1130,1939
48453000700,2015,1076,32.3,964,24,56,194,51154,155,390300,224,410,991,873
48453000801,2015,1638,45.7,1248,185,0,1054,47500,293,207300,328,278,797,645
48453001606,2015,96,49.8,68,28,0,14,,60,,0,0,,0
48453001707,2015,4623,41.3,4187,131,96,645,67167,476,324400,1236,1096,1109,2467
48453001719,2015,4052,46.4,3582,8,299,471,142543,116,529800,1443,240,1610,1729
48453001737,2015,10736,39.5,9352,178,874,1842,111027,301,299800,3013,1129,1367,4180
48453001753,2015,1036,30.8,785,77,106,190,70112,105,,0,701,1124,820
48453001713,2015,4489,35.7,3694,223,74,1339,57188,623,200600,1104,826,1129,1991
48453001729,2015,4728,34.5,4125,78,295,1229,72213,292,179100,1155,994,1181,2282
48453001733,2015,3787,44.0,3693,37,33,611,112663,164,351700,1212,121,,1333
48453002314,2015,4874,26.0,2781,946,85,2419,25018,2132,169900,57,2020,958,2508
48453002411,2015,6858,26.8,4138,567,7,5594,34085,2597,101900,616,1118,1043,1779
48453001603,2015,4821,35.7,4489,18,126,221,126653,109,713300,1414,321,2035,1959
48453001605,2015,3733,34.8,3423,35,118,404,95972,403,710800,889,992,1218,2208
48453001706,2015,3656,40.8,3114,210,214,466,78750,160,384300,1033,785,1077,1943
48453001738,2015,6943,40.9,6352,96,141,1536,90423,338,267300,2067,657,1431,2781
48453001757,2015,2240,45.5,1895,86,107,292,86484,142,427000,681,368,1202,1075
48453001819,2015,4465,28.0,2619,352,291,3120,29271,2009,175600,161,1206,867,1493
48453001846,2015,2289,50.3,1963,46,204,263,85764,142,230300,969,76,1708,1074
48453001764,2015,6559,48.7,6219,37,113,845,95747,370,334900,2292,280,1183,3378
48453001742,2015,6806,36.9,6432,0,283,2126,67327,914,293100,1566,697,1785,2465
48453001761,2015,7107,39.1,6222,0,468,615,107220,415,652600,1800,1217,1156,3392
48453001768,2015,6740,39.6,6160,66,276,669,96154,269,369000,1831,701,1178,2880
48453001806,2015,6679,26.4,3668,747,0,4663,30701,1767,112700,386,1847,814,2565
48453001811,2015,3561,29.2,1737,637,7,2305,31696,1551,153700,356,888,802,1383
48453001824,2015,1639,39.1,1329,23,50,388,56964,231,180800,480,267,1018,820
48453001833,2015,8733,30.8,4984,1049,191,5511,48292,2350,154100,1150,1396,972,2716
48453002110,2015,4439,31.8,2264,1233,70,2423,34602,1394,154600,847,580,985,1533
48453002315,2015,3053,27.9,2297,158,43,1972,31900,967,257800,177,1176,837,1601
48453002110,2016,4283,33.7,2251,1263,80,2018,33947,1331,178200,846,570,1069,1562
48453002315,2016,3083,29.6,2506,95,36,2025,35000,751,,186,1184,938,1643
48453001745,2016,2347,43.9,1987,69,92,328,100473,226,300600,727,289,1206,1091
48453001747,2016,5699,35.2,4725,408,131,1870,60944,1243,223400,1144,1055,1151,2225
48453001748,2016,6980,33.9,5947,218,354,2126,77588,631,236400,1531,1017,1364,2548
48453001750,2016,4852,32.9,4216,79,338,1380,67639,321,287800,863,1647,1189,2715
48453001812,2016,7778,29.6,5484,893,152,5261,29485,2719,163400,440,2517,872,3119
48453001822,2016,6973,29.9,4965,301,106,5021,37151,1965,133100,790,1645,886,2520
48453001849,2016,6183,30.0,3924,723,991,1283,56798,753,107900,41,3490,1138,4106
48453000203,2016,1470,26.5,1135,120,117,208,54797,423,,0,710,1693,856
48453000802,2016,3670,28.7,2209,1383,0,1336,30769,1759,236300,489,817,490,1371
48453001740,2016,4907,34.9,4087,100,453,1235,85072,327,286000,912,1085,1468,2021
48453001839,2016,7227,35.2,3874,1052,1948,1870,68301,524,162800,1401,1806,1021,3482
48453002307,2016,5592,31.5,4292,581,155,2787,36501,929,155200,517,2132,972,2798
48453002310,2016,3391,25.7,2400,231,0,2753,36083,1226,33900,471,464,920,980
48453001741,2016,3038,49.4,2682,9,244,430,101905,266,380000,996,296,1760,1686
48453002112,2016,5284,29.7,3262,1306,105,2395,31760,1936,163500,635,1182,873,2021
48453002106,2016,2788,37.2,2303,202,0,1265,50632,380,263600,776,388,875,1293
48453002316,2016,5290,28.9,3898,421,164,3405,35143,1595,,8,2157,909,2464
48453001804,2016,7188,32.1,3888,639,248,4675,38750,2386,210400,615,2015,828,2777
48453001834,2016,9443,33.0,4641,1869,1662,2877,57382,1065,192600,1405,2543,1111,4290
48453001782,2016,5469,43.0,3425,62,1637,574,130104,454,432200,1463,318,1387,1871
48453001783,2016,5514,40.7,4892,0,368,543,111386,160,419200,1703,244,1713,1993
48453001784,2016,6071,38.7,4753,17,1128,418,148167,106,475400,1523,353,1712,1976
48453001785,2016,4821,30.1,3309,474,723,858,62218,291,223400,432,1902,1134,2446
48453001786,2016,5478,33.5,3056,69,1833,663,62134,396,160100,496,2096,1302,2793
48453001854,2016,5826,30.7,3551,1305,51,2733,62517,1021,137900,1487,208,1295,1841
48453001855,2016,16056,35.6,10971,3443,668,3926,83500,790,201200,4317,1277,1371,5660
48453001856,2016,7952,35.4,4802,1749,350,2953,81184,464,178400,2179,239,1528,2568
48453001857,2016,6277,35.9,4089,856,708,1939,65625,350,164200,1482,996,1201,2540
48453001858,2016,20897,34.3,15130,3398,1217,4754,102553,433,222300,6361,393,1797,6889
48453001859,2016,2032,35.9,1518,143,179,586,87218,227,187600,578,93,,727
48453001860,2016,4295,32.4,3182,563,172,1883,46111,402,118500,685,991,1116,1780
48453001861,2016,5155,33.1,3270,848,721,1487,76589,442,144600,1336,305,1617,1670
48453001862,2016,6355,34.9,3571,1337,851,1481,70550,775,191400,1306,691,1079,2166
48453001863,2016,3490,30.4,2042,794,221,1292,36532,686,,10,1825,883,2011
48453001864,2016,2922,32.4,1965,544,245,686,50943,268,138800,206,1358,1154,1732
48453001914,2016,6301,37.9,5446,112,462,852,103852,230,411700,1444,1223,1391,2903
48453001915,2016,1740,34.7,1541,6,80,360,61761,154,254200,228,548,1323,836
48453001916,2016,3208,38.7,2821,16,298,189,203672,68,707100,911,46,1365,1004
48453001917,2016,4844,41.7,4203,0,374,427,160972,235,581200,1528,115,1721,1729
48453001918,2016,2540,48.8,2267,1,54,383,155789,60,842300,841,117,1940,1063
48453001919,2016,3979,42.1,3592,0,193,293,152885,64,747800,1205,235,2017,1440
48453002207,2016,9841,30.2,6079,2357,14,5808,52277,1706,120900,2088,689,1275,2917
48453002208,2016,8616,27.4,6149,1526,17,5639,44385,2434,117600,1221,641,1106,1928
48453002209,2016,9416,30.4,5689,2077,107,4821,48575,2044,135700,2363,632,1270,3210
48453002210,2016,3848,35.3,3308,241,0,1949,62250,679,135900,886,216,850,1133
48453002211,2016,2901,31.1,1745,501,37,1790,57708,419,157400,661,217,1283,897
48453002212,2016,910,31.5,410,420,0,290,66563,204,148300,196,31,1544,227
48453002317,2016,5675,22.5,3768,856,370,2486,24583,3114,151200,107,1841,823,2278
48453002318,2016,9939,23.7,6473,1269,1299,5141,30894,4950,129400,586,2953,876,4001
48453002319,2016,2239,33.6,1408,640,0,762,,26,,0,0,,0
48453002425,2016,3177,33.1,2543,104,267,1733,75606,182,195500,713,357,1320,1127
48453002426,2016,10539,30.5,8222,990,67,6653,75193,497,148500,2045,720,1508,2781
48453002402,2016,7716,31.6,6566,390,136,3682,51667,1295,197800,998,2500,1158,3733
48453002423,2016,5571,34.1,4813,316,128,2002,62476,481,185600,1446,843,1230,2373
48453001901,2016,5795,36.0,5392,13,114,930,76199,400,523500,1350,1605,1188,3127
48453002004,2016,2442,30.7,1968,66,177,577,37171,384,282700,118,1488,989,1656
48453002108,2016,3985,30.5,2452,1405,0,1790,39735,1278,173700,585,786,829,1488
48453002412,2016,6319,31.0,4562,450,43,5360,52784,1262,99900,926,516,1183,1499
48453002422,2016,5846,38.1,5021,325,26,3229,43586,682,177800,1031,1495,968,2613
48453000603,2016,7587,20.9,4998,414,1680,1478,8318,5455,230000,58,2252,1266,2867
48453000804,2016,2426,33.3,1520,635,28,993,31793,837,277700,354,619,616,1080
48453001100,2016,5719,37.8,4805,204,450,617,125965,542,441000,1334,2131,1914,4649
48453002427,2016,8025,30.1,6584,452,0,6697,41317,1918,98500,1194,1137,1102,2491
48453002428,2016,6988,33.1,6102,337,208,3136,69688,361,256100,1542,1208,1198,2876
48453002429,2016,1530,30.4,1176,201,22,778,55078,366,168800,61,571,1171,694
48453002430,2016,3316,28.1,2822,159,0,2608,50101,796,104800,656,211,1050,1003
48453000304,2016,3204,27.8,2915,39,213,562,51844,543,395200,450,939,1040,1588
48453000205,2016,4227,31.1,3528,141,295,654,65560,547,339300,821,1274,1094,2263
48453000206,2016,3201,35.1,2700,164,127,336,73869,292,481900,758,929,1205,1813
48453000305,2016,3436,29.6,2943,77,101,513,49727,795,326900,519,1276,1082,1915
48453000306,2016,4239,33.6,3460,360,274,989,66995,811,432700,792,1087,1368,1993
48453000307,2016,1831,32.8,1652,87,33,304,61823,193,382600,411,404,1208,853
48453001770,2016,12539,39.2,10569,87,1316,1432,130738,274,404600,3740,292,2331,4032
48453001771,2016,4318,49.2,3958,63,141,639,130855,199,386100,1608,132,2072,2171
48453001772,2016,3913,37.1,3107,102,224,1679,70605,346,208300,1135,218,1415,1397
48453001773,2016,7718,44.5,6657,175,572,651,120650,261,496300,2476,507,1410,3326
48453000901,2016,2378,28.1,1849,303,90,922,74643,401,244700,321,611,1551,1020
48453000402,2016,3578,32.6,2287,770,116,513,45469,722,267700,582,942,991,1631
48453000601,2016,10035,19.7,7301,1424,793,2132,9259,527,,5,321,1028,393
48453001303,2016,3586,39.4,3317,27,181,484,77402,338,461100,1029,1055,1451,2579
48453001304,2016,4031,33.4,3731,43,125,653,74350,220,476200,1076,934,1415,2123
48453001501,2016,5369,41.5,5077,41,82,572,95236,204,382500,1809,517,849,2462
48453001713,2016,4625,34.8,3670,264,95,1458,58077,641,225600,1156,816,1250,2070
48453001729,2016,4797,34.3,4008,35,465,1328,69547,335,185000,1133,1064,1248,2293
48453001733,2016,3887,44.6,3690,43,95,607,106382,67,388500,1262,91,1750,1353
48453002314,2016,5093,26.7,3558,693,131,2530,30855,1496,305900,96,2108,992,2565
48453002411,2016,6794,27.8,4678,627,7,5536,35930,2221,99500,786,1038,1116,1908
48453001603,2016,4994,36.1,4600,19,140,315,127226,164,767600,1489,334,2125,1987
48453001605,2016,3717,35.0,3476,21,126,368,86613,430,697700,909,993,1270,2227
48453001706,2016,3722,40.6,3167,213,230,532,80000,201,410200,1050,856,1197,1965
48453001738,2016,6595,43.9,6074,84,157,1376,87340,386,289600,2306,541,1283,2865
48453001757,2016,2104,49.3,1815,93,124,302,88169,148,452200,617,378,1308,1066
48453001819,2016,4281,30.8,2722,247,358,2708,31884,2008,178400,180,1211,892,1506
48453001846,2016,2350,50.3,2145,23,171,291,93839,118,245700,972,75,1924,1071
48453001764,2016,6793,47.1,6333,56,131,953,100678,367,375800,2210,445,1182,3576
48453001742,2016,6435,38.1,6092,62,140,2228,68507,736,281700,1645,589,1728,2499
48453001761,2016,7397,39.0,6570,18,475,758,110054,360,690100,1834,1253,1216,3365
48453001768,2016,7795,37.8,7105,72,326,783,96902,300,376500,2116,703,1159,3174
48453001806,2016,7191,28.8,4435,632,0,5298,32005,1626,119600,441,1903,832,2625
48453001811,2016,3488,30.5,1853,555,10,2117,32962,1390,172700,387,870,815,1410
48453001824,2016,1681,38.7,1339,41,48,403,65000,176,189400,478,290,1092,838
48453001833,2016,8873,31.3,5373,1074,213,5576,49889,1789,159600,1244,1388,1083,2811
48453002431,2016,8368,30.4,6520,525,74,5638,59008,2064,123100,1530,705,1032,2508
48453002432,2016,2273,32.0,1657,122,0,1697,42031,524,152000,472,147,1025,719
48453002433,2016,7691,28.6,4531,1329,145,4744,51483,1629,111700,1661,417,1425,2240
48453002434,2016,1858,31.9,1482,108,0,1137,49219,422,127800,337,177,958,568
48453002435,2016,7900,31.6,5216,731,214,6034,56343,1585,123800,1809,406,1219,2518
48453002436,2016,2758,40.2,2324,47,6,2278,34413,508,122200,530,219,930,857
48453002500,2016,5642,38.1,4678,181,414,689,80587,480,363300,1173,1674,1217,3051
48453980000,2016,0,-666666666.0,0,0,0,0,,0,,0,0,,0
48453002409,2016,3596,36.8,3251,155,5,1770,60186,440,178300,761,574,1346,1392
48453002410,2016,4221,32.6,3588,232,118,2186,45111,960,164700,505,1212,1031,1789
48453002419,2016,4552,27.0,2942,725,85,2827,34873,1252,,20,1808,961,2007
48453002421,2016,9897,30.5,8053,670,388,3829,65208,1146,194100,1528,2376,1242,4048
48453000803,2016,2327,33.9,1809,288,66,597,64007,236,298900,509,522,1259,1131
48453001200,2016,5049,34.8,4336,134,426,630,65880,311,527000,837,2342,1562,3617
48453001503,2016,4077,33.4,3345,216,64,1245,53603,745,240700,675,1113,1113,2045
48453001602,2016,3291,32.5,2194,77,897,319,61463,445,601200,631,1074,888,1839
48453001712,2016,4955,38.3,4469,307,18,2005,53068,1036,257300,861,1175,970,2107
48453001746,2016,4114,36.6,3527,246,217,1074,70184,269,220400,1164,762,1105,1935
48453001749,2016,6445,33.4,4695,148,1397,1072,81550,306,217300,969,1858,1226,3190
48453001751,2016,2247,47.2,1933,222,34,137,107813,90,479500,838,126,1545,1007
48453001813,2016,6970,27.5,3954,921,229,4699,31996,2351,156900,785,1495,881,2506
48453001829,2016,2374,35.6,1859,64,205,434,55174,116,223600,350,1058,939,1559
48453001842,2016,10402,32.0,6992,1326,1356,5375,56712,1312,131600,2003,1072,1177,3075
48453001844,2016,3982,32.0,3245,481,60,1364,47271,526,162300,536,1136,1102,1822
48453001912,2016,3675,44.0,3076,28,392,248,155982,354,1051000,1111,306,1812,1715
48453002105,2016,5001,32.1,3081,686,85,2750,34536,1322,225000,319,1778,858,2382
48453002109,2016,4105,36.2,2160,1780,46,1257,40461,1031,194300,886,742,904,1784
48453002308,2016,6397,27.1,5563,281,134,2763,43898,1533,238300,467,2031,1151,2759
48453002313,2016,4510,29.8,3183,726,74,2256,35214,1187,171300,247,1831,941,2184
48453001716,2016,5824,39.4,4658,166,428,553,84271,211,452200,1406,1411,1432,3052
48453001754,2016,5056,40.1,4638,125,158,762,71373,247,288500,1013,1336,1038,2429
48453001769,2016,5558,42.7,4875,22,435,1030,89018,107,273600,1838,309,1206,2244
48453001817,2016,3946,36.4,3356,0,214,688,53732,496,261400,887,1321,1024,2321
48453001826,2016,2660,33.8,1504,232,548,674,63494,160,249500,230,951,1127,1266
48453001848,2016,5054,35.3,3237,407,1066,1128,71568,272,220400,965,1035,1167,2182
48453001910,2016,4476,42.0,3901,54,317,429,120677,187,627300,1078,671,1396,1967
48453001911,2016,3151,30.7,2676,42,243,626,66099,209,410400,173,1626,1364,1969
48453002005,2016,5702,29.7,5196,121,96,2601,60230,1608,333300,579,1820,1079,2657
48453001308,2016,2965,31.4,2740,90,89,1115,55000,447,309600,506,976,1172,1578
48453001821,2016,6189,31.6,4265,719,174,3413,47165,1365,164300,875,1126,997,2077
48453001823,2016,7620,28.9,3942,927,117,5464,33520,2727,122600,507,1721,957,2381
48453001828,2016,4120,41.3,3544,172,112,525,95054,80,240500,1335,351,1331,1780
48453001841,2016,17045,33.0,11249,1974,2510,6633,71136,1716,163100,4047,1301,1257,5608
48453001843,2016,2444,40.5,1855,124,266,751,67750,455,173100,662,356,1543,1034
48453001847,2016,6880,36.0,4146,961,1347,1536,65643,677,195500,1618,1372,1106,3134
48453001908,2016,8673,39.0,7521,392,695,1737,100833,929,488400,1908,1516,1214,4057
48453002201,2016,2075,30.5,924,860,0,1166,39464,435,110400,365,238,1178,636
48453000102,2016,2572,51.2,2409,103,33,87,136176,81,678600,1043,65,1336,1186
48453000302,2016,5170,30.4,4117,171,473,572,51628,1014,449700,824,1961,915,3080
48453000401,2016,3732,26.6,3057,191,292,654,64310,825,344200,516,1064,1382,1780
48453000902,2016,5369,34.5,4144,213,117,3545,42917,1076,218300,937,1060,1039,2219
48453001305,2016,5617,34.6,5144,194,48,1348,61774,952,437000,1211,1622,1303,3029
48453001307,2016,3832,31.4,3267,303,190,1245,44692,788,384000,599,1232,971,1968
48453001401,2016,3331,31.6,2998,67,102,292,73581,391,584600,460,1251,1533,1942
48453001403,2016,1576,35.3,1317,68,45,470,41705,327,288100,259,536,946,904
48453001504,2016,5197,35.7,4292,127,309,902,72500,353,329000,1375,923,1337,2622
48453001505,2016,4377,37.3,3879,22,68,614,51699,523,321200,1033,1231,1076,2287
48453001604,2016,4285,43.4,4147,0,19,310,142917,159,850100,1447,353,1329,1858
48453001714,2016,14685,34.2,9791,999,3167,1882,87200,1063,378100,3213,2356,1104,5960
48453001718,2016,5944,37.9,5086,175,426,531,78750,484,475000,1585,1335,1323,3102
48453001728,2016,7159,39.4,6083,326,178,1958,73976,447,221200,1868,1041,1423,3143
48453001774,2016,8558,35.9,6848,474,674,2524,105925,254,259700,2337,443,1758,2966
48453001775,2016,6815,37.8,5599,199,601,1240,138102,147,381200,2071,78,,2164
48453001776,2016,3162,35.7,2256,423,113,713,73977,276,210200,846,373,1362,1219
48453001777,2016,5854,33.6,4881,278,225,1696,83075,363,218900,1389,877,1406,2363
48453001778,2016,4392,49.2,4269,24,11,321,95377,185,376000,1318,524,1363,2020
48453001779,2016,6200,52.9,5759,152,81,965,74964,484,198600,2114,509,967,3429
48453001780,2016,4011,51.5,3701,37,13,421,70781,324,251500,1520,253,1194,2506
48453001835,2016,6097,30.3,4451,878,298,3159,53068,952,119300,929,1210,1162,2318
48453001840,2016,11109,31.2,6826,1881,1004,5392,60175,1908,125200,2148,1451,1173,3653
48453001850,2016,3833,36.3,2950,398,298,1216,49000,395,139200,354,1694,1091,2308
48453001853,2016,3259,36.4,2479,226,130,609,86042,149,188600,1057,270,1541,1327
48453002202,2016,9104,24.2,5154,2430,0,6016,35441,3380,89100,1065,1293,1022,2635
48453002003,2016,4185,34.7,3653,202,44,2346,44082,924,212900,674,763,866,1540
48453002107,2016,4403,30.2,2917,1181,37,1853,35670,1119,199700,544,959,916,1655
48453002403,2016,2661,35.3,2292,171,0,1092,60223,483,171600,605,376,1453,1094
48453002407,2016,5570,36.8,4634,145,253,2110,79874,294,226800,1437,828,1157,2475
48453002413,2016,5112,26.4,3246,402,0,4053,36000,2132,114200,341,911,1026,1269
48453002424,2016,3903,35.5,3545,230,23,1790,49911,521,162100,805,701,1084,1580
48453000204,2016,3090,31.0,2628,36,132,524,55270,589,481700,686,943,948,1741
48453001000,2016,3709,38.3,2764,77,100,2269,53288,677,337800,758,719,987,1676
48453001402,2016,2755,31.1,2633,28,0,435,63929,271,468200,549,735,1228,1492
48453001705,2016,4900,45.0,4567,0,234,350,92803,187,532600,1408,780,1461,2375
48453001722,2016,3365,32.9,2518,302,412,418,49029,156,417100,212,1972,1015,2538
48453001752,2016,3973,27.5,2576,156,934,632,32425,1267,149600,69,2170,968,2395
48453001756,2016,4404,42.2,3496,152,503,380,103227,100,286200,1045,710,1470,1841
48453001765,2016,14196,38.9,12482,193,698,1651,139500,433,370500,4007,835,1077,5143
48453001766,2016,8022,46.1,7622,53,121,1289,74844,791,286600,2438,365,769,3117
48453000101,2016,4331,38.3,3990,30,61,494,95724,270,432000,1176,821,1513,2217
48453000500,2016,4626,26.8,3927,68,347,692,36875,1622,601000,485,1608,1005,2547
48453000604,2016,6885,20.7,4900,171,1405,853,8169,3910,,12,1535,1207,1899
48453000700,2016,1121,34.3,1011,23,48,221,61458,133,361100,232,438,1070,893
48453000801,2016,1753,42.9,1399,131,0,1167,48333,295,252600,340,292,895,661
48453001606,2016,16,46.5,13,3,0,1,,10,,0,0,,0
48453001707,2016,4965,39.5,4267,208,65,885,70829,437,349600,1256,1091,1170,2500
48453001719,2016,4123,48.0,3612,0,273,492,142961,100,556300,1457,215,1596,1743
48453001737,2016,10891,39.5,9351,292,838,1912,108233,281,333300,3010,1123,1332,4213
48453001753,2016,1097,31.0,809,83,150,200,70652,77,,0,722,1171,891
48453001755,2016,6272,44.7,3881,10,2189,596,174310,144,489300,1982,114,2549,2129
48453001760,2016,17139,38.5,14513,297,1622,2136,135711,188,478100,4298,1096,1452,5935
48453001805,2016,4889,28.4,2459,464,173,3321,30118,1676,137600,501,1307,765,1907
48453001818,2016,5705,33.0,3604,178,254,2614,53866,2247,243300,1035,1077,1021,2374
48453001820,2016,7485,29.4,4477,665,119,5046,36867,2190,144000,529,2383,815,3098
48453001832,2016,2857,38.8,2013,632,122,623,50821,422,178700,627,653,926,1280
48453001845,2016,2859,37.0,2464,159,137,595,60432,461,216600,879,492,1063,1546
48453001851,2016,10347,33.7,6505,2472,757,2250,65863,660,194100,1653,2662,1082,4395
48453001913,2016,4843,43.4,4152,52,454,722,208064,104,945300,1580,131,1734,1852
48453002002,2016,3223,41.5,2879,184,41,1222,64233,211,234400,789,624,1055,1472
48453002104,2016,3379,33.6,2391,213,53,1636,61705,1104,238300,693,526,982,1286
48453002113,2016,3722,37.1,2702,804,31,1326,62111,834,227200,853,512,936,1449
48453002312,2016,7906,27.8,5785,634,13,6527,28701,2903,88600,941,1248,1022,2419
48453001781,2016,2410,42.8,2175,9,194,186,118750,82,379900,806,107,1000,974
48453002111,2016,5305,33.7,3588,790,115,3283,41118,1413,178100,927,865,903,1922
48453002304,2016,3155,31.2,2717,110,148,1319,46304,721,212500,51,1629,1180,1915
48453001745,2017,2328,43.2,1982,111,93,287,92716,285,341100,726,243,1484,1088
48453001747,2017,5743,35.4,4673,512,151,2009,57594,1256,244900,1175,1078,1233,2324
48453001748,2017,6880,33.6,5946,222,331,2179,80593,796,260500,1459,1060,1424,2546
48453001750,2017,5115,32.9,4243,70,545,1859,67130,352,289300,828,1772,1266,2746
48453001812,2017,7920,28.5,5406,793,250,5468,30461,2686,174200,445,2539,924,3209
48453001822,2017,7167,30.5,4778,345,64,5130,38250,2013,139300,714,1817,907,2592
48453001849,2017,6914,30.1,4674,575,1109,1567,57253,825,101200,61,3957,1227,4753
48453000203,2017,1594,25.9,1192,107,139,299,54777,489,,0,767,1723,900
48453000802,2017,3377,29.9,2013,1278,12,1151,40579,1635,235500,564,747,501,1357
48453001740,2017,5172,35.0,4157,130,543,1080,90855,298,315400,983,1058,1534,2080
48453001839,2017,7969,34.0,4528,1005,1942,2710,68650,519,173400,1376,1949,1114,3537
48453000205,2017,3937,32.0,3109,160,361,686,67589,221,393700,731,1415,1136,2377
48453000206,2017,3292,34.9,2816,171,104,425,80781,251,493800,804,863,1262,1771
48453000304,2017,3029,28.4,2718,22,190,496,53644,444,445200,414,884,1133,1607
48453000305,2017,3666,30.1,3235,89,103,489,52766,829,360900,621,1210,1197,1972
48453000306,2017,4869,34.4,3666,519,430,1074,73875,786,453200,917,1294,1367,2431
48453000307,2017,1786,35.5,1583,58,45,309,68214,164,411700,428,400,1309,881
48453001770,2017,12934,39.7,10919,107,1331,1796,143040,276,435400,3766,297,2328,4063
48453001771,2017,4289,49.3,3896,116,148,586,132589,176,396100,1611,124,2000,2117
48453001772,2017,4389,36.9,3669,118,241,1944,80565,376,219500,1175,233,1506,1511
48453001773,2017,8185,44.8,6925,173,785,695,122372,491,498900,2581,679,1434,3518
48453001774,2017,8225,36.5,6419,834,510,2321,107978,207,273100,2331,411,1856,2908
48453001775,2017,6993,38.2,5773,199,706,1229,153643,139,412800,2205,31,,2341
48453001776,2017,3268,35.7,2510,321,94,783,79487,339,225800,871,311,1283,1207
48453001777,2017,6270,32.5,5254,305,297,1822,86683,424,237300,1466,885,1467,2383
48453001778,2017,4401,51.2,4237,31,26,300,99720,113,412200,1359,482,1433,1982
48453001779,2017,6244,53.7,5760,176,69,595,71806,287,201600,2164,552,1049,3401
48453001780,2017,4152,50.3,3856,52,15,588,79429,442,262900,1480,272,1069,2498
48453001781,2017,2491,44.5,1980,0,442,173,112438,81,409700,792,131,1393,985
48453001782,2017,5402,43.7,3214,67,1746,418,126979,240,460000,1522,266,1360,1877
48453001783,2017,5406,40.7,4807,0,282,520,124688,118,421500,1661,225,1647,1933
48453001784,2017,6007,38.0,4769,18,1022,440,141071,190,495500,1390,620,1587,2231
48453001785,2017,4946,30.7,3274,311,1026,1014,66029,242,221300,469,1855,1161,2568
48453001786,2017,5283,34.2,3051,70,1664,596,66175,345,174200,420,2165,1350,2823
48453001854,2017,6763,32.2,3885,1653,78,3036,71979,949,153900,1700,261,1505,2159
48453001855,2017,17819,36.6,11635,3702,1164,4162,80902,1348,213900,4297,1752,1343,6126
48453001856,2017,8421,35.5,4898,1960,560,2874,88646,489,184400,2265,270,1278,2746
48453001857,2017,6723,32.6,4413,827,692,2157,71492,659,170900,1501,1095,1245,2683
48453001858,2017,21972,35.1,15894,3318,1272,5127,107345,357,241000,6653,376,1969,7178
48453001859,2017,2260,34.7,1563,148,246,607,89804,188,218200,712,92,1667,848
48453001860,2017,4464,33.5,3104,515,270,2022,50156,335,124300,717,956,1158,1831
48453001861,2017,5069,33.0,3129,751,867,1492,80972,256,155300,1364,323,1708,1687
48453001862,2017,6366,35.0,4078,1036,643,2180,77500,630,209300,1340,724,1239,2263
48453001863,2017,3474,30.6,1857,829,317,1125,36798,708,,11,1844,915,2047
48453001864,2017,2826,32.8,1810,636,232,639,53973,313,143200,153,1437,1174,1824
48453001914,2017,6426,38.8,5653,86,432,800,108088,185,455300,1541,1159,1498,2958
48453001915,2017,1687,34.1,1367,6,157,290,64599,160,292600,223,562,1411,941
48453001916,2017,3131,40.4,2699,17,328,206,209583,31,750500,903,47,1375,993
48453001917,2017,4978,41.8,4426,0,281,452,169792,227,632100,1588,110,1771,1783
48453001918,2017,2536,54.0,2382,1,65,262,177788,27,884800,886,107,1418,1097
48453001919,2017,3809,42.0,3424,0,206,277,148958,43,831100,1186,206,2037,1392
48453002207,2017,9529,31.9,5317,2395,50,5409,59250,1793,129500,2281,622,1289,3008
48453002208,2017,8478,28.8,5698,1148,18,5739,47759,1905,116900,1355,579,1031,2008
48453002209,2017,10065,29.7,5374,2275,127,5249,53981,1652,144700,2516,586,1277,3324
48453002210,2017,3900,35.7,2938,449,0,1999,71053,582,145600,926,188,903,1164
48453002211,2017,2885,32.2,1689,431,47,1867,70293,405,167800,645,248,1330,921
48453002212,2017,1043,29.0,406,485,0,374,75368,246,157400,227,38,1794,265
48453002317,2017,5931,22.6,3633,1003,505,2782,26163,3270,163600,133,1777,803,2203
48453002318,2017,8671,24.9,5389,1481,846,4333,37705,3425,127300,575,2641,921,3648
48453002319,2017,2147,33.2,1298,685,0,610,,22,,0,0,,0
48453002425,2017,3449,32.6,2649,98,284,1843,72256,250,213200,772,479,1279,1308
48453002426,2017,11174,30.9,8446,923,118,7108,78952,357,162400,2282,587,1619,2912
48453002427,2017,8517,29.6,7223,419,16,7018,46233,1844,118900,1300,1269,1119,2685
48453002428,2017,7337,34.5,6476,345,89,3760,77942,375,257500,1771,1128,1258,3044
48453002429,2017,1589,27.0,1263,224,14,892,55317,457,134700,43,556,1181,714
48453002430,2017,3203,29.7,2757,149,0,2570,48090,833,105300,615,263,1051,989
48453000901,2017,2424,28.4,1801,332,112,900,77845,392,298900,349,597,1745,1097
48453000402,2017,3400,33.0,2316,737,95,450,53796,488,326000,574,900,1024,1673
48453000601,2017,10147,19.7,7344,1543,785,2088,15938,532,,4,315,1059,390
48453001303,2017,4029,38.3,3716,41,215,465,82087,380,506000,1031,1278,1560,2982
48453001304,2017,4351,34.2,4046,27,103,832,86458,214,554500,1033,1022,1328,2144
48453001501,2017,5413,41.3,5188,40,80,247,101250,224,419700,1766,557,1135,2473
48453001713,2017,4448,36.0,3579,178,101,1547,62523,587,254600,1197,806,1325,2092
48453001729,2017,4650,39.2,4096,26,354,1476,65461,322,199900,1082,970,1212,2252
48453001733,2017,4158,44.3,3653,90,197,628,121301,102,399600,1331,118,1846,1449
48453002314,2017,5112,27.4,3491,929,211,2461,41594,1244,291700,95,2103,1067,2574
48453002411,2017,6828,29.4,5095,450,11,5779,37813,1980,103500,851,1044,1140,1948
48453001603,2017,5075,36.0,4739,17,120,286,141705,174,845400,1512,323,2070,2020
48453001605,2017,4041,35.3,3844,11,92,385,89798,414,708500,1010,895,1265,2241
48453001706,2017,3641,42.1,3200,198,121,518,85506,113,434400,1107,822,1222,1964
48453002431,2017,8803,30.4,6590,594,151,5808,60337,2425,150000,1592,776,1048,2556
48453002432,2017,2669,32.3,1784,189,29,1869,45333,534,160800,542,160,1106,813
48453002433,2017,8706,27.4,4600,1431,114,5719,54542,1436,128000,1732,498,1503,2380
48453002434,2017,1724,33.7,1279,109,0,1071,51985,312,153200,346,157,1003,564
48453002435,2017,8462,32.7,4377,694,329,6402,59835,1476,135900,1879,417,1489,2601
48453002436,2017,2851,43.0,1897,110,6,2385,45750,453,123000,542,205,885,865
48453002500,2017,5518,39.8,4529,244,382,719,82022,333,378600,1271,1614,1184,3091
48453980000,2017,0,-666666666.0,0,0,0,0,,0,,0,0,,0
48453001738,2017,6839,40.6,6193,66,191,1155,96875,349,316900,2328,464,1336,2850
48453001757,2017,2211,48.5,1935,56,165,344,91776,150,474600,641,372,1343,1093
48453001819,2017,4193,31.5,2597,174,290,2572,34583,1703,188400,193,1203,969,1528
48453001846,2017,2470,50.1,2189,24,246,284,109135,104,271800,970,91,1798,1081
48453001764,2017,7346,47.2,6967,67,57,893,115357,237,429400,2424,328,1165,3594
48453001742,2017,6075,41.2,5616,61,187,1663,69974,743,297900,1688,551,1927,2542
48453001761,2017,7350,39.6,6403,76,414,808,110262,159,692300,1840,1203,1293,3384
48453001768,2017,9182,37.8,8419,64,470,911,116483,443,399900,2507,664,1264,3630
48453001806,2017,7137,29.8,4525,622,0,5102,34176,1340,176200,470,1953,906,2646
48453001811,2017,3626,30.2,1899,481,29,2298,35787,1319,218400,380,926,906,1486
48453001824,2017,1704,38.9,1233,93,199,356,73419,220,208200,497,288,1147,860
48453001833,2017,9379,32.0,5487,1177,139,5725,51952,1267,178000,1275,1497,1126,2904
48453001835,2017,6408,31.5,4226,922,447,3170,58969,613,126200,1082,1221,1207,2400
48453001840,2017,11718,31.9,7372,1850,833,5784,62882,2047,136200,2354,1493,1199,3986
48453001850,2017,3946,35.7,3181,374,229,1084,53765,334,165000,297,1697,1155,2275
48453001853,2017,3351,36.5,2544,274,175,719,86148,100,199600,981,342,1575,1323
48453002003,2017,4061,34.0,3647,238,40,2061,45660,745,239700,690,761,890,1575
48453002107,2017,4538,30.3,2678,1228,40,1909,43750,841,220800,603,823,945,1567
48453002111,2017,5586,33.5,3651,902,67,3542,49688,1554,205000,1080,809,747,2038
48453002304,2017,3657,30.6,3008,177,237,1514,64286,751,235000,50,1830,1358,2229
48453002110,2017,4540,35.5,2393,1245,107,2222,37587,1272,201900,882,567,1114,1602
48453002315,2017,3134,30.5,2605,83,26,2044,35216,614,254300,196,1232,980,1678
48453002409,2017,3530,37.4,3263,61,6,1651,63099,450,200800,786,557,1392,1405
48453002410,2017,4253,33.3,3677,119,139,2267,49263,878,167300,461,1271,1110,1832
48453002419,2017,4773,26.7,2981,749,125,3252,38225,1115,113800,35,1836,1019,2037
48453002421,2017,10292,31.2,8325,732,497,4022,64689,1227,216700,1651,2516,1266,4311
48453000803,2017,2489,32.9,1927,349,52,339,83387,229,361300,512,482,1372,1115
48453001200,2017,4972,35.3,4318,70,436,378,71190,263,594100,822,2314,1602,3792
48453001503,2017,3989,33.1,3257,147,144,1246,51810,624,267600,707,1165,1123,2083
48453001602,2017,3277,31.3,2165,21,1039,264,75625,356,612700,574,1040,952,1811
48453001712,2017,4945,38.5,4453,321,28,1792,59688,767,276600,911,1087,1102,2121
48453001746,2017,4244,37.1,3656,183,281,1079,76667,313,230800,1285,685,1101,1980
48453001749,2017,6507,34.0,4480,274,1593,1010,82054,280,240100,915,1998,1249,3230
48453001751,2017,2164,50.9,1970,117,12,153,105893,93,509500,830,141,1705,1012
48453001813,2017,7236,28.2,4101,954,274,4871,34918,2346,160000,797,1568,951,2579
48453001829,2017,2428,35.1,1949,78,218,378,51298,134,240200,368,1073,993,1576
48453001842,2017,11597,31.6,6693,1498,872,6632,57933,1397,142800,2200,1046,1251,3246
48453001844,2017,3620,32.8,2816,426,128,1170,49171,435,174300,493,1058,1102,1710
48453001912,2017,3918,43.3,3331,15,410,454,151862,372,1122000,1100,361,1821,1763
48453002105,2017,4962,33.3,2827,686,95,2583,37891,1146,263300,340,1763,946,2456
48453002109,2017,3894,39.7,2022,1728,54,982,42385,793,233300,956,618,877,1778
48453002308,2017,6851,28.0,5865,352,179,3133,41844,1498,310900,454,2166,1158,2855
48453002313,2017,4388,29.9,3228,749,79,2134,40760,971,220200,231,1837,979,2212
48453001716,2017,6312,40.1,4847,440,445,802,88482,274,456100,1502,1507,1485,3172
48453001754,2017,5037,40.3,4534,170,182,745,72516,257,337700,1024,1326,1125,2433
48453001769,2017,5691,43.0,5129,29,305,1051,109063,58,300400,1803,383,1526,2353
48453001817,2017,3982,37.1,3347,0,165,570,57325,447,289200,915,1306,1077,2325
48453001826,2017,2622,34.0,1422,303,467,590,61166,170,312600,223,990,1218,1259
48453001848,2017,5031,36.4,3107,521,980,1230,72663,265,248900,998,1053,1233,2253
48453001910,2017,4621,42.8,3992,83,354,530,122961,409,669700,1120,641,1397,1989
48453001911,2017,3141,30.9,2673,43,323,676,68229,228,437000,182,1576,1403,1976
48453002005,2017,5446,30.3,4830,171,269,2250,62095,1562,353500,652,1812,1152,2765
48453002202,2017,9314,26.2,4811,2317,0,6158,40824,3204,91000,1154,1323,1057,2653
48453002403,2017,2764,35.3,2480,113,12,1087,64773,642,199000,605,407,1365,1104
48453002407,2017,5781,38.8,4861,205,187,2225,83824,372,254700,1423,929,1189,2746
48453002413,2017,4955,27.3,2852,455,0,3889,40130,1767,122000,365,934,1032,1299
48453002424,2017,3945,35.1,3575,224,21,1761,49643,570,169600,756,760,1097,1601
48453000204,2017,3060,33.1,2634,37,142,437,56972,614,526400,710,853,1020,1735
48453001000,2017,3770,38.6,2734,109,86,2132,64643,450,369100,821,651,1063,1667
48453001402,2017,2617,33.6,2466,23,0,343,67237,263,492600,583,727,1260,1514
48453001705,2017,4900,44.5,4410,45,356,395,109618,166,583500,1421,746,1524,2379
48453001722,2017,3746,33.4,3004,239,347,542,53605,310,426400,221,2043,1150,2539
48453001752,2017,3926,27.9,2471,158,974,577,35365,1408,230700,47,2142,998,2460
48453001756,2017,4413,44.3,3489,177,406,431,105256,98,303100,1060,674,1548,1842
48453001765,2017,14723,38.8,12862,146,803,2054,132446,291,389100,4152,866,1085,5293
48453001766,2017,8232,43.5,7891,45,100,1321,85789,792,293600,2579,253,780,3312
48453000101,2017,4263,38.4,3963,26,70,397,101944,265,468200,1134,892,1591,2241
48453000500,2017,4486,27.1,3738,36,443,538,38750,1518,557800,455,1620,1139,2635
48453000604,2017,7140,20.7,4810,243,1693,1041,8975,3873,325000,42,1574,1227,2023
48453000700,2017,1123,32.4,902,20,70,243,61685,220,299300,215,444,1112,896
48453000801,2017,1877,40.5,1504,164,0,1096,43417,289,264700,313,320,854,668
48453001606,2017,17,55.1,12,1,0,3,,10,,0,0,,0
48453001707,2017,5061,39.3,4412,180,125,1011,72982,406,366800,1250,1150,1296,2496
48453001719,2017,4149,48.9,3583,0,309,353,158456,57,605100,1506,180,1926,1760
48453001737,2017,10754,40.6,9307,288,845,1853,109554,244,361800,3010,1172,1359,4243
48453002307,2017,5849,32.4,4407,499,140,2838,42176,896,189100,578,2062,1057,2848
48453002310,2017,3224,25.6,2103,222,0,2681,39353,1098,45000,461,413,967,951
48453001741,2017,2887,51.3,2636,23,109,330,110260,159,472700,941,304,2019,1709
48453002112,2017,5203,30.6,3441,1125,97,2335,31771,1813,227100,610,1190,942,2079
48453002106,2017,2906,39.1,2334,209,0,1357,52071,449,318100,729,435,930,1261
48453002316,2017,4944,28.8,3337,531,147,2898,35516,1511,,0,2185,980,2497
48453001804,2017,6970,31.8,3791,495,122,4347,43970,1886,234100,737,1922,889,2813
48453001834,2017,10374,32.9,5334,1784,1564,3659,59356,1025,210600,1529,2524,1189,4418
48453001805,2017,4911,30.1,2216,298,176,3304,33594,1607,145500,490,1337,859,1908
48453001753,2017,1114,32.0,725,60,270,205,65417,66,,0,721,1232,930
48453001755,2017,6214,45.4,3913,21,2085,652,172250,147,501800,1956,139,2551,2155
48453001760,2017,17819,39.1,15239,120,2056,1906,140882,318,492100,4438,1218,1452,6013
48453001818,2017,6166,31.2,3417,121,193,3834,54176,2140,270900,986,1147,1069,2358
48453001820,2017,7425,29.1,4180,786,126,5109,35090,2139,160000,523,2365,862,3083
48453001832,2017,2872,39.3,2183,518,107,815,54196,384,185200,672,575,992,1276
48453001845,2017,2970,34.5,2614,54,202,611,63068,360,232800,956,433,1119,1521
48453001851,2017,9806,35.5,5843,2148,926,3206,66886,887,218000,1590,2806,1120,4514
48453001913,2017,4895,44.0,4301,47,407,873,214418,115,1048800,1610,85,1491,1855
48453002002,2017,3334,41.0,3075,143,35,1167,68913,181,262000,867,537,1101,1461
48453002104,2017,3618,33.4,2609,190,50,1773,74009,1260,274100,751,438,1148,1274
48453002113,2017,3608,39.4,2637,709,31,1276,62198,744,251100,873,507,1022,1443
48453002312,2017,8705,29.0,6221,722,58,6788,31875,2856,,1008,1419,991,2596
48453002402,2017,8464,31.1,7273,502,171,3753,59018,1485,192400,1068,2612,1252,3842
48453002423,2017,5705,35.0,4863,443,75,2047,64948,324,212600,1401,946,1515,2458
48453001901,2017,5641,35.3,5215,14,38,1061,73917,350,570000,1283,1565,1237,3126
48453002004,2017,2457,31.6,2008,77,176,532,45647,300,289800,123,1561,1109,1708
48453002108,2017,3806,32.3,2100,1597,0,1491,43712,598,190500,646,786,884,1528
48453002412,2017,6083,32.5,4252,318,44,5177,57946,1026,109200,957,492,1332,1514
48453002422,2017,5998,35.5,5088,400,14,3157,56078,393,194700,1125,1417,995,2628
48453000603,2017,8045,21.0,5329,577,1644,1469,10035,5508,242000,90,2259,1258,2931
48453000804,2017,2452,34.1,1677,500,46,1060,38711,828,403300,387,620,539,1098
48453001100,2017,6001,37.8,5188,313,401,882,131944,828,477600,1184,2500,1973,4976
48453001308,2017,2926,32.9,2677,87,89,1001,60185,294,336200,502,1019,1210,1644
48453001821,2017,5988,33.0,4107,575,133,3431,56196,901,185700,923,1062,1071,2080
48453001823,2017,7492,29.3,3609,1176,164,5202,37163,2237,149800,527,1739,1045,2475
48453001828,2017,4134,40.7,3560,98,178,496,94815,88,262600,1376,302,1549,1781
48453001841,2017,17164,33.7,10120,2388,2843,6896,74647,1112,170800,4252,1110,1342,5656
48453001843,2017,2523,40.9,1966,109,239,825,68917,322,189900,670,332,1595,1002
48453001847,2017,6895,34.7,4090,859,1338,1564,67740,649,222300,1645,1356,1105,3158
48453001908,2017,9583,38.1,8278,401,825,2276,110833,1235,503500,2060,1554,1227,4120
48453002201,2017,2076,31.7,913,856,5,1091,45833,371,138200,352,244,1264,639
48453000102,2017,2640,50.2,2422,87,47,127,157563,46,770500,1001,106,2975,1176
48453000302,2017,4964,30.3,3957,210,370,589,55120,970,516300,771,1865,1089,3114
48453000401,2017,4087,26.9,3363,122,274,618,68850,819,383300,558,1177,1474,1943
48453000902,2017,5473,33.2,4343,289,111,3407,46969,1252,237900,983,1178,1022,2405
48453001305,2017,5681,34.1,5084,308,46,1073,64602,995,468700,1196,1671,1414,3096
48453001307,2017,3775,32.4,3141,316,201,1217,52162,762,410700,636,1208,1022,2038
48453001401,2017,3360,31.9,2926,80,128,414,77542,326,630800,477,1205,1647,1934
48453001403,2017,1723,34.3,1436,84,54,624,41860,359,334200,241,565,967,895
48453001504,2017,5371,35.7,4438,132,284,925,87832,440,375900,1470,879,1384,2686
48453001505,2017,4342,37.9,3965,24,81,413,57865,439,351900,995,1300,1115,2362
48453001604,2017,4124,43.0,4071,0,15,186,151042,128,900400,1413,299,1256,1854
48453001714,2017,15804,34.7,10291,1081,3525,1933,88951,661,402800,3164,2655,1164,6190
48453001718,2017,6176,35.7,5183,170,564,768,77045,576,537500,1498,1416,1304,3089
48453001728,2017,7403,39.8,6223,336,233,2114,77722,403,243600,2013,972,1528,3169
48453002409,2018,3625,36.1,3203,123,6,1741,69191,387,217300,862,531,1466,1470
48453002410,2018,4524,33.3,3732,163,129,2408,51853,882,172500,450,1326,1159,1851
48453002419,2018,4833,27.4,2861,721,165,3317,39467,1013,,23,1977,1061,2189
48453002421,2018,10705,31.1,8374,779,557,4357,65376,1469,225300,1737,2638,1306,4600
48453000803,2018,2812,32.0,2039,541,73,374,93554,306,412500,504,565,1571,1206
48453001200,2018,5513,35.9,4724,71,499,396,81709,293,661700,883,2431,1754,4009
48453001835,2018,6729,32.0,4484,1173,493,3345,58016,620,140900,1125,1286,1207,2511
48453001840,2018,11694,32.3,7469,1819,791,5675,63375,1706,155600,2390,1545,1228,4200
48453001850,2018,3722,36.1,3108,334,171,912,53770,318,217300,301,1536,1183,2262
48453001853,2018,3336,38.0,2550,334,154,842,76840,70,222000,900,415,1518,1334
48453002003,2018,4221,33.6,3815,219,34,2203,46250,677,260100,655,869,950,1654
48453002107,2018,4773,32.5,2693,1328,53,1880,54271,559,257300,784,704,1072,1651
48453002110,2018,4465,37.4,2197,1187,116,2029,46162,1074,233200,895,567,1176,1611
48453002315,2018,3038,30.7,2402,156,34,1878,36446,531,,207,1277,1017,1684
48453001503,2018,4046,33.9,3129,217,173,1007,53510,632,295100,713,1188,1203,2144
48453001602,2018,3420,31.5,2330,21,991,342,80849,397,652100,614,1024,951,1858
48453001712,2018,4803,37.2,4325,270,35,1644,60433,824,312800,913,1098,1165,2176
48453001746,2018,4588,36.0,4027,170,204,1264,80776,332,241700,1225,775,1101,2031
48453001749,2018,6998,33.9,4549,309,2068,995,88083,289,263700,901,2118,1336,3252
48453001751,2018,2169,50.8,2020,106,11,151,116500,68,567400,832,134,1933,1025
48453001813,2018,7423,28.7,4257,583,189,5148,39241,2425,179200,829,1556,1037,2539
48453001829,2018,2373,35.2,1921,76,201,414,48259,147,269300,388,1041,1031,1572
48453001842,2018,12791,31.6,7043,1410,1257,7569,56175,1970,154900,2415,1118,1269,3533
48453001844,2018,3922,32.7,2893,590,184,1236,58550,391,186500,534,1064,1172,1756
48453001912,2018,4191,45.1,3551,73,382,444,182981,260,1173400,1087,477,1842,1785
48453002105,2018,4929,33.2,2844,632,67,2611,40901,1300,300000,346,1757,1021,2469
48453002109,2018,4314,38.5,2392,1737,70,1234,49583,815,263900,849,804,1042,1782
48453002308,2018,6613,28.5,5578,393,217,2867,43289,1304,372400,455,2199,1169,2891
48453002313,2018,4560,29.2,3088,826,113,2233,42744,1145,252000,268,1797,1072,2225
48453001716,2018,6816,40.1,5228,555,502,965,111379,175,473300,1556,1559,1570,3225
48453001754,2018,5001,41.0,4503,187,225,779,65000,167,351000,1062,1296,1213,2460
48453001769,2018,6034,43.5,5450,52,270,1135,111507,218,316600,1875,450,1625,2489
48453001817,2018,4017,36.8,3335,147,149,712,57661,586,323100,950,1294,1127,2350
48453001826,2018,2623,34.2,1612,357,427,484,62117,245,323800,273,978,1287,1318
48453001848,2018,5373,36.8,3117,690,1120,1181,71023,335,269400,1016,1131,1347,2342
48453001910,2018,4699,43.1,4306,53,222,661,126518,342,707700,1105,692,1468,1998
48453001911,2018,3170,30.7,2569,38,447,725,71335,240,435300,164,1593,1442,1983
48453002005,2018,5628,30.4,4943,221,271,2029,70847,1479,364200,749,1835,1200,2892
48453002431,2018,8941,29.3,6414,813,190,5955,61343,2326,174500,1583,859,1018,2576
48453002432,2018,2913,32.8,1919,210,122,1888,60357,518,190800,681,143,1173,931
48453002433,2018,9190,30.9,4281,809,48,6654,61977,1126,150800,1885,530,1594,2530
48453002434,2018,1710,33.8,1188,81,0,1088,54205,304,168500,338,141,996,544
48453002435,2018,8640,32.8,4195,640,354,6687,51894,1621,146900,1724,532,1327,2603
48453002436,2018,2795,43.6,1709,105,4,2358,54167,379,132900,557,181,867,855
48453002500,2018,5778,39.6,4673,191,458,872,76047,488,393600,1199,1667,1219,3150
48453980000,2018,0,-666666666.0,0,0,0,0,,0,,0,0,,0
48453002202,2018,9223,27.9,3735,2625,0,5860,40732,3211,93700,1177,1352,1173,2725
48453002402,2018,8720,31.4,7377,745,206,3880,60919,1630,230100,1020,2727,1301,3911
48453002423,2018,5954,35.5,5131,415,136,2039,68021,352,227800,1572,942,1574,2562
48453001901,2018,5795,35.9,5252,16,43,1192,84951,281,598200,1296,1601,1339,3172
48453002004,2018,2668,31.2,2154,154,172,682,47585,363,333900,130,1647,1187,1853
48453002108,2018,4132,31.6,2057,1758,18,1597,43125,620,215800,605,904,967,1622
48453002412,2018,6236,33.6,3915,208,38,5385,60833,1136,121000,956,506,1424,1554
48453002422,2018,5970,35.7,5174,379,17,3071,59526,386,209800,1156,1432,1088,2759
48453000603,2018,8055,20.9,5490,387,1688,1525,9821,5439,236400,106,2280,1393,2953
48453000804,2018,2566,34.8,1531,724,48,1033,40000,778,424800,410,582,504,1099
48453001100,2018,6608,36.5,5695,396,347,963,119924,890,437900,1396,2608,2135,5337
48453001782,2018,5240,43.7,3266,69,1573,406,158988,59,481300,1563,250,1470,1893
48453001783,2018,5197,40.9,4651,0,251,529,132188,166,431000,1591,267,1878,1938
48453001784,2018,5938,39.0,4596,70,1120,470,134786,150,551100,1359,702,1592,2220
48453001785,2018,5129,31.7,3326,350,1078,980,64562,394,256200,517,1968,1168,2724
48453001786,2018,5298,33.9,2730,67,1987,578,74576,289,210400,461,2186,1419,2931
48453001854,2018,7927,31.0,4404,1487,103,3852,70840,1001,167800,1964,259,1597,2458
48453001855,2018,19333,35.3,12593,3144,1919,4601,86114,1297,224500,4003,2240,1387,6420
48453001856,2018,8716,35.2,4868,2163,726,2579,94844,544,204600,2421,267,1500,2925
48453001857,2018,6840,32.3,4707,926,403,2023,72761,603,192100,1444,1181,1284,2708
48453001858,2018,23453,35.3,16888,3159,1463,6091,112871,475,257200,6997,494,1917,7664
48453001859,2018,2799,33.2,1879,369,271,940,89931,184,228200,811,110,1689,991
48453001860,2018,4367,37.3,3158,479,165,1976,57623,562,156300,742,877,1223,1791
48453001861,2018,4941,34.9,3039,647,859,1549,82141,259,172300,1394,299,1716,1693
48453001862,2018,6608,34.9,4133,1214,698,1864,79420,499,231500,1474,791,1313,2385
48453001863,2018,3592,31.0,1888,769,446,1179,38838,684,,9,1864,974,2081
48453001864,2018,2758,34.5,1918,424,268,465,53555,298,177000,221,1373,1192,1852
48453001914,2018,6557,42.0,5718,67,450,798,124750,232,467000,1558,1217,1623,3071
48453001915,2018,1789,34.6,1414,26,180,291,67560,193,333300,240,595,1468,1035
48453001916,2018,3045,42.2,2528,60,330,184,217969,49,802100,869,55,1421,964
48453001917,2018,5160,41.7,4590,0,418,640,169868,244,669200,1594,132,1826,1800
48453001918,2018,2533,54.2,2404,1,63,348,180329,61,998600,808,191,1298,1067
48453001919,2018,3761,43.2,3452,0,175,316,158281,26,896300,1167,181,2129,1359
48453002207,2018,9453,32.6,4052,2287,57,5805,61418,986,150700,2357,544,1414,3059
48453002208,2018,8372,29.9,5031,950,28,5843,49866,1839,117300,1429,489,1075,1989
48453002209,2018,10054,30.1,4442,2647,260,4807,58333,1643,157500,2642,396,1341,3332
48453002210,2018,4370,33.5,2452,862,14,2202,71625,573,167700,974,211,1067,1265
48453002211,2018,3074,32.1,1625,534,23,1944,71875,447,183700,686,238,1372,956
48453002212,2018,1214,29.4,517,517,0,458,78790,275,163700,271,33,1847,304
48453002317,2018,6160,22.8,3763,1087,537,2945,30677,3119,157500,135,1936,884,2288
48453002318,2018,8258,26.3,5278,1406,724,4561,40353,2383,167100,568,2456,891,3341
48453002319,2018,2282,32.7,1218,605,72,734,,27,,0,0,,0
48453002425,2018,3859,32.3,2603,104,410,2027,75150,252,235100,778,671,1307,1490
48453002426,2018,9784,33.9,6709,836,105,6337,78512,439,203100,2471,511,1579,3027
48453002427,2018,8189,29.4,6188,451,0,6815,45407,1366,135700,1364,1184,1239,2714
48453002428,2018,7824,35.6,6800,336,123,4025,79939,334,265900,1968,1047,1328,3182
48453002429,2018,1599,25.1,1230,157,19,936,54421,507,135800,69,506,1226,728
48453002430,2018,2674,32.4,2226,122,21,2017,51290,699,108800,618,194,1197,906
48453000901,2018,2530,28.4,1850,355,104,913,82054,341,402200,345,708,1721,1181
48453000402,2018,3565,32.3,2348,810,75,426,59276,525,350200,575,972,1191,1754
48453000601,2018,10169,19.8,7107,1656,844,2226,18438,571,,6,312,1122,382
48453001303,2018,4453,38.5,4099,62,187,880,80292,419,523300,1052,1596,1719,3370
48453001304,2018,4519,36.6,4249,27,88,696,100029,229,622300,1173,959,1495,2231
48453001501,2018,5397,40.9,5102,42,173,394,105833,269,478700,1700,624,1273,2509
48453001713,2018,4414,35.0,3687,176,138,1625,68769,370,286300,1140,808,1401,2070
48453001729,2018,4817,37.2,4197,0,380,1412,59969,436,232100,1023,1084,1224,2297
48453001733,2018,4494,43.3,3843,124,243,836,134205,188,461900,1400,92,1848,1518
48453002314,2018,5228,27.6,3656,860,136,2511,42197,1304,290700,165,2228,1139,2695
48453002411,2018,7453,27.2,5070,557,0,6325,41324,1986,104500,861,1075,1164,1991
48453001603,2018,5328,35.7,4662,57,436,381,143182,199,869900,1521,321,1845,2053
48453001605,2018,3866,38.1,3662,22,75,304,120603,255,750000,1026,806,1350,2223
48453001706,2018,3938,40.1,3322,397,102,517,85703,329,477000,1096,864,1261,1995
48453001738,2018,6779,40.7,6020,67,255,1282,105000,386,340300,2228,586,1394,2889
48453001757,2018,2182,48.8,1973,43,139,296,115156,102,498000,673,347,1451,1109
48453001819,2018,4313,33.0,2932,201,197,2700,37253,1502,255900,229,1174,1050,1545
48453001846,2018,2528,50.8,2317,20,184,525,126094,51,309200,982,61,1761,1085
48453001764,2018,7731,45.8,7118,63,115,876,123210,437,530900,2478,350,998,3747
48453001742,2018,6064,42.6,5462,77,102,1439,91536,511,319000,1701,564,1908,2586
48453001761,2018,7645,40.4,6576,103,508,991,116831,249,723800,1922,1175,1329,3377
48453001768,2018,10404,37.6,9531,5,552,932,125384,484,454000,2884,635,1342,3910
48453001806,2018,6882,30.4,4186,713,82,4759,38822,1091,182800,483,1928,949,2687
48453001811,2018,3535,30.7,1682,501,26,2109,38772,1089,226500,403,854,979,1423
48453001824,2018,1849,37.8,1358,126,179,414,69773,182,253700,507,307,1182,886
48453001833,2018,9195,33.0,5552,952,228,5824,51893,1469,192500,1252,1368,1110,2755
48453001308,2018,3317,32.6,2929,79,203,1140,63523,309,353000,537,1108,1378,1732
48453001821,2018,5695,35.0,3676,423,192,3246,55409,710,216200,927,1084,1144,2098
48453001823,2018,7640,29.7,3568,1464,124,5062,40372,2090,162600,478,1881,1063,2603
48453001828,2018,4247,41.3,3575,189,178,544,101853,108,278700,1403,280,1648,1805
48453001841,2018,17242,33.0,10502,1967,2698,7595,76242,1192,182300,4292,1220,1353,5756
48453001843,2018,2512,42.2,1771,71,287,884,76395,105,215000,758,264,1645,1022
48453001847,2018,6785,36.4,4201,671,1416,1619,76607,619,236100,1812,1196,1161,3222
48453001908,2018,9409,38.4,8163,446,691,2735,95572,1404,705300,1952,1716,1302,4223
48453002201,2018,2176,30.6,809,849,6,1169,46518,354,204200,317,306,1354,667
48453000102,2018,2604,49.3,2458,29,78,122,170500,45,854900,1013,97,2800,1193
48453002403,2018,2603,36.2,2252,76,43,980,63551,524,236000,643,396,1157,1107
48453002407,2018,6239,39.3,5273,276,193,2120,71635,525,286800,1399,1169,1334,2949
48453002413,2018,4766,28.3,2155,654,0,3618,37821,1626,135500,369,940,1080,1309
48453002424,2018,3858,34.7,3554,173,23,1787,56154,493,183300,682,814,1273,1619
48453000204,2018,3013,35.2,2562,72,148,469,60882,532,559600,746,830,1069,1783
48453001000,2018,3777,38.6,2941,107,96,2026,56515,457,386600,843,703,1121,1754
48453001402,2018,2601,38.2,2384,33,30,453,100326,181,576200,672,632,1354,1517
48453001705,2018,4710,46.1,4284,40,249,359,119545,159,610900,1470,706,1523,2401
48453001722,2018,3859,34.1,3003,256,475,541,65650,309,435900,177,2226,1199,2565
48453001752,2018,3795,27.9,2265,96,1065,520,36900,1240,,24,2108,1065,2481
48453001756,2018,4551,43.6,3724,110,499,417,111789,135,336800,1056,717,1632,1850
48453001765,2018,14425,40.1,12776,188,598,1806,138750,254,428700,4087,831,1216,5323
48453001766,2018,9336,41.1,8497,231,237,1638,107113,704,351500,2781,272,946,3501
48453000101,2018,4652,36.8,4193,15,94,561,109267,294,491300,1237,896,1789,2273
48453000500,2018,4455,27.1,3909,30,343,451,41711,1524,589700,421,1585,1149,2592
48453000604,2018,7430,20.8,4874,299,1844,1199,8750,4060,247200,59,1592,1216,2060
48453000700,2018,1317,31.1,991,0,150,333,62604,354,310500,275,439,1201,899
48453000801,2018,1856,42.8,1477,154,0,1068,44397,394,326500,352,278,905,686
48453001606,2018,18,51.0,14,1,0,8,,9,,0,0,,0
48453001707,2018,5111,40.0,4428,182,170,831,76116,389,386900,1308,1124,1400,2532
48453001719,2018,4185,51.4,3772,0,117,365,162614,129,619000,1520,159,1887,1755
48453001737,2018,10736,40.4,8899,717,750,1835,111540,228,376400,3085,1126,1415,4335
48453001753,2018,1274,32.1,790,119,247,234,73237,42,,14,805,1343,1011
48453000302,2018,5075,30.9,3936,252,523,604,59514,980,581000,796,1841,1160,3093
48453000401,2018,4121,26.4,3415,83,206,616,68594,925,416900,496,1283,1550,2084
48453000902,2018,5558,33.5,4246,414,127,3175,56632,1095,329600,977,1414,1134,2756
48453001305,2018,5876,33.5,5032,585,32,851,68589,797,555800,1182,1759,1462,3291
48453001307,2018,3747,33.6,3128,233,260,1165,63438,648,434500,724,1150,1113,2047
48453001401,2018,3240,32.4,2899,49,70,368,80117,278,682600,560,1088,1766,1927
48453001403,2018,1775,33.6,1525,47,42,554,56958,271,356700,295,528,1079,894
48453001504,2018,6102,35.2,4946,86,367,1073,110226,527,419900,1405,1126,1385,2940
48453001505,2018,4661,37.9,4299,21,89,430,61333,417,406600,1019,1313,1239,2436
48453001604,2018,4227,42.7,4106,67,7,226,171190,82,903500,1365,321,1515,1875
48453001714,2018,14915,37.2,9938,691,3186,1950,94342,573,461000,3024,2764,1204,6357
48453001718,2018,6128,37.4,5028,126,680,754,79395,580,564100,1519,1324,1304,3108
48453001728,2018,7621,37.8,6475,274,174,2237,79904,406,270600,1980,1007,1606,3241
48453000304,2018,3237,28.6,2966,23,161,540,57984,498,470300,410,952,1195,1655
48453000205,2018,3942,33.6,3169,66,386,782,72266,104,422000,712,1541,1191,2472
48453000206,2018,3361,34.1,3012,128,99,461,84673,298,535600,782,898,1272,1788
48453000305,2018,3930,29.8,3473,103,102,547,61322,808,411200,678,1195,1351,2037
48453000306,2018,5520,35.2,4109,518,538,1125,85574,739,472500,1151,1412,1463,2776
48453000307,2018,1816,35.4,1639,32,49,360,80463,161,439000,451,351,1385,869
48453001770,2018,12984,39.8,10900,48,1411,1913,148429,397,456300,3871,262,2355,4152
48453001771,2018,4311,50.4,3984,97,99,458,134338,211,412600,1602,139,1822,2066
48453001772,2018,4580,37.0,3867,90,272,2110,80377,256,229100,1220,281,1662,1573
48453001773,2018,8107,45.6,7012,130,711,726,131319,467,547100,2500,715,1598,3535
48453001774,2018,8588,36.9,6362,1034,605,2490,112500,180,288200,2412,400,1948,2990
48453001775,2018,7322,39.5,5752,469,764,1196,153490,367,426800,2278,45,1764,2466
48453001776,2018,3144,37.0,2509,304,129,799,88690,331,252100,873,319,1399,1214
48453001777,2018,6075,33.2,4853,338,315,1567,90472,410,257200,1655,775,1605,2462
48453001778,2018,4420,51.8,4086,196,59,315,103015,98,429300,1349,442,1486,1918
48453001779,2018,6400,50.6,6071,166,55,813,71467,247,229600,2082,570,1005,3244
48453001780,2018,4618,49.6,4353,56,18,647,81761,621,287400,1590,311,1148,2584
48453001781,2018,2470,45.4,1959,0,419,221,115288,90,439700,775,162,1463,987
48453001745,2018,2335,43.5,2031,48,136,185,96336,234,363100,784,247,1475,1126
48453001747,2018,6325,33.5,5119,577,82,2584,67454,885,277600,1168,1121,1302,2416
48453001748,2018,6537,35.6,5609,214,351,1885,82964,465,276100,1472,989,1462,2556
48453001750,2018,4978,33.4,4055,81,476,2003,69562,346,306700,776,1898,1323,2765
48453001812,2018,8399,30.1,5312,853,237,5668,37310,2394,237200,408,2551,1000,3179
48453001822,2018,7232,30.8,4566,417,93,5303,39292,1797,137800,673,1867,991,2663
48453001849,2018,7526,30.5,5259,522,1354,1660,64431,838,,63,4355,1331,5167
48453000203,2018,1890,26.5,1429,148,147,405,68611,549,,0,816,1786,957
48453000802,2018,3561,30.2,2100,1277,10,794,44323,1498,325300,559,755,396,1347
48453001740,2018,5093,36.3,4189,127,505,1019,101989,291,334200,1007,1016,1624,2088
48453001839,2018,8762,32.0,4913,1231,2020,3255,68269,560,188700,1551,1973,1168,3741
48453002307,2018,6264,33.2,4705,624,120,2760,45861,1101,222600,585,2268,1109,2992
48453002310,2018,3147,26.3,1918,117,0,2710,40391,815,39300,470,373,964,948
48453001741,2018,2741,51.3,2433,21,148,289,114148,216,603500,958,293,1930,1685
48453002112,2018,5508,30.5,3164,1550,111,2297,36847,2034,270500,618,1223,1033,2145
48453002106,2018,2718,38.5,2094,194,9,764,78750,267,344200,806,312,1245,1248
48453002316,2018,4949,27.9,3097,728,118,2658,37638,1332,,14,2175,1048,2476
48453001804,2018,6789,32.6,3498,569,224,4026,43136,1687,236800,743,1967,937,2846
48453001834,2018,10972,33.0,5473,2220,1593,3599,63107,1222,229800,1668,2603,1223,4567
48453001755,2018,6153,45.2,3856,10,2050,676,184375,144,545400,1935,147,2527,2142
48453001760,2018,17968,41.0,15001,273,2154,2858,156076,286,512700,4403,1462,1516,6052
48453001805,2018,4675,30.8,2241,249,85,3069,36806,1511,154800,513,1242,912,1909
48453001818,2018,6453,30.6,3756,60,148,4180,55429,2224,308500,887,1242,1110,2397
48453001820,2018,7502,29.0,4065,755,44,5411,35181,2495,172000,540,2316,887,3152
48453001832,2018,2937,39.0,2429,390,74,958,56988,347,193300,680,563,1016,1283
48453001845,2018,2825,40.4,2452,100,175,680,63380,222,235700,950,462,1157,1567
48453001851,2018,10003,35.5,6499,1787,984,3688,66410,1370,245200,1424,2931,1145,4495
48453001913,2018,4794,43.0,4299,48,406,715,202308,121,987800,1548,92,1625,1792
48453002002,2018,3467,40.4,3145,176,35,1347,69878,208,272300,789,653,1206,1495
48453002104,2018,3573,33.1,2603,188,47,1698,75662,1208,298400,768,405,1133,1265
48453002113,2018,3474,40.0,2464,639,29,1091,64080,564,266300,917,445,1165,1471
48453002312,2018,8380,29.0,5593,802,70,6167,37173,2257,145900,1025,1412,1073,2597
48453002111,2018,5474,33.1,4008,589,66,3481,43958,1560,252000,1034,834,969,2027
48453002304,2018,3887,29.0,3150,96,254,1361,67941,362,237500,42,2088,1455,2526
48453002110,2019,4221,37.8,1523,1348,48,1877,46265,886,260400,745,621,1246,1635
48453002315,2019,2954,31.1,2190,191,56,1818,37843,620,107100,227,1252,1079,1676
48453001835,2019,6771,33.7,4190,1434,571,3136,60048,674,163700,1117,1318,1235,2579
48453001840,2019,10880,32.9,6828,2062,910,4508,68520,1769,178500,2256,1705,1336,4342
48453001850,2019,3782,36.1,3042,327,317,858,60253,311,220900,372,1561,1165,2217
48453001853,2019,3293,37.9,2599,330,123,767,86597,112,239400,880,425,1493,1323
48453002003,2019,4175,34.1,3730,182,37,2113,45183,598,275100,630,908,984,1697
48453002107,2019,4988,34.0,2922,1132,50,2039,58542,516,280900,895,699,1070,1693
48453002409,2019,3586,36.3,3205,127,12,1611,72000,407,256400,934,516,1487,1510
48453002410,2019,4419,34.8,3702,172,0,2187,56029,662,198600,455,1375,1201,1852
48453002419,2019,4945,27.2,2622,815,233,3305,40318,894,,13,2063,1085,2246
48453002421,2019,10980,31.5,9081,572,407,4950,62452,1536,252600,1747,3016,1270,5125
48453000803,2019,2941,31.3,2049,610,112,397,95929,401,466100,566,541,1543,1292
48453001200,2019,5857,35.8,4930,52,583,473,94115,251,691800,884,2645,1897,4209
48453001503,2019,4390,31.8,3399,249,177,1166,64211,626,338300,694,1280,1319,2184
48453001602,2019,3364,31.7,2366,50,861,417,79952,335,643300,625,1056,929,1903
48453001712,2019,4557,38.0,4108,224,35,1575,66481,672,340300,958,962,1251,2178
48453001746,2019,4606,39.4,3832,367,186,1254,75809,361,258500,1263,763,1118,2097
48453001749,2019,7250,32.5,4753,291,1960,1656,84124,319,298200,914,2060,1356,3207
48453001751,2019,2203,51.8,2134,10,16,199,126630,78,592100,875,97,1625,1032
48453001813,2019,7466,28.3,4154,605,197,5167,41292,2218,184800,790,1581,1110,2558
48453001829,2019,2459,33.5,2005,81,201,278,50539,98,279700,379,1036,1122,1566
48453001842,2019,13628,31.2,7021,1385,1178,8502,55739,2886,158700,2603,1290,1305,3893
48453001844,2019,4157,33.2,3000,620,203,1405,59750,678,194800,596,1093,1243,1788
48453002431,2019,9899,30.7,6139,1060,203,6913,64672,1521,201300,1798,868,1028,2840
48453002432,2019,2982,33.1,2115,130,113,1864,78000,385,211300,766,122,1422,1012
48453002433,2019,9458,31.7,3610,715,96,7119,64200,883,153400,2202,406,1590,2665
48453002434,2019,1661,37.4,1143,90,0,1008,57963,215,191300,362,106,996,524
48453002435,2019,8318,34.1,3960,705,238,6437,62418,1134,164800,1696,516,1256,2566
48453002436,2019,2768,43.8,1571,110,4,2318,63125,294,148400,597,151,1053,833
48453002500,2019,6056,38.7,4794,332,458,1085,72813,594,430500,1141,1862,1242,3182
48453980000,2019,0,-666666666.0,0,0,0,0,,0,,0,0,,0
48453002105,2019,5090,33.0,2659,653,76,2850,43480,1358,327600,324,1775,1081,2474
48453002109,2019,4243,39.2,2428,1566,89,980,53618,861,317700,901,710,1081,1763
48453002308,2019,6467,28.5,5271,601,172,2916,53214,1300,412200,471,2213,1199,2911
48453002313,2019,4589,29.0,3014,798,96,2281,43899,1211,274500,239,1840,1114,2261
48453001716,2019,7296,37.1,5346,1011,361,1239,115478,221,530800,1537,1562,1614,3260
48453001754,2019,5029,39.8,4344,240,251,845,65985,228,395400,1211,1099,1159,2425
48453001769,2019,6988,41.5,6457,56,262,2005,104979,394,334100,1898,729,1658,2731
48453001817,2019,4105,38.5,3340,210,112,752,59864,554,333200,1042,1238,1147,2362
48453001826,2019,2788,34.2,1772,330,330,585,63159,347,332600,313,1032,1312,1437
48453001848,2019,5226,39.5,2917,928,899,1215,68438,291,274400,971,1206,1518,2363
48453001910,2019,4749,43.3,4462,42,144,668,133182,443,809400,1102,718,1693,2065
48453001911,2019,2949,31.3,2390,47,362,761,72781,224,398500,189,1530,1471,1994
48453002005,2019,5560,31.1,4863,182,274,1904,73171,867,381100,698,2058,1359,2987
48453000901,2019,2604,28.7,1843,422,129,843,96563,320,456100,338,741,1802,1267
48453000402,2019,3661,36.8,2308,965,92,660,60292,392,398200,593,1047,1248,1824
48453000601,2019,10332,19.8,7036,1828,938,2383,18194,535,,0,297,1132,364
48453001303,2019,5093,37.2,4709,110,143,1083,83881,483,592800,1151,1875,1784,3818
48453001304,2019,4593,37.9,4215,55,174,735,102917,163,657100,1278,933,1548,2289
48453001501,2019,5582,38.9,5199,90,184,478,108049,135,501300,1677,640,1485,2550
48453001713,2019,4490,35.2,3913,136,125,1539,83345,231,310800,1211,801,1482,2107
48453001912,2019,4129,45.7,3433,150,376,351,155781,232,1214700,1052,488,1870,1769
48453001729,2019,5075,42.1,4272,19,480,1631,63359,332,272900,1133,1113,1362,2336
48453001733,2019,4348,43.1,3756,120,181,782,124583,147,490200,1339,73,1217,1435
48453002314,2019,5392,28.2,3934,791,127,2706,55455,1093,283500,209,2211,1219,2747
48453002411,2019,7419,31.4,4980,587,0,6191,42017,1663,112200,792,1193,1189,2083
48453001603,2019,5236,36.5,4573,55,407,430,156083,179,879900,1486,361,1821,2068
48453001605,2019,3968,38.4,3790,22,79,276,121934,218,829700,1108,790,1458,2257
48453001706,2019,3894,40.7,3227,415,107,510,89455,282,489200,1087,898,1319,2018
48453001738,2019,6846,42.9,5761,128,507,1086,113682,296,358900,2432,373,1082,2892
48453001757,2019,2250,48.3,1942,65,197,278,119250,75,546800,694,354,1505,1137
48453001819,2019,4272,33.0,2518,470,220,2561,38639,1343,296300,233,1214,1098,1578
48453001846,2019,2526,46.8,2300,25,147,407,123929,69,336300,966,72,2042,1079
48453001764,2019,7953,44.2,7485,20,147,772,130807,329,539800,2534,383,997,3825
48453001742,2019,6545,42.3,5823,68,123,1695,89908,343,336200,1924,515,2159,2666
48453001761,2019,8012,41.2,6944,108,496,971,156850,238,745900,2087,1030,1434,3397
48453001768,2019,11230,37.1,9928,4,882,1361,128990,754,456100,3252,583,1445,4175
48453001806,2019,7174,30.9,4688,547,103,5268,42123,1125,192000,542,1865,971,2745
48453001811,2019,3259,32.0,1362,741,30,1722,40413,614,240800,439,875,1005,1479
48453001824,2019,2086,35.7,1453,183,238,438,74205,171,269800,559,332,1169,908
48453001833,2019,9645,35.9,6391,738,296,6236,59167,971,203100,1314,1352,1140,2758
48453001745,2019,2263,44.5,2032,50,98,225,99875,222,392900,757,212,1418,1084
48453001747,2019,6090,34.5,4862,683,34,2728,68026,776,293400,1167,1037,1337,2291
48453001781,2019,2616,45.3,2063,0,413,233,135096,59,472300,818,145,1616,1020
48453001748,2019,6521,36.1,5797,241,144,1982,85924,353,288100,1598,925,1463,2631
48453001750,2019,4849,33.0,4057,91,371,2074,65619,402,372500,756,1876,1369,2727
48453001812,2019,7889,31.9,5058,675,194,5204,36528,2249,253900,354,2660,1074,3259
48453001822,2019,6800,30.7,4113,516,98,4677,40619,1740,190000,658,1832,1069,2631
48453001849,2019,8355,30.1,5943,521,1461,1869,68542,889,106300,48,4883,1396,5643
48453000203,2019,2334,25.7,1756,239,224,380,74250,608,,0,884,1801,1008
48453000802,2019,3792,31.1,2272,1353,8,1158,44177,1656,342800,459,856,385,1381
48453001740,2019,5017,38.0,4067,214,501,985,106058,219,349700,970,1051,1682,2103
48453001839,2019,10172,31.0,5083,1692,2153,3443,72777,659,211500,1553,2246,1243,4015
48453002307,2019,5947,33.9,4286,773,161,2397,48080,1019,241200,525,2251,1147,3017
48453002310,2019,2890,26.9,1325,188,0,2317,43580,614,52100,450,383,1032,915
48453001741,2019,2760,52.8,2466,9,144,244,122750,233,610400,966,302,1813,1669
48453002112,2019,5426,31.9,3151,1548,119,2187,40665,1758,321200,658,1233,1084,2259
48453002106,2019,3087,38.6,1830,316,10,1377,92260,289,349300,815,342,1311,1276
48453002316,2019,4587,28.8,2830,612,256,2283,39181,865,,27,2093,1075,2431
48453001804,2019,6757,32.8,3267,696,498,3765,39214,1902,248600,717,2024,964,2856
48453001834,2019,11691,33.7,5991,1916,1846,3692,69614,921,241800,1916,2547,1259,4722
48453002202,2019,9747,30.0,3658,2103,0,7004,44253,3528,94900,1271,1344,1211,2782
48453002403,2019,2743,35.7,2416,51,38,1109,69018,505,257400,656,437,1231,1161
48453002407,2019,6663,38.3,5774,251,312,2220,81636,523,314700,1484,1218,1421,3104
48453002413,2019,5045,27.9,2024,608,0,3822,39236,1750,131500,417,957,1101,1374
48453002402,2019,8514,31.9,7208,657,259,3546,63495,1567,259400,1140,2735,1303,4041
48453002423,2019,6007,35.5,5252,373,133,2271,69654,478,237300,1682,927,1710,2703
48453001901,2019,6190,33.6,5522,20,92,1484,87072,601,629800,1236,1739,1374,3199
48453002004,2019,2732,32.1,2111,192,176,699,50761,352,348700,119,1745,1263,2026
48453002108,2019,4082,30.5,1838,1702,82,1710,44516,535,253800,559,937,1004,1657
48453002412,2019,6165,34.3,3629,314,52,5122,60781,1120,126800,912,570,1579,1561
48453002422,2019,6070,36.8,5120,347,332,2628,60728,238,236900,1364,1348,1193,2892
48453000603,2019,8254,20.9,5633,429,1759,1485,8907,5671,226500,101,2339,1511,2991
48453000804,2019,2658,35.3,1497,777,62,1036,31719,807,456700,440,585,504,1141
48453001100,2019,7410,36.5,6610,366,231,858,133790,847,448300,1557,3035,2342,5715
48453002424,2019,3898,34.7,3592,165,35,1870,56667,616,246400,747,739,1312,1611
48453000204,2019,3096,30.0,2630,60,179,416,70938,497,597200,737,766,1169,1713
48453001000,2019,3533,38.0,2713,88,115,1448,57674,346,440100,817,684,1302,1735
48453001402,2019,2514,39.3,2243,35,96,346,110691,195,699600,794,521,1370,1544
48453001705,2019,4918,45.8,4396,54,319,288,128448,134,634600,1506,748,1550,2424
48453001722,2019,3844,34.7,3240,81,370,625,69844,345,460100,183,2135,1263,2516
48453001752,2019,3930,27.9,2213,91,1166,734,42130,1107,,15,2156,1120,2525
48453001756,2019,4582,44.8,3639,69,536,565,115231,78,356500,1144,602,1621,1871
48453001765,2019,14849,40.8,13076,214,856,2009,149818,392,451400,4261,987,1328,5645
48453001766,2019,11208,41.1,9743,329,399,2218,119767,363,372400,3444,204,1157,4165
48453000101,2019,4411,36.5,4014,11,95,494,102188,293,553400,1157,960,1773,2310
48453000500,2019,4431,27.4,3836,18,313,492,49431,1342,578300,385,1676,1177,2596
48453000604,2019,7548,20.9,4920,369,1828,1272,9339,3882,231300,67,1760,1226,2256
48453000700,2019,1388,30.5,941,35,218,365,57708,485,321600,277,452,1229,898
48453000801,2019,1794,42.3,1470,67,0,1064,51944,306,363700,369,279,912,752
48453001606,2019,16,45.5,10,3,0,5,,10,,0,0,,0
48453001707,2019,5286,38.7,4647,155,137,1016,81250,259,405400,1298,1220,1377,2570
48453001719,2019,4159,50.7,3650,0,240,475,148472,171,674000,1492,135,1988,1773
48453001737,2019,10787,41.1,8903,621,867,1253,118075,248,396800,3156,1101,1410,4392
48453001753,2019,1255,31.6,768,65,280,234,75223,53,,13,817,1400,1058
48453001782,2019,5301,43.6,3202,54,1729,434,174360,46,498600,1614,209,1477,1887
48453001783,2019,5325,40.9,4773,55,178,557,142738,87,450500,1550,282,2550,1909
48453001784,2019,6017,40.2,4455,91,1337,507,135858,201,578000,1403,697,1605,2249
48453001785,2019,5516,30.6,3349,438,1258,1302,68454,277,255000,518,2080,1217,2886
48453001786,2019,5829,32.9,2828,97,2496,377,79059,346,240000,467,2285,1501,2981
48453001854,2019,9104,30.0,4298,1708,89,4827,77534,1109,198600,2192,345,1677,2781
48453001855,2019,20160,35.3,12451,3767,2150,5006,94451,908,241000,4287,2401,1408,6914
48453001856,2019,9214,32.9,4871,2381,843,2910,94125,494,226700,2578,197,1298,3014
48453001857,2019,6257,33.1,4356,775,241,1839,74565,595,217800,1375,1157,1224,2689
48453001858,2019,24015,35.2,17456,3110,1515,5802,118416,516,272300,7230,432,1876,7806
48453001859,2019,3691,33.9,2383,451,414,1136,90742,167,240400,1116,143,1844,1342
48453001860,2019,4387,36.7,3156,482,161,2161,62339,784,155200,769,813,1351,1723
48453001861,2019,4571,34.9,2884,542,765,1497,83898,116,184300,1372,246,1686,1618
48453001862,2019,6435,36.1,3838,1223,764,1831,76750,391,253000,1353,885,1325,2331
48453001863,2019,3554,32.1,1935,805,457,1241,39500,986,,0,1882,1003,2118
48453001864,2019,2643,34.3,1933,305,284,473,54012,260,179300,220,1361,1249,1864
48453001914,2019,6568,42.5,5630,74,531,805,130972,210,484200,1696,1159,1686,3193
48453001915,2019,2138,33.5,1648,40,227,350,67878,188,363700,244,849,1573,1277
48453001916,2019,2958,42.8,2293,63,442,145,215147,189,805800,883,33,2292,946
48453001917,2019,5147,42.5,4588,0,380,591,195938,184,718600,1624,134,,1818
48453001918,2019,2530,53.8,2388,1,80,322,187778,52,1026700,820,184,1375,1106
48453001919,2019,3945,43.7,3503,0,315,542,183776,16,945300,1146,191,2851,1347
48453002207,2019,9940,34.1,3627,2287,66,6561,57358,982,158500,2488,493,1522,3131
48453002208,2019,8360,29.8,4266,963,47,5533,57353,1589,134600,1545,415,1170,2046
48453002209,2019,10185,31.7,4574,1727,285,5199,68817,899,168700,2538,598,1365,3439
48453002210,2019,5124,34.4,2521,913,42,2973,75794,649,173600,1152,194,1166,1434
48453002211,2019,3069,34.1,1670,564,29,1955,75719,328,201700,775,224,1319,1033
48453002212,2019,1452,28.1,513,660,0,553,83958,259,165300,319,46,1823,365
48453002317,2019,6581,23.0,3859,987,613,3225,37533,3248,,120,2035,943,2397
48453002318,2019,7215,26.1,4579,1086,597,4200,43189,1154,207500,609,2073,924,2989
48453002319,2019,2368,32.8,1176,636,40,827,,36,,0,0,,0
48453002425,2019,4342,32.1,2921,207,361,2032,74063,379,250900,756,849,1316,1703
48453002426,2019,9742,35.0,6364,754,286,6210,80590,388,215900,2344,718,1567,3105
48453002427,2019,8046,29.7,6010,551,0,6508,45818,1253,156500,1329,1264,1239,2744
48453002428,2019,8291,36.7,7225,189,139,4261,85329,378,280900,2291,912,1393,3357
48453002429,2019,1645,28.2,1152,180,33,858,54651,533,187500,60,624,1373,831
48453002430,2019,2593,35.1,2172,72,25,1948,53882,376,104200,530,251,1186,840
48453001308,2019,3054,33.6,2705,78,181,752,63558,287,370200,534,1132,1426,1748
48453001821,2019,5594,34.9,3659,340,180,3259,55859,595,233600,885,1144,1170,2127
48453001823,2019,7254,30.1,3528,1183,202,4966,41993,1459,167700,501,1831,1117,2588
48453001828,2019,4273,41.1,3528,215,211,652,104688,69,311900,1300,377,1654,1792
48453001841,2019,16835,34.9,10031,2495,1538,7696,80888,815,215700,4285,1108,1316,5496
48453001843,2019,2524,43.0,1806,88,311,899,79280,103,237800,765,244,1684,1031
48453001847,2019,6932,36.0,4361,967,1153,1528,79860,372,265900,1828,1250,1204,3247
48453001908,2019,9285,35.9,7842,392,831,2448,97217,936,688700,2046,1557,1408,4179
48453002201,2019,2223,29.9,779,851,8,1117,53617,314,215800,339,325,1383,694
48453000102,2019,2580,49.4,2446,15,73,100,184583,82,906700,1053,79,,1213
48453000302,2019,5235,31.0,4101,232,617,563,63516,968,599700,836,1838,1199,3112
48453000401,2019,4229,27.0,3388,137,236,622,69583,984,405900,509,1375,1569,2156
48453000902,2019,5581,34.2,4042,467,203,2791,59318,1201,348600,900,1846,1215,3180
48453001305,2019,5644,35.3,4738,578,32,1082,81367,664,600900,1321,1649,1494,3397
48453001307,2019,3726,33.2,3145,206,262,1229,66202,669,464700,787,1128,1166,2130
48453001401,2019,3173,32.8,2778,43,106,397,85037,244,665900,549,1140,1818,1928
48453001755,2019,6239,45.9,3805,126,2110,652,184010,138,575400,1986,149,2036,2147
48453001760,2019,18107,40.7,15513,107,2010,2804,166659,266,531800,4610,1428,1732,6136
48453001805,2019,4632,31.9,2066,352,58,2913,37659,1400,165700,563,1233,924,1964
48453001818,2019,6714,30.7,3692,66,200,4125,57130,1960,346400,960,1174,1136,2412
48453001820,2019,7713,30.0,4023,870,37,5610,33796,2407,192400,494,2462,952,3252
48453001832,2019,3011,38.9,2229,560,89,858,57602,324,241600,649,597,1063,1283
48453001845,2019,3198,35.1,2810,101,177,893,63871,198,242600,925,591,1280,1585
48453001851,2019,9493,36.9,6006,1808,916,3172,69768,966,273700,1418,2874,1192,4613
48453001913,2019,4940,42.1,4489,0,439,753,223424,185,1150100,1569,92,1688,1796
48453002002,2019,3400,40.1,3129,139,34,1227,75000,233,291700,774,638,1351,1502
48453002104,2019,3304,35.0,2717,43,48,1404,81563,769,340500,818,400,1215,1297
48453002113,2019,3703,37.8,2624,630,23,1147,76019,457,316600,887,521,1365,1535
48453002312,2019,8590,29.1,6005,683,97,5998,42344,2259,155500,1080,1596,1158,2825
48453002111,2019,5642,34.7,4060,483,51,3518,54392,1447,281800,1219,805,1060,2191
48453002304,2019,4200,30.1,3288,75,307,1366,80321,359,264900,59,2408,1638,2801
48453001403,2019,1803,31.9,1535,51,37,546,63542,227,352700,287,517,1221,877
48453001504,2019,6833,34.2,5641,81,252,1260,108500,486,452700,1501,1383,1389,3179
48453001505,2019,4781,37.8,4317,41,123,540,69841,260,425500,1029,1342,1257,2531
48453001604,2019,4007,43.6,3901,81,9,183,177067,65,931800,1394,261,1766,1863
48453001714,2019,15030,37.0,10342,624,3000,1832,103050,539,505800,2970,3107,1242,6541
48453001718,2019,6245,38.3,5166,217,667,803,85828,662,574500,1548,1359,1308,3121
48453001728,2019,7477,38.9,6271,305,211,2091,82459,510,293200,2135,939,1711,3321
48453001774,2019,8365,37.8,7003,507,524,2625,112831,691,297400,2459,396,1866,3047
48453001775,2019,8291,39.3,6724,481,760,1267,160024,525,451900,2568,40,,2759
48453001776,2019,3136,37.5,2733,209,118,903,91029,262,276400,904,284,1519,1209
48453001777,2019,5822,34.9,4503,310,379,1447,100112,378,277900,1588,786,1663,2451
48453001778,2019,4339,51.6,4020,181,59,378,107716,77,446500,1342,437,1580,1950
48453001779,2019,6546,47.8,6192,199,53,1193,76827,283,235100,2038,500,1366,3107
48453001780,2019,4617,48.6,4311,60,28,621,93049,460,341600,1657,231,1157,2485
48453000304,2019,3127,29.5,2769,16,194,482,64861,489,523700,424,1006,1207,1675
48453000205,2019,3930,32.3,3266,99,272,748,74035,125,450500,606,1743,1217,2609
48453000206,2019,3375,34.8,3015,117,87,464,87917,323,587700,769,896,1284,1796
48453000305,2019,4093,30.1,3561,142,108,555,66296,698,417000,705,1211,1407,2064
48453000306,2019,6029,35.6,4602,396,623,1162,93750,630,530400,1356,1449,1588,3047
48453000307,2019,1820,36.3,1636,18,55,322,94423,158,479600,466,350,1423,885
48453001770,2019,13007,39.9,10948,35,1343,1817,168199,297,470600,3902,253,2503,4224
48453001771,2019,4420,51.4,4208,44,77,442,133077,190,435200,1750,88,1575,2108
48453001772,2019,4726,37.8,4072,108,228,2077,81307,223,250300,1294,315,1737,1700
48453001773,2019,8423,45.9,7182,108,840,749,135493,481,555700,2579,812,1682,3624
48453002419,2020,4107,27.0,2234,786,158,2668,39375,805,,10,1720,1120,1866
48453002422,2020,8199,37.8,7034,209,239,3849,72959,296,281300,1667,1442,1153,3246
48453002423,2020,6218,37.0,5171,399,262,2198,79044,395,276800,1907,898,1743,3019
48453002424,2020,3607,37.8,3333,103,73,1418,54554,768,258800,866,708,1300,1678
48453002430,2020,2399,29.7,1893,136,45,1571,64023,134,107800,497,280,988,791
48453002432,2020,3286,33.0,1860,151,87,2154,89855,267,275000,836,159,1711,1114
48453002434,2020,1771,34.9,1147,81,1,1053,54177,274,161400,407,96,1092,536
48453002436,2020,2639,35.1,1187,121,0,2203,49750,376,157500,552,139,1081,806
48453002437,2020,5019,33.6,4037,176,144,2413,91696,139,318600,628,2093,1624,2874
48453002438,2020,7460,29.3,5340,389,342,3074,80032,1269,280800,1306,1774,1333,3159
48453002439,2020,3308,34.9,2061,482,0,2155,83544,147,225700,877,280,1551,1157
48453002440,2020,5687,35.2,3623,134,146,2970,80247,355,223800,1487,333,1731,1839
48453002441,2020,5767,30.3,3536,898,0,3726,60812,482,161200,836,1181,1361,2036
48453002442,2020,3100,35.7,2236,52,0,2465,79688,345,216400,811,242,1386,1125
48453002443,2020,4316,28.5,3280,352,272,2000,59915,517,408600,148,2209,1340,2435
48453002444,2020,4258,36.5,3659,137,59,1597,72019,958,256300,1127,752,1515,1925
48453002445,2020,5781,31.1,4609,98,196,3457,76192,362,272400,1464,722,1442,2395
48453002446,2020,1968,59.4,1785,5,17,702,125625,68,343800,697,71,2214,768
48453002447,2020,3685,28.5,2664,0,0,3242,65530,477,196700,471,359,,876
48453002448,2020,7322,35.4,3357,1009,300,4982,93436,685,222900,1995,340,1140,2413
48453002449,2020,7500,34.4,3650,515,0,6046,75417,829,187500,1837,270,1223,2206
48453002450,2020,1967,43.8,865,1,251,1292,62319,126,189100,346,153,,659
48453002451,2020,6963,29.8,4491,489,431,2905,70750,738,268300,907,1934,1380,3090
48453002452,2020,2969,27.1,1616,27,0,2067,48664,168,157300,776,75,,858
48453002453,2020,6370,30.8,2800,640,39,4717,65087,733,172200,1516,310,1604,1826
48453002500,2020,6121,35.6,4675,153,304,1174,74923,356,459300,1118,1855,1239,3085
48453030000,2020,4506,45.0,3831,52,465,429,123105,159,615800,1492,603,1623,2289
48453030100,2020,3728,43.8,3267,231,72,492,82149,322,469100,1149,795,1366,1965
48453030200,2020,5507,35.3,4848,50,124,774,71573,158,469300,1334,1343,1224,2786
48453030300,2020,4660,38.0,4219,150,55,1489,69050,716,390400,1132,795,1269,2163
48453030400,2020,4586,37.1,3772,61,75,1602,88614,196,333400,1169,981,1402,2255
48453030500,2020,7938,38.4,5836,1165,284,1056,115536,214,518700,1775,1664,1733,3493
48453030600,2020,6524,33.5,5653,161,506,784,73458,707,574700,1483,1820,1418,3501
48453030700,2020,4426,54.3,4086,0,146,330,139076,200,688800,1682,131,2425,1908
48453030800,2020,4727,31.6,3380,111,929,611,80551,468,452100,397,2078,1340,2611
48453030900,2020,8204,38.6,6156,565,148,2983,86612,593,314600,2219,1020,1788,3424
48453031000,2020,4525,43.0,3941,19,215,1366,62794,202,290900,1197,975,1444,2311
48453031100,2020,4726,43.4,3729,115,332,1175,128194,440,549500,1478,47,,1548
48453031200,2020,7046,46.2,5786,101,530,1006,128234,287,390700,2543,380,1183,3001
48453031300,2020,4502,39.2,3413,212,565,805,106250,181,386700,920,919,1654,1913
48453031400,2020,3255,52.8,2741,21,185,360,106813,352,689900,1149,393,1390,1844
48453031500,2020,6332,41.9,5744,129,75,1788,101250,320,342200,2018,532,2273,2814
48453031600,2020,2268,45.4,1906,96,154,223,107625,240,434800,717,225,1378,1055
48453031700,2020,4803,38.1,3651,366,403,1641,64554,638,299000,1188,870,1168,2124
48453031800,2020,5374,36.7,4548,418,36,2352,70236,542,319400,1143,802,1476,2003
48453031900,2020,5561,36.3,5075,118,112,1468,85481,471,313000,1350,897,1419,2410
48453032000,2020,7194,33.2,4496,260,1741,1614,76463,305,342000,880,1987,1394,3238
48453032100,2020,5515,34.6,3962,184,422,1871,73913,291,395000,857,2113,1395,3037
48453032200,2020,2197,51.8,2051,0,19,240,141164,60,617100,819,110,1750,980
48453032300,2020,4030,29.8,2264,42,1202,897,40651,987,,49,2555,1182,2892
48453032400,2020,1506,30.8,851,66,290,416,78712,31,,11,947,1375,1153
48453032500,2020,5079,36.9,4086,212,305,982,65500,356,434200,1103,1259,1231,2440
48453032600,2020,6180,47.6,3787,169,1753,516,171164,98,579400,2119,160,1968,2300
48453032700,2020,4925,40.1,3673,68,551,656,115000,70,406400,1367,457,1721,1936
48453032800,2020,2699,46.8,2002,38,226,659,96835,28,534500,676,501,1272,1263
48453032900,2020,8633,40.0,6949,118,471,1685,130540,266,783800,2175,1281,1425,3620
48453033000,2020,6917,42.0,6326,71,210,1840,95508,474,350500,1835,820,1515,2789
48453033100,2020,4393,53.1,4205,37,46,393,135536,247,443800,1794,89,1425,2159
48453033200,2020,4538,38.7,3345,88,608,1948,95202,220,270500,1260,280,1770,1629
48453033300,2020,8396,40.3,6525,453,1057,1123,168163,421,485400,2721,139,2703,2983
48453033400,2020,3757,37.0,2858,172,85,1230,90586,177,295500,931,403,1680,1357
48453033500,2020,5963,41.0,4676,143,270,1938,91231,619,318700,1814,812,1737,2664
48453033600,2020,4291,51.5,3615,174,57,539,126563,40,479300,1405,319,1679,1881
48453033700,2020,3055,42.3,1898,0,614,620,126979,38,528500,839,242,1590,1115
48453033800,2020,5076,45.1,2734,450,1640,367,170694,40,521200,1558,146,1483,1804
48453033900,2020,5467,40.7,4698,56,184,625,145156,85,515800,1642,245,1887,1937
48453034000,2020,5616,42.5,3854,73,1519,621,109583,516,609900,1403,800,1506,2383
48453034100,2020,5928,30.7,2922,517,1849,1217,67212,658,261900,568,2331,1366,3161
48453034200,2020,5698,32.8,3207,151,1989,267,71361,445,261100,355,2369,1455,2980
48453034300,2020,4256,45.7,2965,63,946,226,171354,90,503700,1426,85,2783,1511
48453034400,2020,2152,30.5,1638,0,350,333,63871,142,423900,231,1073,1291,1495
48453034500,2020,2722,33.2,1440,0,1127,0,188977,548,522300,787,0,,787
48453034600,2020,4571,30.3,3762,109,260,962,76116,37,607600,172,1851,1412,2227
48453034700,2020,4951,52.1,4167,153,523,675,118507,59,384500,1910,263,1726,2337
48453034800,2020,5298,40.0,4157,331,574,980,108326,16,395200,1565,393,1413,1992
48453034900,2020,8364,33.4,7542,119,483,877,186425,106,476300,2071,302,2752,2373
48453035000,2020,6622,36.1,5639,164,494,1481,122337,437,565300,1480,1159,1339,2707
48453035100,2020,3998,45.0,3197,157,492,425,178043,0,656100,1037,401,,1460
48453035200,2020,2785,46.6,2601,20,13,365,102821,214,368100,937,176,1266,1695
48453035300,2020,1330,52.5,1258,8,53,149,136600,16,790100,451,93,,806
48453035400,2020,3791,40.3,3424,0,164,146,204583,20,665800,1140,80,3158,1301
48453035500,2020,4456,35.7,4083,0,353,493,156148,27,411400,1282,0,,1282
48453035600,2020,1861,54.1,1450,28,152,170,116977,14,596200,611,159,1285,919
48453035700,2020,4664,39.4,3966,0,194,621,196727,119,477300,1457,83,2359,1540
48453035800,2020,3736,38.0,3008,126,61,530,81905,138,492700,975,645,1389,1770
48453035900,2020,2590,42.5,2461,9,20,231,83365,122,247100,778,62,,909
48453036000,2020,1928,44.1,1720,0,110,261,212119,0,698700,568,0,,568
48453036100,2020,3442,43.6,2672,314,225,447,185227,0,486500,1175,9,,1229
48453036200,2020,1011,45.8,705,42,248,88,144531,0,483600,382,0,,417
48453036300,2020,1015,55.3,916,0,0,333,,69,182500,447,6,,506
48453036400,2020,1937,62.1,1808,70,0,248,121563,47,369300,762,17,1109,1022
48453036500,2020,4675,39.6,3081,396,969,426,154405,56,431800,1702,33,,1964
48453036600,2020,7922,40.8,7386,80,146,981,145408,518,554500,2239,470,1475,2873
48453036700,2020,7871,38.9,6043,53,1179,1247,190458,131,528000,2355,190,2628,2592
48453036800,2020,4485,40.8,3845,0,339,565,157604,71,451500,1434,29,,1478
48453036900,2020,3829,57.2,3333,61,86,473,139107,129,576000,1574,65,3479,1688
48453037000,2020,4325,39.3,3096,46,852,388,97366,282,486300,1199,725,1772,2135
48453037100,2020,2399,45.5,2007,150,63,435,152390,180,422700,818,17,,835
48453037200,2020,6252,36.0,5187,534,210,2142,129550,489,290900,1847,288,1998,2236
48453037300,2020,2775,44.8,2650,72,0,755,83173,125,232000,771,192,1066,1032
48453037400,2020,3610,55.5,3444,130,36,151,72836,324,299500,1310,363,1461,2044
48453037500,2020,1488,54.5,1392,26,12,309,98224,224,269900,542,103,938,703
48453037600,2020,3290,49.5,3039,48,22,377,97014,126,399200,1207,112,1477,1857
48453040000,2020,5763,35.6,3066,748,693,2525,35087,1685,288300,557,2251,978,2918
48453040100,2020,4648,32.3,2039,272,84,3233,36268,1903,220200,562,1257,994,1968
48453040200,2020,3059,36.7,987,1040,33,1368,41649,467,272600,436,943,1119,1498
48453040300,2020,7166,28.5,3665,992,598,4566,40295,2431,171900,714,1594,1109,2493
48453040400,2020,3876,38.9,3122,208,78,773,58537,508,349400,1161,1050,1078,2238
48453040500,2020,7265,32.4,3897,396,224,4100,58154,1334,400900,1290,1133,1166,2732
48453040600,2020,4050,31.9,2047,537,181,2482,44708,1303,314800,233,1097,1134,1451
48453040700,2020,7852,29.6,4533,525,61,6140,33378,2942,207100,604,2330,953,3369
48453040800,2020,5602,35.2,3630,338,134,3002,62500,977,285300,978,1090,1247,2156
48453040900,2020,6727,30.7,3656,1024,138,3772,49816,1297,268300,719,1672,1110,2510
48453041000,2020,7368,31.8,3108,1370,488,4352,47523,1586,173700,412,2018,1200,2698
48453041100,2020,1766,36.9,1205,170,190,387,73077,137,291000,487,297,1174,789
48453041200,2020,2940,31.9,1706,436,327,513,63875,248,357200,300,1040,1348,1404
48453041300,2020,4558,41.7,3458,334,181,974,102083,303,335800,1266,473,1721,1829
48453041400,2020,2728,35.2,2272,89,213,289,60563,102,333300,480,1005,1166,1587
48453041500,2020,3313,38.0,1912,1031,9,796,59640,355,271500,624,761,1099,1413
48453041600,2020,9113,35.9,6389,1022,179,5655,59394,1216,232400,1643,1414,1196,3193
48453041700,2020,2721,41.6,1667,216,223,782,80341,182,271600,808,293,1437,1123
48453041800,2020,4226,33.2,2596,715,220,1395,59158,723,234500,625,1176,1252,1877
48453041900,2020,3522,36.5,2800,69,407,943,61316,260,270700,1013,703,1240,1805
48453042000,2020,2812,43.6,2402,51,259,344,114359,86,360200,1064,116,1953,1202
48453042100,2020,5099,36.8,2436,980,609,1373,68425,351,278500,955,1208,1516,2276
48453042200,2020,3791,33.3,2722,369,656,803,61741,179,219700,435,1600,1174,2250
48453042300,2020,3651,34.6,2428,308,115,1294,95991,308,274900,1044,372,1642,1435
48453042400,2020,10212,35.6,5187,2538,1409,2467,109772,417,265200,3055,276,,3553
48453042500,2020,4521,33.2,2381,975,540,1001,101208,118,290500,1416,167,1654,1656
48453042600,2020,4130,39.8,2879,491,98,1893,58003,654,160200,824,941,1326,1878
48453042700,2020,5338,34.4,3580,383,566,2391,86491,154,202400,1460,284,1856,1744
48453042800,2020,7517,36.6,5135,1327,554,1745,88527,503,261200,1449,1036,1536,2562
48453042900,2020,3179,32.6,1318,1031,388,989,39318,780,,0,1702,998,1817
48453043000,2020,2825,33.3,1973,382,298,634,52059,402,185200,189,1509,1219,1972
48453043100,2020,3028,34.1,1913,96,65,2314,50202,325,199800,309,820,1041,1185
48453043200,2020,3571,29.9,1978,360,36,2335,50291,504,184000,377,829,964,1320
48453043300,2020,3903,29.1,2561,347,87,2597,34674,894,178400,298,912,1358,1369
48453043400,2020,4871,33.9,2136,634,117,2964,39573,961,,179,1952,1153,2270
48453043500,2020,6259,35.5,3506,447,1819,1248,68298,779,256500,1256,1154,1539,2493
48453043600,2020,4807,31.5,1970,1122,234,2427,67688,200,218100,409,1328,1210,1827
48453043700,2020,2733,31.3,1779,225,625,1013,80643,317,160100,241,955,1323,1251
48453043800,2020,4314,35.1,2310,429,139,2608,79188,209,225700,1239,438,1428,1811
48453043900,2020,6090,32.6,2565,1019,1653,1650,72556,421,246200,1141,1374,1306,2725
48453044000,2020,4628,27.6,2031,1221,429,2115,60995,414,179200,546,913,1267,1493
48453044100,2020,1844,38.0,1416,156,261,211,74961,432,187000,462,329,1390,843
48453044200,2020,3905,28.2,1481,947,317,915,70547,178,279100,224,1471,1236,2045
48453044300,2020,5939,32.4,3814,1024,115,3810,69448,423,198100,1284,383,879,1799
48453044400,2020,5919,35.9,3775,840,818,1991,81975,233,233900,1731,252,1800,2031
48453044500,2020,5011,40.6,1903,1628,634,1185,79540,148,283100,1372,191,1117,1621
48453044600,2020,4551,27.8,1609,1453,1042,1542,76758,201,211000,1061,346,1725,1407
48453044700,2020,2269,30.1,1408,98,53,1676,80326,0,129400,474,72,,546
48453044800,2020,3680,35.4,2367,140,143,2016,62459,547,156400,1125,171,1219,1296
48453044900,2020,9968,32.8,5067,897,365,7409,77165,2341,210700,2179,914,1159,3136
48453045000,2020,2503,31.1,1031,463,419,848,68913,0,228300,598,468,1605,1066
48453045100,2020,3640,32.8,2686,531,272,508,78679,140,294700,621,819,1372,1481
48453045200,2020,3829,40.1,2037,433,1028,738,102111,160,249900,1112,474,1389,1697
48453045300,2020,4221,27.9,2534,544,802,1291,62529,441,108400,57,2310,1399,2572
48453045400,2020,5053,30.3,3643,155,697,802,99432,508,,0,3261,1614,3993
48453045500,2020,3709,36.6,2861,749,0,768,62985,1078,261700,352,1257,1382,1802
48453045600,2020,3786,36.2,2417,282,652,979,106551,350,304200,944,645,1373,1697
48453045700,2020,2857,38.9,1363,535,268,1204,69330,239,303500,475,979,1175,1454
48453045800,2020,3442,27.3,2476,164,44,2357,66853,1426,161400,754,43,1652,874
48453045900,2020,10141,27.8,5163,1998,83,5929,95204,641,225700,2324,279,1769,2744
48453046000,2020,4851,35.7,2306,891,733,1193,77356,229,248400,805,554,1339,1433
48453046100,2020,5578,34.8,3359,1182,518,1489,89538,130,267100,1198,1086,1242,2421
48453046200,2020,7111,33.2,4952,1135,509,2092,111035,265,249500,1738,681,1334,2654
48453046300,2020,1858,40.3,1368,305,26,254,106600,237,259300,492,188,1695,680
48453046400,2020,2876,41.2,1847,344,127,883,75489,239,236400,985,260,1699,1330
48453046500,2020,3050,32.8,2191,424,260,949,61105,578,237000,419,907,1214,1455
48453046600,2020,11175,37.0,3576,180,746,8212,111964,53,323200,2731,31,,2811
48453046700,2020,3395,37.4,2478,285,176,695,117273,200,298700,961,133,,1094
48453046800,2020,7747,34.5,5333,507,1168,1863,140051,241,330400,2236,123,,2394
48453046900,2020,6579,36.4,4956,818,390,1461,123667,0,287100,2390,35,2208,2467
48453047000,2020,1726,39.6,1507,1,0,114,140526,4,265800,485,13,,498
48453980000,2020,0,-666666666.0,0,0,0,0,,0,,0,0,,0
48453000101,2020,4627,38.2,4251,10,27,514,91674,259,596100,1230,1085,1788,2466
48453000102,2020,2486,51.5,2343,7,78,88,185385,116,835200,1013,71,2500,1171
48453000203,2020,2633,25.1,1804,298,265,484,78393,528,,0,907,1801,982
48453000204,2020,2797,36.7,2330,58,158,475,86023,486,624200,711,658,1216,1572
48453000205,2020,4046,31.4,3215,118,307,854,79280,151,465300,605,1779,1257,2581
48453000206,2020,4088,35.4,3377,124,163,704,85302,904,587500,895,922,1219,1938
48453000302,2020,5550,30.8,3833,211,711,1213,50083,1378,601900,748,2433,1126,3613
48453000304,2020,2951,29.9,2412,31,157,586,80000,482,576700,360,1114,1481,1674
48453000305,2020,3796,29.9,3269,83,120,517,61456,607,412100,601,1218,1488,1961
48453000307,2020,1830,37.1,1543,45,83,324,104292,126,471000,522,287,1504,884
48453000308,2020,1429,36.2,1068,24,211,187,73510,54,571200,357,318,1203,746
48453000309,2020,5126,34.9,3948,217,518,914,110179,284,559500,1164,1281,1692,2678
48453000401,2020,4188,28.1,3128,140,350,670,61016,988,406100,549,1426,1596,2217
48453000402,2020,3332,35.9,2169,752,100,685,62358,415,428800,531,1048,1358,1754
48453000500,2020,4101,27.3,3645,9,253,375,56215,1299,514800,299,1620,1212,2460
48453000601,2020,10455,19.8,6532,1936,910,2557,14844,558,,0,303,1122,373
48453000605,2020,3012,21.2,2199,102,435,777,11304,1992,213300,24,881,1578,1309
48453000606,2020,4492,20.7,2856,234,1157,726,6322,3201,178100,41,1306,1384,1637
48453000607,2020,3881,21.4,2355,186,935,833,11702,1842,274000,87,1139,1182,1441
48453000608,2020,3393,20.3,1958,253,763,745,10625,1340,,0,510,1453,686
48453000700,2020,1486,29.5,1079,30,216,415,78867,497,359000,300,485,1310,894
48453000801,2020,2109,37.3,1655,155,0,791,83958,244,458100,518,263,,883
48453000802,2020,4354,31.6,2425,1530,22,1336,44339,1979,412700,409,1010,388,1498
48453000803,2020,3144,32.1,1909,894,93,495,77051,396,450300,711,705,1722,1541
48453000804,2020,2632,38.2,1566,635,46,916,55388,822,465300,491,556,532,1143
48453000901,2020,3125,28.9,2073,403,97,1215,95357,724,556100,324,828,1923,1307
48453000902,2020,5299,33.4,3392,549,147,2338,75331,1158,401700,854,1863,1486,3212
48453001000,2020,3487,37.8,2599,94,66,1170,65787,349,501800,780,729,1384,1670
48453001101,2020,1722,39.2,1227,184,223,547,88182,469,385400,83,813,1443,923
48453001102,2020,2862,36.6,2404,44,316,131,148833,181,477700,799,1087,2586,2434
48453001103,2020,3157,51.3,2879,97,18,598,147596,306,478900,1018,1113,2352,2463
48453001200,2020,6143,36.1,5087,12,532,435,119205,307,1000000,1218,2539,2188,4385
48453001304,2020,4239,36.9,3793,31,235,648,103634,136,665600,1057,1004,1530,2087
48453001307,2020,5446,34.3,4758,148,98,2854,76009,855,471200,769,1408,1366,2328
48453001308,2020,3337,31.5,2703,104,145,1166,75754,246,415200,621,1102,1599,1784
48453001309,2020,2869,37.6,2621,11,115,478,128077,37,654800,702,700,2248,1657
48453001310,2020,3718,33.5,3181,110,139,835,82390,555,848000,583,1615,1882,2483
48453001311,2020,1576,33.2,1333,216,0,171,88571,226,,86,946,1458,1117
48453001312,2020,4686,37.2,3601,570,1,817,81375,539,662500,1200,1075,1251,2552
48453001401,2020,2836,32.5,2447,55,87,373,83125,234,696600,496,1096,1816,1844
48453001402,2020,2247,39.1,1895,32,101,340,82000,154,754600,775,459,1276,1498
48453001403,2020,1690,29.7,1473,28,23,414,69678,113,367300,285,504,1191,857
48453001501,2020,5822,40.1,5300,75,190,776,106971,118,557300,1786,551,1427,2587
48453001503,2020,4927,30.8,3187,270,358,1652,69539,451,378000,680,1617,1388,2514
48453001504,2020,6770,35.1,5376,71,310,1246,102804,463,477000,1317,1594,1407,3055
48453001505,2020,4909,36.9,4341,22,90,942,75950,182,450200,1028,1435,1373,2571
48453001602,2020,3133,31.7,2247,28,752,552,79450,383,688500,424,1109,1003,1789
48453001603,2020,4683,38.9,4096,45,308,390,168092,228,931500,1395,310,1767,1984
48453001604,2020,4188,48.5,3989,85,10,177,183125,55,1090600,1519,208,1853,1906
48453001605,2020,4801,40.4,4696,25,0,215,92149,450,1204200,1327,1010,1493,2605
48453001606,2020,17,46.3,10,4,0,5,,9,,0,0,,0
48453001910,2020,4816,44.6,4324,112,184,777,143125,420,847100,1106,663,1775,1983
48453001911,2020,3017,30.9,2495,18,266,807,72955,241,418900,196,1558,1461,2068
48453001912,2020,4243,47.6,3561,174,326,309,156513,343,1279700,1037,536,1884,1738
48453001913,2020,4806,43.2,4323,0,434,667,206319,241,1087900,1550,73,,1748
48453001914,2020,6035,42.8,5130,77,544,690,117578,198,543800,1590,1123,1742,3006
48453001915,2020,2486,32.8,1908,39,201,378,73897,238,384400,205,1095,1749,1490
48453001916,2020,2780,41.6,2236,42,228,286,228929,149,851900,798,24,,850
48453001917,2020,4398,41.9,3884,0,321,426,195000,179,739300,1407,117,3501,1583
48453001918,2020,2601,51.4,2469,1,53,480,189375,49,1158900,809,123,1336,1033
48453001919,2020,3553,44.3,2928,0,499,596,206667,15,978200,1076,112,3052,1207
48453001920,2020,6861,30.4,5072,582,792,2790,62667,1221,389700,1060,1470,1521,2801
48453001921,2020,2813,60.8,2628,9,121,118,163750,74,1227100,1016,287,1438,1614
48453001922,2020,2385,36.0,1872,12,118,508,67546,361,745000,481,870,1412,1482
48453001923,2020,3513,36.1,2815,23,38,464,90857,448,595400,784,1168,1419,2036
48453002002,2020,3243,36.7,2877,27,0,1090,85513,217,352100,829,549,1515,1450
48453002003,2020,3987,32.7,3304,270,29,1884,49219,717,287500,608,957,1042,1649
48453002004,2020,2623,30.8,1909,137,204,526,55483,376,416300,121,1734,1368,2032
48453002006,2020,2488,29.4,2214,25,26,1043,72000,369,362700,137,1093,1297,1417
48453002007,2020,2371,30.5,1995,120,121,458,91750,173,488900,478,812,1597,1384
48453002104,2020,3051,35.6,2619,67,34,1104,98500,607,366200,741,397,1513,1215
48453002105,2020,4678,35.7,2240,779,71,2433,40811,1424,353500,294,1694,1117,2321
48453002106,2020,3122,40.4,2050,145,98,1247,110486,276,379000,919,283,1271,1295
48453002107,2020,5878,35.3,3511,742,43,2935,81354,419,333000,1166,576,1272,1797
48453002108,2020,4488,30.3,2007,1449,58,2020,48750,587,329300,536,1143,1115,1861
48453002109,2020,4125,35.8,2421,1257,49,991,63750,658,362400,954,731,1180,1738
48453002110,2020,3901,36.3,1462,1019,76,1763,54477,783,287600,690,565,1332,1492
48453002111,2020,5325,36.5,3437,294,58,3558,61786,1194,319700,1002,992,1196,2093
48453002112,2020,6111,32.8,3511,1358,144,2606,47477,1557,345400,762,1337,1124,2395
48453002113,2020,3556,38.2,2432,427,31,912,87076,208,351800,936,386,1621,1376
48453002201,2020,2648,26.1,643,890,6,1506,57803,778,232000,374,370,1482,756
48453002211,2020,4399,32.1,1806,708,53,2979,97614,299,201800,814,417,1600,1265
48453002213,2020,3915,29.8,1604,333,14,2833,62148,694,136800,940,265,883,1255
48453002214,2020,4329,30.2,1587,517,17,2814,57482,410,,662,157,1366,819
48453002215,2020,2523,22.5,1193,426,0,1901,61891,255,158300,482,126,1560,690
48453002216,2020,7405,37.3,2514,1481,78,4325,70930,660,179900,2266,370,1581,2730
48453002217,2020,5076,29.8,2217,1329,158,2371,72195,520,179400,1282,201,1517,1651
48453002218,2020,3725,31.5,1279,1236,18,1581,83482,320,180600,1000,291,1405,1403
48453002219,2020,5274,35.2,2931,622,71,3192,74444,641,192100,1376,144,1205,1598
48453002220,2020,2772,24.6,1064,525,0,2034,37526,1104,69300,193,509,1257,702
48453002221,2020,1839,24.9,185,450,0,1382,,727,35000,217,334,1158,616
48453002222,2020,3420,26.4,964,1571,0,1540,48514,523,125100,611,351,1347,1034
48453002304,2020,3865,30.0,3023,75,318,1044,86881,277,275900,50,2290,1725,2664
48453002307,2020,5294,33.8,3647,786,87,1822,49065,944,293100,522,2180,1151,2864
48453002310,2020,2578,30.3,1034,189,0,1991,44625,566,72100,410,375,1035,870
48453002313,2020,3856,29.1,2568,484,142,1874,46992,749,302500,226,1615,1162,2007
48453002314,2020,5219,28.9,3721,962,117,2469,56360,1025,273600,194,2198,1210,2640
48453002315,2020,2852,31.5,1904,287,78,1678,40335,762,,249,1226,1102,1590
48453002316,2020,4432,29.0,2457,569,228,2305,39578,949,,11,2082,1115,2338
48453002319,2020,2638,32.9,1157,703,31,1056,,41,,0,0,,0
48453002320,2020,4216,29.3,2123,474,116,2337,56886,1137,328700,475,923,1305,1414
48453002321,2020,3451,30.7,2458,292,26,2628,47902,629,161900,587,656,1016,1354
48453002322,2020,2385,27.0,1862,89,30,1293,63688,277,338700,78,1281,1284,1516
48453002323,2020,4703,30.2,3413,442,112,1853,52770,712,441600,390,1350,1119,1776
48453002324,2020,1526,25.5,787,164,227,338,24100,457,,28,660,803,822
48453002325,2020,4418,28.7,2866,527,210,3139,57054,811,213300,646,816,1098,1580
48453002326,2020,1100,22.7,496,311,174,442,33917,496,,44,287,869,331
48453002327,2020,5373,25.8,3219,640,228,3051,28056,2329,,144,1810,853,2128
48453002403,2020,2464,35.4,2138,55,45,1106,67034,516,275500,606,505,1417,1143
48453002407,2020,7485,37.3,6393,339,128,2272,77817,558,338900,1594,1351,1411,3392
48453002409,2020,3365,39.3,2838,135,17,1373,82723,382,296000,1014,424,1506,1554
48453002410,2020,3980,36.4,3060,148,103,1793,54275,727,289200,514,1272,1206,1810
48453002411,2020,6316,32.8,3918,552,4,5401,50250,1342,123100,793,848,1160,1693
48453002412,2020,5310,34.2,3188,249,0,4491,60714,1022,157800,840,492,1676,1411
48453002413,2020,3658,35.2,1703,621,0,2468,45462,739,151200,409,760,1135,1169
48453000101,2021,4362,40.6,3982,0,77,341,121964,257,616100,1253,941,1827,2328
48453000102,2021,2427,51.6,2248,8,72,118,201417,115,913600,929,94,,1098
48453000203,2021,2960,24.2,1955,321,328,542,81994,454,,10,949,1862,1016
48453000204,2021,2627,34.3,2182,56,111,443,93219,470,672800,620,645,1321,1523
48453000205,2021,3854,34.1,2996,116,297,696,75000,155,499800,649,1793,1239,2565
48453000206,2021,3924,36.2,3233,113,167,678,88342,838,617200,858,917,1208,1881
48453000302,2021,5428,31.5,3471,239,656,1471,52537,1172,659800,583,2586,1201,3593
48453000304,2021,2877,32.0,2271,27,185,568,93438,410,587700,364,1147,1491,1637
48453000305,2021,3610,30.1,3047,50,120,554,72694,377,446600,642,1153,1439,1970
48453000307,2021,1888,37.3,1569,54,82,360,123177,115,525000,515,312,1459,872
48453000308,2021,1691,35.8,1098,8,357,331,72552,53,556200,435,350,1205,883
48453000309,2021,5295,34.5,3889,256,535,1008,105000,269,568400,1191,1353,1718,2755
48453000401,2021,4079,28.2,2679,220,367,881,65805,908,462200,489,1541,1666,2231
48453000402,2021,3073,35.3,2031,569,111,749,67756,515,484600,571,1088,1352,1751
48453000500,2021,3968,27.4,3349,19,360,299,50227,1292,500000,354,1638,1346,2376
48453000601,2021,10263,19.8,6069,1919,1158,2373,14677,555,,0,334,1019,394
48453000605,2021,2959,21.5,2101,132,367,766,11549,1850,214600,36,999,1424,1365
48453000606,2021,4303,20.9,2832,204,906,887,7832,2978,188300,38,1377,1443,1803
48453000607,2021,3295,21.3,2322,205,523,956,9241,1351,278500,117,1100,1324,1475
48453000608,2021,3434,20.3,1702,317,931,778,,1378,,0,633,1246,810
48453000700,2021,1372,29.1,949,22,217,375,65417,466,375500,300,479,1351,880
48453000801,2021,1948,37.1,1530,86,6,766,86250,286,436500,558,207,383,882
48453000802,2021,3917,32.3,2596,912,14,1321,54375,1513,450000,474,907,541,1510
48453000803,2021,3186,32.2,2012,793,95,470,84583,495,515000,785,781,1790,1650
48453000804,2021,2659,37.6,1340,891,24,640,59268,715,480000,561,511,721,1154
48453000901,2021,3128,29.2,1830,534,110,1006,93160,720,490100,406,856,1968,1371
48453000902,2021,5292,35.1,3429,280,183,2000,86810,680,420200,1050,2030,1696,3559
48453001000,2021,3437,38.5,2546,100,62,1171,70250,412,541900,887,613,1747,1643
48453001101,2021,1571,38.4,1181,244,46,442,92056,531,428100,147,730,1643,919
48453001102,2021,2844,40.4,2386,0,297,139,156603,164,492100,948,1074,2635,2555
48453001103,2021,3330,49.2,2981,82,102,561,178432,191,456900,1027,1220,2694,2469
48453001200,2021,6336,35.2,5234,8,501,491,123232,276,979800,1430,2514,2255,4469
48453001304,2021,4065,37.3,3662,39,172,491,109022,114,684500,941,1103,1583,2085
48453001307,2021,5010,35.2,4245,161,140,1886,74094,1678,479100,748,1441,1338,2345
48453001308,2021,3254,31.3,2415,83,132,1304,84963,198,481200,614,1103,1599,1780
48453001309,2021,2963,37.8,2784,7,42,404,124555,10,787300,696,769,2264,1651
48453001310,2021,3792,31.7,3182,145,162,896,87813,506,856300,480,1822,1881,2598
48453001311,2021,1449,35.2,1208,217,0,267,92167,93,,121,933,1465,1149
48453001312,2021,4691,36.4,3638,396,43,974,95428,216,788500,1063,1176,1376,2530
48453001401,2021,2573,33.8,2185,66,104,298,87594,165,672600,523,1046,1910,1837
48453001402,2021,2093,39.4,1685,64,114,309,80000,104,878300,696,500,1455,1477
48453001403,2021,1630,30.2,1383,0,22,581,73377,127,407800,290,510,1314,844
48453001501,2021,5648,40.7,4972,79,308,734,125887,72,620400,1748,520,1634,2504
48453001503,2021,4856,30.8,3096,210,486,1509,83630,419,399700,709,1680,1515,2594
48453001504,2021,6726,35.9,5320,27,351,1181,105212,318,499500,1372,1696,1473,3134
48453001505,2021,4553,38.8,3885,118,121,818,85256,186,482900,1072,1334,1363,2523
48453001602,2021,2890,31.3,2156,28,585,512,87708,265,675800,420,1062,1131,1746
48453001603,2021,4441,40.8,3823,54,346,372,169022,239,1012700,1301,323,1649,1911
48453001604,2021,3903,48.1,3654,65,9,260,217500,60,1172900,1435,213,2230,1856
48453001605,2021,4721,41.3,4517,56,0,186,102799,406,1262300,1241,1056,1576,2520
48453001606,2021,44,52.5,24,17,0,4,,22,,0,0,,0
48453001910,2021,4745,42.0,4179,90,361,601,139821,380,935300,1021,801,1861,1966
48453001911,2021,2940,30.8,2335,41,349,773,82305,219,460700,159,1558,1603,2031
48453001912,2021,4516,47.1,3628,178,426,298,170795,323,1350200,1049,570,1925,1752
48453001913,2021,4824,44.0,4293,0,444,362,238350,143,1200400,1593,84,3250,1820
48453001914,2021,5882,44.0,4914,22,380,699,116494,176,580300,1581,1182,1805,3037
48453001915,2021,2707,34.0,2059,36,279,282,77100,261,438600,202,1296,1801,1685
48453001916,2021,3179,41.8,2505,59,269,332,238333,170,887300,951,27,,978
48453001917,2021,4358,42.3,3771,0,369,474,209345,151,813500,1401,122,3501,1544
48453001918,2021,2627,50.4,2455,11,89,426,191528,80,1196700,806,131,1293,969
48453001919,2021,3617,44.5,3063,0,399,617,194044,149,1132100,1108,132,3203,1274
48453001920,2021,6936,30.6,5241,267,822,3135,64673,1430,450600,1110,1611,1628,2824
48453001921,2021,3575,55.5,3464,29,59,84,236528,131,1278500,1329,255,2058,1782
48453001922,2021,2254,36.2,1787,14,110,471,69900,352,766100,441,901,1462,1442
48453001923,2021,3423,36.3,2630,28,27,660,94271,245,562100,797,1175,1443,2024
48453002002,2021,2863,36.4,2409,23,45,832,104081,188,388500,839,498,1632,1370
48453002003,2021,3800,33.0,2902,300,45,1665,60335,651,320200,574,1018,1163,1676
48453002004,2021,2624,30.9,1887,146,214,612,59542,424,379500,181,1735,1412,2087
48453002006,2021,2314,28.4,2081,34,14,798,60409,386,442900,78,1127,1368,1415
48453002007,2021,2283,30.1,1756,126,133,485,80833,131,551700,497,831,1604,1387
48453002104,2021,2775,36.6,2361,71,23,854,96466,521,399200,707,431,1637,1216
48453002105,2021,4486,35.8,2285,748,96,2175,41611,1316,359900,330,1766,1141,2314
48453002106,2021,3045,40.3,1973,121,97,1149,115160,366,377300,970,288,1496,1265
48453002107,2021,5199,35.2,3002,575,42,2603,87143,442,351100,1162,556,1437,1775
48453002108,2021,3965,30.8,1301,1458,132,1491,49083,577,355100,630,1061,1162,1919
48453002109,2021,3918,35.9,2336,1114,63,882,76836,582,374700,1028,637,1281,1736
48453002110,2021,3937,33.4,1419,1033,77,1676,65506,825,349100,678,641,1513,1523
48453002111,2021,4928,36.7,3189,223,63,3221,71820,1208,350200,979,960,1214,2048
48453002112,2021,6002,33.0,3418,1027,269,2910,55286,1302,359400,732,1362,1172,2343
48453002113,2021,3521,39.2,2071,595,34,820,100625,342,375100,918,362,1327,1349
48453002201,2021,2530,27.6,488,989,23,1212,60424,664,268500,399,358,1571,768
48453002211,2021,4399,33.6,1856,705,62,2944,88750,365,219800,882,432,1620,1348
48453002213,2021,4147,29.7,1648,371,36,2959,61481,778,112800,1228,144,863,1415
48453002214,2021,3888,31.2,1549,539,11,2244,65579,440,,763,91,1819,854
48453002215,2021,3020,30.2,645,506,0,2377,50527,782,180600,729,138,,944
48453002216,2021,8878,35.4,3575,971,237,5427,77299,731,201900,2887,412,1882,3358
48453002217,2021,6170,27.3,2358,1591,97,3291,88694,552,187500,1496,216,1194,1830
48453002218,2021,4628,31.7,1443,1344,0,2120,92805,424,189800,1290,284,1630,1584
48453002219,2021,6003,35.2,3023,660,61,3682,78615,783,196900,1595,191,1448,1880
48453002220,2021,2767,26.0,1000,541,0,2068,41489,506,,192,629,1192,821
48453002221,2021,1921,34.3,71,289,0,1527,74138,630,,354,262,1194,712
48453002222,2021,3300,28.6,380,1852,0,1272,51523,124,153900,608,502,1356,1110
48453002304,2021,3835,29.4,2848,61,292,1060,89435,157,572100,61,2560,1725,2888
48453002307,2021,5000,35.6,2991,499,262,1702,51051,1115,325800,516,2202,1163,2838
48453002310,2021,2651,27.8,1010,176,0,2066,50288,372,70700,427,402,1110,915
48453002313,2021,3795,29.2,2031,476,159,1851,48891,799,324500,262,1615,1242,2016
48453002314,2021,5647,29.1,3597,996,88,2899,63990,986,269700,214,2409,1294,2839
48453002315,2021,2794,30.9,1442,352,162,1619,41714,668,117300,287,1221,1145,1583
48453002316,2021,4221,29.2,2144,636,124,2261,39124,994,,10,2199,1161,2373
48453002319,2021,2655,33.8,1046,738,27,1014,,26,,0,0,,0
48453002320,2021,4205,30.3,2289,321,97,2382,70859,1070,308900,563,890,1233,1512
48453002321,2021,3440,33.1,2263,163,50,2538,38602,710,212200,740,664,1092,1500
48453002322,2021,2242,27.2,1573,92,17,1119,59840,275,347500,69,1287,1385,1507
48453002323,2021,4773,29.4,3259,634,280,1806,46552,710,451600,404,1281,1014,1730
48453002324,2021,1247,23.7,497,211,198,341,55064,422,,0,380,1331,498
48453002325,2021,3880,30.5,2725,287,37,2734,61240,736,247200,807,658,1161,1580
48453002326,2021,1057,22.7,505,229,132,435,40093,439,,44,330,895,374
48453002327,2021,5185,24.2,2487,863,395,2699,22842,2880,,152,1848,984,2220
48453002403,2021,2307,34.8,1731,93,95,813,74880,378,294900,595,518,1412,1149
48453002407,2021,8352,36.0,6438,601,137,2389,76895,682,359200,1584,1880,1524,3824
48453002409,2021,3327,35.7,2506,122,27,1338,87356,505,325400,967,455,1661,1538
48453002410,2021,3725,37.3,2793,156,111,1727,54878,622,311200,504,1273,1274,1798
48453002411,2021,6114,33.6,3437,559,4,5134,47885,1468,142500,677,949,1269,1682
48453002412,2021,4876,34.5,2237,172,0,4018,63633,1169,188500,886,495,1791,1422
48453002413,2021,3442,36.0,1122,628,17,2340,42270,889,169400,328,840,1266,1168
48453002419,2021,3936,27.9,2001,508,162,2739,44020,495,,5,1803,1153,1928
48453002422,2021,8201,36.7,6568,584,322,3579,75752,563,315600,1619,1630,1295,3413
48453002423,2021,6302,36.6,4950,405,228,2480,86759,417,286800,1844,916,1831,2960
48453002424,2021,3563,37.7,3109,159,65,1395,59971,867,258800,830,767,1370,1704
48453002430,2021,2534,28.9,1845,175,109,1523,88505,90,,645,192,897,847
48453002432,2021,4056,33.8,1926,187,263,2623,103047,170,303200,1181,187,1761,1467
48453002434,2021,1872,38.6,988,88,1,1120,65395,232,184600,495,73,1161,600
48453002436,2021,2918,35.1,897,122,0,2448,62679,428,120600,719,142,1063,965
48453002437,2021,4905,34.2,3795,204,164,2344,102553,164,325300,622,2058,1645,2799
48453002438,2021,6682,29.8,4520,499,349,2621,71076,731,293000,1185,1919,1400,3226
48453002439,2021,3080,36.0,1460,477,0,2010,87488,156,231200,1026,131,1406,1157
48453002440,2021,6184,34.8,3645,44,98,3799,82807,361,229900,1400,570,1689,1992
48453002441,2021,5685,29.9,3101,905,100,3268,63642,607,157700,945,1125,1489,2086
48453002442,2021,2922,37.0,2135,80,0,2224,83542,432,227900,919,153,1375,1174
48453002443,2021,4375,29.2,2746,159,304,2221,48627,541,407600,146,2253,1393,2492
48453002444,2021,4093,36.9,3341,136,123,1837,66534,1014,288700,1083,826,1677,1962
48453002445,2021,6437,32.9,4777,202,239,3436,79209,143,279100,1950,589,1640,2644
48453002446,2021,1738,59.4,1593,3,27,570,119781,56,329000,657,60,2095,717
48453002447,2021,3617,28.9,2594,27,0,3035,65817,493,218200,599,270,,869
48453002448,2021,7479,34.6,3397,938,292,5160,97445,500,224200,2164,317,1091,2566
48453002449,2021,7473,33.6,2988,596,0,5862,69103,845,198500,1841,363,1193,2256
48453002450,2021,2481,38.3,933,1,76,1822,66056,200,200500,580,168,1031,825
48453002451,2021,7229,29.4,4533,432,389,3047,69158,572,283400,908,2296,1386,3398
48453002452,2021,3014,27.7,1634,41,40,2091,53077,59,158100,896,66,,962
48453002453,2021,6541,31.7,2680,544,62,4987,79677,552,185800,1632,247,1558,1937
48453002500,2021,6038,35.8,4422,173,370,1316,83804,338,480000,1087,1809,1342,3020
48453030000,2021,4227,41.9,3493,51,410,481,128839,36,671700,1377,540,1656,2189
48453030100,2021,3589,44.3,2954,312,74,515,85978,338,499400,1177,711,1378,1931
48453030200,2021,5146,38.1,4340,1,164,723,68840,171,544500,1297,1308,1248,2749
48453030300,2021,4373,40.8,4003,0,58,1415,76875,570,433800,1058,836,1307,2113
48453030400,2021,4338,38.3,3466,29,64,1666,91706,178,363000,1182,953,1392,2250
48453030500,2021,7280,39.2,5501,815,381,1046,121250,193,538500,1770,1556,1772,3438
48453030600,2021,6262,34.3,5213,148,451,897,90167,795,594200,1349,1852,1493,3372
48453030700,2021,4082,50.7,3766,0,214,246,144394,272,711600,1615,149,3501,1828
48453030800,2021,4682,32.2,3398,0,799,786,75170,526,461300,369,2194,1455,2563
48453030900,2021,7922,37.5,5997,489,102,2911,93459,756,343500,2021,1172,1853,3378
48453031000,2021,4256,45.4,3695,62,136,923,80734,136,317100,1238,835,1482,2302
48453031100,2021,5430,42.9,4091,176,309,1542,137601,931,569100,1684,66,2021,1778
48453031200,2021,6582,48.9,5011,136,632,1022,144063,323,422300,2385,382,1192,2910
48453031300,2021,4217,39.7,3270,258,337,831,116875,215,421700,957,866,1706,1889
48453031400,2021,3941,53.4,3242,28,298,481,84405,448,675500,1384,517,1605,2162
48453031500,2021,7291,42.0,6362,138,78,2000,114208,473,374000,2190,747,2341,3188
48453031600,2021,2127,45.2,1669,171,118,175,118155,153,460600,690,233,1364,1004
48453031700,2021,4606,38.5,3151,392,452,1596,66750,562,328100,1102,915,1170,2133
48453031800,2021,5242,37.2,3866,459,78,2100,71831,354,342800,1071,905,1522,2027
48453031900,2021,5719,36.7,4945,72,108,1882,92688,523,347300,1470,765,1509,2411
48453032000,2021,6612,35.8,4029,242,1493,1020,79667,319,385200,851,1996,1463,3190
48453032100,2021,5616,35.3,4088,128,281,2047,79403,260,392900,961,2127,1479,3170
48453032200,2021,2019,53.1,1799,13,66,244,151250,54,665900,767,105,1776,942
48453032300,2021,3823,30.5,2209,72,1110,753,41461,789,202500,67,2523,1193,2859
48453032400,2021,1526,30.0,834,85,269,460,75208,33,,11,993,1471,1133
48453032500,2021,4615,37.9,3646,251,200,962,66284,342,474800,989,1266,1260,2392
48453032600,2021,5879,47.7,3479,145,1696,570,187870,113,622200,2025,141,2172,2186
48453032700,2021,4464,36.7,3295,188,347,472,122500,66,428900,1384,412,1781,1887
48453032800,2021,2583,46.6,1910,51,180,476,104444,7,559100,683,457,1389,1188
48453032900,2021,8027,41.8,6006,112,719,1075,135116,233,815700,2147,1117,1446,3468
48453033000,2021,6782,40.8,6154,111,88,1782,96283,582,370200,1798,1100,1626,2986
48453033100,2021,4778,53.7,4524,37,39,391,140324,302,474500,1947,106,1979,2336
48453033200,2021,4714,37.3,3315,51,630,1771,113482,220,285300,1344,301,1946,1741
48453033300,2021,8744,40.4,6200,332,1184,1125,171432,415,537700,2729,238,2955,3083
48453033400,2021,3556,36.8,2626,183,59,1241,84196,310,325300,985,350,1934,1355
48453033500,2021,5656,42.1,4739,41,296,1845,95179,599,344600,1861,795,1875,2689
48453033600,2021,4464,50.5,3643,210,116,555,133194,24,495900,1474,290,1695,1955
48453033700,2021,2858,42.2,1666,0,633,638,154740,24,583000,771,274,1667,1073
48453033800,2021,4668,45.3,2439,410,1581,276,186111,38,560500,1475,135,1636,1714
48453033900,2021,6056,41.1,5028,65,396,642,152847,68,581900,1777,293,2118,2197
48453034000,2021,6485,43.7,4501,127,1815,493,115865,606,624300,1574,1025,1632,2754
48453034100,2021,6208,32.6,2657,431,2441,1047,73135,486,274300,633,2388,1491,3276
48453034200,2021,5465,33.3,3105,175,1808,275,78603,334,278100,389,2233,1656,2966
48453034300,2021,4236,44.6,2776,39,707,469,183523,62,557700,1363,115,2809,1478
48453034400,2021,2341,39.6,1622,0,348,615,57450,236,444700,360,953,1415,1424
48453034500,2021,2484,37.4,1498,0,888,0,160530,530,599900,774,0,,774
48453034600,2021,4493,32.6,3594,51,258,538,82665,75,675000,288,1701,1524,2172
48453034700,2021,5214,46.8,4738,33,424,1069,130853,35,412500,1732,426,2099,2315
48453034800,2021,4946,41.2,3691,360,548,927,120000,88,444800,1346,580,1605,1941
48453034900,2021,8699,36.5,7400,211,649,772,183413,97,494900,2304,411,,2715
48453035000,2021,7282,36.6,5812,447,612,1626,131657,328,620300,1677,1326,1395,3003
48453035100,2021,3931,46.4,2985,184,632,281,185750,0,664500,1185,318,,1597
48453035200,2021,3424,42.4,2893,65,166,538,96250,272,386400,1150,160,1560,1847
48453035300,2021,1476,53.2,1362,0,51,161,125785,68,726900,557,152,834,943
48453035400,2021,5074,40.9,4437,0,276,320,219837,56,652800,1485,164,3471,1667
48453035500,2021,4032,39.7,3548,0,456,193,168131,18,440800,1256,0,,1256
48453035600,2021,2044,55.7,1620,42,226,188,121068,75,549100,696,185,1033,1036
48453035700,2021,4688,37.9,4193,0,161,795,195884,223,481200,1453,80,2075,1533
48453035800,2021,3600,30.4,2622,134,365,783,116141,378,501600,939,694,1394,1833
48453035900,2021,2508,47.8,2313,13,81,140,96250,102,269900,859,40,,972
48453036000,2021,2093,46.0,1486,0,221,58,222269,19,666500,619,75,,694
48453036100,2021,4997,38.9,3191,425,514,589,186912,0,494600,1620,26,,1746
48453036200,2021,1690,42.0,1087,59,417,236,160106,0,464600,674,0,,706
48453036300,2021,1481,49.2,871,0,0,929,58688,71,162500,520,9,,595
48453036400,2021,2582,58.4,2372,51,0,256,118974,0,315500,945,13,1319,1272
48453036500,2021,6239,40.1,4132,582,1272,394,182557,395,480500,2212,13,,2418
48453036600,2021,9152,40.9,8408,90,299,1126,153390,634,600100,2606,487,1783,3244
48453036700,2021,7499,38.7,5479,87,1117,1544,198355,135,576300,2272,177,2789,2495
48453036800,2021,4207,39.8,3204,290,353,589,156469,122,450500,1323,32,,1368
48453036900,2021,4139,58.5,3526,51,101,542,145469,130,611800,1709,86,2750,1870
48453037000,2021,5600,39.4,4105,47,941,549,102183,316,512400,1569,954,1825,2713
48453037100,2021,2657,44.9,2009,158,111,567,181224,192,464700,902,18,,920
48453037200,2021,6219,33.1,5211,305,178,2430,129434,619,313800,1826,406,1849,2232
48453037300,2021,3323,44.0,3051,0,0,1030,89042,112,250800,987,236,890,1264
48453037400,2021,4234,59.8,3883,126,18,312,81034,197,325800,1732,348,,2491
48453037500,2021,1675,52.5,1558,29,14,401,83906,305,239300,648,122,960,796
48453037600,2021,3708,51.3,3341,56,28,343,99167,151,417500,1418,152,1397,2147
48453040000,2021,5951,35.8,2882,919,683,2450,41097,1675,284900,608,2221,1088,2889
48453040100,2021,4623,33.8,2201,252,81,3110,39724,1492,244800,569,1250,1082,1950
48453040200,2021,3192,35.4,1179,916,50,1520,42831,550,247500,444,1058,1140,1538
48453040300,2021,7107,28.0,3995,963,564,4704,43480,2143,188800,649,1635,1145,2424
48453040400,2021,3660,38.4,2848,232,23,738,64078,483,366800,1223,944,1154,2193
48453040500,2021,7163,32.2,3075,360,220,4512,60603,2182,405400,1219,1048,1210,2518
48453040600,2021,3828,31.3,1905,333,136,2593,45677,1019,345000,127,1207,1182,1426
48453040700,2021,7631,29.7,3957,443,12,6241,26375,3060,217400,548,2353,1083,3338
48453040800,2021,5181,35.9,3006,360,108,2832,71286,876,312900,976,1102,1349,2172
48453040900,2021,6396,30.9,3825,793,140,3866,50488,1409,350000,685,1560,1174,2442
48453041000,2021,7072,31.2,3199,1355,547,3974,49755,1551,214700,445,2012,1246,2672
48453041100,2021,1677,37.3,1164,181,186,372,76667,126,305800,466,296,1190,781
48453041200,2021,2876,31.5,1579,521,265,606,67885,394,378500,316,1048,1455,1447
48453041300,2021,4447,40.8,3268,354,241,934,113523,327,354700,1326,411,1969,1781
48453041400,2021,2873,35.1,2377,97,192,272,61250,291,368600,496,1013,1241,1552
48453041500,2021,3177,37.1,1594,1079,7,913,61896,295,301800,549,782,1138,1360
48453041600,2021,8615,36.0,5566,893,280,4936,61409,1029,251800,1587,1496,1364,3181
48453041700,2021,2732,40.6,1666,287,145,783,89265,196,305600,836,242,1751,1094
48453041800,2021,4056,33.5,2277,865,257,1393,55551,689,256000,544,1259,1246,1851
48453041900,2021,3673,36.4,2619,75,358,1251,67628,183,324300,969,782,1264,1799
48453042000,2021,2697,43.6,2131,38,352,332,118013,126,385900,1057,103,2132,1181
48453042100,2021,4807,36.5,2168,928,553,1231,75000,397,292900,848,1300,1670,2224
48453042200,2021,3838,32.7,2302,333,721,1048,56747,214,226300,372,1693,1230,2259
48453042300,2021,4082,34.1,2559,335,185,1475,101926,433,294800,1207,409,1683,1635
48453042400,2021,10718,35.3,5387,2417,1667,2349,115614,305,279800,3371,348,1248,3946
48453042500,2021,6059,33.5,3297,1086,646,1564,103889,109,308000,1813,273,2057,2153
48453042600,2021,3779,41.4,2672,455,90,1678,52304,759,172600,843,901,1327,1853
48453042700,2021,4920,34.1,3426,354,177,2204,90507,226,219000,1464,291,2048,1755
48453042800,2021,7653,36.1,4968,1374,443,2170,106500,663,283600,1494,1104,1621,2639
48453042900,2021,3477,34.4,1415,1184,439,868,43721,821,,0,1935,1111,2060
48453043000,2021,3234,31.9,2074,445,314,912,53750,414,198500,257,1663,1280,2225
48453043100,2021,2705,33.3,1784,148,92,1836,39225,385,217200,314,753,1095,1151
48453043200,2021,2962,29.9,1869,410,65,1923,40175,664,187100,378,876,988,1360
48453043300,2021,3385,30.0,1709,538,113,2363,36622,671,187000,305,995,1232,1401
48453043400,2021,4998,32.4,1790,608,138,3317,42813,1078,,132,2016,1199,2292
48453043500,2021,6549,34.5,3672,409,1767,1482,75112,1137,272500,1314,1180,1451,2641
48453043600,2021,4747,32.3,2146,847,98,2683,78222,237,208600,577,1165,1375,1875
48453043700,2021,2622,30.0,1587,246,573,996,97618,318,215200,271,937,1345,1242
48453043800,2021,3905,35.5,1733,504,159,2209,74961,195,232000,1110,392,1377,1638
48453043900,2021,6419,31.8,2619,1310,1477,1702,75781,296,264600,1151,1637,1350,3012
48453044000,2021,5116,24.7,2917,963,224,2257,57233,1066,234500,481,885,1600,1418
48453044100,2021,2253,38.4,1344,288,538,202,79956,271,207800,691,303,1683,1061
48453044200,2021,4839,27.3,2023,921,376,1448,76539,302,292800,295,1876,1362,2420
48453044300,2021,6198,32.4,3385,1090,174,3736,83318,312,201700,1489,495,1339,2071
48453044400,2021,5863,38.1,3828,604,645,2895,88615,203,256900,1618,373,1919,2039
48453044500,2021,5236,40.9,1533,1915,674,1278,84488,97,300300,1467,147,1354,1656
48453044600,2021,4857,28.0,1788,1551,915,1624,85560,329,237100,1178,296,1709,1614
48453044700,2021,2177,36.3,1388,148,22,1417,92925,0,148000,519,87,,606
48453044800,2021,3960,33.2,2097,182,203,2573,63787,560,143400,1193,276,1293,1538
48453044900,2021,11025,34.5,4889,859,909,7836,77917,2445,210100,2705,770,1232,3518
48453045000,2021,2350,31.5,927,475,415,729,68309,72,227000,579,571,1537,1150
48453045100,2021,3396,35.8,2374,572,223,405,84063,173,306900,592,875,1401,1488
48453045200,2021,3922,38.0,1992,392,878,944,113594,152,275500,1059,564,1517,1723
48453045300,2021,3696,29.1,2467,189,672,1031,68041,413,,36,2374,1478,2619
48453045400,2021,5846,30.3,3975,187,994,1027,101822,571,,0,3937,1620,4584
48453045500,2021,4454,39.1,3373,952,0,985,65291,1129,281500,406,1574,1436,2163
48453045600,2021,4375,36.8,2234,360,1383,1036,110596,359,351200,1091,876,1420,2076
48453045700,2021,3044,39.1,1536,617,268,1272,73258,264,316100,551,1096,1258,1647
48453045800,2021,4043,27.3,2852,89,128,2931,79115,1550,180300,865,52,,1028
48453045900,2021,12514,28.9,6143,2176,103,7514,94207,701,231900,3030,322,1837,3514
48453046000,2021,5143,37.0,3146,796,542,1492,77905,140,256100,782,725,1327,1570
48453046100,2021,5817,35.9,2771,1440,487,1664,91061,144,355400,1468,1052,1476,2664
48453046200,2021,7076,34.5,4472,1035,714,2318,115434,306,268600,1641,863,1425,2755
48453046300,2021,1966,28.7,950,407,0,611,114601,407,285900,355,211,2049,678
48453046400,2021,2915,44.5,1643,460,266,874,92961,177,247900,1176,135,1871,1397
48453046500,2021,3376,32.9,2289,379,267,1180,54828,738,259100,394,1073,1281,1551
48453046600,2021,11134,35.3,3211,408,948,7453,117010,0,323800,2802,53,,2915
48453046700,2021,3668,39.9,2031,854,141,931,153886,166,332200,937,181,1868,1118
48453046800,2021,10026,35.0,6877,784,1032,2410,160183,270,353200,2734,318,1615,3094
48453046900,2021,7898,38.5,5016,1556,469,1740,129840,0,299400,2569,209,1844,2778
48453047000,2021,1591,39.6,1363,1,0,17,149917,4,267500,477,0,,477
48453980000,2021,0,-666666666.0,0,0,0,0,,0,,0,0,,0
48453000101,2022,4494,40.5,3916,0,169,360,131713,351,668100,1377,909,1837,2475
48453000102,2022,2155,55.2,1957,11,91,133,224688,118,1158800,942,36,1800,1122
48453000203,2022,3020,24.7,1997,337,336,457,88968,395,,10,1040,2024,1112
48453000204,2022,2593,38.0,2080,65,140,426,115375,322,847200,697,618,1430,1560
48453000205,2022,4549,32.6,3582,94,224,943,69314,219,616100,575,2087,1677,2693
48453000206,2022,3906,36.5,3175,90,155,629,97123,899,736900,927,869,1229,1952
48453000302,2022,5474,31.1,3326,191,765,1607,58235,1181,676300,689,2476,1292,3523
48453000304,2022,3054,31.7,2357,39,170,588,97500,298,731100,434,1160,1618,1676
48453000305,2022,3529,31.2,2922,53,119,552,72101,337,549400,562,1303,1549,1989
48453000307,2022,1875,36.3,1567,42,66,278,119896,123,666800,519,315,1876,881
48453000308,2022,2258,36.8,1367,82,381,474,67650,251,605600,536,513,1446,1090
48453000309,2022,5267,34.1,3778,228,483,1022,126118,262,611300,1194,1534,1852,2913
48453000401,2022,4516,26.7,3074,219,446,973,82500,960,588400,506,1548,1901,2321
48453000402,2022,3207,34.6,2124,466,117,882,71489,628,577700,599,1188,1461,1803
48453000500,2022,3931,27.2,3394,49,249,446,57447,1290,723800,489,1617,1443,2386
48453000601,2022,10105,19.8,5577,1921,1215,2518,15545,560,,10,405,1215,458
48453000605,2022,2779,21.3,1992,92,249,682,9060,1806,,133,1150,1488,1549
48453000606,2022,4553,21.1,2685,123,1213,979,10212,2900,222900,50,1624,1467,2027
48453000607,2022,3038,20.8,1843,176,665,642,14231,1404,273200,200,1162,1284,1582
48453000608,2022,3627,20.1,1439,447,985,955,3794,1605,,0,863,1283,1030
48453000700,2022,1321,29.8,949,25,225,252,72321,418,478800,352,474,1378,894
48453000801,2022,2000,40.7,1386,92,44,777,97596,333,567300,619,240,,971
48453000802,2022,3912,34.0,2533,938,18,1314,69904,1426,639800,547,912,372,1586
48453000803,2022,3300,33.4,2014,710,134,602,82961,361,609500,871,966,1848,1915
48453000804,2022,2607,33.9,1386,779,31,679,64554,850,530500,467,605,1155,1181
48453000901,2022,3171,29.5,2068,251,122,1090,108377,475,622800,461,923,2199,1434
48453000902,2022,6016,34.2,3783,324,237,2336,87125,1073,458900,1189,2454,1899,4074
48453001000,2022,3291,38.4,2517,46,77,1063,89036,375,643300,879,656,2033,1682
48453001101,2022,1755,34.8,1165,151,51,553,101936,556,462500,178,669,1890,877
48453001102,2022,3571,42.1,3082,0,296,93,167866,194,,1132,1248,2987,2695
48453001103,2022,3522,49.7,2774,98,206,757,161576,294,513100,1078,1255,2911,2581
48453001200,2022,6842,35.0,5695,39,477,836,146000,279,1040600,1687,2593,2454,4560
48453001304,2022,3966,36.4,3543,53,152,378,118961,120,730900,1033,1070,1850,2145
48453001307,2022,5081,35.3,4400,23,159,1857,73047,1481,615700,786,1501,1392,2370
48453001308,2022,3191,32.0,2215,95,167,1199,99609,215,596600,604,1145,1662,1796
48453001309,2022,2897,38.9,2681,0,51,445,144464,42,848100,772,750,2449,1671
48453001310,2022,3908,31.0,3183,141,183,832,95781,446,1024400,502,1934,2014,2658
48453001311,2022,1379,35.4,1079,218,21,206,106458,99,1125000,147,864,1776,1159
48453001312,2022,4732,36.6,3520,414,65,1045,102600,168,904800,999,1302,1377,2580
48453001401,2022,2597,34.7,2149,78,141,258,101012,230,749100,559,997,2106,1846
48453001402,2022,2200,40.0,1589,109,140,409,82212,84,981800,776,482,1509,1495
48453001403,2022,1477,30.9,1161,40,17,370,78036,123,589900,296,512,1328,848
48453001501,2022,5799,43.0,4939,89,251,810,136650,102,696500,1921,434,1567,2546
48453001503,2022,5214,30.8,3104,337,673,1477,91813,524,533100,699,1968,1768,2930
48453001504,2022,6729,34.7,4947,24,427,1413,102857,416,589900,1205,1937,1730,3253
48453001505,2022,4702,39.7,3854,143,108,854,93565,164,683700,1169,1301,1442,2541
48453001602,2022,2892,31.7,2111,53,478,602,78583,245,804300,437,1108,1300,1754
48453001603,2022,4390,41.6,3763,21,257,506,194500,195,1279400,1423,267,1819,1946
48453001604,2022,4111,47.4,3676,79,22,426,233875,91,1390000,1478,201,2147,1867
48453001605,2022,4712,41.4,4375,98,0,180,110394,403,1457500,1180,1158,1734,2469
48453001606,2022,86,46.5,40,24,0,24,,56,,0,5,,5
48453001910,2022,4753,39.6,3874,135,308,671,150363,153,1088100,991,838,2088,2038
48453001911,2022,3018,30.6,2340,48,298,699,87925,137,,123,1693,1725,2061
48453001912,2022,4324,48.4,3253,230,469,182,192569,267,1472700,1057,547,2187,1738
48453001913,2022,4937,44.0,4265,0,410,301,250001,178,1382100,1641,100,3501,1834
48453001914,2022,5926,43.3,4823,42,362,758,127750,150,707600,1551,1249,1989,3076
48453001915,2022,3154,34.5,2430,44,361,311,89279,294,609800,194,1555,1921,1836
48453001916,2022,3135,42.8,2394,68,246,380,250001,194,995900,947,33,,993
48453001917,2022,4440,43.0,3594,0,503,443,211042,250,967400,1390,169,3029,1559
48453001918,2022,2650,51.4,2434,14,123,396,200536,117,1393100,841,120,1472,1060
48453001919,2022,3799,44.7,3133,0,425,648,240368,200,1420900,1121,144,3401,1306
48453001920,2022,6857,32.2,5248,300,609,2635,87973,1146,510700,1125,1645,1636,2875
48453001921,2022,3693,56.8,3551,15,77,110,231500,141,1425700,1353,301,1984,1812
48453001922,2022,2123,36.1,1588,15,139,240,78767,319,801300,453,901,1731,1426
48453001923,2022,3422,36.8,2590,28,0,788,116667,389,742600,829,1195,1626,2051
48453002002,2022,2793,36.9,2272,18,45,714,102500,225,502000,841,447,1807,1375
48453002003,2022,3576,34.0,2593,206,41,1551,70147,585,399600,569,1031,1454,1639
48453002004,2022,3011,31.7,1975,113,198,822,60732,644,421000,203,1827,1601,2160
48453002006,2022,2363,29.8,2078,20,21,862,66946,438,538700,138,1161,1431,1501
48453002007,2022,2504,30.6,1955,128,70,538,84773,146,612300,494,936,1672,1440
48453002104,2022,2589,37.0,2141,80,28,623,112083,342,452700,733,424,1711,1198
48453002105,2022,4818,33.4,2153,876,78,2487,50078,1254,386000,327,1844,1201,2347
48453002106,2022,3012,42.3,1772,116,111,1104,117125,235,416900,1063,236,1580,1342
48453002107,2022,4884,35.6,2928,520,62,2255,94812,477,408400,1195,567,1446,1800
48453002108,2022,4251,30.9,1357,1421,221,1517,46850,868,417300,743,1154,1289,2124
48453002109,2022,4121,35.7,2456,1007,109,757,105819,576,447400,1015,736,1494,1799
48453002110,2022,4037,32.7,1440,1103,103,1489,86944,898,453500,724,678,1652,1576
48453002111,2022,4835,37.1,3196,122,91,2786,84201,741,444700,1021,1044,1551,2214
48453002112,2022,6244,32.4,3228,1255,310,3087,56029,1337,424200,717,1429,1304,2332
48453002113,2022,3564,39.4,2066,512,70,883,117014,351,460300,990,328,1491,1365
48453002201,2022,2720,29.0,459,833,40,1419,66136,624,317400,443,373,1588,834
48453002211,2022,4700,33.9,2042,726,88,2992,93472,322,256200,1022,494,1552,1545
48453002213,2022,4776,31.3,1674,493,106,3244,82227,1256,242200,1306,237,,1577
48453002214,2022,3986,34.6,1640,668,31,2283,74388,476,,775,85,1832,875
48453002215,2022,3646,27.8,721,352,102,2776,68379,939,228100,924,141,1187,1179
48453002216,2022,9411,37.5,4163,791,277,5491,93667,478,252000,2976,549,2150,3580
48453002217,2022,6160,31.5,2606,1674,55,2981,98576,429,254400,1700,172,1586,2100
48453002218,2022,5019,32.3,1640,1463,0,2409,100868,377,267800,1388,314,1683,1745
48453002219,2022,6591,35.6,3072,514,85,4146,83553,1089,239800,1831,193,1443,2083
48453002220,2022,3342,30.1,1074,586,0,2376,47027,369,,265,664,1238,947
48453002221,2022,2167,34.1,337,276,0,1747,88500,287,,366,350,1359,821
48453002222,2022,3138,31.3,435,789,132,2056,58405,143,246900,593,534,1659,1127
48453002304,2022,3850,30.2,2830,60,199,1180,101058,137,573500,72,2698,1843,2959
48453002307,2022,4844,36.0,3088,443,215,1404,54338,1203,395300,598,2216,1251,2881
48453002310,2022,2858,27.6,965,87,0,2384,56214,201,89900,500,434,1188,1022
48453002313,2022,3730,29.2,1912,594,151,1698,51175,944,385100,275,1586,1396,2013
48453002314,2022,5527,30.0,3596,544,80,3026,61875,986,305100,189,2650,1378,3071
48453002315,2022,2622,31.4,1134,301,142,1479,47314,500,243000,327,1225,1246,1654
48453002316,2022,4563,26.5,2092,762,268,2274,44300,1021,,12,2286,1288,2445
48453002319,2022,2340,34.5,885,675,24,842,,101,,0,0,,0
48453002320,2022,3987,30.2,2450,291,103,2141,78093,647,409200,594,970,1476,1616
48453002321,2022,3837,37.2,2228,132,38,2824,61184,1047,240900,804,722,1435,1650
48453002322,2022,2254,26.8,1437,104,14,1201,65977,295,,70,1347,1440,1509
48453002323,2022,4569,28.7,3052,511,254,1560,51091,741,481500,352,1293,1384,1691
48453002324,2022,1247,23.7,424,410,173,240,,364,,0,439,1788,619
48453002325,2022,4085,29.3,2647,186,69,2922,65179,1274,278300,743,684,1277,1571
48453002326,2022,903,24.2,399,178,122,305,39444,273,,45,361,988,406
48453002327,2022,4874,25.1,2180,976,127,2644,25900,2430,135800,192,1914,1256,2317
48453002403,2022,2353,34.8,1641,63,78,915,80539,389,376200,586,585,1579,1204
48453002407,2022,8665,36.3,5919,867,139,2087,76875,927,425700,1772,2305,1656,4312
48453002409,2022,3360,33.9,2348,114,27,1446,107589,380,371300,917,522,1813,1551
48453002410,2022,3816,35.5,2513,198,124,1885,61049,667,383600,597,1232,1451,1829
48453002411,2022,5796,32.8,2847,728,4,4693,50347,1429,211300,736,867,1375,1695
48453002412,2022,5173,35.7,1679,196,0,4250,78924,972,239200,999,472,1801,1484
48453002413,2022,3366,31.3,1098,622,22,2127,45733,1101,225000,281,831,1453,1157
48453002419,2022,3927,27.7,1866,162,130,2962,47378,412,,14,1791,1240,1926
48453002422,2022,8141,38.4,5835,443,357,3530,82326,398,391800,1786,1644,1374,3614
48453002423,2022,6261,37.5,5029,214,187,2451,110368,449,335400,1932,869,1990,3014
48453002424,2022,3548,40.5,2907,145,100,1297,64136,747,306600,853,823,1407,1742
48453002430,2022,1962,30.0,1266,133,63,951,97012,27,,500,184,,767
48453002432,2022,5153,31.8,2423,110,335,2948,127989,516,440600,1329,377,1337,1766
48453002434,2022,1997,38.9,1061,125,2,1093,71116,299,207100,519,70,1290,604
48453002436,2022,2727,34.5,1093,71,0,2287,56125,520,129600,741,118,1125,965
48453002437,2022,4899,34.4,3537,179,213,1687,94615,226,358500,618,2214,1631,2918
48453002438,2022,7026,30.1,4418,723,320,2716,71356,1033,408000,1331,1947,1477,3307
48453002439,2022,2876,35.7,1238,380,0,1771,93322,169,266900,1025,156,1547,1181
48453002440,2022,6544,36.1,3054,134,220,4321,86413,460,280200,1540,800,1496,2340
48453002441,2022,5581,31.6,2899,841,132,3210,68115,556,179500,972,1144,1706,2133
48453002442,2022,2935,37.0,1510,192,0,2450,95013,160,318800,921,170,1624,1217
48453002443,2022,4050,33.6,2797,145,272,1845,68483,442,480000,248,2161,1611,2626
48453002444,2022,4230,36.9,3115,150,172,1900,68516,742,329300,1039,863,1678,1956
48453002445,2022,7136,33.7,4732,298,346,3379,84511,553,337400,1985,1012,1621,3096
48453002446,2022,1623,61.1,1359,4,58,555,148611,46,418200,642,74,2292,720
48453002447,2022,3288,30.2,2068,136,2,2360,109117,96,312500,586,293,1668,879
48453002448,2022,7782,35.3,3746,850,128,5080,105620,263,250500,2479,228,2068,2841
48453002449,2022,7203,33.5,3029,508,97,5848,94327,719,242500,1955,320,1325,2322
48453002450,2022,3877,29.8,1497,60,171,2850,76536,295,170200,723,256,1104,1025
48453002451,2022,7535,31.2,4641,583,321,3074,78457,514,332800,932,2620,1576,3725
48453002452,2022,3098,32.6,1251,40,39,2148,61042,169,202500,875,150,1484,1056
48453002453,2022,5475,36.2,2427,351,71,4020,85490,233,215400,1466,292,1742,1900
48453002500,2022,6052,35.5,4271,154,337,1358,88571,384,567800,964,1878,1497,3021
48453030000,2022,4279,42.9,3599,2,313,491,155608,53,887700,1343,573,1825,2200
48453030100,2022,3494,46.2,2733,296,137,477,93782,296,553200,1163,673,1542,1932
48453030200,2022,5039,38.2,4072,27,203,715,72069,237,665400,1318,1321,1292,2755
48453030300,2022,4298,43.4,3791,55,22,1468,80417,484,531900,1050,890,1266,2131
48453030400,2022,4451,38.0,3434,2,44,1554,99726,164,431700,1171,1029,1667,2292
48453030500,2022,6951,39.7,5231,547,359,780,129435,191,628500,1858,1523,1808,3479
48453030600,2022,5820,34.8,4764,148,311,895,87336,647,660800,1450,1732,1666,3399
48453030700,2022,4028,51.4,3710,0,220,241,157500,288,803300,1642,138,3501,1849
48453030800,2022,4429,33.0,2871,53,946,686,82419,441,518000,418,2171,1625,2589
48453030900,2022,7581,38.7,5594,465,78,2789,103846,755,406900,2135,1035,1977,3344
48453031000,2022,4342,43.9,3477,134,190,911,89205,147,374800,1394,892,1487,2415
48453031100,2022,5101,43.3,3982,80,304,1436,142917,859,659300,1632,106,2077,1837
48453031200,2022,6548,51.8,4856,164,727,1016,146835,278,481200,2338,419,1513,2940
48453031300,2022,3918,42.6,3131,253,185,939,122750,233,520900,971,887,1756,1936
48453031400,2022,4387,52.6,3319,20,415,770,77391,533,723200,1476,550,1630,2253
48453031500,2022,7204,42.5,6351,255,38,1511,123587,364,450100,2313,681,2276,3252
48453031600,2022,2237,45.5,1660,147,105,292,131389,169,588900,647,323,1479,1023
48453031700,2022,4729,38.4,3136,402,406,1601,88625,514,377200,1134,889,1248,2168
48453031800,2022,4499,38.3,3247,290,68,1527,69375,678,401100,945,984,1659,2021
48453031900,2022,5231,38.8,4156,49,247,1562,101555,298,433000,1618,563,1610,2425
48453032000,2022,6303,36.9,4135,121,978,1248,90444,378,467300,817,2115,1665,3267
48453032100,2022,5181,35.0,3471,237,273,1300,84194,284,455900,939,2143,1661,3219
48453032200,2022,2047,48.9,1785,14,73,201,187500,33,802300,790,104,1798,934
48453032300,2022,4160,30.7,2251,99,953,1117,46500,595,212500,74,2672,1297,2929
48453032400,2022,1537,30.1,825,125,201,420,87663,54,,11,1060,1683,1173
48453032500,2022,4638,37.4,3463,183,318,1018,77481,301,581100,1142,1071,1417,2332
48453032600,2022,6080,48.4,3454,170,1764,627,192986,109,740900,2111,92,2697,2213
48453032700,2022,4430,36.5,3242,143,360,415,132383,77,524100,1485,326,1746,1878
48453032800,2022,2738,46.6,1941,28,238,429,109184,25,648400,640,540,1480,1196
48453032900,2022,8143,41.5,6331,67,675,1222,147904,331,954600,2155,1102,1675,3439
48453033000,2022,7097,41.3,6071,178,86,1944,96887,690,463200,1942,1196,1690,3183
48453033100,2022,4853,53.9,4368,28,92,378,156953,276,576800,2004,99,2307,2391
48453033200,2022,5256,37.1,3121,35,854,1878,119950,106,356500,1460,400,2121,1900
48453033300,2022,9180,40.8,6174,651,1189,1139,193628,591,622500,2891,270,2888,3177
48453033400,2022,3300,37.4,2322,213,74,1125,89986,255,379400,960,347,2132,1361
48453033500,2022,5532,43.5,4270,19,272,1733,109583,484,418700,1905,756,2079,2703
48453033600,2022,4217,52.7,3330,179,107,544,147098,59,613800,1447,276,1808,1965
48453033700,2022,2855,42.1,1699,17,564,596,165000,43,667400,792,270,1750,1077
48453033800,2022,4479,47.0,2088,447,1498,295,202778,54,641000,1440,162,1814,1725
48453033900,2022,5626,43.1,4586,103,360,672,165434,46,736800,1786,231,2125,2278
48453034000,2022,6908,44.4,4388,203,1883,842,134128,550,675000,1588,1225,1844,2877
48453034100,2022,6570,31.8,2274,988,2309,1187,80645,640,277900,590,2576,1670,3385
48453034200,2022,6097,32.4,3376,231,2118,587,91908,341,341900,360,2456,1828,3055
48453034300,2022,4205,44.1,2476,0,941,685,206962,22,606100,1421,69,,1490
48453034400,2022,2370,40.6,1790,0,227,808,85055,217,579400,328,980,1516,1426
48453034500,2022,2430,39.6,1422,0,881,0,161593,523,630000,777,0,,777
48453034600,2022,3905,33.4,3047,85,210,490,87533,88,647100,213,1790,1580,2291
48453034700,2022,5191,42.7,4274,0,657,588,114965,84,499500,1636,527,1978,2364
48453034800,2022,5020,39.0,3489,407,666,684,154889,121,580000,1437,505,1831,1942
48453034900,2022,8788,36.2,7402,218,693,679,197431,13,591000,2303,367,1889,2683
48453035000,2022,7225,36.2,5135,558,932,1457,136581,417,743400,1612,1475,1441,3110
48453035100,2022,3789,46.8,2485,193,760,244,196199,10,692200,1193,338,2561,1618
48453035200,2022,3768,42.9,3138,68,192,711,106136,284,464700,1296,182,2066,1995
48453035300,2022,1603,62.4,1417,0,42,206,131283,50,843200,627,124,912,989
48453035400,2022,5327,39.9,4510,0,375,367,217206,68,831100,1592,176,3501,1881
48453035500,2022,4023,42.7,3519,0,418,322,175595,0,503700,1327,13,,1354
48453035600,2022,2035,54.9,1541,24,240,193,118485,85,507300,662,208,1277,1040
48453035700,2022,4591,40.2,3801,0,340,667,210346,319,656400,1444,113,1838,1557
48453035800,2022,3907,32.2,2880,153,246,931,97442,502,639800,965,795,1447,1928
48453035900,2022,2456,52.4,2198,32,79,98,101875,127,288400,892,39,965,1007
48453036000,2022,2053,45.1,1408,0,234,77,239956,12,791500,620,56,,676
48453036100,2022,5375,41.5,3321,409,563,571,205559,15,641600,1770,48,,1842
48453036200,2022,2026,40.2,1142,67,704,283,177250,26,631700,755,19,,834
48453036300,2022,1747,47.5,1136,0,0,1114,53667,90,163600,572,28,,614
48453036400,2022,2741,57.0,2229,88,0,397,127574,39,359800,1027,16,,1308
48453036500,2022,6888,38.3,4434,571,1510,531,205164,363,651100,2495,0,,2626
48453036600,2022,9152,42.5,8033,94,291,1178,157443,429,672900,2651,578,1785,3361
48453036700,2022,7370,39.9,5213,58,1251,1629,215069,142,675600,2168,277,3089,2489
48453036800,2022,4119,40.4,3260,221,287,410,175577,117,568600,1358,38,3250,1414
48453036900,2022,4204,59.1,3580,54,95,476,139375,172,710900,1785,96,3501,1964
48453037000,2022,5642,39.8,4077,73,793,640,111944,142,575800,1644,914,2139,2872
48453037100,2022,2527,44.5,1780,182,104,538,196406,179,533500,830,106,2516,936
48453037200,2022,6481,35.8,4987,280,319,2221,127379,388,374700,2024,345,2094,2369
48453037300,2022,3174,44.2,2801,0,0,1163,96786,88,306100,1013,195,1076,1208
48453037400,2022,4134,59.0,3634,140,20,411,92232,239,387900,1709,314,,2520
48453037500,2022,1555,55.3,1371,21,34,212,99844,176,352200,685,67,921,763
48453037600,2022,3863,52.6,3413,31,32,428,121366,100,511900,1553,136,1596,2183
48453040000,2022,5994,35.5,2818,1026,723,2546,55637,1628,302800,564,2361,1188,2953
48453040100,2022,4505,33.6,2034,246,95,3102,43438,1521,317200,574,1267,1113,1954
48453040200,2022,3258,36.8,1409,1262,21,1057,49946,284,307500,540,1010,1192,1558
48453040300,2022,6670,26.6,3280,932,567,4384,44853,2089,261000,661,1733,1174,2491
48453040400,2022,3716,38.1,2775,310,150,949,68794,589,484100,1250,912,1170,2201
48453040500,2022,6523,32.7,3205,420,210,3645,54489,1967,468600,1211,1176,1393,2560
48453040600,2022,3516,33.2,1690,318,0,2433,48622,1031,475000,220,1122,1221,1417
48453040700,2022,7096,28.1,3928,381,124,5743,29253,3597,298700,552,2415,1158,3374
48453040800,2022,5406,35.5,2843,166,127,3112,82153,1134,372200,1027,1042,1430,2169
48453040900,2022,6507,30.2,3700,850,142,3868,55603,1810,431100,705,1596,1270,2482
48453041000,2022,7138,34.0,3021,1370,586,3842,54264,1561,277900,398,2083,1362,2731
48453041100,2022,1564,39.3,1128,152,101,381,82301,67,370700,504,249,1237,781
48453041200,2022,3108,31.6,1759,331,453,759,64836,392,437900,313,1162,1637,1544
48453041300,2022,4393,39.9,3202,307,228,832,123528,334,445700,1336,367,2062,1786
48453041400,2022,2838,37.0,2322,86,133,291,70800,306,457900,561,947,1417,1568
48453041500,2022,3107,38.1,1639,876,9,993,67172,290,371500,505,832,1234,1347
48453041600,2022,8459,36.8,5067,896,315,4711,65545,1205,309100,1574,1612,1432,3281
48453041700,2022,2666,39.7,1345,357,148,758,105703,218,372800,854,230,1793,1104
48453041800,2022,3947,34.4,2509,542,201,1319,68457,435,310100,601,1197,1397,1820
48453041900,2022,3283,37.8,2195,69,288,1121,68494,192,399500,946,791,1491,1814
48453042000,2022,2681,42.9,2068,44,340,352,128344,126,439400,1101,84,2256,1212
48453042100,2022,4956,35.8,2266,1053,640,896,83900,289,417800,887,1293,1759,2228
48453042200,2022,3941,32.5,2255,210,835,1305,60909,299,260100,399,1729,1334,2278
48453042300,2022,3858,34.7,2198,357,200,1241,112917,459,353100,1141,440,1488,1623
48453042400,2022,11382,35.3,5935,2266,1531,2572,124857,71,349100,3785,385,1363,4301
48453042500,2022,7105,33.6,3626,1084,928,2080,121433,90,356600,2085,308,1933,2444
48453042600,2022,3742,38.6,2483,577,59,1687,56387,654,212900,845,915,1451,1853
48453042700,2022,4984,36.5,3206,445,173,2227,99213,225,264900,1566,223,2189,1789
48453042800,2022,8274,35.0,4599,1900,540,2062,117816,794,326100,1521,1166,1814,2705
48453042900,2022,3241,35.2,1417,994,386,940,48263,625,,0,1903,1220,2024
48453043000,2022,3481,31.8,1882,504,266,1179,56743,516,235000,293,1640,1414,2219
48453043100,2022,2307,33.1,1242,107,87,1410,47788,421,233100,286,751,1138,1138
48453043200,2022,3350,29.5,2009,651,95,1904,36117,578,235400,282,1106,1105,1399
48453043300,2022,4086,27.3,1764,517,47,3053,40260,1025,211000,345,1017,1453,1426
48453043400,2022,5355,33.5,2088,568,45,3394,62283,1095,,144,2148,1320,2392
48453043500,2022,7129,35.4,3394,928,1728,1783,81647,1223,313800,1351,1467,1719,3038
48453043600,2022,4599,32.2,1893,990,134,2078,72917,393,228600,538,1299,1512,1921
48453043700,2022,2537,29.7,1434,268,555,995,99495,367,276100,286,925,1388,1241
48453043800,2022,3644,35.8,1854,545,50,1960,93006,181,319200,1107,398,1493,1665
48453043900,2022,7551,31.7,2294,2038,1529,2290,83329,369,287500,1407,1905,1473,3550
48453044000,2022,5366,23.3,2986,1079,131,2173,59389,1123,286300,447,987,1667,1462
48453044100,2022,2852,35.0,1350,88,415,1172,80955,428,312000,484,669,1785,1242
48453044200,2022,5684,28.1,1812,1445,467,2010,71318,711,418400,527,2298,1357,3003
48453044300,2022,6896,29.3,3510,1148,499,3667,95423,458,241000,1518,671,1605,2293
48453044400,2022,5946,35.1,3423,569,545,3197,112382,132,302800,1436,616,2215,2052
48453044500,2022,5274,40.7,1601,1935,664,1202,89350,124,334800,1454,217,1363,1671
48453044600,2022,4334,29.1,1523,1513,747,1539,82361,430,279200,1210,237,2171,1679
48453044700,2022,1969,41.5,1490,102,0,1331,76639,0,,462,136,,598
48453044800,2022,4206,37.4,1785,174,298,2867,82978,803,105200,1265,358,1484,1668
48453044900,2022,10977,34.3,5370,784,1273,7526,65290,3351,258800,2769,942,1411,3755
48453045000,2022,2437,32.1,711,536,273,920,86643,84,277600,662,552,1647,1234
48453045100,2022,3250,34.6,2336,503,220,530,103715,86,357700,532,939,1495,1515
48453045200,2022,3930,37.3,1961,408,684,1113,118620,127,351600,1043,666,1802,1815
48453045300,2022,4108,28.2,2466,286,853,1011,73318,565,,75,2471,1651,2698
48453045400,2022,6281,32.2,3647,831,1134,982,108666,584,,0,4547,1795,5100
48453045500,2022,4594,35.3,3221,995,92,1168,70181,1110,359800,408,1569,1461,2146
48453045600,2022,5088,33.8,2933,478,1014,1243,128893,339,388700,1088,1024,1775,2213
48453045700,2022,3361,36.9,2079,346,292,887,69466,956,336400,531,1041,1566,1586
48453045800,2022,4391,27.8,2808,146,48,3190,75994,1552,218000,954,85,,1093
48453045900,2022,13357,30.5,5918,2137,500,8111,98170,464,287000,3443,361,2129,4020
48453046000,2022,4823,37.2,2421,1328,306,948,115950,53,321800,914,579,1449,1609
48453046100,2022,5573,35.4,2870,1079,448,1734,110517,106,386000,1573,883,1587,2642
48453046200,2022,7100,35.1,3970,1002,849,2480,125559,306,325200,1520,1016,1795,2830
48453046300,2022,1936,35.9,1154,226,100,704,123061,427,362300,535,139,2307,826
48453046400,2022,3248,45.2,1821,161,311,1307,109951,302,279800,1169,248,1948,1506
48453046500,2022,3455,32.9,1846,507,295,961,67964,571,288300,453,1019,1430,1550
48453046600,2022,11233,35.6,3263,694,319,7355,126995,32,379100,2723,194,2641,2972
48453046700,2022,3572,39.9,1982,735,202,731,160302,272,358600,1038,81,1807,1119
48453046800,2022,11450,34.2,6818,1262,1077,3476,152356,719,440700,3026,549,2126,3575
48453046900,2022,8199,37.3,4234,1541,624,2001,141797,120,372200,2350,537,1821,2887
48453047000,2022,1455,46.0,1066,188,0,40,153358,23,356600,471,8,,479
48453980000,2022,0,-666666666.0,0,0,0,0,,0,,0,0,,0
48453000101,2023,4707,45.1,4206,0,204,259,123050,357,730200,1475,966,2005,2641
48453000102,2023,2196,55.1,1979,12,79,190,155897,134,1135700,964,70,1904,1135
48453000203,2023,2948,25.3,1870,313,395,353,95778,295,,12,1138,2136,1188
48453000204,2023,2711,38.1,2150,23,124,470,120464,387,957500,748,587,1549,1609
48453000205,2023,4429,34.8,3299,336,276,796,78287,322,642800,613,2068,1588,2723
48453000206,2023,3813,36.6,3049,52,179,603,95703,898,792500,891,900,1338,1982
48453000302,2023,5585,30.3,3455,219,542,1658,61763,1097,738100,772,2535,1307,3603
48453000304,2023,2866,33.8,2090,55,129,573,97031,162,804900,446,1134,1688,1667
48453000305,2023,3375,34.0,2800,45,82,515,80230,299,541700,450,1462,1606,2021
48453000307,2023,2017,36.8,1547,92,69,358,123942,140,708200,524,368,1874,918
48453000308,2023,2704,39.5,1544,126,382,700,90821,312,685200,695,590,1495,1322
48453000309,2023,5520,33.4,3727,247,472,1344,119638,250,685400,1130,1725,2103,3003
48453000401,2023,4418,28.6,2724,485,510,784,81667,820,676400,587,1633,1864,2390
48453000402,2023,3552,35.3,2168,465,134,1148,79875,511,599800,608,1229,1711,1855
48453000500,2023,3945,27.7,3127,57,268,580,64429,1139,835300,547,1771,1560,2510
48453000601,2023,9834,19.7,4984,1736,1446,2461,16591,517,,11,425,1176,480
48453000605,2023,3191,21.5,2113,254,342,659,,1732,1284100,190,1454,1448,1798
48453000606,2023,3907,21.4,2125,100,1170,914,15826,2064,246800,88,1581,1493,2017
48453000607,2023,2918,20.9,1707,134,689,722,19162,1328,282400,171,1232,1334,1630
48453000608,2023,4473,20.1,1703,219,1245,1406,21028,1759,,0,1107,1475,1256
48453000700,2023,1212,34.6,910,64,128,178,92941,256,537800,324,512,1593,895
48453000801,2023,2222,40.6,1285,144,44,987,94801,308,618000,636,315,,1064
48453000802,2023,3709,36.4,2117,822,63,1205,82675,1194,699700,572,927,613,1608
48453000803,2023,3396,35.3,2072,628,181,537,83833,256,619900,1048,952,1897,2085
48453000804,2023,2444,34.2,1242,649,46,706,73359,632,570000,457,680,1698,1291
48453000901,2023,3215,31.1,1993,214,167,1212,112130,449,687800,494,892,2512,1453
48453000902,2023,6918,32.7,4555,713,186,2246,104349,1185,625400,1217,3049,2096,4681
48453001000,2023,3190,37.9,2395,64,81,808,119391,418,751300,858,603,2896,1671
48453001101,2023,1660,38.2,1107,178,53,387,102216,606,487000,188,685,1710,967
48453001102,2023,3606,41.2,2959,0,210,136,179335,252,666200,1278,1268,3485,2951
48453001103,2023,3886,49.8,2908,50,270,1083,161735,310,547200,1281,1333,2835,2758
48453001200,2023,6588,36.9,5243,92,522,702,144250,257,1191400,1816,2676,2701,4677
48453001304,2023,4210,35.7,3190,188,192,477,128039,209,905200,1074,1133,1895,2259
48453001307,2023,5087,35.7,4299,8,127,1940,73588,1391,705800,818,1515,1542,2491
48453001308,2023,3051,33.8,2015,115,87,1179,113750,104,608200,640,1110,1740,1845
48453001309,2023,2911,38.5,2603,0,57,454,172767,52,912300,771,733,2700,1697
48453001310,2023,3956,31.1,3210,108,202,560,94780,520,1255600,531,2028,2043,2727
48453001311,2023,1323,35.5,1056,194,28,143,109406,56,,180,819,1754,1162
48453001312,2023,4613,37.8,3365,62,60,975,120890,374,993700,1258,1112,1484,2582
48453001401,2023,2736,35.7,2234,52,150,134,127621,237,1062500,637,946,2151,1863
48453001402,2023,2320,39.7,1493,128,118,413,78654,68,1176000,760,526,1455,1559
48453001403,2023,1569,32.5,985,98,58,396,65000,272,750000,246,614,1409,884
48453001501,2023,5666,43.5,4892,95,140,771,127072,95,736200,1946,367,1639,2590
48453001503,2023,5547,30.9,3248,223,811,1768,98528,448,600100,788,2246,1825,3262
48453001504,2023,6458,34.8,4875,1,384,1384,103268,214,626100,1347,1838,1843,3361
48453001505,2023,4751,39.4,3742,237,109,806,103998,243,747900,1196,1205,1638,2450
48453001602,2023,2912,31.6,2005,59,527,539,80851,193,1008500,468,1008,1386,1678
48453001603,2023,4351,42.0,3963,0,73,444,211167,250,1475200,1484,250,2167,1957
48453001604,2023,4143,49.3,3793,9,9,352,243365,143,1579200,1520,161,2214,1791
48453001605,2023,4997,42.2,4581,78,0,306,116055,451,1636400,1266,1266,1770,2552
48453001606,2023,135,49.6,90,23,0,22,163750,56,,0,13,1750,13
48453001910,2023,4711,40.8,3479,128,415,603,159958,93,1297400,1068,825,2157,2107
48453001911,2023,3006,31.2,2291,88,253,588,91136,97,,142,1718,1828,2066
48453001912,2023,4251,49.1,3382,168,373,286,202661,216,1632300,1064,554,2321,1795
48453001913,2023,5281,44.1,4201,0,389,570,250001,208,1574200,1655,138,3501,1908
48453001914,2023,6057,39.9,4721,70,523,849,126940,122,725600,1582,1320,2064,3119
48453001915,2023,3233,33.6,2323,71,442,375,97452,251,691500,199,1647,2039,1965
48453001916,2023,3175,43.1,2450,0,285,425,250001,183,1102100,981,11,,1000
48453001917,2023,4274,44.0,3383,0,516,277,218393,177,1081700,1375,174,3201,1587
48453001918,2023,2606,51.3,2305,28,154,334,194094,87,1750000,848,77,3501,1044
48453001919,2023,3652,45.1,3016,0,397,471,232679,225,1579100,1071,170,3441,1282
48453001920,2023,6866,32.8,5088,200,546,2095,122581,943,620200,1275,1518,1858,2885
48453001921,2023,3737,61.4,3359,16,78,194,219609,115,1613500,1398,273,1983,1830
48453001922,2023,2358,34.8,1702,14,152,223,77477,319,901300,521,915,1769,1479
48453001923,2023,3423,36.9,2576,39,28,877,91906,383,1040600,810,1189,1671,2011
48453002002,2023,2642,37.5,1928,15,58,742,126513,133,579500,870,429,1789,1424
48453002003,2023,3414,36.0,2298,213,65,1337,75493,636,440800,536,1079,1461,1635
48453002004,2023,2911,33.0,1714,91,187,839,54409,625,394700,174,1841,1664,2167
48453002006,2023,2184,30.0,1782,0,28,804,83780,340,612000,123,1109,1541,1489
48453002007,2023,2181,33.5,1615,106,86,435,106959,68,623400,457,899,1877,1416
48453002104,2023,2543,37.6,1928,106,13,614,128448,204,495300,771,431,1796,1245
48453002105,2023,4526,35.4,1695,765,70,2003,53600,1125,413100,324,1867,1317,2438
48453002106,2023,2679,44.7,1633,160,93,795,82788,266,488000,1063,265,,1385
48453002107,2023,4764,35.7,2803,400,94,2147,116518,530,476300,1219,574,1557,1793
48453002108,2023,4659,30.5,1454,1228,315,1478,58459,1147,449600,979,1048,1334,2244
48453002109,2023,3758,38.1,2093,839,97,941,104850,573,482400,1132,609,1404,1843
48453002110,2023,3984,32.6,1563,1065,142,1306,119667,734,533200,1012,484,1738,1644
48453002111,2023,5376,35.3,3183,190,100,2906,142905,864,497400,1136,1068,1487,2496
48453002112,2023,5483,33.5,3460,466,146,2648,70034,674,461800,780,1487,1380,2440
48453002113,2023,3757,38.0,2106,707,60,737,136587,189,542800,1115,266,1497,1409
48453002201,2023,2491,30.9,490,739,51,1198,74653,531,341000,569,260,1703,851
48453002211,2023,4690,37.0,2041,698,157,2713,98901,299,294400,1042,719,1603,1788
48453002213,2023,4849,31.0,1773,513,97,3310,81861,677,287300,1258,437,,1695
48453002214,2023,3347,38.3,782,765,15,1695,85690,183,,693,129,1651,837
48453002215,2023,4197,33.2,810,296,99,3385,74000,1246,258900,1136,176,2007,1356
48453002216,2023,10008,34.0,4303,747,258,5695,99113,861,292500,2846,1006,2250,3852
48453002217,2023,6821,33.1,2849,1427,57,3018,78657,268,345100,1996,312,1435,2571
48453002218,2023,5055,32.9,1300,1487,0,2541,106091,219,305900,1378,410,1892,1867
48453002219,2023,7508,36.5,3035,1818,100,3565,88221,1107,295800,2301,222,1704,2567
48453002220,2023,3940,25.4,1197,891,93,2508,49152,348,423700,325,796,1239,1150
48453002221,2023,2677,27.5,682,372,52,1558,,199,141600,384,510,1543,977
48453002222,2023,2982,31.9,1245,627,199,1696,79157,203,375800,835,298,1476,1133
48453002304,2023,3727,30.8,2676,78,282,1130,115962,83,683600,85,2709,1931,2979
48453002307,2023,4716,33.8,2647,387,371,1380,79744,835,412600,587,2140,1385,2851
48453002310,2023,2731,35.0,853,107,0,2246,43488,509,102700,377,624,1190,1051
48453002313,2023,3463,30.8,1845,127,102,1888,48958,1023,440000,246,1588,1461,2053
48453002314,2023,5441,30.9,3040,614,56,2793,70943,769,344400,217,2778,1412,3237
48453002315,2023,2756,28.9,1072,135,229,1508,53833,812,230400,307,1257,1360,1637
48453002316,2023,3974,29.0,1750,526,324,1720,39416,1261,,0,2298,1336,2549
48453002319,2023,2258,36.7,725,721,36,794,,96,,0,0,,0
48453002320,2023,4328,28.8,2306,355,187,2330,85638,684,440300,612,1047,1575,1729
48453002321,2023,3551,35.3,2247,54,0,2302,53846,1069,317500,765,841,1763,1754
48453002322,2023,2617,26.5,1447,102,102,1384,69950,339,,26,1463,1493,1515
48453002323,2023,4537,28.5,2771,457,447,1387,85000,477,495700,415,1205,1590,1669
48453002324,2023,1661,20.6,670,48,0,1168,65259,272,,0,471,2029,610
48453002325,2023,4049,29.9,1839,259,83,2813,63382,1596,317200,859,681,1225,1724
48453002326,2023,908,24.8,373,221,103,189,42317,241,,45,430,983,475
48453002327,2023,4919,25.0,2375,995,146,2526,45199,2264,264200,179,1916,1598,2281
48453002403,2023,2581,32.5,1886,114,104,865,91016,411,418600,604,655,1761,1334
48453002407,2023,10270,37.5,6690,738,365,3706,85766,1049,481600,2042,2731,1839,5056
48453002409,2023,3414,35.7,2280,24,51,1562,114871,305,389800,942,533,1856,1563
48453002410,2023,3452,36.4,2291,148,125,1565,58735,561,464500,620,1245,1472,1906
48453002411,2023,4854,38.5,2687,494,4,3814,54758,867,290000,726,759,1438,1636
48453002412,2023,4537,37.2,1523,213,66,3440,92023,594,306800,1091,384,1669,1494
48453002413,2023,3263,32.4,796,283,22,2361,46914,1211,280600,223,914,1518,1204
48453002419,2023,4325,27.3,1906,233,98,3206,48456,985,,5,1854,1335,1955
48453002422,2023,8310,38.4,5846,514,319,3293,84549,441,451300,1887,1838,1472,3865
48453002423,2023,6203,37.8,4656,217,246,2352,124679,588,369200,2033,767,2023,3053
48453002424,2023,3503,40.2,2658,131,105,1160,67721,808,359400,931,766,1186,1743
48453002430,2023,2059,30.9,1125,153,0,932,83314,68,,560,172,,772
48453002432,2023,6216,31.2,2552,92,362,3538,128672,748,480600,1533,580,1508,2144
48453002434,2023,1935,35.0,986,92,2,1101,63142,340,250000,562,35,850,628
48453002436,2023,2551,40.5,753,30,0,1952,54318,161,227700,715,183,1191,1010
48453002437,2023,4828,34.8,3397,218,348,1781,113094,167,386700,706,2202,1706,2908
48453002438,2023,6905,30.6,4196,770,397,2617,80324,674,430000,1472,1783,1503,3428
48453002439,2023,3539,35.4,1564,644,0,2167,90772,360,292800,896,511,1909,1471
48453002440,2023,6581,36.0,2858,436,100,3748,66384,567,384500,1829,733,1765,2562
48453002441,2023,5683,29.7,2709,844,280,3549,71729,476,154500,851,1306,1660,2170
48453002442,2023,3220,37.2,1342,231,217,2359,98590,425,347400,1004,170,2071,1220
48453002443,2023,4114,30.8,2694,125,351,1967,78996,406,517600,225,2289,1698,2647
48453002444,2023,4017,39.0,2834,89,139,1630,72256,530,364800,1149,825,1753,2029
48453002445,2023,7748,32.4,4824,576,476,3212,88488,1135,403600,2172,1146,1731,3472
48453002446,2023,1287,63.2,1063,2,28,444,132865,74,465600,599,80,2563,688
48453002447,2023,3183,32.8,1073,232,32,2155,86936,575,348600,651,234,2047,885
48453002448,2023,8769,34.5,3476,836,534,5547,111520,411,286600,2554,425,2409,3073
48453002449,2023,6928,36.6,2184,413,79,5686,89036,796,287500,2140,123,2241,2360
48453002450,2023,3845,37.2,1004,195,227,2554,82465,519,211600,915,233,1375,1176
48453002451,2023,7511,33.0,4082,808,343,2753,74108,733,358500,838,3024,1625,4024
48453002452,2023,2787,27.4,1308,105,40,1641,58176,193,209000,775,225,1704,1045
48453002453,2023,5518,36.9,2637,316,8,4048,91000,256,236100,1690,186,871,2007
48453002500,2023,5925,36.1,3968,206,443,1082,97863,278,601700,966,1919,1566,3049
48453030000,2023,4172,41.8,3353,115,365,536,164948,36,858000,1351,512,1820,2240
48453030100,2023,3244,49.7,2495,132,244,467,108077,81,575500,1201,569,1658,1958
48453030200,2023,5067,38.7,3835,65,223,829,77613,307,760700,1329,1336,1249,2802
48453030300,2023,4247,44.2,3525,50,126,1330,83563,361,590900,987,962,1331,2075
48453030400,2023,4524,37.7,3350,42,14,1371,104983,208,523400,1228,1037,1713,2377
48453030500,2023,6827,40.0,4665,768,435,757,129792,237,669100,1909,1510,1779,3519
48453030600,2023,6004,36.6,4742,194,313,984,102560,463,767200,1388,2068,1849,3547
48453030700,2023,4106,51.4,3486,0,335,383,191053,200,900600,1672,126,3501,1873
48453030800,2023,4424,31.7,2792,96,840,883,79269,468,490900,342,2200,1720,2611
48453030900,2023,7452,40.5,5486,420,78,2726,103618,1048,482000,2263,1086,1870,3411
48453031000,2023,4469,44.2,3374,199,155,1099,97570,168,410700,1504,796,1670,2493
48453031100,2023,5148,43.7,3967,85,362,1107,155445,793,719000,1665,130,2431,1869
48453031200,2023,6849,49.5,5115,114,706,936,149806,436,555200,2367,468,1732,2962
48453031300,2023,3982,41.0,3116,190,144,988,111484,246,582100,953,914,1791,1935
48453031400,2023,4577,52.6,3353,20,381,711,90000,494,724200,1573,643,1651,2438
48453031500,2023,7661,42.8,6278,235,98,1589,116210,457,494100,2421,747,2357,3355
48453031600,2023,2200,45.3,1533,141,35,461,137361,130,660100,678,313,1607,1046
48453031700,2023,5114,35.1,3108,564,370,2057,94787,943,437000,1143,916,1389,2206
48453031800,2023,4402,40.1,3100,270,83,1311,80478,628,473300,1126,785,1607,1962
48453031900,2023,5280,38.3,3869,30,194,1614,118269,402,492000,1647,609,1560,2508
48453032000,2023,6078,38.0,4161,142,523,1339,90054,337,473100,920,2013,1733,3253
48453032100,2023,5123,34.9,3270,265,337,975,92532,292,489300,1042,1998,1741,3266
48453032200,2023,2164,46.8,1801,17,123,311,177500,121,856300,834,80,2266,931
48453032300,2023,4326,31.0,2016,163,962,1295,48505,611,232300,132,2745,1403,2918
48453032400,2023,1461,30.2,845,90,192,446,77575,57,,0,1059,1755,1174
48453032500,2023,4761,36.6,3498,197,348,871,86806,276,621400,1113,1125,1498,2328
48453032600,2023,6033,48.3,3163,185,1824,488,217744,67,796900,2140,90,2750,2240
48453032700,2023,4350,37.4,3044,223,212,668,132083,52,603400,1348,495,1989,1904
48453032800,2023,2692,46.7,1711,32,288,512,113450,70,700700,663,533,1618,1207
48453032900,2023,8218,40.4,6238,43,612,1161,154188,294,1090100,2225,1079,1793,3480
48453033000,2023,7298,39.2,6419,133,0,1963,99506,657,525500,1951,1417,1805,3388
48453033100,2023,4672,56.6,4077,30,88,399,165682,228,655100,2024,66,3501,2419
48453033200,2023,5416,36.4,2691,56,774,2341,118579,116,390100,1692,345,2192,2090
48453033300,2023,9426,40.6,6212,570,1280,1163,215232,528,673400,3023,239,3303,3281
48453033400,2023,3296,37.0,2278,173,9,1060,94816,252,435700,961,316,2157,1356
48453033500,2023,5564,41.9,4041,16,416,1538,93750,338,466100,1772,898,2026,2730
48453033600,2023,4100,54.4,3200,21,161,502,162807,49,653000,1537,215,1981,2043
48453033700,2023,2896,42.0,1588,20,603,630,174306,37,708700,784,279,1760,1104
48453033800,2023,4402,50.2,2020,419,1449,317,194243,57,680200,1500,99,2050,1709
48453033900,2023,5654,43.3,4361,70,397,755,173667,38,839500,1813,183,1866,2248
48453034000,2023,6765,45.9,3528,80,2656,632,146140,484,820900,1661,1121,1885,2782
48453034100,2023,6342,31.9,2377,796,2073,1275,90762,586,287900,556,2642,1744,3377
48453034200,2023,5972,31.5,3181,263,2034,654,99357,318,378500,312,2554,1872,3120
48453034300,2023,4222,44.6,2167,0,1075,870,238869,0,628600,1463,48,,1511
48453034400,2023,2199,47.6,1606,109,110,454,62160,334,663300,273,1203,1721,1476
48453034500,2023,2412,41.8,1872,0,466,37,168858,572,706400,786,0,,786
48453034600,2023,4812,30.6,2755,486,317,1303,84539,714,636000,148,1979,1760,2356
48453034700,2023,5533,41.8,4517,0,645,1194,122000,97,570500,1523,757,2237,2502
48453034800,2023,4939,41.4,3309,78,788,964,154875,100,644800,1462,501,1889,1963
48453034900,2023,8915,35.7,7427,238,731,476,201146,9,714900,2363,368,1942,2751
48453035000,2023,7602,35.7,5375,649,649,1527,132152,418,742100,1816,1377,1777,3215
48453035100,2023,4102,46.3,2529,316,656,339,202188,188,718700,1261,320,1908,1708
48453035200,2023,4118,45.0,3297,71,246,882,113850,127,495400,1533,140,2282,2093
48453035300,2023,1712,57.1,1494,13,43,194,133500,95,903800,626,158,917,965
48453035400,2023,5906,42.9,4860,36,535,569,240260,112,896200,1870,167,3501,2262
48453035500,2023,3922,39.6,3420,0,427,148,171307,40,590700,1189,64,2773,1265
48453035600,2023,2563,54.4,1820,17,294,294,122843,85,605500,815,253,1014,1208
48453035700,2023,4434,39.7,3520,0,543,662,214598,286,703300,1365,122,2333,1487
48453035800,2023,4314,37.2,2818,0,609,1101,157472,328,687500,1150,681,1397,1993
48453035900,2023,2889,52.1,2498,97,69,53,102895,254,410100,1048,44,,1133
48453036000,2023,1997,44.8,1485,7,175,81,250001,9,859500,652,42,,694
48453036100,2023,5762,40.6,3117,324,1086,644,216833,36,682300,1872,44,,1939
48453036200,2023,2473,39.3,1198,88,940,474,212264,22,794100,875,33,3501,908
48453036300,2023,1571,47.8,974,1,0,925,63056,93,159400,480,36,1375,524
48453036400,2023,2695,56.8,2289,78,0,326,121619,58,415900,1037,30,,1313
48453036500,2023,8198,37.2,5815,581,1283,512,217100,381,726700,2700,115,,2879
48453036600,2023,9249,42.0,8032,180,224,1120,153438,536,663100,2775,585,1773,3524
48453036700,2023,7564,40.4,5102,73,953,2170,231369,124,740200,2188,301,3487,2539
48453036800,2023,4278,39.7,3407,205,306,389,196094,130,667400,1379,47,3114,1437
48453036900,2023,4256,61.0,3629,37,123,430,145625,147,741600,1771,152,3501,2040
48453037000,2023,5182,42.9,3708,17,619,659,109766,78,655800,1469,982,2016,2694
48453037100,2023,2702,44.4,2091,144,35,645,202612,229,600100,827,89,2764,916
48453037200,2023,6069,36.1,4501,138,285,2042,131209,376,414000,2088,305,2350,2393
48453037300,2023,3307,43.1,2367,0,10,1409,96210,343,345600,1086,173,1410,1259
48453037400,2023,4390,54.9,3690,161,0,464,99052,432,390500,1739,318,,2594
48453037500,2023,1553,56.7,1424,21,18,138,110060,111,432800,705,88,,800
48453037600,2023,4219,53.2,3588,56,56,538,119500,128,533100,1812,96,1722,2338
48453040000,2023,5896,35.7,2307,1071,684,2441,55922,1383,360900,583,2353,1301,2991
48453040100,2023,4483,37.5,1986,237,66,3035,56557,1362,340500,582,1366,1164,1990
48453040200,2023,3172,30.2,831,1037,20,1413,37396,771,335000,427,1076,1108,1539
48453040300,2023,6396,26.1,3155,979,373,4180,48015,1426,338900,627,1812,1245,2547
48453040400,2023,3628,39.7,2475,184,277,545,85417,429,523500,1319,854,1386,2234
48453040500,2023,6328,33.3,3175,418,278,3184,64606,1446,500200,1321,1134,1447,2584
48453040600,2023,3544,33.6,1042,404,0,2648,49231,1032,531900,267,1081,1271,1426
48453040700,2023,6562,29.4,3116,484,368,5119,31061,2958,371800,467,2609,1159,3431
48453040800,2023,5270,35.2,2961,147,100,2956,102561,1271,426200,1048,997,1553,2172
48453040900,2023,6253,30.8,3291,946,107,3411,59364,1563,453100,699,1676,1326,2463
48453041000,2023,7758,32.2,2856,663,863,5147,56560,2051,274300,506,2011,1445,2720
48453041100,2023,1426,39.2,989,133,122,337,93224,41,414200,509,238,1232,778
48453041200,2023,3360,30.8,1812,294,431,907,75344,427,611800,264,1281,1701,1661
48453041300,2023,4437,39.5,3301,172,262,862,104909,291,512000,1267,463,1990,1783
48453041400,2023,2931,36.5,2371,85,133,405,77031,286,498700,576,974,1567,1631
48453041500,2023,3081,38.0,1535,935,0,861,87628,355,403900,528,736,1374,1264
48453041600,2023,7963,42.2,3737,1023,338,4039,85938,534,350700,1856,1436,1716,3379
48453041700,2023,2525,41.8,1308,320,101,645,110606,212,448400,829,245,1847,1103
48453041800,2023,3709,34.3,2406,279,191,1419,62664,538,404800,604,1187,1444,1791
48453041900,2023,3443,36.9,2137,42,290,1267,76740,180,429600,1013,756,1559,1845
48453042000,2023,2766,43.8,1908,104,419,382,129643,153,486900,1126,112,2250,1258
48453042100,2023,4796,36.1,1961,593,553,1432,84556,245,454500,991,1239,1696,2269
48453042200,2023,4179,32.6,2344,197,1096,1275,70530,278,284100,356,1941,1429,2332
48453042300,2023,3980,34.4,1874,520,358,1048,117250,690,380200,1168,491,1761,1688
48453042400,2023,12326,35.1,6439,2088,1477,3104,117963,568,391200,4220,727,1457,5042
48453042500,2023,8854,33.6,3805,2239,770,2122,122462,54,394200,2503,511,1916,3036
48453042600,2023,3673,39.5,2409,550,58,1613,58620,581,220000,813,941,1569,1849
48453042700,2023,4947,37.2,3083,641,82,1961,104948,177,292900,1486,273,2338,1800
48453042800,2023,8332,34.1,4342,1945,621,2096,119327,666,342600,1530,1152,1940,2769
48453042900,2023,3228,35.1,1362,1072,203,982,51745,591,,23,1955,1290,2106
48453043000,2023,3535,32.8,1781,502,360,1214,62361,392,307000,259,1750,1592,2236
48453043100,2023,2151,26.5,1035,2,89,1598,38047,644,244300,343,546,1311,1152
48453043200,2023,3092,31.4,1280,717,65,1312,39401,362,,322,1091,1162,1433
48453043300,2023,3999,27.3,1256,646,85,2830,44657,1120,172800,373,1059,1467,1498
48453043400,2023,5049,33.8,2030,508,138,2835,71307,1193,,224,1972,1383,2397
48453043500,2023,7707,33.8,3465,699,2156,1919,85764,1170,354100,1459,1745,1788,3462
48453043600,2023,4554,31.0,1776,1122,27,1983,78810,548,234600,586,1238,1667,1940
48453043700,2023,2358,31.5,1309,84,569,936,104972,429,314000,301,916,1449,1221
48453043800,2023,3961,36.1,1789,583,24,2252,100938,311,324900,1114,407,1616,1663
48453043900,2023,7867,32.5,2216,1424,1595,2823,87582,1093,351800,1243,2439,1656,4020
48453044000,2023,5222,25.2,2836,603,140,1697,62872,1339,342600,481,1014,1680,1524
48453044100,2023,3117,34.6,1284,190,667,1171,86551,626,347100,549,734,1886,1388
48453044200,2023,6386,28.3,1757,1640,776,2048,70939,728,441300,673,2552,1484,3477
48453044300,2023,6882,33.9,2867,1407,611,3651,99545,430,282100,1640,882,1780,2522
48453044400,2023,6323,35.3,2811,1023,637,2977,109327,237,370600,1508,583,2200,2091
48453044500,2023,5239,40.7,1550,1981,696,1037,94746,181,344200,1423,238,1417,1661
48453044600,2023,3901,35.6,1336,727,877,1517,76611,466,331700,1512,78,1842,1766
48453044700,2023,1741,53.4,1170,105,0,1092,67923,0,321200,434,184,1146,618
48453044800,2023,4370,37.9,1755,212,0,2875,85703,737,95600,1365,421,1442,1892
48453044900,2023,10904,34.7,4269,967,1743,6193,71124,3333,261100,2785,1127,1594,3988
48453045000,2023,2379,35.1,531,436,282,796,72362,153,290000,657,632,1691,1324
48453045100,2023,3200,32.9,2163,574,175,456,110179,153,437800,468,1028,1692,1539
48453045200,2023,4098,36.0,1898,387,761,1029,118492,26,425700,999,847,2183,1912
48453045300,2023,4021,28.4,2474,542,369,1264,65612,538,,72,2624,1719,2845
48453045400,2023,6368,32.0,3298,1225,1115,867,89066,761,,0,4783,1884,5629
48453045500,2023,4414,37.4,2659,882,135,850,74074,864,434500,422,1579,1554,2156
48453045600,2023,4970,33.9,2065,775,1426,644,126699,257,437900,1160,1023,1956,2306
48453045700,2023,3413,36.4,1853,642,96,1030,82743,711,367100,633,930,1483,1625
48453045800,2023,4263,29.7,2725,328,53,2913,91795,1538,219200,1058,88,1554,1214
48453045900,2023,14151,30.9,6283,1797,468,8638,94947,860,312000,3945,419,2143,4446
48453046000,2023,5059,37.4,1784,1290,352,1627,70910,33,379300,880,755,1726,1684
48453046100,2023,6145,35.1,3358,839,394,2090,117270,127,399700,1547,948,1993,2685
48453046200,2023,6716,36.0,3430,1113,859,2044,131763,186,335100,1571,1001,2031,2898
48453046300,2023,2629,35.7,1422,176,256,944,136000,500,453000,758,184,2318,981
48453046400,2023,3910,35.1,1940,353,332,1880,114182,290,309500,931,588,2083,1608
48453046500,2023,3131,34.1,1608,398,326,961,80385,466,344600,531,911,1453,1558
48453046600,2023,11004,35.3,3309,190,648,7462,131577,125,425000,2756,136,2100,2946
48453046700,2023,3658,40.9,2167,653,227,756,168459,242,417000,1033,132,1847,1165
48453046800,2023,12046,35.7,5999,1929,1412,2586,172289,331,469500,3314,605,2357,4013
48453046900,2023,8771,39.1,4922,1392,743,1898,147104,158,441000,2449,664,2039,3113
48453047000,2023,1414,40.3,793,344,13,238,154853,14,368300,483,25,,508
48453980000,2023,0,-666666666.0,0,0,0,0,,0,,0,0,,0
