"CASE_NUMBER","CASE_NAME","SUB_TYPE","APPLICATION_START_DATE","DETAILED_STATUS","COUNCIL_DISTRICT","PROPOSED_ZONING","EXISTING_ZONING","TCAD_ID","DESCRIPTION_OF_WORK","LATITUDE","LONGITUDE"
"C17-06-0023","101 WEST 11TH STREET","Capital View Corridor Height","11/29/2006","Approved","9","","","","","30.27263369","-97.74122320"
"NPA-2025-0018.02","Airport Koening Multifamily","Amended Neighborhood Plan","12/04/2025","In Review","4","LI-PDA-NP","CS-NP","0227110201","The applicant is requesting an NPA.","30.32419999","-97.71603795"
"NPA-2023-0015.03","6605 REGIENE ROAD","Amended Neighborhood Plan","08/02/2023","Scheduled for Council Hearing","1","","","0202210102","The applicant proposes to amend a previously approved neighborhood plan.","30.26486588","-97.67009121"
"C814-96-0002","PUBLIC STORAGE RETAIL CENTER","Planned Unit Development (PUD)","08/23/1996","Closed","9","999","999","0108031325","","30.27250081","-97.75917734"
"C17-06-0021","CAPITOL VIEW CORRIDOR FOR 30O BOWIE STREET","Capital View Corridor Height","11/20/2006","Approved","9","","","0107002201","","30.26878205","-97.75392174"
"NPA-2021-0018.01","McCarleys .32","Amended Neighborhood Plan","02/11/2021","Closed","7","","","0228060319","The applicant is proposing to amend an approved neighborhood plan.","30.32817519","-97.73202996"
"NPA-2021-0016.04","5200 E 5TH STREET","Amended Neighborhood Plan","07/29/2021","Withdrawn","3","","","0200160202","The applicant is proposing to amend a previous neighborhood plan.","30.25175637","-97.69702620"
"NPA-2024-0019.02","34th and West (FLUM Amendment)","Amended Neighborhood Plan","12/04/2024","Closed","9","","","0218030747","The applicant is requesting a NPA.","30.30226739","-97.74332759"
"C17-2012-0005","601 W. 11th Street","Capital View Corridor Height","01/10/2012","Recommended for Approval","9","DMU - DOWNTOWN MIXED USE","DMU - DOWNTOWN MIXED USE","0208001605","The applicant is requesting a Capital View Corridor Height Determination for 601 W. 11th Street.","30.27419867","-97.74733810"
"NPA-2021-0005.01","Alpha .95","Amended Neighborhood Plan","07/26/2021","Withdrawn","3","SF-6-NP","CS-NP","0310140166","The applicant is proposing to amend a previous neighborhood plan.","30.21918368","-97.70330221"
"","913 Juniper St","Capital View Corridor Height","01/27/2025","Pending","1","CS - GENERAL COMMERCIAL","CS - GENERAL COMMERCIAL","0208061608","The applicant requests a capital view corridor determination","30.26999090","-97.73023588"
"C17-2010-0153","907 E. 6th Street Capital View Corridor Determination","Capital View Corridor Height","08/31/2010","Closed","3","CS-1-TOD - LIQUOR SALES","CS-1-TOD - LIQUOR SALES","0204051001","The applicant is requesting a Capital View Corridor Determination for 907 E. 6th Street","30.26497451","-97.73295657"
"NPA-2023-0005.02","600 KEMP STREET","Amended Neighborhood Plan","07/31/2023","Withdrawn","3","","","0304160119","The applicant proposes to amend a previously approved neighborhood plan.","30.23963882","-97.69584922"
"NPA-2011-0015.02","Tillery Street","Amended Neighborhood Plan","07/28/2011","Withdrawn","1","W/LO-CO-NP - WAREHOUS/LIMITED OFFICE","LO-MU-NP - LIMITED OFFICE","0212150205","The applicant requesting a neighborhood plan amendment to change use from Mixed Use  to Commercial.","30.28573937","-97.70249018"
"NPA-2024-0030.01","1500 W Stassney Lane NPA","Amended Neighborhood Plan","03/13/2024","Closed","2","","","0414140214","The applicant is requesting an NPA.","30.21282301","-97.79174420"
"C17-2020-0088","1301 LAVACA STREET","Capital View Corridor Height","07/21/2020","Approved","9","1","1","0210022509","Specific CVC Determination","30.27595357","-97.74230977"
"C17-05-0003","307 10TH ST W. (CAPITAL VIEW CORRIDOR)","Capital View Corridor Height","02/08/2005","Approved","9","","","0208011213","","30.27242577","-97.74466688"
"NPA-2023-0024.01","Radius at the Domain","Amended Neighborhood Plan","03/01/2023","Closed","7","NBG-TOD-Gateway-NP","NBG-NP and NBG-TOD-NP","0258100103","The applicant is requesting a NPA.","30.40485376","-97.71371186"
"C814-04-0061.01","RIBELIN RANCH","Planned Unit Development (PUD)","12/28/2006","Closed","","","PUD","","","",""
"C814-04-0024","BRODIE 31 C/O WALTERS SOUTHWEST","Planned Unit Development (PUD)","02/11/2004","Closed","","PUD","DR","","","",""
"C17-2016-0104","1400 Lavaca Height Determination","Capital View Corridor Height","09/14/2016","Recommended for Approval","9","DMU - DOWNTOWN MIXED USE","DMU - DOWNTOWN MIXED USE","0210022012","The applicant proposes to request Capital Dominance determination for one parcel of land located at 1400 Lavaca Street 78701.","30.27701073","-97.74249688"
"C17-05-0007","CAPITOL VIEW CORRIDOR APPLICATION FOR 705 & 709 E. 10TH STREET","Capital View Corridor Height","05/27/2005","Approved","9","","","0206041911","","30.26954215","-97.73427841"
"NPA-07-0022.01","ST. CECILIA HOTEL (PROPOSED)","Amended Neighborhood Plan","02/28/2007","Closed","9","GR","MF-4","0201010301","","30.25211936","-97.74735602"
"C814-82-006.02(83)","Lake Austin Commons PUD Amendment","Planned Unit Development (PUD)","02/21/2024","Closed","9","PUD NP","PUD NP","0109040126","The applicant is proposing to amend a previously approved PUD.","30.27580818","-97.76514466"
"C12M-2024-0002","Pilot Knob MUD Administrative Amendment","Municipal Utility District (MUD)","01/05/2024","Pending","2","PUD","","0339111101","The applicant is proposing to amend the Pilot Knob MUD.","30.15190929","-97.71478520"
"C17-2015-0149","900 Congress Ave","Capital View Corridor Height","11/06/2015","Recommended for Approval","9","CBD - CENTRAL BUSINESS DISTRICT","CBD - CENTRAL BUSINESS DISTRICT","0206030514","The applicant is requesting a Captial View Corridor Height Determination","30.27114070","-97.74191295"
".SH","Cady Lofts","Amended Neighborhood Plan","03/03/2022","Aborted","9","","","0217090816","The applicant is proposing to amend a previously approved neighborhood plan.","30.29623052","-97.72029870"
"C17-2011-0138","1304 Lavaca St.","Capital View Corridor Height","10/17/2011","Approved","9","CBD - CENTRAL BUSINESS DISTRICT","CBD - CENTRAL BUSINESS DISTRICT","0210021916","The applicant is requesting a capital view corridor height determination for 1304 Lavaca St.","30.27635139","-97.74253358"
"C17-2016-0088","823 Congress Height Determination","Capital View Corridor Height","08/24/2016","Recommended for Approval","9","999 - SEE COMMENTS","999 - SEE COMMENTS","0206030910","The applicant is requesting a specific capitol view height determination for 823 S. Congress","30.27058401","-97.74144944"
"C17-06-0005","CAPITOL VIEW CORRIDOR FOR 615-605 W. 7TH STREET","Capital View Corridor Height","04/26/2006","Approved","9","","","0107000708","","30.27056346","-97.74901027"
"NPA-2014-0016.02","Springdale Farm","Amended Neighborhood Plan","07/23/2014","Closed","3","CS-MU-CO-NP","CS-MU-CO-NP","0202160901","The applicant is proposing to amend the Govalle/Johnson Terrace neighborhood plan.","30.25788990","-97.70011328"
"","DC-2422 NPA","Amended Neighborhood Plan","07/31/2023","Cancelled","3","","","0204100905","The applicant is proposing an NPA.","30.26110198","-97.71378172"
"NPA-2008-0009.03","MLK","Amended Neighborhood Plan","07/31/2008","Closed","1","GR-VMU","LO-MU, SF-3","0209096201","The applicant is requesting a Neighborhood Plan Amendment on 0.586 acres.","30.27927420","-97.72297831"
"C17-03-0008","CAPITOL VIEW CORRIDOR FOR 619 N. IH 35","Capital View Corridor Height","11/12/2003","Approved","3","","","0206050111","","30.26633899","-97.73378481"
"C12M-2010-0003","Pilot Knob Municipal Utility District No. 1 (MUD 1)","Municipal Utility District (MUD)","10/18/2010","Closed","2","N/A","","0339110110","The applicant is proposing the creation of a water district.","30.14965620","-97.69760830"
"C17-2008-0048","Capital View Corridor for 1306 West Ave","Capital View Corridor Height","02/22/2008","Recommended for Approval","9","MF-4 - MULTI FAMILY MODERATE","MF-4 - MULTI FAMILY MODERATE","0210001301","The applicant is requesting a capital view corridor height determination for 1306 West Ave.","30.27794838","-97.74812822"
"NPA-2024-0019.01","Red River","Amended Neighborhood Plan","07/25/2024","Closed","9","","","0218090203","The applicant is proposing to Amend previous Neighborhood Plan; FLUM change from Single Family to Neighborhood Mixed Use.","30.30298259","-97.72056597"
"C17-2011-0152","309 E. 11th Street","Capital View Corridor Height","11/07/2011","Approved","9","CBD","CBD","0208031501","The applicant is requesting a Capital View Corridor Height Determination for 309 E.11th Street.","30.27175135","-97.73809066"
"NPA-2022-0022.01","406 and 428 E. Alpine Rd.","Amended Neighborhood Plan","07/20/2022","Closed","3","","","0410010437","The applicant is proposing to amend FLUM from Office to Mixed Use.","30.22489000","-97.75726332"
"NPA-2025-0016.01","P & P .72","Amended Neighborhood Plan","06/25/2025","Scheduled for Hearing","3","","","0202170108","The applicant is requesting an NPA.","30.25685069","-97.69478660"
"C17-2023-0031","2307 MANOR ROAD","Capital View Corridor Height","11/09/2022","Case Assigned","1","Unknown","Unknown","0212100211","The applicant is requesting a Capital View Corridor Elevation Determination.","30.28428825","-97.71745608"
"NPA-2010-0010.01","Cristo Rey Catholic Church Lot 6 Rezoning","Amended Neighborhood Plan","07/29/2010","Closed","3","LO-CO-NP","SF-3-NP","0203090909","Case expired on 8-10-2011, per Section 25-1-807 (A)(2).  The applicant is requesting a neighborhood plan amendment..","30.25686913","-97.72037864"
"NPA-2007-0009.03","Stephen Petty NPA","Amended Neighborhood Plan","07/30/2007","Closed","1","CS-NP - GENERAL COMMERCIAL","SF-3-NP - Family Residence-Neighborhood Plan Combining district","0209060605","The applicant is proposing a plan amendment to existing neighborhood plan.","30.27576433","-97.72985204"
"C17-2014-0015","Swisher Addition","Capital View Corridor Height","07/30/2014","Approved","9","CS - GENERAL COMMERCIAL","CS - GENERAL COMMERCIAL","0203000201","The appicant is requesting a Capital View Corridor Height Determination for 200 and 220 S Congress.","30.25983722","-97.74615131"
"C814-04-0187.02.SH","Goodnight Ranch PUD - 2nd Amendment","Planned Unit Development (PUD)","07/03/2014","Closed","","PUD - PLANNED UNIT DEVELOPMENT","PUD - PLANNED UNIT DEVELOPMENT","","The applicant is proposing a PUD amendment to: 1) increase the number of residential dwelling units; 2) increase the number of square feet for commercial, retail and office uses; 3) reduce the number","",""
"NPA-2022-0031.01","8640 and 8700 Shoal Creek Blvd.","Amended Neighborhood Plan","08/24/2022","Closed","7","","","0245040601","The applicant is proposing to change the Future Land Use Map of the North Shoal Creek Neighborhood Plan from Industry to
Mixed-Use Activity Corridor.","30.37300013","-97.73730754"
"NPA-2019-0027.02","2401 Winsted Ln","Amended Neighborhood Plan","02/28/2019","Closed","10","","","0116030618","The Applicant proposes to amend a previously approved neighborhood plan.","30.29272774","-97.76046024"
"C17-2013-0116","Capital View Corridor Height for 201 & 205 W. 5th Street","Capital View Corridor Height","09/12/2013","Closed","9","CBD - CENTRAL BUSINESS DISTRICT","CBD - CENTRAL BUSINESS DISTRICT","0206011712","The applicant is proposing a Capital View Corridor Height for 201 & 205 W. 5th Street","30.26732724","-97.74483211"
"C17-2021-0167","710-718 East 6th Street","Capital View Corridor Height","10/10/2021","Approved","9","a","a","","The applicant is requesting a capital view corridor determination.","30.26618720","-97.73552205"
"C814-2009-0094.02","Whisper Valley PUD Amendment II","Planned Unit Development (PUD)","06/14/2019","Closed","1","PUD, to change a condition of zoning","PUD","0218600125","The Applicant is proposing to amend a previously approved PUD, to modify the location of the proposed collector to the north of Braker Lane on the Park Improvement Plan.","30.30209165","-97.56466268"
"C814-2008-0145.01","Park PUD, The","Planned Unit Development (PUD)","11/20/2017","Closed","9","PUD-NP, to change a condition of zoning","PUD-NP","0102010317","The applicant proposes to administratively amend a previously approved Planned Unit Development.","30.25891009","-97.75254744"
"C17-06-0002","CAPITOL VIEW CORRIDOR FOR 610, 612 & 616 NUECES","Capital View Corridor Height","02/22/2006","Approved and Released","9","","","0107000709","","30.27032936","-97.74844936"
"C17-2017-0155","State House Expansion","Capital View Corridor Height","12/20/2017","Approved","9","CS - GENERAL COMMERCIAL","CS - GENERAL COMMERCIAL","0300012101","The applicant is requesting a capitol view corridor height determination with associated improvements.","30.25142497","-97.74865448"
"NPA-2013-0009.01","1311 East 12th Street","Amended Neighborhood Plan","06/05/2013","Closed","1","","","0207080737","The applicant proposes to amend the Central East Austin Neighborhood Plan,","30.27257526","-97.72585995"
"NPA-2024-0016.01.SH","4900 Gonzales Redevelopment","Amended Neighborhood Plan","02/21/2024","Closed","3","CS-MU-V-NP","P-NP","0202160103","The applicant is proposing neighborhood plan amendment.","30.25591794","-97.69770778"
"NPA-2024-0026.01","301 & 303 Ferguson - automotive repair and automotive sales uses","Amended Neighborhood Plan","04/02/2024","Closed","4","","","0245210412","The Applicant is proposing to amend a previously approved Neighborhood Plan.","30.37600574","-97.68574362"
"NPA-2025-0020.04","Congress Views","Amended Neighborhood Plan","09/16/2025","In Review","2","","","0420070101","The applicant is requesting an NPA.","30.19988804","-97.77542996"
"C17-2007-0198","Capital View Corridor Height Determination for 2610 Manor Road","Capital View Corridor Height","10/15/2007","Closed","9","N/A","LR-CO-NP","0213110145","The applicant is proposing an application for a Capital View Corridor Height Determination for 2610 Manor Road","30.28533875","-97.71448668"
"C17-2013-0117","Capital View Corridor Height  for 401 & 405 Colorado Street","Capital View Corridor Height","09/12/2013","Closed","9","CBD - CENTRAL BUSINESS DISTRICT","CBD - CENTRAL BUSINESS DISTRICT","0205020215","The applicant is proposing a Capital View Corridor Height for 401 & 405 Colorado Street.","30.26675694","-97.74451154"
"C12M-2010-0001","River Place MUD Out of District Service Request, Dunlap Tract","Municipal Utility District (MUD)","02/02/2010","Approved","10","999 - SEE COMMENTS","","0142271644","The applicant is requesting out of district service from the River Place M.U.D. at 4912 City Park Road.","30.36433042","-97.83011524"
"NPA-2017-0014.01","8008 Burleson Road FLUM  Amendment","Amended Neighborhood Plan","03/20/2017","Closed","2","CS - GENERAL COMMERCIAL","W/LO-NP, DR-NP,IP-CO-NP","0324180301","The applicant is proposing amend Southeast of the Southeast Combined Neighborhood plan with associated improvements.
**On April 27, 2017 the applicant corrected application to request a FLUM change f","30.18674554","-97.69111956"
"NPA-2023-0017.01","Anderson Square","Amended Neighborhood Plan","06/16/2023","Scheduled for Hearing","4","CH-PDA-NP","CS-MU-NP","0236120410","The applicant is requesting an NP Amendment from Mixed Use to High Density Mixed Use.

Related case:  C14-2023-0080","30.34944533","-97.71427475"
"C814-06-0052","SPRINGFIELD PUD","Planned Unit Development (PUD)","03/15/2006","Expired","","PUD","LR","","","",""
"NPA-2016-0021.02","2624 Metcalfe Rd.","Amended Neighborhood Plan","07/21/2016","Closed","3","","","0308041801","The applicant is requesting a neighborhood plan amendment from Single Family Land Use to Higher Density Single Family Land Use. 
**Scheduled for Sept 13, 2016 PC and Oct. 13, 2016 CC hearings**","30.22710760","-97.73796041"
"NPA-2025-0017.01","NPAs for the North Lamar Transit Center Station Area Vision Plan","Amended Neighborhood Plan","02/03/2025","Closed","4","","","0236120411","The City of Austin Planning Department is proposing to amend a previously approved neighborhood plan.","30.34856217","-97.71426068"
"C814-2012-0128.03.SH","thinkEAST Austin PUD","Planned Unit Development (PUD)","10/31/2019","Closed","3","PUD-NP","PUD-NP","0204190405","The Applicant is proposing to amend 10.83 acres of an approved Planned Unit Development, to increase the maximum height and number of stories, and the maximum number of multifamily residential units.","30.26269907","-97.69110353"
"NPA-07-0017.01","Justin Lane and Justin Lane Substation","Amended Neighborhood Plan","06/21/2007","Closed","7","","P-NP","0231081102","The applicant is requesting a neighborhood plan amendment.","30.33821417","-97.72088197"
"NPA-2008-0012.03","Pediatric Cardiology of Austin","Amended Neighborhood Plan","11/12/2008","Closed","9","LO - H - NP - Limited Office - Historic - Neighborhood Plan","NO - H - NP - Neighborhood Office - Historic - Neighborhood Plan","0214090637","The applicant is requesting a Neighborhood Plan Amendment.","30.28941928","-97.72171593"
"NPA-2022-0014.03","Chapman 71","Amended Neighborhood Plan","08/03/2022","Closed","2","","","0314060304","The applicant is proposing to amend a previously approved neighborhood plan.","30.21244513","-97.72845524"
"C814-2009-0139.04","Bull Creek PUD Amendment #4","Planned Unit Development (PUD)","02/07/2024","In Review","10","PUD","PUD","0135110101","The Applicant proposes to amend a previously approved Planned Unit Development to update the restoration plan and corresponding exhibits within the PUD ordinance to remove the open water habitat pond","30.34966950","-97.78561110"
"NPA-2025-0026.01","NPAs for the North Lamar Transit Center Station Area Vision Plan","Amended Neighborhood Plan","02/03/2025","Closed","4","","","0234140110","The City of Austin Planning Department is proposing to amend a previously approved neighborhood plan.","30.34463818","-97.70529164"
"C814-95-0002.13","Four Points PUD Lot 5A Amendment","Planned Unit Development (PUD)","06/13/2018","Withdrawn","10","PUD - PLANNED UNIT DEVELOPMENT","PUD - PLANNED UNIT DEVELOPMENT","0156300305","The Applicant is proposing to amend for an increase of height of Lot 5 of the Four Points Centre PUD from 40 feet to 65 feet.","30.40205315","-97.84593293"
"NPA-2008-0015.02","3617 Axel Lane","Amended Neighborhood Plan","07/16/2008","Closed","1","MF-6 - NP","LI - LIMITED INDUSTRIAL SERVICES","0209230404","The applicant is proposing to amend the Neighborhood Plan-Change in Future Land Use Designation from LI-NP to MF-6-NP.","30.27476618","-97.67547119"
"NPA-06-0001.01","515 POST ROAD","Amended Neighborhood Plan","02/28/2006","Scheduled for Hearing","3","","","0408040202","NP-06-0001.01_0  has been changed to  NPA-06-0001.01_0  on  01-mar-2006 07:18:51 by SHARI PAPE.","30.22838049","-97.76783104"
"NPA-2022-0016.02","Borden Tract","Amended Neighborhood Plan","07/18/2022","Closed","3","","","0302170107","The applicant is proposing to Amend the Future Land Use Map from Industry to Mixed Use","30.24866513","-97.69289410"
"NPA-2024-0015.01","Gunter Rezoning","Amended Neighborhood Plan","06/21/2024","Approved","1","","","0207170305","The applicant is proposing to amend previously approved neighborhood plan.","30.27200464","-97.69542759"
"C814-2024-0001","500 South Congress PUD","Planned Unit Development (PUD)","05/13/2024","Closed","9","PUD-NP","CS-1-NP","0202000121","The applicant is requesting a PUD.","30.25686168","-97.74807490"
"NPA-2009-0007.01","Northgate Laundromat","Amended Neighborhood Plan","02/18/2009","Closed","4","","MF-3-NP","0244110301","The applicant is requesting a Neighborhood Plan Amendment.","30.37063582","-97.71597353"
"C17-2024-0131","1303-1/2 Shoal Creek","Capital View Corridor Height","09/04/2024","Approved","9","SF-3","SF-3","0210000319","The applicant requests a capital view corridor determination.","30.27867004","-97.75003227"
"NPA-2025-0007.01","NPAs for the North Lamar Transit Center Station Area Vision Plan","Amended Neighborhood Plan","02/03/2025","Closed","4","","","0236120312","The City of Austin Planning Department is proposing to amend a previously approved neighborhood plan.","30.34960108","-97.71193651"
"NPA-2007-0001.02","COBALT 2602-2606 Wilson Street","Amended Neighborhood Plan","04/11/2007","Closed","3","MF-3-NP","SF-3-NP - Family Residence-Neighborhood Plan Combining district","0404021301","The applicant  filing a Neighborhood Plan Amendment","30.23842958","-97.75963446"
"C17-01-0006","ALGONQUIN REALTY, INC.","Capital View Corridor Height","03/06/2001","Closed","9","","","0108030101","","30.27305382","-97.76288579"
"NPA-2017-0016.05","Tillery MF","Amended Neighborhood Plan","07/31/2017","Withdrawn","3","","","0202140201","The applicant proposes to change a previously approved neighborhood plan.","30.25581499","-97.70662259"
"NPA-2020-0002.02","6th & Onion","Amended Neighborhood Plan","07/31/2020","Closed","3","","","0204063201","The applicant is proposing to amend a previously approved neighborhood plan.","30.26289975","-97.72735692"
"C17-2024-0117","1100 W CESAR CHAVEZ STREET","Capital View Corridor Height","07/29/2024","Approved","9","a","a","0106020104","The applicant is requesting a Capitol View Corridor determination.","30.26896382","-97.75698396"
"NPA-2021-0017.01","7113 BURNET ROAD","Amended Neighborhood Plan","02/11/2021","Closed","7","","","0235040306","The applicant is proposing an amendment to a previously approved neighborhood plan.","30.34745852","-97.73545167"
"C17-2019-0080","1100 KINGSBURY STREET Kingsbury Commons CVC","Capital View Corridor Height","04/25/2019","Approved","10","See application","See application","0112000401","The applicant is requesting a general Capital View Dominance determindation","30.28117529","-97.75138175"
"C814-2012-0055.01","Covered Bridge Planned Unit Development Revision #1","Planned Unit Development (PUD)","09/03/2013","Closed","8","PUD - PLANNED UNIT DEVELOPMENT","PUD - PLANNED UNIT DEVELOPMENT","0402480330","The applicant is proposing to correct building coverage on Tracts 2 & 4.  City Initiated","30.24872602","-97.89593924"
"NPA-2023-0018.03","5514 Grover and 5515 Roosevelt Avenue","Amended Neighborhood Plan","02/24/2023","Closed","7","MF-5-NP","SF-3-NP","0228060909","The Applicant is requesting an NP Amendment from Single Family to Multifamily land use. 

Related case:  C14-2023-0065","30.32654711","-97.73217214"
"NPA-2007-0014.01","Felter Investments","Amended Neighborhood Plan","07/31/2007","Closed","2","","LI - CO- NP LIMITED INDUSTRIAL SERVICES","0323110405","The applicant is requesting change in futue land use designation.","30.18839856","-97.69214831"
"C17-2025-0119","807 E 4TH STREET","Capital View Corridor Height","12/05/2025","Approved","3","v","v","0204050310","The applicant is requesting a capital view corridor determination.","30.26355271","-97.73472480"
"NPA-04-0011.01","51ST ST MIXED USE","Amended Neighborhood Plan","01/28/2004","Closed","9","","SF-3","0223080701","FEES WAIVED PER KATHLEEN WELDER.","30.31611111","-97.72318406"
"C814-2012-0163","Sun Chase PUD","Planned Unit Development (PUD)","12/21/2012","Closed","2","PUD - PLANNED UNIT DEVELOPMENT","I-SF2 - INTERIM SINGLE FAMILY STANDARD","0336520134","The applicant is proposing to zone 1,604 acres consistent with the boundaries of Southeast Travis County MUDs No. 1 thru 4 from I-RR to PUD.","30.15349491","-97.59166208"
"C814-04-0144","SIXTH & LAMAR (MARKET DISTRICT-NORTH BLOCK)","Planned Unit Development (PUD)","09/24/2004","Expired","9","DMU","CS","0107000121","","30.27179971","-97.75344496"
"NPA-2017-0005.03","Affordable Dream Housing","Amended Neighborhood Plan","07/31/2017","Withdrawn","3","","CS-NP","0310140166","The applicant proposes to amend a previously approved Neighborhood plan.","30.21918368","-97.70330221"
"C814-2023-0057","200 E. Riverside PUD","Planned Unit Development (PUD)","04/07/2023","Closed","9","PUD-NP, planned unit development - neighborhood plan","L-NP, lake commercial - neighborhood plan","0201011106","The Applicant is proposing to rezone approximately 3.955 acres from L-NP to PUD-NP.

Related case:  CD-2022-0003","30.25532308","-97.74406726"
"NPA-2016-0030.01","Villas at Vinson Oak","Amended Neighborhood Plan","06/02/2016","Withdrawn","3","mf-2-np","sf-3-np","0410080728","The applicant is amending a neighborhood plan in the South Austin Combined Neighborhood Planning Area from Residential Core to Neighborhood Transition.
8/2/16 - Applicant amended zoning request to SF","30.22007876","-97.77753332"
"C17-2019-0052","710 E 3RD ST - CAPITAL VIEW CORRIDOR ELEVATION DETERMINATION","Capital View Corridor Height","03/05/2019","Approved","9","CBD - CENTRAL BUSINESS DISTRICT","CBD - CENTRAL BUSINESS DISTRICT","0204041810","The applicant proposes a specific capital view corridor elevation determination.","30.26336306","-97.73649469"
"NPA-2025-0022.01","NPAs for the South Congress Transit Center Station Area Vision Plan","Amended Neighborhood Plan","02/03/2025","Closed","3","","","0410030607","The City of Austin Planning Department is proposing to amend a previously approved neighborhood plan.","30.22221713","-97.76097983"
"C814-2012-0163.01","Sun Chase PUD Amendment #1","Planned Unit Development (PUD)","08/17/2023","Closed","2","PUD, planned unit development, to 1) modify to the alignment of rights-of-way, including the location of Sun Chase Parkway, 2) adjust use district boundaries, 3) change private and public parkland within the Property, 4) provide clarification on the method for assessing the protected trees, and 5) incorporate the above-referenced adjustments to certain PUD exhibits","PUD, planned unit development","0336520134","The Applicant is proposing the first amendment to 1418.135 acres within the Sun Chase PUD, to 1) modify to the alignment of rights-of-way, including the location of Sun Chase Parkway, 2) adjust use di","30.15349491","-97.59166208"
"NPA-2023-0025.01","5725 W US 290 HIGHWAY","Amended Neighborhood Plan","03/02/2023","Closed","8","","GR-NP","0406280503","The applicant proposes to amend a previously approved neighborhood plan.","30.23526178","-97.84676683"
"C17-2009-0019","1100 West Cesar Chavez Street- Capital View Corridor","Capital View Corridor Height","02/24/2009","Recommended for Approval","9","LI-CO-NP","LI-CO-NP","0106020104","The applicant is requesting Capital View Corridor Height Determination for 1100 West Cesar Chavez Street.","30.26896382","-97.75698396"
"C14-97-0141.04","Parmer North PDA Amendment #4","Planned Development Agreement (PDA)","02/06/2026","In Review","7","LI-PDA","LI-PDA","0258280301","The applicant is requesting to amend a previously approved planned development agreement.","30.40375771","-97.65964166"
"C814-06-0218","LAKELINE STATION AREA PLAN/PLANNED UNIT DEVELOPMENT","Planned Unit Development (PUD)","11/17/2006","Closed","","PUD","IRR - INTERIM RURAL RESIDENCE","","","",""
"NPA-2022-0015.04","Hudson #3","Amended Neighborhood Plan","07/26/2022","Closed","1","","","0207240205","The applicant is proposing to amend previously approved Neighborhood Plan","30.26986818","-97.67244375"
"C17-2012-0091","612 W. 4th Street","Capital View Corridor Height","07/24/2012","Approved","9","CBD - CENTRAL BUSINESS DISTRICT","CBD - CENTRAL BUSINESS DISTRICT","0107001508","The applicant is requesting a Capital View Corridor Height Determination for 612 W. 4th Street.","30.26828254","-97.74978425"
"NPA-2010-0018.03","EP Austin Properties Neighborhood Plan Amendment","Amended Neighborhood Plan","08/31/2010","Closed","7","CS-MU - GENERAL COMMERCIAL-Mixed Use","SF-3-NP - Family Residence-Neighborhood Plan Combining district","0226040132","The applicant is requesting to amend a neighborhood plan.","30.32105339","-97.73808061"
"C814-06-0175.06","East Avenue PUD Amendment #6, Parcel A","Planned Unit Development (PUD)","03/27/2024","Closed","9","PUD","PUD","0215080826","The Applicant is proposing to amend 1.13 acres of a previously approved PUD to allow development to comply with modified Great Streets Program criteria or standards on Parcel A. (Administrative)","30.29333413","-97.72096028"
"NPA-2019-0022.02","305 S Congress PUD First Plan Amendment","Amended Neighborhood Plan","07/24/2019","Closed","9","","","0203020202","Out-of-Cycle approval by Asst. Dir. Jerry Rusthoven. See memo from him in the application packet that is attached.","30.25882293","-97.74400192"
"NPA-2011-0005.01","Riverside Gardens","Amended Neighborhood Plan","02/14/2011","Closed","","SF-4A - SINGLE FAMILY SMALL LOT","CS-NP; MF 3-NP","0309160106","The applicant is proposing to amend Montopolis Neighborhood Plan.","30.22335322","-97.69848556"
"C17-05-0002","1010 LAVACA ST. (CAPITAL VIEW  CORRIDOR)","Capital View Corridor Height","02/08/2005","Approved","9","","","0208011303","","30.27306623","-97.74383219"
"C17-2012-0131","408 W. 11th Street","Capital View Corridor Height","10/22/2012","Approved","9","DMU-CURE","DMU","0208010906","The applicant is requesting a Capital View Corridor Height Determination for 408 W. 11th Street.","30.27403212","-97.74494702"
"NPA-2018-0028.02","10711 Joseph Clayton Dr.","Amended Neighborhood Plan","07/30/2018","Withdrawn","1","","","0245230608","The applicant is proposing a neighborhood plan amendment for a previously approved neighborhood plan.","30.37127138","-97.67665273"
"C17-2016-0029","Austin Lakeside Hotel Owner, LLC","Capital View Corridor Height","03/14/2016","Recommended for Approval","9","cs","cs","0205020301","The applicant wants to know what the height is and how far into the corridor it goes.","30.26309809","-97.74405836"
"NPA-2022-0027.01","SHQ W 35th","Amended Neighborhood Plan","02/06/2022","Closed","10","","","0120010903","The applicant is proposing to Amend a previous neighborhood plan.","30.30809290","-97.75384407"
"NPA-2023-0013.02","700 Dawson","Amended Neighborhood Plan","02/28/2023","Closed","9","","","0102020304","The applicant is proposing a NPA.","30.25814302","-97.75693370"
"C17-2018-0129","Walnut Remodel","Capital View Corridor Height","10/16/2018","Approved","9","SF-3-NP - Family Residence-Neighborhood Plan Combining district","SF-3-NP - Family Residence-Neighborhood Plan Combining district","0213110303","The applicant is requesting a general Capital View Corridor Height Determination.","30.28581504","-97.71410614"
"NPA-2014-0011.01","MDC Programs Annex","Amended Neighborhood Plan","02/24/2014","Closed","9","GO-CP-NP","SF-3NP","0222120623","The applicant is proposing to amend North Loop Neighborhood Plan","30.30947512","-97.71243057"
"C17-2014-0005","805 Nueces Street","Capital View Corridor Height","03/17/2014","Approved","9","DMU-CO, DMU-H-CO","DMU-CO, DMU-H-CO","0208011301","The applicant is requesting a Capital View Corridor Height Determination for 805 Nueces Street.","30.27180379","-97.74741003"
"C814-2009-0139","Bull Creek PUD","Planned Unit Development (PUD)","10/26/2009","Closed","10","PUD - PLANNED UNIT DEVELOPMENT","LA/ SF-2/ SF-6","0135110101","The applicant is requesting to rezone property to PUD.","30.34966950","-97.78561110"
"NPA-2012-0022.01","518 E. Oltorf","Amended Neighborhood Plan","09/17/2012","Withdrawn","9","GR-NP - COMMUNITY COMMERCIAL","GO-NP - GENERAL OFFICE","0303000744","The applicant is proposing to amend the Greater South River City Combined Neighborhood Plan to change use from Office to Commercial.","30.23764677","-97.75061017"
"C17-2023-0062","701 W 6TH STREET","Capital View Corridor Height","05/02/2023","Approved","9","1","1","0107001013","The applicant is requesting a capital view corridor determination.","30.26980514","-97.74973083"
"C17-05-0004","CAPITOL VIEW CORRIDOR FOR 1011 SAN JACINTO","Capital View Corridor Height","03/17/2005","Approved","9","","","0208031301","","30.27177131","-97.73852373"
"C814-2008-0165.01","East Riverside PUD Amendment #1","Planned Unit Development (PUD)","11/08/2023","Closed","9","PUD-NP","PUD-NP","0201011108","The Applicant is proposing to amend a previously approved Planned Unit Development.","30.25542233","-97.74312684"
"NPA-2018-0007.01","Mechanic Shop","Amended Neighborhood Plan","02/28/2018","Closed","4","","","0246180513","The applicant is proposing an amendment to an adopted neighborhood plan.","30.37941672","-97.69203881"
"NPA-2011-0023.01","6500 Manor Rd.","Amended Neighborhood Plan","07/28/2011","Closed","1","CS-NP","LO-NP","0221250130","The applicant requesting a neighborhood plan amendment to change use from Office to Commercial.","30.30876541","-97.67052167"
"NPA-2009-0005.01","Carson Ridge Development","Amended Neighborhood Plan","07/31/2009","Closed","3","CS-MU-NP","CS-NP","0312130115","The applicant is requesting a neighborhood plan amendment.","30.21973444","-97.70655236"
"C814-2009-0139.03","Bull Creek PUD Amendment #3","Planned Unit Development (PUD)","02/11/2020","Closed","10","PUD, planned unit development","PUD, planned unit development","0135110101","The Applicant proposes to amend a previously approved Planned Unit Development, to incorporate landscape design improvements, and allow civic and cultural services uses. 

Note:  Property addressed","30.34966950","-97.78561110"
"C17-2017-0070","2205 Chestnut Ave Capital View Determination","Capital View Corridor Height","05/30/2017","Recommended for Approval","1","999 - SEE COMMENTS","LO - LIMITED OFFICE","0212100208","The applicant proposes to get a height determination for a location.","30.28391699","-97.71786228"
"NPA-2022-0005.01","Vargas Mixed Use","Amended Neighborhood Plan","08/04/2022","Scheduled for Council Hearing","3","","","0305180402","The applicant is proposing to amend a previously approved neighborhood plan.","30.23782458","-97.69109358"
"NPA-2021-0011.01","MOD 53.5 NPA","Amended Neighborhood Plan","03/11/2021","Closed","4","MF-6-NP","SF-3-NP","0223120903","Neighborhood Plan Amendment","30.31410263","-97.71303716"
"NPA-2012-0005.03","7003 Riverside Plan Amendment","New Neighborhood Plan","07/31/2012","Withdrawn","3","","","0312180901","The applicant is proposing to amend Montopolis Neighborhood Plan.","30.22163120","-97.69673366"
"NPA-2016-0010.01","2406 Hidalgo Street Plan Amendment","Amended Neighborhood Plan","01/11/2016","Closed","3","CS-MU-NP","LI-CO-NP","0204100718","The applicant is proposing to amend the Holly Neighborhood Plan.","30.26051000","-97.71549916"
"C814-06-0106.02","Hyatt PUD","Planned Unit Development (PUD)","05/12/2014","Closed","9","PUD - PLANNED UNIT DEVELOPMENT","PUD - PLANNED UNIT DEVELOPMENT","0203000221","The applicant is requesting a PUD Amendment to allow Hotel-Motel and Administrative and Business Offices.  No other changes to the PUD.
* * * 6/04/214 Additional Amendment Request - Allow Hotel-Motel","30.26067888","-97.74683528"
"C17-2018-0054","ERS 200B","Capital View Corridor Height","05/22/2018","Approved","9","CS - GENERAL COMMERCIAL","CS - GENERAL COMMERCIAL","0210041507","The applicant is proposing a capital view corridor for site.","30.27931668","-97.73657570"
"NPA-2014-0007.01","1005 Prairie Trl","Amended Neighborhood Plan","02/19/2014","Closed","4","CS-MU-NP","SF-2-NP","0246180704","The applicant is proposing to amend North Austin Civic Association.","30.38035856","-97.69249837"
"NPA-2023-0002.02","1307 and 1309 E 4th Street NPA","Amended Neighborhood Plan","12/06/2023","Scheduled for Council Hearing","3","","","0204060813","The applicant is proposing an NPA.","30.26183374","-97.72984749"
"C814-05-0069.01","Watersedge PUD - First Amendment","Planned Unit Development (PUD)","05/22/2025","Closed","2","PUD","PUD","0323410122","The applicant is requesting the 1st amendment (administrative) to a previously approved PUD. The purpose of this PUD amendment is to revise the limits of various parcels.

Administrative Approval on S","30.19744476","-97.59248561"
"C814-2017-0024.01","Holdsworth Center PUD","Planned Unit Development (PUD)","05/18/2018","Closed","10","PUD - PLANNED UNIT DEVELOPMENT","PUD - PLANNED UNIT DEVELOPMENT","0134180501","The Applicant is proposing an administrative amendment to revise the site layout and the bore alignment to correct some minor deviations between the PUD concept plan and the final design.","30.34826870","-97.78570518"
"C17-2018-0038","409 e 7th street CVC","Capital View Corridor Height","04/12/2018","Approved","9","CBD - CENTRAL BUSINESS DISTRICT","CBD","0206040206","The applicant is requesting Capital View Corridor determination","30.26756605","-97.73828274"
"NPA-2022-0023.02","E. 51st and Cameron","Amended Neighborhood Plan","08/04/2022","Closed","4","","","0221130230","The applicant is proposing to amend a previously approved neighborhood plan.","30.30927471","-97.70774456"
"NPA-2022-0010.03","Holly Mixed Use","Amended Neighborhood Plan","07/29/2022","Closed","3","","","0202100730","The applicant is proposing to amend a previously approved neighborhood plan.","30.25558988","-97.71820508"
"C14-2022-0062","Industrial Blvd and Terry O Ln","Planned Development Agreement (PDA)","05/04/2022","Closed","3","LI-PDA-NP, limited industrial services - planned development area - neighborhood plan","LI-NP, limited industrial services - neighborhood plan","0412040610","The Applicant is proposing to rezone approximately 5.791 acres from LI-NP to LI-PDA-NP.","30.21777407","-97.76077830"
"C14-2020-0150","6705 and 6501 Regiene Road","Planned Development Agreement (PDA)","12/15/2020","Closed","1","LI-PDA-NP, limited industrial services - planned development area - neighborhood plan","SF-2-NP, single family residence - neighborhood plan; LI-NP, limited industrial services-neighborhood plan","0205261304","The Applicant is proposing to rezone approximately 15.69 Acres from SF-2-NP and LI-NP to LI-PDA-NP.","30.26425922","-97.66935385"
"NPA-2022-0014.05","Bergstrom Spur Trail Mixed Use","Amended Neighborhood Plan","08/05/2022","Closed","2","","","0316100601","The applicant is proposing to amend a previously approved neighborhood plan.","30.20564988","-97.71581736"
"NPA-2018-0023.01","Berkman Terraces","Amended Neighborhood Plan","06/04/2018","Closed","4","","","0224190216","The applicant is proposing to rezone from SF-6-NP and LR-MU-NP to GR-MU-NP","30.31593989","-97.69106271"
"NPA-2018-0016.02","PAZ Veterinary","Amended Neighborhood Plan","07/12/2018","Closed","3","GR-NP","GO-NP","0202140801","The applicant is proposing to amend the FLUM to allow for veterinary pet usage and administrative offices.","30.25794670","-97.70408389"
"NPA-06-0011.01","RIDGETOP OFFICES @ 51ST","Amended Neighborhood Plan","01/11/2006","Closed","9","","SF-3","0222112010","","30.31172054","-97.71410039"
"NPA-2020-0016.01","MSC & CTC Tracts NPA","Amended Neighborhood Plan","07/01/2020","Closed","3","","CS-CO-NP","0202170324","The Applicant is proposing to amend 5.2116 acres out of an approved neighborhood plan from Commercial to Mixed Use land use.","30.25381077","-97.69288011"
"C17-2022-0138","Block 35","Capital View Corridor Height","09/23/2022","Approved","9","CBD - CENTRAL BUSINESS DISTRICT","CBD - CENTRAL BUSINESS DISTRICT","0204041401","The applicant requests a capital view corridor determination.","30.26417613","-97.73712234"
"NPA-2019-0019.01","3805 Red River","Amended Neighborhood Plan","02/28/2019","Closed","9","","","0217090103","The Applicant is proposing to change the FLUM for Mixed Use-Office and allow for livable space with associated improvements.","30.29622194","-97.72284718"
"C12M-2017-0006","Amendment to Pilot Knob Municipal Utility District No. 3","Municipal Utility District (MUD)","08/01/2017","In Review","","PUD - PLANNED UNIT DEVELOPMENT","","","The applicant is proposing to amend the Pilot Knob MUD No. 3, to modify the conceptual plans for the major wastewater facilities of the project.","",""
"C17-2013-0003","Capital View Corridor for 805 Neches","Capital View Corridor Height","02/22/2013","Recommended for Approval","9","CBD - CENTRAL BUSINESS DISTRICT","CS-1 - LIQUOR SALES; MF-4","0206040805","The applicant is requesting a Capital View Corridor Height Determination for 805 Neches","30.26921950","-97.73708494"
"C17-2015-0006","900 Brazos Street","Capital View Corridor Height","06/16/2015","Recommended for Approval","9","CBD - CENTRAL BUSINESS DISTRICT","CBD - CENTRAL BUSINESS DISTRICT","0206031019","The applicant is requesting a Capital Dominance for 900 Brazos St.","30.27079851","-97.74063251"
"NPA-2019-0015.01","5010 & 5102 Heflin Lane","Amended Neighborhood Plan","07/31/2019","Closed","1","","","0213220613","The applicant is proposing to change a previously established Neighborhood Plan.","30.28400285","-97.67856659"
"NPA-2016-0014.01.SH","Nuckols Crossing Rd - SMART Housing","Amended Neighborhood Plan","07/28/2016","Closed","2","MF-3-NP - MULTI FAMILY MEDIUM","SF-2-NP","0318040109","The applicant is requesting a neighborhood plan amendment from Single Family, Multi-Family, Recreation Open Space to Multi-Family and Recreation Open Space.","30.20136929","-97.73412717"
"C814-2014-0083","Sunfield PUD","Planned Unit Development (PUD)","05/22/2014","Closed","5","PUD - PLANNED UNIT DEVELOPMENT","I-RR - INTERIM RURAL RESIDENCE","0464180119","The applicant is proposing to zone approximately 482 acres from I-RR to PUD.

This site is located in a Municipal Utility District (MUD) and reviewed by Planning Commission, per LDC Section 25-9-155.","30.08614418","-97.78826950"
"C814-2012-0152.06","Pilot Knob PUD Amendment # 6","Planned Unit Development (PUD)","08/15/2025","In Review","2","PUD","PUD","0348010259","The Applicant is requesting the sixth amendment to the Pilot Knob PUD to modify exhibits attached to the PUD ordinance that relocate land use categories within the PUD boundaries to reflect current an","30.13902792","-97.73115501"
"NPA-2010-0016.02.SH","Levander Loop Affordable Housing Development","Amended Neighborhood Plan","08/20/2010","Closed","3","","","0202111201","The applicant is proposing to amend the Govalle/Johnston Terrace, NP.  Formally submitted on 08/30/2010.  Waiting on Smart Housing Letter","30.25139382","-97.69043353"
"NPA-2018-0028.01","Dessau Homes","Amended Neighborhood Plan","07/03/2018","Closed","1","SF-6-NP","SF-3-NP","0241260210","The applicant proposes a change to the Heritage Hills/ Windsor Hills adopted Neighborhood plan. 

Related case:  C14-2018-0075","30.36239880","-97.66897113"
"C17-2020-0077","1104 SABINE STREET","Capital View Corridor Height","06/30/2020","Approved","9","1","1","0208051901","CVC Determination","30.27119524","-97.73442085"
"NPA-2022-0002.01","1700 E 2nd Street","Amended Neighborhood Plan","06/29/2022","Closed","3","","","0204080623","The applicant is proposing to Amend a previously approved neighborhood plan.","30.25891278","-97.72578537"
"C14-2024-0124","1109 S Lamar Boulevard","Planned Development Agreement (PDA)","08/01/2024","Closed","9","CS-1-MU-V-DB90-CO","CS-1-V-CO","0100030201","The applicant is requesting to rezone approximately 0.287 acres from CS-1-V-CO to CS-1-MU-V-DB90-CO.","30.25494589","-97.76179965"
"C12M-2012-0002","North Austin MUD #1-Land Plan Amendment","Municipal Utility District (MUD)","08/21/2012","Closed","","N/A","","","The applicant is proposing a Land Plan Amendment to the North Austin MUD #1","30.43232172","-97.72927788"
"NPA-2022-0023.01.SH","5107-5115 Lancaster","Amended Neighborhood Plan","02/25/2022","Closed","4","","","0221130305","The applicant is proposing to amend a previously approved neighborhood plan.","30.30817898","-97.70581223"
"NPA-2010-0021.03.SH","Suburban Lodge SRO Conversion (NPA)","Amended Neighborhood Plan","11/05/2010","Closed","3","GR-MU-NP","GR-NP","0307020317","The applicant is requesting a neighborhood plan amendment.","30.23142373","-97.74139816"
"NPA-2009-0016.02","Justine's","Amended Neighborhood Plan","07/31/2009","Closed","3","CS-MU-CO-NP","CS-CO-NP","0201150104","The applicant is requesting a neighborhood plan amendment.","30.25323472","-97.70057209"
"NPA-2015-0015.03","5010 & 5102 Heflin Lane","Amended Neighborhood Plan","07/31/2015","Withdrawn","1","SF-6-NP","SF-4A-NP","0213220613","The applicant is proposing to amend the East MLK Combined neighborhood plan.

Note: Case withdrawn by Applicant on 11-1-2016.
Related case: C14-2015-0114","30.28400285","-97.67856659"
"NPA-2010-0008.01","2205 E 12th St","Amended Neighborhood Plan","07/07/2010","Closed","1","","MF-3-NP","0208110801","The applicant is requesting a neighborhood plan amendment.","30.27401135","-97.71643538"
"NPA-06-0017.01","SHAMSIE'S CONTOUR","Amended Neighborhood Plan","10/26/2006","Withdrawn","4","","SF-3","0241100315","","30.36266806","-97.71894275"
"NPA-2025-0008.01","2406 Rosewood Ave.","Amended Neighborhood Plan","04/17/2025","Scheduled for Council Hearing","1","","","0208120601","The applicant is requesting an NPA.","30.27290103","-97.70907924"
"NPA-03-0014.02","CAMPOS SOUTHEAST COMBINED NEIGHBORHOOD PLAN  AMENDMENT--CITY INITIATED","Amended Neighborhood Plan","01/13/2003","In Review","2","","DR","0314200124","","30.21418158","-97.68811749"
"C17-06-0013","602 WEST 7TH ST","Capital View Corridor Height","08/22/2006","Approved","9","","","0107000505","","30.27099670","-97.74839981"
"C17-01-0001","CONGRESS AVENUE","Capital View Corridor Height","01/23/2001","Closed","9","","","0400001307","","30.24788615","-97.75060556"
"C17-05-0012","1720 S LAKESHORE BLVD.","Capital View Corridor Height","09/07/2005","Approved and Released","3","","","0302060131","","30.24528658","-97.72925142"
"NPA-2019-0011.01.SH","City View at Hyde Park","Amended Neighborhood Plan","02/22/2019","Withdrawn","9","","","0220110816","The applicant proposes to amend a previously adopted neighborhood plan.","30.30366847","-97.71576431"
"C814-98-0001.03","WINESTYLES AT ARBOR TRAILS (AMENDMENT)","Planned Unit Development (PUD)","02/02/2007","Closed","8","PUD","PUD","0412250421","","30.22138553","-97.83977678"
"C17-2015-0002","R.N. Graham's Subdivision Amended Plat","Capital View Corridor Height","02/03/2015","Recommended for Approval","9","CS-MU-CO-Np Gen. Commercial-Mixed Use-Con. Overlay-Nbrhd Plan Comb dist","CS-MU-CO-Np Gen. Commercial-Mixed Use-Con. Overlay-Nbrhd Plan Comb dist","0109040527","The applicant is requesting a Capital View Corridor Height Determination for 1604 W. 5th St","30.27424500","-97.76358604"
"C17-2011-0003","1154 Lydia St. Capitol View Corridor Determination","Capital View Corridor Height","02/02/2011","Approved","1","NCCD","NCCD","0208061806","The applicant is requesting a Capital View Corridor Determination for 907 E. 6th Street","30.26909712","-97.72780434"
"C814-96-0003.14","Pioneer Crossing PUD Land Plan Amendment No.14","Planned Unit Development (PUD)","06/20/2018","Closed","","PUD - PLANNED UNIT DEVELOPMENT","PUD - PLANNED UNIT DEVELOPMENT","","The Applicant is proposing a PUD amendment to the land use map and a height increase on 376.38 acres.","",""
"C17-2019-0132","2100 E 22nd St Capital View Corridor Determination","Capital View Corridor Height","09/27/2019","Approved","1","SF-3-NP - Family Residence-Neighborhood Plan Combining district","SF-3-NP - Family Residence-Neighborhood Plan Combining district","0211090509","Capital View Corridor Determination","30.28356598","-97.71993484"
"NPA-06-0009.01","UNIVERSITY HEIGHTS","Amended Neighborhood Plan","07/25/2006","Withdrawn","1","","","0205080401","","30.26582252","-97.72042782"
"NPA-2015-0015.02","Little Folk Daycare","Amended Neighborhood Plan","07/30/2015","Closed","1","NO - NEIGHBOORHOOD OFFICE","SF-3 - FAMILY RESIDENCE","0219230307","The applicant is proposing to amend the East MLK Combined neighborhood plan.
**Scheduled for Oct 27, 2015 PC and Nov 12, 2015 CC hearings**","30.30297997","-97.67774660"
"C814-06-0202","PIER PARTNERS","Planned Unit Development (PUD)","10/18/2006","Withdrawn","10","PUD","CS-1","0129280104","","30.32982513","-97.84650782"
"NPA-2012-0026.01","601 W. Applegate","Amended Neighborhood Plan","02/29/2012","Closed","4","GR-MU-NP - COMMUNITY COMMERCIAL","LO-MU-CO-NP - LIMITED OFFICE","0245181203","The applicant is requesting a future land use map change from Mixed Use/Office to Mixed Use.

NOTE: Denied by CC on 06/28/2012","30.37262847","-97.68948731"
"NPA-2012-0023.01","Promiseland","Amended Neighborhood Plan","07/30/2012","Closed","4","","","0219150203","The applicant is requesting a plan amendment to change the land use from civic to mixed use.","30.30546316","-97.70159747"
"C17-2019-0062","1301 Lavaca Capital View Corridor Determination","Capital View Corridor Height","03/25/2019","Approved","9","CS-MU-CO-Np Gen. Commercial-Mixed Use-Con. Overlay-Nbrhd Plan Comb dist","CS - GENERAL COMMERCIAL","0210022509","Capital View Corridor","30.27595357","-97.74230977"
"NPA-2022-0007.01","10810 Newmont Road","Amended Neighborhood Plan","02/24/2022","Closed","4","MF-4-NP","SF-2-NP","0246180701","The applicant is proposing to amend a previously approved neighborhood plan.","30.37958222","-97.69246253"
"NPA-2017-0016.02","Flats on Shady","Amended Neighborhood Plan","07/26/2017","Scheduled for Hearing","3","","","0204190404","The applicant proposes to change the FLUM from Single Family to Multifamily land use","30.26187584","-97.69172805"
"NPA-2016-0005.03","2509 Montopolis Drive","Amended Neighborhood Plan","07/25/2016","Closed","3","CS-MU-CO-NP","CS-NP","0312130103","The applicant is proposing an amendment to the Montopolis Neighborhood Plan with associated improvements.
** Scheduled for Jan 10, 2017 PC and Jan 26, 2017 CC hrngs** M. Meredith","30.21885720","-97.70682640"
"NPA-2010-0012.01","2001 & 2005 Chicon Street","Amended Neighborhood Plan","07/23/2010","Closed","1","LO - LIMITED OFFICE","SF-3 - FAMILY RESIDENCE","0211091314","The applicant is proposing to amend the Upper Boggy Creek Neighborhood Plan","30.28111414","-97.72122127"
"C814-96-0003.11","Pioneer Crossing PUD","Planned Unit Development (PUD)","04/02/2013","Expired","1","PUD - PLANNED UNIT DEVELOPMENT","PUD - PLANNED UNIT DEVELOPMENT","0242310108","The applicant is proposing to amend the existing PUD","30.38214042","-97.64310729"
"NPA-2025-0025.03","Lantana Tract 34","Amended Neighborhood Plan","08/08/2025","Scheduled for Council Hearing","8","GR-NP","GO-NP","0402360308","The applicant proposes to amend a previously approved neighborhood plan.","30.24908287","-97.86726870"
"NP-2011-0029","St. John/Coronado Hills Combined Neighborhood Plan","New Neighborhood Plan","12/09/2008","Closed","","","","","This combined neighborhood plan is comprised of the St. John and Coronado Hills Neighborhood Planning Areas.","",""
"NPA-2025-0019.01.SH","Waverly North","Amended Neighborhood Plan","03/03/2025","Closed","9","","SF-3-H-NCCD-NP","0218040201","The applicant is requesting an NPA.","30.30063864","-97.73528250"
"NPA-2019-0016.01","Shady Lane Mixed Use","Amended Neighborhood Plan","07/23/2019","Closed","3","","","","NPA","30.25747021","-97.69495343"
"NPA-2024-0015.03","Cherrylawn Rezoning NPA","Amended Neighborhood Plan","08/09/2024","Withdrawn","1","GO-MU-NP","SF-3-NP","0221221203","The applicant is requesting an NPA.","30.30710148","-97.67556010"
"C814-06-0054","PROMINENT POINT II","Planned Unit Development (PUD)","03/16/2006","Closed","","PUD","","","","",""
"NPA-2013-0011.01","4805 Harmon Avenue","Amended Neighborhood Plan","02/21/2013","Closed","9","SF-4A-NP - SINGLE FAMILY SMALL LOT","LO-CO-NP - LIMITED OFFICE","0220110968","The applicant is proposing a FLUM change to the North Loop Neighborhood plan.","30.30724326","-97.71371157"
"C814-2008-0145","Park PUD, The","Planned Unit Development (PUD)","07/02/2008","Closed","9","PUD - PLANNED UNIT DEVELOPMENT","CS-1-NP - LIQUOR SALES","0102010317","The applicant is requesting to rezone property from CS-1-NP to PUD-NP.","30.25891009","-97.75254744"
"NPA-2022-0015.01","Tracor Lane NPA","Amended Neighborhood Plan","07/19/2022","Withdrawn","1","","","0211260203","The applicant is proposing to amend FLUM from Industry to Mixed -Use.","30.27802459","-97.66154606"
"NPA-2021-0016.01.SH","Libertad","Amended Neighborhood Plan","02/24/2021","Closed","3","GR-MU-NP","P-NP","0201200102","The applicant is proposing to amend a previously approved neighborhood plan.","30.25407160","-97.68672687"
"C17-2016-0129","721 Congress Capital View Height Determination","Capital View Corridor Height","11/17/2016","Recommended for Approval","9","CBD - CENTRAL BUSINESS DISTRICT","CBD - CENTRAL BUSINESS DISTRICT","0206030816","The appplicant proposes to check a capital view corridor.","30.26966700","-97.74180042"
"C14-2019-0055","Austin FC","Planned Development Agreement (PDA)","03/08/2019","Closed","7","LI-PDA-NP - Limited Industrial Services-Planned Development Area-Neighborhood Plan","LI-NP - Limited Industrial Services-Neighborhood Plan; NBG-NP - North Burnet Gateway-Neighborhood Plan","0252080709","The Applicant proposes to rezone 23.56 acres from LI-NP & 0.60 acres from NBG-NP to LI-PDA-NP.","30.39033878","-97.72187897"
"NPA-2025-0020.01","NPAs for the South Congress Transit Center Station Area Vision Plan","Amended Neighborhood Plan","02/03/2025","Closed","3","","","0412061301","The City of Austin Planning Department is proposing to amend a previously approved neighborhood plan.","30.21657384","-97.76936384"
"NPA-2020-0016.05","5th and Springdale","Amended Neighborhood Plan","07/31/2020","Withdrawn","3","","","0201150122","The applicant is proposing to amend previously approved neighborhood plan.","30.25355794","-97.70184635"
"NPA-2009-0012.02","Archways","Amended Neighborhood Plan","07/29/2009","Closed","9","LR-MU-CO-NP Neighborhood Commercial-Neighborhood Plan Combining district","LO-MU-CO-NP - LIMITED OFFICE","0213110131","The applicant is proposing to Amend the neighborhood plan for Upper Boggy Creek","30.28501482","-97.71626700"
"C14-2021-0113","300 & 301 Pressler and 1505 W. 3rd Street - Parcel 3","Planned Development Agreement (PDA)","06/23/2021","Closed","9","LI-PDA-NP, limited industrial services - planned development area - neighborhood plan","LI-CO-NP, limited industrial services - conditional overlay - neighborhood plan","0107030104","The Applicant is proposing to rezone approximately 0.947 acres from LI-CO-NP to LI-PDA-NP","30.27243504","-97.76357402"
"NPA-2023-0015.04","Heflin Housing FLUM Amendment","Amended Neighborhood Plan","09/29/2023","Scheduled for Council Hearing","1","MF-3-NP","SF-3-NP","0212230115","The applicant is proposing an NPA to change the land use from Single Family to Multifamily. 

Related case:  C14-2023-0117","30.28341671","-97.67762248"
"NPA-2021-0016.02.SH","Rogers Neighborhood","Amended Neighborhood Plan","06/01/2021","Withdrawn","3","SF-6-NP","SF-3-NP","0205150445","The applicant is proposing a change to a previously approved neighborhood plan.","30.26363910","-97.70310508"
"NPA-2021-0029.01.SH","1021 E ST JOHNS AVENUE","Amended Neighborhood Plan","01/11/2021","Closed","4","SF-4A-NP","SF-3-NP","0229160901","The applicant is requesting to amend a previously approved neighborhood plan.","30.32953157","-97.69744380"
"NPA-2015-0002.02","901 Spence St. Austin, 78702","Amended Neighborhood Plan","07/31/2015","Closed","3","GO-MU-NP","SF-3-NP","0203041701","The applicant is proposing to amend the East Cesar Chavez Neighborhood Plan.
**Scheduled for 11/10/15 PC and 12/10/15** - M. Meredith","30.25882498","-97.73622230"
"C17-2018-0049","1212 Rio Grande Capital View Corridor Determination","Capital View Corridor Height","05/07/2018","Approved","9","CBD","CBD - CENTRAL BUSINESS DISTRICT","0210001001","The applicant proposes to get a Capital Dominance Determination.","30.27652841","-97.74762109"
"C17-2021-0178","901 S CONGRESS AVENUE","Capital View Corridor Height","10/15/2021","Approved","9","1","1","0201011501","The applicant is requesting a Capitol View Corridor Determination.","30.25494215","-97.74738560"
"NPA-03-0002.01","AJ PERFORMANCE MINOR AUTO REPAIR","Amended Neighborhood Plan","07/18/2003","Denied","3","GR","","0204051201","","30.26212692","-97.73372079"
"C814-04-0055.02","RMMA PUD (Mueller)","Planned Unit Development (PUD)","10/09/2008","Closed","","PUD","PUD - PLANNED UNIT DEVELOPMENT","","The applicant is requesting a PUD Amendment to the RMMA PUD.","",""
"C17-2018-0045","2226-1/2 STRATFORD DRIVE","Capital View Corridor Height","05/01/2018","Approved","8","P - PUBLIC","P - PUBLIC","0107060201","The applicant is requesting Capital View Corridor determination.","30.26942380","-97.77032080"
"C17-2019-0036","1501 E. Cesar Chavez CVC","Capital View Corridor Height","02/08/2019","Approved","3","CBD","CBD","0202051308","The applicant proposes to get a general Capital View Corridor determination.","30.25846579","-97.72909556"
"NPA-2023-0023.04","5810 BERKMAN DRIVE","Amended Neighborhood Plan","12/05/2023","Scheduled for Council Hearing","4","GR-MU-CO-NP","LO-MU-CO-NP","0222170310","The applicant is proposing to amend a previously approved Neighborhood Plan.","30.31233531","-97.69392249"
"NPA-2019-0015.02","Pecan Springs Residential - Neighborhood Plan Amendment","Amended Neighborhood Plan","12/05/2019","Closed","1","SF-6 - TOWNHOUSE and CONDOMINIUM RESIDENCE-Neighborhood Plan Combining District","SF-3-NP - FAMILY RESIDENCE-Neighborhood Plan Combining District","0215210101","The Applicant proposes an amendment to an existing Neighborhood Plan.","30.29052678","-97.68016195"
"C17-2013-0008","Capital View Corridor Height for 605 W. 4th Street","Capital View Corridor Height","07/23/2013","Closed","9","CBD - CENTRAL BUSINESS DISTRICT","CBD - CENTRAL BUSINESS DISTRICT","0107001702","The applicant is proposing a Capital View Corridor Height for 605 W. 4th Street","30.26770700","-97.74988520"
"NPA-05-0018.01","WIRELESS TOYZ -- CITY INITIATED","Amended Neighborhood Plan","06/16/2005","Closed","7","","","0228070101","","30.32651848","-97.72656438"
"NPA-2019-0028.01","Wonderspaces","Amended Neighborhood Plan","07/30/2019","Closed","4","CS-1-NP","LI-NP","0235210501","The applicant is proposing an amendment to a previously approved Neighborhood Plan.","30.34347398","-97.68520000"
"C814-2012-0160.01","211 South Lamar","Planned Unit Development (PUD)","11/20/2018","Closed","9","PUD, to change conditions of zoning","PUD","0105021401","The Applicant is proposing an amendment to a previously approved Planned Unit Development.","30.26408412","-97.75668011"
"NPA-03-0014.03","COLORADO CROSSING - SE NP AMENDMENT","Amended Neighborhood Plan","07/31/2003","Closed","2","","","0318130801","","30.20219021","-97.70549053"
"C14-2020-0006","7700 Parmer","Planned Development Agreement (PDA)","01/15/2020","Closed","6","LI-PDA, to add retail shopping center, hotel, restaurant and multifamily as permitted uses","LI-PDA","R379614","The Applicant is proposing to rezone 128.847 acres from / to LI-PDA, to add retail shopping center, hotel, restaurant and multifamily residential as permitted uses.","30.46105192","-97.74658105"
"NPA-2015-0007.01","8130 North Lamar","Amended Neighborhood Plan","02/25/2015","Closed","4","CS-MU-NP","CS-NP","0236120303","The applicant is proposing to amend North Austin Civic Association Neighborhood Plan. 
Scheduled for July 14, 2015 PC and August 13, 2015 CC hearings.","30.35070172","-97.71034634"
"C14-2021-0157","6600, 6702, 6704 & 6706 Regiene Road","Planned Development Agreement (PDA)","09/03/2021","Closed","1","LI-PDA-NP,  limited industrial services - planned development area - neighborhood plan","LI-NP, limited industrial services - neighborhood plan","0205261201","The Applicant is proposing to rezone approximately 4.26 acres from LI-NP to LI-PDA-NP.","30.26496314","-97.66908095"
"NPA-2011-0005.03","East Riverside Corridor Regulating Plan- Montopolis NPA","Amended Neighborhood Plan","12/08/2011","Closed","","","","","The applicant is proposing a Neighborhood Plan Amendment.
CASE EXPIRED per 25-1-807(A)","",""
"C814-2008-0087","South Shore District PUD","Planned Unit Development (PUD)","04/11/2008","Closed","","PUD - PLANNED UNIT DEVELOPMENT","MF-3/LR/MF-3-NP, CS-1-NP/GR-NP, LR-NP","0302070101","The applicant is rezoning from MF-3/MF-3-NP, CS-1NP/GR-NP, GR-NP, LR-NP/MF-3/MF-3/MF-3-NP to PUD","30.24474506","-97.72872512"
"C814-86-009.12","The Terrace PUD Revision # 12","Planned Unit Development (PUD)","12/07/2007","Approved","8","PUD - PLANNED UNIT DEVELOPMENT","PUD - PLANNED UNIT DEVELOPMENT","0401150605","The applicant proposes revisions to existing PUD. (Rev 12)","30.24753377","-97.80156632"
"NPA-2020-0021.02","1100 Manlove Street NPA","Amended Neighborhood Plan","07/21/2020","Closed","9","","","0302060220","NPA
Associated Zoning - C14-2020-0081","30.24667773","-97.73396564"
"C17-2007-0093","Capital View Corridor for 1304 Lavaca Street","Capital View Corridor Height","08/24/2007","Approved","9","DMU - DOWNTOWN MIXED USE","DMU - DOWNTOWN MIXED USE","0210021916","The applicant is requesting a capital view corridor height determination.","30.27635139","-97.74253358"
"NPA-06-0009.02","LOS ABOGADOS GUEROS","Amended Neighborhood Plan","07/28/2006","Closed","1","","SF-3","0205070209","","30.26540774","-97.72923465"
"NPA-2020-0014.02","7800 Burleson Plan Amendment","Amended Neighborhood Plan","07/31/2020","Closed","2","","","0322180120","The Applicant is proposing a neighborhood plan amendment on 15.152 acres from Industry to Mixed Use land use.","30.18969187","-97.69515477"
"C17-2008-0120","Capital View Corridor Height Determination for 715 Red River","Capital View Corridor Height","05/27/2008","Approved","9","DMU - DOWNTOWN MIXED USE","DMU - DOWNTOWN MIXED USE","0206041201","The applicant is requesting a Capital View Corridor Height Determination.","30.26786591","-97.73624999"
"C17-2018-0200","608 W 5TH STREET","Capital View Corridor Height","02/15/2018","Aborted","9","CS-MU-CO-Np Gen. Commercial-Mixed Use-Con. Overlay-Nbrhd Plan Comb dist","CS - GENERAL COMMERCIAL","0107001106","The applicant is proposing a capital view corridor elevation determination.","30.26917381","-97.74924709"
"NPA-2012-0021.02","East Riverside Corridor Regulating Plan (EROC NPA)","Amended Neighborhood Plan","09/04/2012","Closed","3","999 - SEE COMMENTS","999 - SEE COMMENTS","0302060137","The applicant is requesting an NPA to change the use from various to Specific Regulating District.","30.24772328","-97.73303783"
"C14-2021-0080","Techridge 2","Planned Development Agreement (PDA)","04/19/2021","Closed","7","LI-PDA, limited industrial services - planned development area, to include additional land area and remove the unit cap for multifamily residence use","LI-PDA, limited industrial services - planned development area","0260260403","The Applicant is proposing to an amendment to LI-PDA zoning, to include additional land area and remove the unit cap for multifamily residences.","30.41191337","-97.66443245"
"C17-2007-0197","Capital View corridor 510 Guadalupe Street","Capital View Corridor Height","10/11/2007","Approved","9","n/a","n/a","0206010812","The applicant is requesting a capital view corridor for 510 Guadalupe Street.","30.26876445","-97.74667886"
"C17-2017-0093","600 East 6th Capital View Corridor Determination.","Capital View Corridor Height","07/24/2017","Approved","9","CBD","CBD","0206041117","The Applicant would like to determine height to the capital view corridor on this address.","30.26658149","-97.73692775"
"NPA-2024-0018.02","6817 & 6901 N Lamar","Amended Neighborhood Plan","04/09/2024","Closed","4","","","0231090605","The applicant is requesting an NPA.","30.33612775","-97.71951612"
"NPA-2025-0018.01","NPAs for the North Lamar Transit Center Station Area Vision Plan","Amended Neighborhood Plan","02/03/2025","Closed","4","","","0234110813","The City of Austin Planning Department is proposing to amend a previously approved neighborhood plan.","30.34349989","-97.71216255"
"C814-2007-0009","WEST 71 OFFICE PARK PUD","Planned Unit Development (PUD)","03/07/2007","Closed","8","PUD - PLANNED UNIT DEVELOPMENT","RR - RURAL RESIDENCE","0402440213","THE APPLICANT IS PROPOSING PUD ZONING FOR 8.9 ACRES","30.24855952","-97.89008620"
"C814-00-2063.06","Wildhorse PUD","Planned Unit Development (PUD)","06/09/2014","Closed","1","CH","PUD - PLANNED UNIT DEVELOPMENT","0234500520","The applicant is proposing an amendment to a previously approved PUD.","30.34144196","-97.57958831"
"C17-2017-0142","702 E. 3rd street CVC","Capital View Corridor Height","11/08/2017","Approved","9","CBD","CBD","0204041810","The applicant proposes to obtain a general Capital view height determination.","30.26364648","-97.73609418"
"C17-06-0025","CAPITOL VIEW FOR 1400 LAVACA","Capital View Corridor Height","12/20/2006","Approved","9","","","0210022012","","30.27701073","-97.74249688"
"","1007 Chicon St.","Capital View Corridor Height","05/17/2022","VOID","1","SF-3","SF-3","0205080601","************VOIDED PER APPLICANT*******************","30.26545223","-97.72061210"
"NPA-2025-0020.03","4811 SOCO","Amended Neighborhood Plan","03/13/2025","Closed","3","","","0414050103","The applicant is requesting an NPA.","30.21223442","-97.76952969"
"NPA-2011-0025.01","Covered Bridge- Oak Hill Neighborhood Plan Amendment","Amended Neighborhood Plan","01/06/2011","Closed","8","","MF-1 - NP","0402480330","The applicant is requesting a future land use map change from Higher Density Single Family to Multi-Family.","30.24770862","-97.89638306"
"C17-2021-0163","801 Red River","Capital View Corridor Height","09/20/2021","Approved","9","1","1","0206041311","The applicant request capital view corridor determination.","30.26859844","-97.73616058"
"NPA-2011-0010.01","Holly Plan Amendment- Canterbury St.","Amended Neighborhood Plan","12/16/2011","Closed","3","SF-3-NP - Family Residence-Neighborhood Plan Combining district","P-NP Public-Neighborhood Plan Combining district","0200101601","The applicant is proposing a neighborhood plan amendment.","30.25188557","-97.71620501"
"NPA-2008-0019.02","Kirby Hall School Off-Site Parking","Amended Neighborhood Plan","02/29/2008","Closed","9","CG-NCCD-NP","MF-3-NCCD-NP - MULTI FAMILY MEDIUM","0216041903","The applicant is proposing to Amend the West University Neighborhood Plan including change in the FLUM (Future Land Use Map), Change of Plan Text and changing the Base District Zoning.
Case closed--A","30.29477317","-97.74103755"
"NPA-2022-0015.02","Ledesma Rd Residential","Amended Neighborhood Plan","07/26/2022","Withdrawn","3","","","0207200417","The applicant is proposing to amend previously approved Neighborhood Plan","30.27061014","-97.68369419"
"C17-2011-0164","702 East 3rd Street-Capitol View Corridor","Capital View Corridor Height","12/01/2011","Approved","9","CBD - CENTRAL BUSINESS DISTRICT","CBD - CENTRAL BUSINESS DISTRICT","0204041810","","30.26336306","-97.73649469"
"NPA-2018-0005.02.SH","Mary Vice Estates PUD Lot 27 Amendment","Amended Neighborhood Plan","07/31/2018","Closed","3","MU","","0305160423","The applicant is proposing a change to the Montopolis Neighborhood plan. 

Related case:  C814-97-0002.01","30.23420367","-97.69703024"
"NPA-2008-0014.01","Ben White/IH-35 Bioretention/Extended Detention Pond","Amended Neighborhood Plan","05/06/2008","Closed","2","P-CO-NP Public-Neighborhood Plan Combining district","GR-CO-NP - COMMUNITY COMMERCIAL","0423080123","The applicant is proposing FLUM and Text Change to Southeast Combined Neighborhood Plan.","30.20320265","-97.75926016"
"C14-2023-0109","4323 S Congress Avenue","Planned Development Agreement (PDA)","09/06/2023","Closed","3","LI-PDA-NP","LI-PDA-NP","0412040901","The applicant is proposing to amend a previously approved PDA.","30.21845282","-97.76444885"
"NPA-2021-0005.02","Montopolis Multifamily","Amended Neighborhood Plan","07/27/2021","Scheduled for Hearing","3","","","0315110220","The applicant is proposing to amend a previous neighborhood plan.","30.21450027","-97.70613734"
"NPA-2020-0015.03","6501 and 6705 Regiene Road","Amended Neighborhood Plan","07/31/2020","Closed","1","","","0205261301","The applicant is proposing to amend a previously approved neighborhood plan.","30.26562178","-97.67046642"
"C17-2020-0129","835 W 6TH STREET","Capital View Corridor Height","11/04/2020","Approved","9","Downtown","Downtown","0107000919","The applicant is requesting a capital view corridor determination.","30.27061687","-97.75206971"
"NPA-2012-0019.01","West 34th Street Redevelopment","Amended Neighborhood Plan","02/29/2012","Withdrawn","9","GO - GENERAL OFFICE","LO-CO-NP","0218031411","The applicant is requesting a neighborhood plan amendment to change the use from Single Family to Mixed Use Office.","30.30068943","-97.74349989"
"C17-2020-0028","Block 87 711 Trinity St.","Capital View Corridor Height","03/03/2020","Approved","9","CBD - CENTRAL BUSINESS DISTRICT","CBD - CENTRAL BUSINESS DISTRICT","0206040301","The applicant is requesting a Capital View Corridor Height Determination.","30.26862042","-97.73860294"
"NPA-2012-0013.02","900 S. 1st Street","Amended Neighborhood Plan","02/28/2012","Approved","9","SF-6 -NP  TOWNHOME, CONDO","SF-3-NP - Family Residence-Neighborhood Plan Combining district","0102011701","The applicant is requesting a NPA from Single Family to Higher Density Single Family land use.

**NOTE:  Case Expired**","30.25432085","-97.75396584"
"C814-99-0001.05","AVERY RANCH PUD AMENDMENT #5","Planned Unit Development (PUD)","10/21/2005","Closed","6","PUD","","R476790","","30.50351368","-97.77128835"
"C14-2023-0046","600 Industrial Blvd.","Planned Development Agreement (PDA)","03/15/2023","Closed","3","LI-PDA-NP, limited industrial services - planned development area - neighborhood plan, to change conditions of zoning, including the maximum height and maximum number of units","LI-PDA-NP, limited industrial services - planned development area - neighborhood plan","0412030109","The Applicant is proposing to amend LI-PDA-NP zoning, to change conditions of zoning, including the maximum height and maximum number of units on 4.262 acres.","30.21759917","-97.75891768"
"C814-88-0001(RCA)","DAVENPORT RANCH WEST P.U.D.","Planned Unit Development (PUD)","08/06/2001","Closed","8","","","0127190302","","30.32579585","-97.80976572"
"C17-2020-0140","500 East 6th Street","Capital View Corridor Height","12/02/2020","Approved","9","1","1","0206040611","The applicant is requesting a general CVC determination.","30.26704861","-97.73799247"
"C17-2014-0012","Capital View Height Determination for 301&1/2 N Lamar Blvd","Capital View Corridor Height","05/16/2014","In Review","9","GR-MU","GR-MU","0107001215","The applicant is proposing a Capital View Corridor Height for 301 N. Lamar Blvd","30.26912232","-97.75474591"
"C17-2023-0102","510 W 11TH STREET","Capital View Corridor Height","08/21/2023","Approved","9","CS - GENERAL COMMERCIAL","CS - GENERAL COMMERCIAL","0208010411","The applicant is requesting a capital view corridor determination.","30.27456420","-97.74596259"
"NPA-2019-0020.02","Go-Go Mobile Home Park/City Initiated FLUM Change","Amended Neighborhood Plan","01/16/2019","Closed","3","","","0414050103","The Applicant is proposing to change a previously established neighborhood plan. 

Related Rezoning Case:  C14-2019-0025","30.21223442","-97.76952969"
"C14-2022-0029","RedLeaf Highland - Tract 5","Planned Development Agreement (PDA)","02/08/2022","Closed","4","LI-PDA-NP, limited industrial services - planned development area - neighborhood plan","CS-MU-V-NP, general commercial services - mixed use - vertical mixed use building - neighborhood plan","0228130212","The Applicant is proposing to rezone approximately 5.81 acres from CS-MU-V-NP to LI-PDA-NP.","30.32735640","-97.71047055"
"NPA-2016-0005.04","500 Montopolis Drive","Amended Neighborhood Plan","07/27/2016","Closed","3","","SF-3-NP","0303170204","The applicant is requesting to amend the Montopolis Neighborhood Plan from Single Family to Mixed Use.
**Scheduled for Aug 8, 2017 PC hearing and Aug 31 CC date.** (M. Meredith_7/11/17) Needs new not","30.24053819","-97.69424717"
"NPA-2016-0016.01","3212 E Cesar Chavez","Amended Neighborhood Plan","07/25/2016","Withdrawn","3","MF-6 - MULTIFAMILY/VERY HIGH DENSITY","CS-CO-NP,LI-CO-NP","0200130333","The applicant proposes to amend a neighborhood plan from comercial to mixed use.
**Scheduled Dec 13, 2016 PC and Jan 26, 2017 CC hrng dates** - M. Meredith
Submited amended application on 4/25/2017:","30.25216666","-97.70776412"
"NPA-2015-0027.01","1506 W 34th St","Amended Neighborhood Plan","02/25/2015","Withdrawn","10","","","0119001111","The applicant is proposing to amend th Central West Combined Neighborhood Plan.","30.30579800","-97.75037430"
"NPA-2008-0022.01","Neighborhood Plan Amendment for 211, 301, 303 Woodward","Amended Neighborhood Plan","02/14/2008","Withdrawn","3","MF-3 - MULTI FAMILY MEDIUM","SF-3-NP - Family Residence-Neighborhood Plan Combining district","0408020601","The applicant is requesting a neighborhood plan amendment-Change in Future Lane Use Designation.","30.22819654","-97.75784340"
"C814-04-0055.01","TRACT TC-2, MUELLER PLANNED UNIT DEVELOPMENT","Planned Unit Development (PUD)","02/12/2007","Closed","","","PUD","","","",""
"NPA-2014-0015.01","City School (6005 Wilcab Road)","Amended Neighborhood Plan","07/31/2014","Closed","1","CS-NP","LI-NP","0209230466","The applicant is proposing to amend the East MLK Combined Neighborhood Plan. 

NOTE: Case withdrawn by Applicant on 03-06-2015.","30.27334942","-97.67373254"
"C17-2021-0085","901 TRINITY STREET","Capital View Corridor Height","04/16/2021","Approved","9","","","0206042001","The applicant is requesting a CVC Determination.","30.27027988","-97.73756656"
"C17-2022-0061","901 LAVACA STREET","Capital View Corridor Height","04/13/2022","Approved","9","Unknown","Unknown","0208011701","The applicant is requesting a Capital View Corridor Elevation Determination.","30.27173592","-97.74373796"
"C17-05-0013","CAPITOL VIEW DETERMINATION FOR 904 E. 11TH STREET","Capital View Corridor Height","09/15/2005","Approved","1","","","0208061613","","30.27007476","-97.73111449"
"NPA-2023-0015.01","FM 969","Amended Neighborhood Plan","07/25/2023","Closed","1","","","0213280918","The applicant is proposing an NPA.","30.28560099","-97.66057892"
"C17-06-0019","700 WEST 5TH STREET","Capital View Corridor Height","09/21/2006","Approved","9","","","0107001007","","30.26928663","-97.75006790"
"C814-88-0001.11","Davenport West PUD","Planned Unit Development (PUD)","09/22/2014","Closed","10","PUD - PLANNED UNIT DEVELOPMENT","PUD - PLANNED UNIT DEVELOPMENT","0131150702","The applicant is requesting to amend 12.13 acres. NOTE: Case # change from C814-2014-0160 to C814-88-0001.11
***This case was administratively approved on November 5, 2014. Please see the Zoning Chan","30.33531967","-97.80736856"
"NPA-06-0007.02","PARKFIELD-4186","Amended Neighborhood Plan","02/28/2006","Closed","4","","GR","0243131109","NP-06-0007.02_0  has been changed to  NPA-06-0007.02_0  on  01-mar-2006 07:23:36 by SHARI PAPE.","30.36790421","-97.70626259"
"NPA-2018-0026.02","Powell Lane Apartments","Amended Neighborhood Plan","02/28/2018","Closed","4","","","0235160128","The applicant is proposing to amend an adopted neighborhood plan.","30.34534950","-97.69907596"
"NPA-2021-0007.01","10807 Newmont Rd.","Amended Neighborhood Plan","04/06/2021","Closed","4","CS-MU-NP","SF-2-NP","0246180512","The applicant is proposing to amend a previously approved neighborhood plan.","30.37919609","-97.69214319"
"C17-2025-0118","1109,1115,1119 E. 4th Street","Capital View Corridor Height","12/16/2025","Approved","3","1","1","","The applicant is requesting a Capital View Corridor Height Determination.","",""
"NPA-2014-0016.01","2nd and Broadway","Amended Neighborhood Plan","07/10/2014","Closed","3","GR-MU-NP - COMMUNITY COMMERCIAL","SF-3-NP - Family Residence-Neighborhood Plan Combining district","0200121401","The applicant is proposing to amend the Govalle/Johnson Terrace neighborhood plan.","30.25384511","-97.71102279"
"NPA-2015-0025.01","5526 W US 290","Amended Neighborhood Plan","02/27/2015","Withdrawn","8","MF","GR-CO-NP","0406280705","The applicant is proposing to amend Oak Hill Combined Neighborhood Plan (East).","30.23726075","-97.84362710"
"C814-2018-0122.01","Circuit of the Americas PUD Amendment 1","Planned Unit Development (PUD)","07/20/2023","Closed","2","PUD, planned unit development, to modify the site development regulations to allow for roller coaster structures to be a maximum height of 260 feet for a proposed Outdoor Entertainment use within portions of PUD Areas 5 and 6, on 22.216 acres","PUD, planned unit development","0348310226","The Applicant is proposing the 1st amendment to the PUD to modify the site development regulations to allow for roller coaster structures to be a maximum height of 260 feet for a proposed Outdoor Ente","30.13348882","-97.64141692"
"NPA-2007-0012.05","4701 N. IH-35","Amended Neighborhood Plan","07/31/2007","Closed","9","GR-MU-NP - COMMUNITY COMMERCIAL","SF-3-NP - Family Residence-Neighborhood Plan Combining district","0219120244","The applicant is proposing to amend the Upper Boggy Creek Neighborhood Plan.","30.30508184","-97.71251818"
"NPA-2016-0016.02","Red Bluff Mixed Use Development","Amended Neighborhood Plan","07/26/2016","Withdrawn","3","CS-MU-CO-NP","LI-CO-NP","0200160403","The applicant is proposing an NPA for the Govalle/Johnson Terrace Combined Neighborhood Plan.
**Scheduled for Aug 8, 2017 PC date and Sept. 28, 2017 CC date.** (M. Meredith, 7/10/17)","30.25096892","-97.69685129"
"C17-00-2004","1001 CONGRESS CAPITOL VIEW CORRIDOR","Capital View Corridor Height","04/03/2000","Closed","9","","","0208030401","","30.27184808","-97.74098773"
"NPA-2020-0016.04","712 & 714 Pedernales St and 2409 Coronado St","Amended Neighborhood Plan","07/31/2020","Closed","3","","","0204100903","The applicant is proposing to amend a previously approved neighborhood plan.","30.26167603","-97.71374397"
"C17-2021-0102","503 W 14th Street CVC","Capital View Corridor Height","06/17/2021","Approved","9","GO - GENERAL OFFICE","GO - GENERAL OFFICE","0210020704","Capitol View Corridor Height Determination","30.27721440","-97.74495358"
"NPA-2016-0005.02","Montopolis - Ben White FLUM Amendment","Amended Neighborhood Plan","07/12/2016","Withdrawn","3","CS-MU-NP","LI-NP","0315110220","The applicant is proposing an amendment to the Montopolis Neighborhood Plan with associated improvements.
**Scheduled for June 27, 2017 PC and Aug 3, 2017 CC hearings** M. Meredith 6/1/2017","30.21450027","-97.70613734"
"C17-04-0007","501 E. 10TH STREET","Capital View Corridor Height","11/08/2004","Approved","9","","","0206040903","","30.27028429","-97.73669825"
"NPA-2010-0021.01","Roy G. Guerrero Colorado River Park","Amended Neighborhood Plan","07/27/2010","Closed","3","P-NP","GO-MU-CO-NP, RR-CO-NP","0307110128","The applicant is requesting a neighborhood plan amendment.","30.23752917","-97.70253018"
"C17-2007-0261","Capital View Determination for 705 E. 12th St.","Capital View Corridor Height","12/17/2007","Approved","9","CS - GENERAL COMMERCIAL","CS - GENERAL COMMERCIAL","0208051401","The applicant is applying for a Capital View Determination","30.27152904","-97.73352148"
"C14-2022-0167","Parmer Field","Planned Development Agreement (PDA)","11/22/2022","Closed","7","LI-PDA, limited industrial services - planned development area, to add outdoor entertainment as a permitted use of the property","LI-PDA, limited industrial services - planned development area","0258301603","The Applicant proposes to amend Ordinance No. 980430-P, Exhibit I, Section 2.A of the Dell PDA to add outdoor entertainment as a permitted use of the property.","30.40752794","-97.65354934"
"NPA-2012-0013.01","Polvo's Parking Offsite","Amended Neighborhood Plan","02/17/2012","Closed","3","NO-MU-NP - NEIGHBOORHOOD OFFICE","SF-3-NP - Family Residence-Neighborhood Plan Combining district","0401021009","The applicant is requesting a future land use map change from Single - Family to Mixed-Use.","30.24560581","-97.75755647"
"C17-2007-0061","702 San Antonio Street","Capital View Corridor Height","05/02/2007","Approved","9","GO -H GENERAL OFFICE","GO-H","0206010504","Capitol View Corridor Determination.","30.27059211","-97.74715904"
"C17-01-0002","COUNTRY STORE GALLERY","Capital View Corridor Height","01/25/2001","Closed","9","","","0210021916","","30.27635139","-97.74253358"
"C14-2024-0159","Research Park PDA Amendment","Planned Development Agreement (PDA)","10/22/2024","Closed","6","LI-PDA","Li","0166030310","The applicant is requesting a PDA to C14-2021-0012.","30.43477453","-97.75443047"
"NPA-2019-0012.02","3201 & 3203 Merrie Lynn","Amended Neighborhood Plan","07/31/2019","Closed","9","","","0214120701","The applicant is proposing to amend a previously approved neighborhood plan.","30.28560248","-97.71191571"
"C814-2008-0165","East Riverside PUD","Planned Unit Development (PUD)","07/29/2008","Closed","9","PUD - PLANNED UNIT DEVELOPMENT","L-V-NP, L-NP","0201011108","The applicant is proposing to rezone approximately 6.88 acres from L-V-NP, L-NP to PUD.","30.25542233","-97.74312684"
"C814-2009-0099","West Park P.U.D.","Planned Unit Development (PUD)","08/19/2009","Withdrawn","8","PUD - PLANNED UNIT DEVELOPMENT","PUD - PLANNED UNIT DEVELOPMENT/GR-CO","","The applicant is proposing to change zoning from PUD,  PUD/GR-CO to PUD.","",""
"NPA-2020-0027.01","Twin Liquors-Maudies","Amended Neighborhood Plan","09/10/2020","Closed","10","","","0111071007","The applicant is proposing to amend a previously approved neighborhood plan.","30.28258552","-97.77520965"
"C814-06-0109.03","Lakeshore PUD Amendment","Planned Unit Development (PUD)","08/25/2023","Closed","3","PUD-NP","PUD-NP","0302070221","The Applicant is proposing to amend a previously approved Planned Unit Development","30.24305476","-97.72499718"
"NPA-2013-0019.01","Commordore Perry Estate","Amended Neighborhood Plan","02/26/2013","Closed","9","","SF-3-CO-NP - Family Residence-Neighborhood Plan Combining district","0219081201","The applicant is proposing to Amend the Central Austin Combined Neighborhood Plan.  FLUM change from Civic to Mixed Use & Higher Density Single Family","30.30137243","-97.72482834"
"C17-04-0006","900 RED RIVER STREET (CAPITOL VIEW)","Capital View Corridor Height","11/08/2004","Approved","9","","","0206040908","","30.26968892","-97.73636255"
"NPA-2022-0010.01","2615 - 2617 East 6th Street","Amended Neighborhood Plan","07/28/2022","Closed","3","","","0203110108","The applicant is proposing to amend a previously approved neighborhood plan.

Related case:  C14-2022-0112","30.25817154","-97.71291076"
"C14-96-0007.01","Samsung Austin Semiconductor, LLC","Planned Development Agreement (PDA)","01/17/2019","Closed","1","LI-PDA, to increase the building height","LI- PDA","0242310231","The Applicant is proposing an amendment to Ordinance No. 960229-L to increase the building height.","30.37443568","-97.63540030"
"NPA-2020-0016.03","1135 Gunter St.","Amended Neighborhood Plan","07/20/2020","Closed","3","","","0206150218","The applicant is proposing to amend a previously approved neighborhood plan.","30.26731760","-97.69754549"
"C17-2009-0147","Capital View Corridor Height for 403 E. 15th Street","Capital View Corridor Height","11/13/2009","Approved","9","P-NP Public-Neighborhood Plan Combining district","P-NP Public-Neighborhood Plan Combining district","0209050111","","30.27559799","-97.73575045"
"C12M-2010-0006","Pilot Knob Municipal Utility District No. 4 (MUD 4)","Municipal Utility District (MUD)","10/18/2010","Approved","2","N/A","","0348110409","The applicant is proposing to create a mud.","30.13225580","-97.71735520"
"C14-2022-0027","Redleaf Highland - Tract 12","Planned Development Agreement (PDA)","02/08/2022","Closed","4","LI-PDA-NP, limited industrial services - planned development area - neighborhood plan","CS-MU-V-NP, general commercial services - mixed use - vertical mixed use building - neighborhood plan; CS-1-MU-V-NP, commercial-liquor sales - mixed use - vertical mixed use building - neighborhood plan","0227110107","The Applicant is proposing to rezone approximately 8.33 acres from CS-MU-V-NP to LI-PDA-NP.","30.32320978","-97.71091933"
"C17-2018-0144","702 E. 3rd Street","Capital View Corridor Height","11/20/2018","Approved","9","LR - NEIGHBOORHOOD COMMERCIAL","GR - COMMUNITY COMMERCIAL","0204041810","The applicant is proposing capital corridor view determination.","30.26364648","-97.73609418"
"C814-00-2063.12","Wildhorse Ranch PUD Amendment No. 12","Planned Unit Development (PUD)","11/10/2025","Closed","1","PUD - PLANNED UNIT DEVELOPMENT","PUD - PLANNED UNIT DEVELOPMENT","0226500602","The applicant is proposing an administrative amendment to a previously approved Planned Unit Development Plan.","30.31796196","-97.56811309"
"NPA-2020-0016.02","Trailhead Phase II","Amended Neighborhood Plan","07/24/2020","Closed","3","","","0203180132","The applicant is proposing to amend a previously approved neighborhood plan.","30.25984720","-97.69311740"
"C17-01-0010","ORIGINAL CITY","Capital View Corridor Height","08/30/2001","Closed","9","","","0208031109","","30.27272746","-97.73782713"
"C17-2024-0020","1110 W. 6th Street","Capital View Corridor Height","02/15/2024","Approved","9","Capital View","Capital View","0108010619","The applicant is requesting a capital view corridor.","30.27246370","-97.75582589"
"C17-2007-0266","Capital View Corridor for 1300 Guadalupe St","Capital View Corridor Height","12/20/2007","Closed","9","DMU","DMU - DOWNTOWN MIXED USE","0210021307","The applicant is requesting a capital view corridor height determination from 1300 Guadalupe St.","30.27640078","-97.74388850"
"C14-2021-0158","6603 REGIENE ROAD","Planned Development Agreement (PDA)","09/08/2021","Closed","1","LI-PDA-NP, limited industrial services - planned development area - neighborhood plan","SF-2-NP, single family residence - standard lot - neighborhood plan","0205261301","The Applicant is proposing to rezone approximately 0.5142 acres from SF-2-NP to LI-PDA-NP.","30.26510632","-97.67001487"
"C17-06-0009","1308 LAVACA ST","Capital View Corridor Height","08/01/2006","Approved","9","","","0210021916","","30.27655602","-97.74245204"
"C814-95-0002.09","Twin Liquors II (FOUR POINTS CENTRE P.U.D. )","Planned Unit Development (PUD)","06/01/2010","Closed","","PUD - PLANNED UNIT DEVELOPMENT","PUD - PLANNED UNIT DEVELOPMENT","","+The applicant is proposing zoning property from PUD to PUD.","",""
"NPA-06-0015.01","SPRINGDALE (CORRECTION)-- CITY INITIATED","Amended Neighborhood Plan","11/28/2006","Closed","1","","","0218240103","","30.29897813","-97.67389790"
"C814-91-0001.06","LITTLE TEXAS PUD (Amendment # 6)","Planned Unit Development (PUD)","08/28/2009","Closed","","PUD - NP  PLANNED UNIT DEVELOPMENT","PUD - NP  PLANNED UNIT DEVELOPMENT","","The applicant is requesting a PUD amendment","",""
"NPA-2008-0019.01","3301 Kings Lane","Amended Neighborhood Plan","02/28/2008","Postponed","9","","","0218031506","The applicant is requesting a NPA (neighborhood plan amendment) to add MU to the currect zoning in order to build a single family residence on the lot.","30.30088142","-97.74224909"
"NPA-2016-0022.01","3920 South IH 35","Amended Neighborhood Plan","09/16/2016","Closed","3","CS-MU-NP","GO-NP","0412000213","The applicant is proposing an amendment to the Greater South River City Combined Neighborhood Plan.
** Scheduled for the Jan 24, 2017 PC and Feb 16, 2017 CC hrng date** M. Meredith","30.21881716","-97.75070195"
"C17-2012-0134","208 Nueces Street- Capitol  View Height Determination","Capital View Corridor Height","10/24/2012","Approved","9","CBD - CENTRAL BUSINESS DISTRICT","CBD - CENTRAL BUSINESS DISTRICT","0105000301","The applicant is requesting a Capital View Corridor height determination for 208 Nueces Street.","30.26661098","-97.74981631"
"NPA-2015-0029.01","Sunrise Pharmacy","Amended Neighborhood Plan","04/23/2015","Closed","4","LR-Co-MU-NP","SF-3-NP","0229150114","The applicant is proposing to amend St. John/Coronado Hills Combined Neighborhood Plan.
**Scheduled for Aug 11, 2015 PC and Sept 10, 2015 CC**
Related case:  C14-2015-0050","30.33092023","-97.70117890"
"NPA-2020-0015.01","MLK & 183 Residential","Amended Neighborhood Plan","02/05/2020","Approved","1","CS-MU-NP","CS-NP","","The applicant is proposing to amend a previously approved neighborhood plan.","30.28488719","-97.66342669"
"C17-06-0015","1303 SAN ANTONIO","Capital View Corridor Height","08/22/2006","Approved","9","","","0210021310","","30.27656355","-97.74445769"
"NPA-2013-0008.01","2804 Sol Wilson- Neighborhood Plan Amendment","Amended Neighborhood Plan","07/25/2013","Closed","1","CS-MU-CO-Np Gen. Commercial-Mixed Use-Con. Overlay-Nbrhd Plan Comb dist","CS-CO-NP - GENERAL COMMERCIAL","0209140120","The applicant is proposing to amend the Rosewood Neighborhood Plan to allow a FLUM (Future Land Use) from Commercial to Mixed Use.","30.27562228","-97.70309863"
"NPA-2024-0016.02","5200 E 5th Street NPA","Amended Neighborhood Plan","03/15/2024","Closed","3","","","0200160202","The applicant is requesting an NPA.","30.25175637","-97.69702620"
"C14-2024-0021","6605 Regiene Road","Planned Development Agreement (PDA)","10/10/2023","Closed","1","LI-PDA-NP","LI-CO-NP","0202210102","the applicant is proposing to rezone an approximately 0.56-acre tract from LI-CO-NP to LI-PDA-NPA.","30.26486588","-97.67009121"
"NPA-2014-0027.02","1018 W. 31st Street","Amended Neighborhood Plan","08/22/2014","Closed","9","","","0219011322","The applicant is proposing to amend the Central West Austin Combined Neighboorhood Plan.","30.30094517","-97.74717610"
"C17-2010-0022","Capitol View Corridor for 1301 W. 5th Street","Capital View Corridor Height","02/24/2010","Approved","9","LI-CO-NP","LI-CO-NP","0108031205","The applicant is requesting a Capital View Corridor for 1301 W. 5th street","30.27179915","-97.75984562"
"","1608 W 5TH STREET","Capital View Corridor Height","05/22/2022","Pending","9","1","1","0109040527","The applicant is requesting a Capital View Determination.","30.27437488","-97.76375370"
"NPA-2012-0018.06","Burnet Pointe Residential - 1201 W. 49th St","Amended Neighborhood Plan","02/29/2012","Withdrawn","7","CS-MU-CO","LO-MU-CO","0224030220","The applicant is requesting a neighborhood plan amendment to change the use from Mixed Use/Office to Mixed Use.","30.31868687","-97.73706957"
"NPA-2015-0011.01","900 E. 51ST  Associates LLC","Amended Neighborhood Plan","02/27/2015","Withdrawn","9","GO-MU-V-CO-NP","SF-3-NP","0222112012","The applicant is proposing to amend North Loop Neighborhood Plan.","30.31196021","-97.71438869"
"NPA-2022-0017.01","Crestview Village","Amended Neighborhood Plan","02/28/2022","Closed","7","","","0231090303","The applicant is proposing to amend a previously approved neighborhood plan.","30.33715962","-97.71994476"
"NPA-05-0006.01","1201 BAYLOR","Amended Neighborhood Plan","02/01/2005","Closed","9","","","0210000810","","30.27733231","-97.75216266"
"NPA-2009-0014.01","Carson Creek","Amended Neighborhood Plan","07/08/2009","Closed","2","CS-NP","LI-CO-NP","0314130303","The applicant is requesting a neighborhood plan amendment to change the land use from industry to commercial.","30.21199425","-97.70826069"
"NPA-2022-0015.03","Darby Yard 700","Amended Neighborhood Plan","07/27/2022","Closed","1","","","0209261001","The applicant is proposing to amend previously approved Neighborhood Plan.","30.27011636","-97.67062128"
"C17-2012-0050","1816 Colorado Street -Capital View Corridor","Capital View Corridor Height","05/02/2012","Approved","9","MF-5 - MULTI FAMILY HIGH DENSITY; DMU","MF-5 - MULTI FAMILY HIGH DENSITY; DMU","0210023010","The applicant is requesting a Capital View Corridor Height Determination for 1816 Colorado Street","30.28071376","-97.73983065"
"C17-05-0011","1601 E. CESAR CHAVEZ","Capital View Corridor Height","08/24/2005","Approved","3","","","0202071101","","30.25824057","-97.72856937"
"NPA-2023-0018.02","Koenig","Amended Neighborhood Plan","02/17/2023","Closed","7","MF-6-NP","LO-MU-NP","0230040805","The applicant is proposing a NPA from Mixed Use / Office and Single Family to Multifamily.  

Related case:  C14-2023-0019","30.33355492","-97.73786798"
"NPA-2012-0019.04","Austin Vintage Guitars","New Neighborhood Plan","06/15/2012","Closed","9","LR-MU-NP","LO-MU-NP","0219080711","The applicant is requesting to amend a neighborhood plan out of cycle.","30.30270567","-97.72128348"
"C17-06-0018","500 WEST 5TH STREET","Capital View Corridor Height","09/20/2006","Approved","9","","","0206010301","","30.26867252","-97.74784734"
"C17-2018-0114","404 Rio Grande St CVC","Capital View Corridor Height","09/27/2018","Approved","9","CBD","CBD","0107001403","The applicant is requesting a general Capital View Corridor Height Determination.","30.26851285","-97.75043080"
"NPA-2025-0025.02","South Town","Amended Neighborhood Plan","07/14/2025","Scheduled for Council Hearing","8","CS-MU-V-NP","CS-CO-NP","0406210102","The applicant is requesting an NPA.","30.23584987","-97.82151062"
"NPA-2011-0018.01","Galleries and Gardens, LLC-Brentwood Neighborhood Plan","Amended Neighborhood Plan","02/28/2011","Withdrawn","7","LR-MU-CO-NP Neighborhood Commercial-Neighborhood Plan Combining district","LO-MU-NP - LIMITED OFFICE","0227030412","The applicant is requesting a future land use map change from Mixed Use/Office to Mixed Use.  The applicant is also proposing a Zoning change from LO-MU-NP & LO-MU-V-NP to LR-MU-CO-NP.","30.32441825","-97.73909023"
"NPA-2025-0024.01","9400 Metric Boulevard","Amended Neighborhood Plan","04/30/2025","Scheduled for Council Hearing","4","","","0245080103","The applicant is requesting an NPA.","30.37554726","-97.72052537"
"C814-04-0055.04.SH","Mueller","Planned Unit Development (PUD)","09/23/2019","Closed","9","PUD","PUD","0217180714","The Applicant proposes a PUD amendment to modify the land use table and site development regulations, increase of the maximum caps related to the # of dwelling units and commercial space, and modify t","30.29475684","-97.69121160"
"NPA-04-0009.01","1801 SALINA STREET","Amended Neighborhood Plan","01/28/2004","Closed","1","","SF-3","0209090212","NP-04-0009.01_0  has been changed to  NPA-04-0009.01_0  on  28-jan-2004 09:49:11 by SHARI PAPE.","30.27888219","-97.72182672"
"C17-2020-0148","1201 E 4TH STREET","Capital View Corridor Height","12/03/2020","Approved","3","1","1","0204060316","The applicant is requesting a capital view height determination.","30.26233364","-97.73130412"
"C12M-00-0005.09","NORTHTOWN MUNICIPAL UTILITY DISTRICT","Municipal Utility District (MUD)","05/26/2010","Approved","","999 - SEE COMMENTS","","","Ninth land plan amendment for Northtown MUD.  Amendments include minor changes in the configuration of lots and slight modifications in acreages: increase SF, decrease MF, shift location of retail. Ap","",""
"C17-2015-0009","701 Red River","Capital View Corridor Height","07/20/2015","Recommended for Approval","9","CBD - CENTRAL BUSINESS DISTRICT","CBD - CENTRAL BUSINESS DISTRICT","0206041211","The applicant is requesting a Capital View Corridor Height Determination for 701 Red River street","30.26766750","-97.73650248"
"C17-01-0004","ADVANCED RADIO TELECOM","Capital View Corridor Height","02/14/2001","Closed","9","","","0206030910","","30.27058401","-97.74144944"
"C814-06-0233","WILDFLOWER COMMONS (PUD)","Planned Unit Development (PUD)","12/21/2006","Expired","","PUD","SF-2, GO","","","",""
"NPA-2023-0016.01.SH","Lifeworks lll at Tillery","Amended Neighborhood Plan","02/07/2023","Closed","3","CS-MU-CO-NP","SF-3-NP","0204140104","The applicant is requesting for an NPA.","30.26085347","-97.70192315"
"NPA-2019-0018.01.SH","Roosevelt Gardens","Amended Neighborhood Plan","02/25/2019","Withdrawn","7","GR-NP","MF-3-NP","0228060823","The applicant proposes to amend a previously approved neighborhood plan.","30.32791441","-97.73246184"
"","APC Tower TX-1498 Grace","Planned Unit Development (PUD)","10/22/2018","Pending","7","PUD - PLANNED UNIT DEVELOPMENT","PUD - PLANNED UNIT DEVELOPMENT","0260201126","The applicant is proposing amendment for structure heights on ordinance 20050818.","30.40899478","-97.68006194"
"C17-2008-0246","Capital View Corridor for W 3rd & Cesar Chavez","Capital View Corridor Height","12/12/2008","Approved","9","..","..","0105000109","The applicant is requesting a capital view corridor height determination.","30.26658918","-97.75337508"
"C17-2012-0056","711 Trinity Street Capital View Corridor Height determination","Capital View Corridor Height","05/16/2012","Approved","9","CBD - CENTRAL BUSINESS DISTRICT","CBD - CENTRAL BUSINESS DISTRICT","0206040301","The applicant is requesting a Capital View Corridor Height Determination for 711 Trinity Street","30.26821794","-97.73869297"
"NPA-2012-0011.01","Programs Annex","Amended Neighborhood Plan","02/22/2012","Withdrawn","9","LO-CO-NP - LIMITED OFFICE","SF-3-NP - Family Residence-Neighborhood Plan Combining district","0222120622","The applicant is requesting a Neighborhood Plan Amendment to change from Single Family to Civic uses.
NOTE:  Case Expired","30.30914484","-97.71255365"
"C17-2023-0082","2730 East 7th Street CVC Determination","Capital View Corridor Height","06/21/2023","Approved","3","Unk","CS - GENERAL COMMERCIAL","0204120426","The applicant is requesting a capital view corridor.","30.26066263","-97.70978416"
"C10-V-82-033(RCT)","Caruth Administration Center (AISD Site)","Ordinance Zoning Text Amendment","06/25/2018","Closed","9","CS-MU-V-CO-NP","CS-MU-V-CO-NP","0108010314","The Applicant is proposing to terminate a restrictive covenant for a street vacation","30.27207507","-97.75605807"
"C17-2018-0153","701 RIO GRANDE STREET","Capital View Corridor Height","12/18/2018","Approved","9","CBD","CBD","0107000505","The applicant is proposing to get a general capital view corridor determinatrion","30.27108005","-97.74871444"
"C17-2016-0007","S Congress Ave","Capital View Corridor Height","01/22/2016","Recommended for Approval","9","CS-MU-NP","CS-MU-NP","0201010101","The applicant is requesting a CVCH Determination for 1123, 1117, 1115, 1113, 1111, 1109, 1107, 1101, and 1011 S Congress Ave.","30.25236419","-97.74831254"
"C814-2009-0094.03","City Initiated: Whisper Valley PUD Amendment #3","Planned Unit Development (PUD)","02/05/2025","Closed","1","PUD","PUD","0218600125","The Applicant is proposing to amend a previously approved PUD","30.30209165","-97.56466268"
"C814-2009-0139.02","Bull Creek PUD Amendment #2","Planned Unit Development (PUD)","02/22/2011","Closed","10","PUD - PLANNED UNIT DEVELOPMENT","PUD & I-RR","0135110101","The applicant is requesting an amendment to a PUD.","30.34966950","-97.78561110"
"C17-2024-0078","300 E 11TH STREET","Capital View Corridor Height","04/23/2024","Approved","9","1","1","0208031110","The applicant is requesting a capital view corridor determination.","30.27217262","-97.73840606"
"C17-2018-0086","3900 Berkman Dr.","Capital View Corridor Height","07/24/2018","Closed","9","PUD - PLANNED UNIT DEVELOPMENT","PUD - PLANNED UNIT DEVELOPMENT","0215161508","Capital Corridor Elevation Determination","30.29124190","-97.69936421"
"C17-2018-0059","600 Guadalupe St.","Capital View Corridor Height","06/05/2018","Approved","9","CS-MU-CO-Np Gen. Commercial-Mixed Use-Con. Overlay-Nbrhd Plan Comb dist","CS - GENERAL COMMERCIAL","0206012401","The applicant is requesting capital view corridor elevation determination.","30.26933058","-97.74638485"
"C814-91-0001.04","LITTLE TEXAS PUD (SHOULD BE REVISION #4)","Planned Unit Development (PUD)","06/28/2007","Closed","","PUD - PLANNED UNIT DEVELOPMENT","PUD - PLANNED UNIT DEVELOPMENT","","The applicant proposes to revisions to existing PUD.","",""
"C814-96-0003.12","Pioneer Crossing PUD","Planned Unit Development (PUD)","06/20/2013","Closed","1","PUD - PLANNED UNIT DEVELOPMENT","PUD - PLANNED UNIT DEVELOPMENT","0243300901","The applicant is propoisng to amend the exisitng PUD from PUD (GR) to PUD (SF-5)","30.36787375","-97.64913215"
"NPA-2013-0010.01","2416 East Sixth Street","Amended Neighborhood Plan","07/02/2013","Closed","3","MF-6-CO-NP - MULTIFAMILY/VERY HIGH DENSITY","LI-CO-NP - LIMITED INDUSTRIAL SERVICES","0204100211","The applicant is proposing to amend the Holly Neighborhood Plan from Industry to Mixed Use.","30.25917927","-97.71484773"
"C14-2023-0028","507 S. 1st Street","Planned Development Agreement (PDA)","02/24/2023","In Review","9","CS-1-V-NP","CS-1-V-NP","0202000123","The applicant is proposing to amend the PDA that would allow Lot 3A a maximum height of 490 ft. and a maximum floor-to-area ratio of 15:1.","30.25714631","-97.75018678"
"C17-06-0016","406 W 13TH STREET","Capital View Corridor Height","08/22/2006","Approved","9","","","0210021308","","30.27659755","-97.74409870"
"C17-03-0004","MUELLER TRACT","Capital View Corridor Height","08/07/2003","Closed","9","","","0107050302","","30.27367150","-97.76365201"
"C814-2020-0132","Central Health PUD","Planned Unit Development (PUD)","11/12/2020","Closed","9","PUD","P","0208051604","At the direction of City Council, City staff has initiated PUD zoning for approximately 14.343 acres.","30.27502739","-97.73378850"
"NPA-2014-0022.02","Terrace Hotel","Amended Neighborhood Plan","07/11/2014","Closed","9","CS-NCCD-NP","CS-NCCD-NP","0201011401","The applicant is proposing to amend Greater South River City Combined Neighborhood Plan","30.25214916","-97.74760629"
"NPA-04-0016.01","U AUTO STOP USED TIRES","Amended Neighborhood Plan","12/16/2004","Withdrawn","3","","SF-3","0204100904","","30.26162900","-97.71359633"
"NPA-2016-0002.01","78 San Marcos St","Amended Neighborhood Plan","07/29/2016","Closed","3","","","0203040310","The applicant is proposing to amend the East Cesar Chavez Neighborhood Plan from civic to neighborhood mixed use.
PC notification was done separate from CC date. The CC date is now June 8, 2017 (M.Me","30.25863504","-97.73567139"
"NPA-2014-0005.02","1007 & 1011 Montopolis Drive","Amended Neighborhood Plan","07/30/2014","Approved","3","LO-MU-NP","LO-CO-NP","0306150226","The applicant is proposing to amend Montopolis Neighborhood Plan.","30.23329767","-97.69777714"
"C12M-2011-0007","Travis County MUD 10 Bond Issue","Municipal Utility District (MUD)","04/07/2011","Approved","2","N/A","","0412000401","$1,150,000 for water, wastewater, drainage, erosion control, lift station, land costs, engineering, and bond issuance costs","30.21362071","-97.75064771"
"NPA-06-0003.01","CHICON DEVELOPMENT","Amended Neighborhood Plan","07/31/2006","Closed","1","","LR","0209096901","NP-06-0003.01_0  has been changed to  NPA-06-0003.01_0  on  31-jul-2006 02:01:50 by SHARI PAPE.
Refiled as new case number NPA-2007-0003","30.27558870","-97.72000820"
"C17-2007-0257","Capitol View Corridor Determination for Blk 132: 11th-12th-Nueces-San Antonio","Capital View Corridor Height","12/17/2007","Approved","9","DMU - DOWNTOWN MIXED USE","n/a","0208010401","The applicant is requesting a capitol view corridor determination for the whole block of  Nueces Street/San Antonio/ 11th & 12th Street","30.27441205","-97.74632790"
"NPA-2019-0005.03","1411 Montopolis Rezoning","Amended Neighborhood Plan","07/12/2019","Withdrawn","3","","","0307150246","The applicant proposes to amend a previously approved neighborhood plan.

Related Case: C14-2019-0093","30.22942066","-97.70036609"
"C17-2021-0169","609 E. 8th Street","Capital View Corridor Height","09/28/2021","Approved","9","N/A","N/A","","The applicant requests a capital view corridor determination.","",""
"NPA-2008-0023.01","Windsor Park Development","Amended Neighborhood Plan","02/27/2008","Withdrawn","4","MF-3-NP - MULTI FAMILY MEDIUM","SF-6-NP - TOWNHOME, CONDO","0222210117","The applicant proposes to amend the University Hills/Windsor Park Neighborhood Plan.","30.30742958","-97.68024562"
"NPA-2020-0017.02","904 Morrow Street","Amended Neighborhood Plan","02/27/2020","Closed","7","","","0235100613","The Applicant is proposing to amend a previously approved neighborhood plan.","30.34487302","-97.71637129"
"C17-2008-0189","Capitol View Corridor for Red River St & East 9th St","Capital View Corridor Height","08/22/2008","Recommended for Approval","9","CBD-CURE, DMU, CS, & CS-1","CBD-CURE, DMU, CS, & CS-1","0206041311","The applicant is requesting a capitol view corridor height determination for 801, 803, 811, 815, 817, & 819 Red River St , 605, 607, & 611 East 9th Street.","30.26859844","-97.73616058"
"C17-03-0005","RAYMOND PLATEAU","Capital View Corridor Height","09/03/2003","Approved","9","","","0106020205","","30.26667603","-97.75577763"
"C814-2008-0136","North Austin Medical Center Planned Unit Development","Planned Unit Development (PUD)","06/18/2008","Closed","7","PUD - PLANNED UNIT DEVELOPMENT","GO/GR, GO, LO, GR-CO","0260130901","The applicant is proposing to rezone approximately 63.68 acres from GO/GR, LO, GR-CO to PUD.","30.41218895","-97.70577289"
"C814-95-0001.02","SOUTH AUSTIN MEDICAL CENTER","Planned Unit Development (PUD)","02/10/2022","Closed","3","PUD, planned unit development, to increase the allowable height on a portion of the site","PUD, planned unit development","0408080602","The Applicant is proposing an amendment to an approved PUD, to increase the allowable height on a portion of the site.","30.22637821","-97.77442753"
"NPA-2023-0002.01","Christ Church Planning","Amended Neighborhood Plan","07/14/2023","Scheduled for Council Hearing","3","","","0204051101","The applicant proposes to amend a previously approved neighborhood plan.","30.26110817","-97.73420763"
"NPA-06-0008.01","FAMILY LIFE CENTER & PARKING LOT FOR MT. ZION BAPTIST CHURCH","Amended Neighborhood Plan","07/31/2006","Closed","1","","SF-3","0210140230","","30.27743801","-97.70566980"
"NPA-07-0019.01","RIVERFIELD","Amended Neighborhood Plan","02/28/2007","Closed","9","999","999","0214070621","Application expired 6-26-2010","30.28760125","-97.72711786"
"NPA-2008-0009.01","Transit-Oriented Development Plaza Saltilo Station Area Plan-Plan Amendment","Amended Neighborhood Plan","02/01/2008","Closed","","TOD - TRANSIT ORIENTED DEVELOPMENT ZONING","999 - SEE COMMENTS","","The applicant is proposing to amend the Central East Austin Neighborhood Plan","",""
"NPA-2012-0025.03","6000 Mountain Shadows","Amended Neighborhood Plan","02/29/2012","Closed","8","LO-MU-NP - LIMITED OFFICE","RR-NP - RURAL RESIDENCE","0101440103","The applicant is requesting a future land use map change from Single-Family to Neighborhood Mixed Use.","30.25656793","-97.89353315"
"C17-2015-0001","Woodland 4Plex","Capital View Corridor Height","01/22/2015","Approved","10","MF-3 - MULTI FAMILY MEDIUM","MF-3 - MULTI FAMILY MEDIUM","0112022201","The applicant is requesting a Capital View Corridor Height Determination for 1603 Woodlawn Blvd","30.28483106","-97.75920345"
"NPA-2017-0002.01","4 East","Amended Neighborhood Plan","07/24/2017","Scheduled for Hearing","3","","","0204080313","The applicant proposes to Amend a previously approved Neighborhood Amendment.","30.26143636","-97.72707642"
"C17-2014-0018","Seton Hospital","Capital View Corridor Height","08/29/2014","Approved","9","P - PUBLIC","P - PUBLIC","0209051004","The applicant is requesting a Capital View Corridor Height Determination for 1500 Red River Street","30.27643109","-97.73438129"
"C17-2022-0165","500 OAKLAND AVENUE","Capital View Corridor Height","11/16/2022","Approved","9","Unknown","Unknown","0108030415","The applicant is requesting a Capital View Corridor Elevation Determination.","30.27321545","-97.76162035"
"NPA-2012-0018.08","Woodrow Zoning","Amended Neighborhood Plan","02/29/2012","Approved","7","NO-MU-CO-NP","SF-3-NP - Family Residence-Neighborhood Plan Combining district","0228060203","The applicant is requesting a neighborhood plan amendment to change the use from Single Family to Mixed Use.","30.33050949","-97.73212872"
"NPA-2013-0005.01","E. Riverside","Amended Neighborhood Plan","07/29/2013","Closed","3","CS-MU-NP","CS-MU-NP","0310140129","The applicant is proposing to amend the Montopolis Neighborhood Plan for FLUM change from Multi-Family to Mixed Use.","30.22357444","-97.70121906"
"C17-2016-0108","Capital Tower Height Determination","Capital View Corridor Height","08/29/2016","Recommended for Approval","9","CBD - CENTRAL BUSINESS DISTRICT","CBD - CENTRAL BUSINESS DISTRICT","0206031502","The applicant proposes to determin capital view dominance for a site at 206 E. 9th.","30.27059410","-97.73977297"
"NPA-2023-0010.02","East 2nd Street - 2300 Block","Amended Neighborhood Plan","07/31/2023","Scheduled for Hearing","3","","","0202100704","The applicant is proposing an NPA.","30.25581686","-97.71841119"
"NPA-2011-0025.03","Oak Hill Heights Commercial","Amended Neighborhood Plan","10/27/2011","Closed","8","GR-NP - COMMUNITY COMMERCIAL","LO-NP - LIMITED OFFICE","0410381101","The applicant is proposing to amend the Oak Hill Combined Neighborhood Plan.","30.22959406","-97.87930986"
"NPA-2008-0001.02","Fort Magruder","Amended Neighborhood Plan","03/10/2008","Closed","3","","","0409051301","The applicant is requesting to amend the Dawson Neighborhood Plan by requesting a change in the FLUM (Future Lane Use Map)","30.22477350","-97.76447155"
"NPA-2013-0005.02","Montopolis Reclaimed Water Tank","Amended Neighborhood Plan","10/30/2013","Closed","3","P-NP - PUBLIC","LI-NP - LIMITED INDUSTRIAL SERVICES","0314130205","The applicant is proposing to amend the Montopolis Neighborhood Plan- Change in Future Land Use Design from Industry to Civic.","30.21590740","-97.70876871"
"C814-98-0004.01","West Park PUD Amendment 1","Planned Unit Development (PUD)","11/01/2017","Closed","","PUD-NP","PUD-NP","","The applicant proposes to modify approximately 3.05 acres of a Planned Unit Development","",""
"C17-2022-0065","1000 West Avenue","Capital View Corridor Height","05/13/2022","Approved","9","1","1","0208000811","The applicant is requesting a Capitol View Corridor Determination.","30.27433014","-97.74949248"
"NPA-2012-0025.01","Estates at Travis Country","Amended Neighborhood Plan","02/06/2012","Closed","8","SF-2-NP","P-NP","0402231501","The applicant is requesting a future land use map change from Civic to Single - Family housing.

NOTE: Case denied by CC on 6-28-2012 (5-2)","30.24746021","-97.83127903"
"C17-2022-0152","607 W 14th Street Office","Capital View Corridor Height","10/24/2022","Approved","9","DMU - DOWNTOWN MIXED USE","Office","0210020103","The applicant is proposing Capital View Corridor Determination","30.27750444","-97.74624186"
"NPA-2008-0012.02","Project Destiny","Amended Neighborhood Plan","07/31/2008","Closed","9","LO -MU-NP","SF-3-NP - Family Residence-Neighborhood Plan Combining district","0218110304","The applicant is requesting a neighborhood plan amendment.

CASE NUMBER CHANGED TO .02","30.29962900","-97.71042220"
"NPA-2021-0009.01","1612 E. 7th Street","Amended Neighborhood Plan","07/29/2021","Closed","1","","","0205081607","The applicant is proposing to amend previously approved neighborhood plan.","30.26394750","-97.72532305"
"NPA-2011-0021.02","East Riverside corridor Regulating Plan","Amended Neighborhood Plan","09/30/2011","Closed","3","999 - SEE COMMENTS","999 - SEE COMMENTS","0302060137","The applicant is requesting an NPA to change the use from various to Specific Regulating District.
CASE EXPIRED per 25-1-807(A)","30.24772328","-97.73303783"
"NPA-2018-0005.01","1501 Airport Commerce","Amended Neighborhood Plan","07/25/2018","Withdrawn","3","","","0310200208","The applicant is proposing a plan amendment for the current neighborhood plan. 

Related case:  C14-2019-0029","30.22275923","-97.68741702"
"NPA-2019-0012.01.SH","The Abali","Amended Neighborhood Plan","03/04/2019","Closed","9","","","0219120202","The applicant proposes to amend a previously approved neighborhood plan.

Related Rezoning Cases:  C14-2019-0046.SH; C14R-87-087(RCT)","30.30467246","-97.71280824"
"NPA-05-0004.01","LEE OFFICE","Amended Neighborhood Plan","02/28/2005","Closed","9","","","0222071601","","30.30888726","-97.72852257"
"C17-2014-0017","1205 Elm St","Capital View Corridor Height","07/31/2014","Approved","9","MF-3 - MULTI FAMILY MEDIUM","MF-3 - MULTI FAMILY MEDIUM","0110011009","The applicant is requesting a Capital View Corridor Height Determination for 1205 Elm St.","30.28015941","-97.75764340"
"C814-2008-0087.02","South Shore PUD Addition (Amendment #2)","Planned Unit Development (PUD)","06/23/2025","In Review","3","PUD - PLANNED UNIT DEVELOPMENT","PUD - PLANNED UNIT DEVELOPMENT","0302060803","The applicant proposes to amend a previously approved Planned Unit Development (PUD).  This is amendment #2.","30.24450788","-97.72963988"
"NPA-2015-0009.02","Greater Mount Zion Baptist Church FLUM Change","Amended Neighborhood Plan","09/17/2015","Closed","1","MF-4-CO-NP","GO-NP; SF-3-NP","0208091701","The applicant is proposing to amened the Central East Austin Combined Neighborhood Plan. 
**Scheduled for Oct 27, 2015 PC and Nov 12, 2015 CC hearings**
Related zoning cases: C14-2015-0130 and C14-8","30.27140779","-97.72012455"
"NPA-2022-0029.03","Anderson Lane Mixed-Use","Amended Neighborhood Plan","07/26/2022","Withdrawn","1","","","0229210232","The applicant is proposing to amend a previously approved neighborhood plan.","30.33004125","-97.68267711"
"NPA-2010-0025.01","Herzog NPA","Amended Neighborhood Plan","10/13/2010","Closed","8","W/LO - WAREHOUS/LIMITED OFFICE","RR - RURAL RESIDENCE","0404550128","The applicant is requesting a neighborhood plan amendment.","30.24452578","-97.92455087"
"NPA-2007-0009.04","1319 Rosewood Avenue","Amended Neighborhood Plan","07/31/2007","Closed","1","","SF-3-NP - Family Residence-Neighborhood Plan Combining district","0206090202","The applicant is proposing to amend the Central East Austin Neighborhood Plan.","30.26858987","-97.72463680"
"C14-2022-0205","Denny's Condos","Planned Development Agreement (PDA)","06/27/2022","Closed","1","LI-PDA-NP, limited industrial services - planned development area - neighborhood plan, as amended","CH-CO-NP, commercial highway services - conditional overlay - neighborhood plan","0209060739","The Applicant is proposing to rezone approximately 1.28 acres from CH-CO-NP to CH-PDA-NP, as amended.","30.27658123","-97.72971910"
"C814-95-0002.04","FOUR POINTS CENTRE PUD","Planned Unit Development (PUD)","12/31/2002","Closed","10","PUD","PUD","0156300204","","30.40261572","-97.85226099"
"C814-2018-0122","Circuit of the Americas PUD","Planned Unit Development (PUD)","09/24/2018","Closed","2","PUD - PLANNED UNIT DEVELOPMENT","I-RR","0348310226","The Applicant is proposing to zone approximately 1,153 acres from I-RR to Planned Unit Development (PUD).","30.13348882","-97.64141692"
"NPA-2010-0016.01","Unifirst Redevelopment","Amended Neighborhood Plan","07/13/2010","Closed","3","GO-CO-NP","","0202190217","The applicant is requesting a neighborhood plan amendment.","30.25650698","-97.68599163"
"NPA-2023-0025.02","5524 W US 290 HIGHWAY","Amended Neighborhood Plan","03/03/2023","In Review","8","CS-V-CO-NP","CS-CO-NP","0406280704","The applicant proposes to amend a previously approved neighborhood plan.","30.23738020","-97.84298103"
"C814-86-023.02","Camelback (aka 360 Lake Austin)","Planned Unit Development (PUD)","04/19/2022","Closed","10","PUD, planned unit development, to modify the permitted uses in certain districts, minor re-alignment of rights-of-way, slight adjustments to use district boundaries, and clarification of height measurements","PUD, planned unit development","0137150101","The Applicant is proposing to amend the Camelback PUD with a non-substantial modification to Land Use Plan, including modifications to the permitted uses in certain districts, minor re-alignment of ri","30.35496571","-97.80348761"
"C14-2014-0020","Adams House","Ordinance Zoning Text Amendment","02/10/2014","Withdrawn","9","SF-3-NCCD-NP - FAMILY RESIDENCE","SF-3-NCCD-NP - FAMILY RESIDENCE","0220061115","The applicant is proposing to modify the Hyde Park Neighborhood Conservation Combining District for the property located at 4300 Avenue G only to modify floor-to-area ratio requirements
WITHDRAWN; SE","30.30580774","-97.72802404"
"","HARVARD PROPERTY","Capital View Corridor Height","06/14/1999","In Review","9","","","0208010104","","30.27186700","-97.74668762"
"C17-2015-0124","1101 N IH 35 SVD NB","Capital View Corridor Height","09/08/2015","Recommended for Approval","1","CS-NCCD-NP","CS-NCCD-NP","0208060409","The applicant is requesting a Capital View Corridor Height Determination for 1101 N IH 35 SVRD NB","30.27042450","-97.73167858"
"NPA-06-0006.01","1101 WEST LYNN","Amended Neighborhood Plan","02/28/2006","Closed","9","","999","0110020102","","30.27948191","-97.75935243"
"NPA-2008-0015.03","Precinct 1 New Office Building","Amended Neighborhood Plan","07/31/2008","Closed","1","P - PUBLIC","GR - NP  COMMUNITY COMMERCIAL","0212210529","The applicant is requesting a neighborhood plan amendment.
Okay to submit without metes & bounds, per Jerry R.
Zoning will just hold case until applicant turns in field notes.","30.28524153","-97.68246857"
"C17-2012-0011","2900 Manor Road","Capital View Corridor Height","01/26/2012","Recommended for Approval","9","TOD-NP- TRANSIT ORIENTED DEVELOPMENT ZONING","TOD-NP - TRANSIT ORIENTED DEVELOPMENT ZONING","0214120803","The applicant is requesting a Capital View Corridor Height Determination for 2900 Manor Road","30.28593612","-97.71034427"
"C17-2008-0065","Capitol View Corridor for 203 E. 10th Street","Capital View Corridor Height","03/04/2008","Recommended for Approval","9","CBD - CENTRAL BUSINESS DISTRICT","CBD - CENTRAL BUSINESS DISTRICT","0206031501","The applicant is requesting a Capital View Height Determination/Capitol Dominance for 203 E. 10th Street.","30.27103998","-97.73965326"
"C814-2017-0024","Holdsworth Center","Planned Unit Development (PUD)","03/02/2017","Closed","10","PUD - PLANNED UNIT DEVELOPMENT","LA; SF 2","0134180501","The Applicant is proposing to rezone 44.17 acres from LA and SF-2 to PUD.","30.34826870","-97.78570518"
"C17-2016-0118","600 Guadalupe Capital View Corridor Height Determination","Capital View Corridor Height","10/21/2016","Recommended for Approval","9","CBD - CENTRAL BUSINESS DISTRICT","CBD - CENTRAL BUSINESS DISTRICT","0206012401","The applicant is requesting a capital view corridor height determination.","30.26933058","-97.74638485"
"NPA-2019-0022.01","200 Academy","Amended Neighborhood Plan","02/27/2019","Closed","9","","","0201010308","The applicant is proposing to change the FLUM for SRCC to allow for mixed use instead of mixed use/office with associated improvements.","30.25257151","-97.74713799"
"NPA-2008-0016.02","Govalle/Johnston Terrace Vertical Mixed Use Opt-In/Opt-Out Process Tract 9B","Amended Neighborhood Plan","08/07/2008","Closed","3","CS-V-CO-NP","CS-CO-NP","0202170323","The applicant is proposing to amend the Govalle/Johnston Terrace Neighborhood Plan.","30.25277817","-97.69322199"
"NPA-2012-0018.05","Burnet Pointe Residential-1307 W. 49th Street","Amended Neighborhood Plan","02/29/2012","Closed","7","CS-MU-NP - GENERAL COMMERCIAL","LO-MU-NP - LIMITED OFFICE","0224030212","The applicant is requesting a future land use map change from Mixed Use/Office to Mixed Use.","30.31919319","-97.73816869"
"NPA-2024-0025.02","5151 W US 290 Hwy NPA","Amended Neighborhood Plan","03/20/2024","Closed","8","CH-PDA-NP","DR-NP","0408230601","The applicant is requesting an NPA.","30.23525262","-97.83076227"
"NPA-2016-0016.04","The Rail Spur Building","Amended Neighborhood Plan","07/29/2016","Withdrawn","3","TBD","LO-CO-MU-NP; LO-MU-CO-NP","0202120314","The applicant is requesting to amend the Govalle/ Johnston Terrace Neighborhood Plan from Office and Mixed Use to Commercial and Mixed Use
The PC date was mailed separate from CC date. The new CC dat","30.25682445","-97.70743153"
"NPA-2021-0025.02","7715 West State HIghway 71","Amended Neighborhood Plan","03/11/2021","Closed","8","","","","The applicant is proposing to amend a previously approved neighborhood plan.","30.24209909","-97.88245108"
"C814-2007-0163","The Venue at Lake Travis","Planned Unit Development (PUD)","08/28/2007","Withdrawn","10","PUD - PLANNED UNIT DEVELOPMENT","DR - DEVELOPMENT RESERVE","0156340308","The applicant is proposing PUD zoning.","30.40168300","-97.85565773"
"C17-2011-0090","800 Congress Avenue","Capital View Corridor Height","07/28/2011","Approved","9","CBD","CBD","0206030408","The applicant is requesting a capital view corridor height determination for 800 Congress Avenue.","30.27015305","-97.74230702"
"C14R-85-023.01","Kallestad Laboratories, Inc. - PDA Amendment","Planned Development Agreement (PDA)","05/23/2011","Closed","10","R&D- PDA","R&D- PDA","0151270501","The applicant is requesting to amend a Planned Development Agreement.","30.39252283","-97.83387565"
"NPA-2020-0031.01","8803 N Mopac Neighborhood Plan Amendment","Amended Neighborhood Plan","01/31/2020","Closed","10","CS","LI","0245040403","The Applicant is proposing to amend an approved neighborhood plan from Industry to Commerce land use.","30.37595451","-97.73814791"
"NPA-2008-0001.01","Oak Meadows","Amended Neighborhood Plan","02/27/2008","Closed","3","GO-V","SF-3- NP","0408040543","The applicant is requesting a FLUM (future land use map) amendment from civic to mixed use.","30.22898359","-97.76732093"
"NPA-2017-0016.03","3232 & 3306 E Cesar Chavez NPA","Amended Neighborhood Plan","07/27/2017","Withdrawn","3","CS-MU-V-NP","GR-CO-NP, CS-CO-NP","0200130330","The applicant proposes to change the FLUM from Commercial to Mixed Use","30.25210142","-97.70726456"
"C814-2007-0009.02","Terrace in Oak Hill","Planned Unit Development (PUD)","03/02/2015","Closed","8","PUD-MF","PUD-MF","0402440213","The applicant is proposing to amend a PUD.  The proposed amendment changes the land use configuration to match an updated site plan layout.  It also shifts the downstream buffer boundary and increases","30.24855952","-97.89008620"
"C17-01-0003","GARY WALLACE","Capital View Corridor Height","01/30/2001","Closed","9","","","0206040908","","30.26968892","-97.73636255"
"C17-2011-0150","618 W. 6th Street","Capital View Corridor Height","11/01/2011","Recommended for Approval","9","CBD - CENTRAL BUSINESS DISTRICT","CBD - CENTRAL BUSINESS DISTRICT","0107000707","The applicant is requesting a Capital View Corridor Height Determination for 0.176 acres.","30.27001918","-97.74929734"
"NPA-2022-0016.01","830 Airport","Amended Neighborhood Plan","04/04/2022","Closed","3","","","0203180406","The applicant is proposing to amend a previously approved neighborhood plan.","30.25788611","-97.69431475"
"C814-01-0038.03","Parmer-Walnut Creek Amendment #3","Planned Unit Development (PUD)","10/29/2018","Denied","7","PUD - PLANNED UNIT DEVELOPMENT","PUD - PLANNED UNIT DEVELOPMENT","0260201126","The Applicant is proposing a PUD Amendment to the Parmer/Walnut Creek PUD (a 100-foot tall stealth monopole tower and ground equipment within a 1,600 square foot lease area) in order to upgrade cellul","30.40899478","-97.68006194"
"","1517 PARKWAY","Capital View Corridor Height","07/14/2020","Pending","10","1","1","0210001101","CVC Determination","30.28025654","-97.75123837"
"NPA-2009-0020.01","Sofi Plaza (NPA)","Amended Neighborhood Plan","02/27/2009","Closed","3","CS-MU-NP Gen. Commercial-Mixed Use-Nbrhd Plan Comb dist","SF-3-NP - Family Residence-Neighborhood Plan Combining district","0409050703","The applicant is requesting a neighborhood plan amendment.","30.22460995","-97.77017348"
"C17-2007-0199","Capital View Corridor for 1300 Guadalupe Street","Capital View Corridor Height","11/29/2007","Closed","9","CBD - CENTRAL BUSINESS DISTRICT","CBD - CENTRAL BUSINESS DISTRICT","0210021307","The applicant is requesting a capital view corridor height determination for 1300 Guadalupe Street.","30.27640078","-97.74388850"
"NPA-2010-0002.01","207 Chalmers Ave.","Amended Neighborhood Plan","07/30/2010","Closed","3","GR-MU-CO-NP","SF-3-NP - Family Residence-Neighborhood Plan Combining district","0204080603","The applicant is requesting a neighborhood plan amendment.","30.25915824","-97.72568370"
"NPA-2016-0025.01","Lantana Tract 33","Amended Neighborhood Plan","02/10/2016","Closed","8","MF-4-CO-NP","GO-NP","0407370134","The applicant is proposing to amend the Oak Hill Combined NP.","30.24836412","-97.86069405"
"NPA-2017-0009.01","1139 1/2 Poquito Street","Amended Neighborhood Plan","02/13/2017","Closed","1","MF-4-NP","SF-3-NP","0206101601","The applicant is requesting a change in future land use from Single Family to Multi-family.
**Scheduled for July 11 PC and Aug 10 CC hearings** (M. Meredith)","30.26860650","-97.71708886"
"NPA-2022-0021.01","2801 S I-35","Amended Neighborhood Plan","07/25/2022","Withdrawn","3","","","0309020304","The applicant is proposing to amend a previously approved neighborhood plan.","30.22755382","-97.74370004"
"C814-86-023.03","Camelback Planned Unit Development Amendment #3 (aka 360 Lake Austin)","Planned Unit Development (PUD)","01/08/2025","Closed","10","PUD, planned unit development to amend a previously approved land use plan, allowable uses and site development regulations","PUD, planned unit development","0134180410","The Applicant is proposing to amend a previously approved PUD land use plan, allowable uses and site development regulations.","30.35481920","-97.80331068"
"NPA-2019-0020.04","600 Industrial  Blvd.","Amended Neighborhood Plan","02/28/2019","Closed","3","","","0412030109","The Applicant is proposing to change the FLUM from Industry to Mixed Use with associated improvements","30.21759917","-97.75891768"
"NPA-2021-0011.02","Amaya Building Project","Amended Neighborhood Plan","07/26/2021","Closed","4","","","0225120218","The applicant is proposing to modify an existing neighborhood plan.","30.31920325","-97.70813381"
"NPA-2023-0023.01","Sheridan","Amended Neighborhood Plan","06/05/2023","Closed","4","","","0225150226","The applicant is requesting an NPA.","30.32018880","-97.70093587"
"C814-00-2063.10","Wildhorse Ranch PUD","Planned Unit Development (PUD)","07/27/2022","Closed","1","PUD, planned unit development, to accommodate the request of the Austin Transportation Department to locate the proposed realigned Braker Lane arterial through the property to correspond to the recently adopted alignment indicated in the Austin Strategic Mobility Plan","PUD, planned unit development","0227490111","The Applicant is proposing to amend 132.177 acres of the Wildhorse Ranch PUD to accommodate the request of the Austin Transportation Department to locate the proposed realigned Braker Lane arterial th","30.32339023","-97.59342574"
"NPA-2023-0029.02","Humane Society of Austin & Travis County","Amended Neighborhood Plan","08/03/2023","Scheduled for Council Hearing","4","CS-MU-NP","CS-MU-NP","0232160109","The applicant is requesting an NPA.","30.33591373","-97.69764041"
"C17-03-0009","TEMPLE JW SUBDIVISION","Capital View Corridor Height","11/17/2003","Approved","9","","","0102041001","","30.25580631","-97.76572742"
"NPA-2016-0025.02","Oak Hill Combined Neighborhood Plan","Amended Neighborhood Plan","07/25/2016","Closed","","","","","Requested change: 7.C.1e - Scenic Brook Drive from South Brook to State Highway 71.
(see application for other proposed changes)","",""
"C814-2008-0136.02","North Austin Medical Center PUD Amendment #2","Planned Unit Development (PUD)","11/29/2022","Closed","7","PUD","PUD","0260130901","The applicant is proposing a PUD Amendment.","30.41218895","-97.70577289"
"NPA-2022-0026.01","8226-8240 Georgian Drive","Amended Neighborhood Plan","02/28/2022","Closed","4","","","0235140120","The applicant is proposing to amend a previously approved neighborhood plan.","30.34858040","-97.70292318"
"C14-2021-0111","300 & 301 Pressler and 1505 W. 3rd Street - Parcel 1","Planned Development Agreement (PDA)","06/21/2021","Closed","9","LI-PDA-NP, limited industrial services - planned development area - neighborhood plan","CS-CO-NP, general commercial services - conditional overlay - neighborhood plan","0107030201","The applicant is proposing to rezone approximately 1.072 acres from CS-CO-NP to LI-PDA-NP.","30.27135577","-97.76091259"
"C814-2012-0055.02","Covered Bridge Planned Unit Development","Planned Unit Development (PUD)","01/16/2014","Closed","8","PUD - PLANNED UNIT DEVELOPMENT","PUD - PLANNED UNIT DEVELOPMENT","0402480330","The applicant is proposing to amend a PUD.","30.24872602","-97.89593924"
"NPA-2025-0020.02","NPAs for the South Congress Transit Center Station Area Vision Plan","Amended Neighborhood Plan","02/03/2025","Closed","3","","","0414030701","The City of Austin Planning Department is proposing to amend a previously approved neighborhood plan.","30.21501560","-97.76283733"
"C17-2026-0003","301-1/2 N LAMAR BOULEVARD","Capital View Corridor Height","11/21/2025","Approved","9","1","1","0107001215","Capital View Corridor Determination","30.26912232","-97.75474591"
"NPA-2023-0013.01","200 W. Mary","Amended Neighborhood Plan","02/24/2023","Scheduled for Council Hearing","9","CS-MU-NP","SF-3-NP","0402010306","The applicant is requesting an NPA.","30.24568866","-97.75265371"
"NPA-2022-0015.06","Gloucester Dwellings","Amended Neighborhood Plan","08/16/2022","Closed","1","","","0220211520","The applicant is proposing to amend a previously approved neighborhood plan.

Related case:  C14-2022-0115","30.30451204","-97.67761885"
"NPA-2007-0012.01","Canales 1","Amended Neighborhood Plan","07/18/2007","Closed","9","GO -NP   GENERAL OFFICE","SF-3-NP - Family Residence-Neighborhood Plan Combining district","0215090415","The applicant is requesting a FLUM amendment.","30.29412130","-97.71842564"
"C17-2011-0059","1301 Lavaca Street- Capital View Corridor Determination","Capital View Corridor Height","06/07/2011","Approved","9","CBD - CENTRAL BUSINESS DISTRICT","CBD - CENTRAL BUSINESS DISTRICT","0210022509","The applicant is requesting a capital view corridor height determination for 1301 Lavaca Street.","30.27595357","-97.74230977"
"NPA-2012-0005.02","Mixed Use- State Inspections","Amended Neighborhood Plan","06/27/2012","Closed","3","LR-MU- NP Neighborhood Commercial-Neighborhood Plan Combining district","SF-3 - FAMILY RESIDENCE","0306180227","The applicant is requesting a neighborhood plan amendment to change the future land use map from Single Family to Neighborhood Mixed Use.","30.23376129","-97.69304502"
"C14-2021-0140","Interport 2","Planned Development Agreement (PDA)","08/12/2021","Closed","2","LI-PDA, limited industrial services - planned development area, to amend the approved Land Use Plan","LI-PDA, limited industrial services - planned development area","","The Applicant is proposing the 2nd amendment (administrative) to the PDA to amend the approved Land Use Plan attached to the LI-PDA zoning ordinance.","30.20484449","-97.63449193"
"NPA-2022-0005.02","Second Alpha .95","Amended Neighborhood Plan","08/17/2022","Closed","3","","","0310140166","The Applicant is proposing to amend a previously approved neighborhood plan.

NOTE: The plan amendment application was submitted on July 29, 2022 but was process by Intake Staff on August 17, 2022.

R","30.21918368","-97.70330221"
"C814-2009-0139.01","Bull Creek PUD Amendment","Planned Unit Development (PUD)","11/23/2010","Closed","10","PUD - PLANNED UNIT DEVELOPMENT","LA/ SF-2/ SF-6","0135110101","The applicant is requesting an amendment to a planned development agreement.","30.34966950","-97.78561110"
"C14-2024-0170","Duval PDA","Planned Development Agreement (PDA)","11/15/2024","Closed","6","LI-PDA","LI, LI-CO, LO","0162011801","The applicant is requesting to rezone approximately 57.21 acres from LI, LI-CO.LO to LI-PDA.","30.41934576","-97.74626531"
"C17-2015-0150","701, 703 & 707 E. 9th St.","Capital View Corridor Height","10/22/2015","Recommended for Approval","9","CBD - CENTRAL BUSINESS DISTRICT","CS - GENERAL COMMERCIAL","0206041313","The applicant is requesting a Capital View Corridor Height Determination.","30.26862957","-97.73471172"
"NPA-2023-0028.01","1200 Anderson","Amended Neighborhood Plan","07/28/2023","Withdrawn","4","","","0231180603","The applicant is proposing an NPA.","30.33537717","-97.69001352"
"NPA-2011-0016.02","East Boggy Creek Greenbelt","Amended Neighborhood Plan","07/27/2011","Closed","3","P-NP","SF-3-NP","0204190426","The applicant is requesting a neighborhood plan amendment to change from Single Family & Water to Recreation & Open Space.","30.26079242","-97.68760719"
"NPA-2026-0022.01.SH","Rowen Vale","Amended Neighborhood Plan","02/05/2026","In Review","9","MF-4-NP","SF-3-NP","0302000812","The applicant is proposing to amend previous neighborhood plan.","30.24586226","-97.74925953"
"C814-00-2063.09","Wildhorse Ranch PUD","Planned Unit Development (PUD)","03/30/2022","Closed","1","PUD, planned unit development, to relocate the base zoning for 19.2 acres, specifically Parcels E-3 and E-2 to allow for more commercial property along Parmer Lane without adjusting the proposed land density","PUD, planned unit development","0231550702","The Applicant is proposing to amend a previously approved Planned Unit Development, to relocate the base zoning for 19.2 acres, specifically Parcels E-3 and E-2 to allow for more commercial property a","30.33140048","-97.57704665"
"C17-06-0004","112 MEDINA","Capital View Corridor Height","03/01/2006","Approved and Released","3","","","0204051105","","30.26111208","-97.73372277"
"NPA-2021-0017.02","Stobaugh Residential","Amended Neighborhood Plan","03/12/2021","Closed","7","","","0235100709","The applicant is proposing to amend a previously approved neighborhood plan.","30.34665277","-97.71490235"
"NPA-2024-0018.01","7003, 7005 & 7007 Guadalupe St NPA & Rezone","Amended Neighborhood Plan","01/30/2024","Scheduled for Hearing","4","GR-ETOD-DB90-NP","SF-6-NP","0231110126","The applicant is requesting an NPA.","30.33603698","-97.71533633"
"NPA-2024-0018.04","1200 W 49th Rezoning","Amended Neighborhood Plan","07/24/2024","Closed","7","","","0226040424","The applicant is proposing to amend a previously approved neighborhood plan.","30.31905553","-97.73693918"
"C17-2015-0011","1411 West 5th Street","Capital View Corridor Height","08/18/2015","Recommended for Approval","9","LI-CO-NP","LI-CO-NP","0108030914","The applicant is requesting a Captial View Height Determination","30.27291441","-97.76169491"
"C17-2008-0202","Capitol View Corridor for 700 East 11th Street","Capital View Corridor Height","09/25/2008","Approved","9","CS - GENERAL COMMERCIAL","CS - GENERAL COMMERCIAL","0208051801","The applicant is requesting a capitol view corridor height determination for 700 East 11th Street.","30.27111367","-97.73378932"
"NPA-2024-0020.01","6201 CROW LANE","Amended Neighborhood Plan","11/26/2024","Closed","2","LR-MU-NP","LO-MU-NP","0420050205","The applicant is proposing to amend a previously approved Neighborhood Plan
.","30.19719005","-97.77061915"
"C814-2008-0113","Riverfield II","Planned Unit Development (PUD)","05/29/2008","Expired","9","PUD - PLANNED UNIT DEVELOPMENT","MF-6-CO-NP - MULTIFAMILY/VERY HIGH DENSITY","0214070621","The applicant is requesting PUD Zoning.  Zoning Cases C14-07-0024 & C14-07-0025 were converted to this PUD.","30.28760125","-97.72711786"
"C814-2023-0027","311-315 South Congress PUD","Planned Unit Development (PUD)","02/08/2023","Closed","9","PUD-NP,  planned unit development - neighborhood plan","CS-1-V-NP, commercial-liquor sales - vertical mixed use building - neighborhood plan","0203020104","The Applicant is proposing to rezone 0.81 acres from CS-1-V-NP to PUD-NP. 

Related case:  CD-2022-0002","30.25821719","-97.74614719"
"NPA-2021-0023.01.SH","Manor Road and Northeast Drive","Amended Neighborhood Plan","07/30/2021","Closed","4","","","0221250303","The applicant is proposing to amend a previously approved neighborhood plan.","30.30866029","-97.67155162"
"NPA-2014-0022.01","209 Project","Amended Neighborhood Plan","02/26/2014","Withdrawn","9","SF-5 - URBAN SINGLE FAMILY","SF-3-NP - Family Residence-Neighborhood Plan Combining district","0303000702","The applicant is proposing to amend the Greater South River City Neighborhood Plan FLUM change from SF to Mixed Use.","30.24100822","-97.75077368"
"C17-00-2001","TEXAS TRIAL LAWYERS ASSN.","Capital View Corridor Height","03/03/2000","Closed","9","","","0208011503","","30.27549421","-97.74298754"
"NPA-2007-0012.03","1601 E 20th NPA","Amended Neighborhood Plan","07/31/2007","Closed","1","SF-3-NP - MU      Family Residence-Neighborhood Plan Combining district","SF-3-NP - Family Residence-Neighborhood Plan Combining district","0211071602","The applicant is requesting a neighborhood plan amendment.","30.28018372","-97.72415236"
"C17-2014-0006","Capital View Corridor Height Determination for 1155 Curve + 15 addresses","Capital View Corridor Height","03/17/2014","Recommended for Approval","1","NCCD","NCCD","0208061735","The applicant is proposing a  Capital View Corridor Height Determination for 1155 Curve + 15 additional addresses","30.26993894","-97.72984437"
"NPA-2023-0020.02","106 RED BIRD LANE","Amended Neighborhood Plan","03/06/2023","Closed","3","","","0415080407","The applicant proposes to amend a previously approved neighborhood plan.

Related case:  C14-2023-0034","30.20695731","-97.77492930"
"NPA-2016-0020.01","440 E. St. Elmo Road Plan Amendment","Amended Neighborhood Plan","02/29/2016","Closed","3","CS-1-NP","LI-NP","0412030336","The applicant is proposing to amend East Congress and South Congress Combined NP.","30.21602868","-97.76137898"
"NPA-2019-0026.01","Phan Mobile Home Park (City Initiated-NPA)","Amended Neighborhood Plan","01/16/2019","Closed","4","","","0235140230","The City of Austin proposes to amend a previously approved neighborhood plan.","30.34996972","-97.70804173"
"NPA-2010-0012.02","2007 Chicon Street","Amended Neighborhood Plan","07/29/2010","Withdrawn","1","LO - LIMITED OFFICE","SF-3 - FAMILY RESIDENCE","0211091317","The applicant is proposing to amend the Upper Boggy Creek Neighborhood Plan","30.28145004","-97.72137380"
"NPA-2022-0019.01.SH","Cady Lofts","Amended Neighborhood Plan","02/28/2022","Closed","9","","","0217090816","The applicant is proposing to amend a previously approved neighborhood plan.","30.29623052","-97.72029870"
"NPA-2012-0028.01","Villeda Family","Amended Neighborhood Plan","06/12/2012","Closed","1","MF2-NP","SF2-NP","0243260807","The applicant is proposing to amend Heritage Hills and Windsor Hills Neighborhood Plan.","30.36667180","-97.66904973"
"NPA-2019-0013.01","Copeland South","Amended Neighborhood Plan","02/28/2019","Closed","9","","","","The applicant proposes to amend a previously approved neighborhood plan.","30.25456625","-97.75347873"
"NPA-2023-0010.01","518 N. Pleasant Road","Amended Neighborhood Plan","07/20/2023","Closed","3","","","0203110801","The applicant is proposing a NPA.","30.25818220","-97.71235604"
"C14-2021-0191","Domain Central","Planned Development Agreement (PDA)","12/03/2021","Closed","7","MI-PDA, major industry - planned development area, to change a condition of zoning","MI-PDA, major industry - planned development area","0256081014","The Applicant is proposing to amend the PDA to increase the maximum allowable building height on 10.377 acres.

The Applicant amended their request on 1-10-2022 to add a change to the required parking","30.40073682","-97.71925890"
"C814-2012-0152.05","Pilot Knob PUD Amendment #5","Planned Unit Development (PUD)","03/20/2024","Closed","","PUD","PUD","","The Applicant is proposing a fifth amendment (administrative review) to the Pilot Knob PUD to modify the exhibits attached to the PUD ordinance that relocate land use categories within the PUD boundar","",""
"C17-2007-0068","Capital View Corridor Height Determination for 507 Pressler","Capital View Corridor Height","05/17/2007","Approved","9","CS-MU-CO-Np Gen. Commercial-Mixed Use-Con. Overlay-Nbrhd Plan Comb dist","CS-MU-CO-Np Gen. Commercial-Mixed Use-Con. Overlay-Nbrhd Plan Comb dist","0108032001","The applicant is requesting a Capital View Corridor for 507 Pressler","30.27315833","-97.76014527"
"C17-2024-0156","1515 W 5th St","Capital View Corridor Height","09/20/2024","Approved","9","GR-MU-V-CO-NP","GR-MU-V-CO-NP","0108030101","The applicant requests a capital view corridor determination.","30.27305382","-97.76288579"
"NPA-2023-0015.02","Delano Street Residential","Amended Neighborhood Plan","07/24/2023","Closed","1","","","0211230301","The applicant is requesting an NPA.","30.27775189","-97.67939446"
"NPA-2009-0018.02","1800 LAVACA STREET- NPA","Amended Neighborhood Plan","02/26/2009","Closed","7","","SF-3-NP","0227050613","The applicant is requesting a neighborhood plan amendment.","30.32439244","-97.73591420"
"NPA-2008-0015.04.SH","Chestnut Corner (Senior Housing)","Amended Neighborhood Plan","12/08/2008","Closed","1","MF-3 -NP   MULTI FAMILY MEDIUM","SF-6 - NP   TOWNHOME, CONDO","0213160236","The applicant is requesting a neighborhood plan amendment.","30.28413185","-97.69720677"
"C814-2012-0128.02.SH","1141 Shady Lane @ thinkEAST","Planned Unit Development (PUD)","01/23/2017","Closed","3","PUD-NP","PUD-NP","0204190405","The Applicant proposes an amendment to a previously approved PUD.","30.26269907","-97.69110353"
"NPA-2022-0021.02","Burleson & Ben White","Amended Neighborhood Plan","08/03/2022","Closed","3","","","0311040612","The applicant is proposing to amend a previously approved neighborhood plan.

Related case:  C14-2023-0052","30.21565741","-97.73291616"
"NPA-06-0010.01","CRISTO REY CATHOLIC CHURCH","Amended Neighborhood Plan","07/31/2006","Closed","3","","SF-3","0202100201","","30.25689437","-97.71999778"
"NPA-2010-0014.02","4800 Freidrich Lane","Amended Neighborhood Plan","07/16/2010","Closed","2","LI -NP LIMITED INDUSTRIAL SERVICES","SF-3-NP - Family Residence-Neighborhood Plan Combining district","0415020407","The applicant is requesting to amend a neighborhood plan.","30.20586541","-97.75258711"
"C814-2008-0146","Oertli PUD","Planned Unit Development (PUD)","07/02/2008","Closed","1","PUD - PLANNED UNIT DEVELOPMENT","DR - DEVELOPMENT RESERVE, SF-2","","The applicant is proposing to rezone property from DR & SF-2 to PUD.","30.39148142","-97.64646250"
"C814-2017-0001","425 West Riverside Drive PUD","Planned Unit Development (PUD)","12/30/2016","Closed","9","PUD-NP","CS-1-V-NP","0203000503","The Applicant is proposing to rezoning from CS-1-V-NP to PUD-NP for Mixed Uses with associated improvements.","30.25897405","-97.74944404"
"NPA-2021-0015.03","6603 REGIENE ROAD","Amended Neighborhood Plan","07/29/2021","Closed","1","","","0205261301","The applicant is proposing to amend a previously approved neighborhood plan.","30.26510632","-97.67001487"
"C14-2023-0015","200 S. Congress Ave","Planned Development Agreement (PDA)","01/13/2023","Closed","9","LI-PDA-NP, limited industrial services - planned development area - neighborhood plan, to allow Automotive Sales use, indoors only","LI-PDA-NP, limited industrial services - planned development area - neighborhood plan","0203000201","The Applicant is requesting to amend LI-PDA-NP zoning, to allow Automotive Sales use, indoors 
only. The purpose of the PDA amendment is to allow the Property to be redeveloped as a community hub for","30.25983722","-97.74615131"
"NPA-2025-0027.01","Lake Austin","Amended Neighborhood Plan","03/27/2025","Closed","10","","","0110061207","The applicant is proposing to amend previously approved Neighborhood Plan.","30.27859177","-97.77271704"
"C17-2020-0098","411 LAKE CLIFF TRAIL","Capital View Corridor Height","08/21/2020","Aborted","8","1","1","0113110323","The applicant requests a general Capital View Determination.","30.28932764","-97.78824968"
"C814-04-0187.03.SH","Goodnight Ranch PUD Amendment #3","Planned Unit Development (PUD)","01/26/2024","Scheduled for Hearing","","PUD, to amend conditions of zoning, and waivers or modifications City Code requirements, related to the development of Goodnight Ranch PUD","PUD, planned unit development","","This is a City-initiated PUD Amendment #3 to amend conditions of zoning, and waivers or modifications City Code requirements, related to the development of Goodnight Ranch PUD.  

Note:  Council appro","",""
"NPA-03-0009.01","807-809 E. 14TH STREET","Amended Neighborhood Plan","04/03/2003","Closed","1","","","0209061201","C14-03-0009.01_0  has been changed to  NPA-03-0009.01_0  on  03-apr-2003 01:36:11 by SHARI PAPE.","30.27383732","-97.73084829"
"C814-90-0003.15","HARRIS BRANCH P.U.D. LAND USE PLAN REV.15","Planned Unit Development (PUD)","10/16/2008","Closed","","PUD - PLANNED UNIT DEVELOPMENT","PUD - PLANNED UNIT DEVELOPMENT","","The applicant is revising a PUD.","",""
"C17-2020-0103","Capital View Corridor Determination 815 W 11th St","Capital View Corridor Height","09/21/2020","Approved","9","LO - LIMITED OFFICE","LO - LIMITED OFFICE","0208000806","Capital View Corridor Determination","30.27494383","-97.74978343"
"NPA-2015-0016.01","Shady Lane Mixed Use","Amended Neighborhood Plan","04/03/2015","Withdrawn","3","","","0201150113","The applicant is proposing to amend the Govalle/Johnston Terrace Combined Neighborhood Plan.","30.25291080","-97.69846149"
"NPA-2015-0019.01","919 West 29th","Amended Neighborhood Plan","02/24/2015","Closed","9","GO-MU-NP","SF-3-CO-NP","0216010528","The applicant is proposing to amend Central Austin Combined (West University Subarea).","30.29756453","-97.74769774"
"NPA-2018-0016.01","Sekrit Theater","Amended Neighborhood Plan","07/02/2018","Closed","3","SF-6-NP","SF-3-NP","0204200844","The applicant is proposing a change to a previously approved neighborhood plan. 

Related case:  C14-2018-0074","30.25955005","-97.68445078"
"NPA-2022-0020.01","Industrial Blvd and Terry O Ln","Amended Neighborhood Plan","02/28/2022","Closed","3","","","0412040610","The applicant is proposing to amend a previously approved neighborhood plan from Industry to Mixed Use.","30.21777407","-97.76077830"
"NPA-2010-0007.01","ABBA WIGS SALON","Amended Neighborhood Plan","10/15/2010","Closed","4","GO-MU-NP - GENERAL OFFICE","NO-NP","0247170101","The applicant is proposing to amend the North Austin Civic Association Neighborhood Plan","30.38203143","-97.69346452"
"C17-2016-0010","612 W 6th  Street","Capital View Corridor Height","05/03/2016","Recommended for Approval","9","CS - GENERAL COMMERCIAL","CS - GENERAL COMMERCIAL","0107000705","The applicant is requesting a Capital View Corridor height determination for 604 and 612 w 6th  Street.","30.27005991","-97.74872591"
"C814-2018-0121","218 S. Lamar","Planned Unit Development (PUD)","09/28/2018","Closed","9","PUD - PLANNED UNIT DEVELOPMENT","CS-V","0105020102","The Applicant proposes creation of a Planned Unit Development on 1.27 acres.","30.26353980","-97.75806020"
"NPA-2013-0022.01","Congress Avenue Baptist Church","Amended Neighborhood Plan","02/28/2013","Withdrawn","9","GO-NP - GENERAL OFFICE","SF-3-NP - Family Residence-Neighborhood Plan Combining district","0300010109","The applicant is requesting to amend the South Congress Combined neighborhood plan.  Flum change from Civic to Mixed Use.","30.24826225","-97.74961663"
"NPA-2020-0005.01","Montopolis Acres","Amended Neighborhood Plan","07/28/2020","Closed","3","","","0306150225","The applicant is proposing to amend a previously approved neighborhood plan.","30.23312847","-97.69797497"
"NPA-2023-0030.01.SH","Mission South- NPA","Amended Neighborhood Plan","01/26/2023","Closed","2","","","0418120318","The applicant is proposing to amend the FLUM from Neighborhood Node to Mixed Use Activity HUB Corridor
and runs concurrently with a rezoning application.

Related case:  C14-2023-0007.SH","30.20059344","-97.78653445"
"NPA-2023-0020.01","4201 S CONGRESS AVENUE","Amended Neighborhood Plan","03/03/2023","Closed","3","CS-MU-V-NP","LI-CO-NP and LI-NP","0412040101","The applicant proposes to amend a previously approved neighborhood plan.","30.22079042","-97.76457749"
"NPA-2016-0015.01","Ridge Drive Project","Amended Neighborhood Plan","07/27/2016","Withdrawn","1","","SF-3","0209160138","The applicant proposes to amend a neighborhood plan from SF-3 to a more dense zoning.","30.27594012","-97.69795333"
"","1000 Red River CVC","Capital View Corridor Height","10/30/2024","Pending","9","CBD","CBD","","The applicant is requesting a Capital View Corridor Determination.","",""
"C814-96-0003.20","Pioneer Crossing PUD Amendment #20","Planned Unit Development (PUD)","08/27/2025","Notice Sent","1","PUD","PUD","0247380311","The Applicant is proposing an administrative PUD amendment to the Pioneer Crossing PUD.","30.37701355","-97.63080271"
"C17-2021-0052","402 W 12TH STREET","Capital View Corridor Height","03/23/2021","Pending","9","CVC","CVC","0208011008","The applicant is requesting a general CVC.","30.27538621","-97.74444807"
"NPA-2024-0005.01","Saxon Acres 2","Amended Neighborhood Plan","06/03/2024","In Review","3","MF-2-NP","SF-6-NP","0303170527","The applicant is requesting FLUM change from Single Family to Multifamily","30.23915130","-97.69061064"
"C814-95-0002.10","FOUR POINTS CENTRE P.U.D.  Amendment","Planned Unit Development (PUD)","08/12/2011","Closed","10","PUD - PLANNED UNIT DEVELOPMENT","PUD - PLANNED UNIT DEVELOPMENT","0154280201","The applicant is proposing to Amend the Four Points Centre PUD to allow Office/Retail Mixed use on four (4) lots.","30.40157989","-97.84322760"
"C17-2015-0126","702 Baylor Street","Capital View Corridor Height","09/09/2015","Recommended for Approval","9","SF-3-NP","MF-4-HD-NP; SF-3-HD-NP","0109010417","The applicant is requesting a capital view corridor height determination.","30.27360181","-97.75443296"
"C17-05-0010","CAPITOL VIEW CORRIDOR FOR 300 NUECES STREET","Capital View Corridor Height","07/13/2005","Approved","9","","","0107002501","","30.26715832","-97.74962499"
"NPA-2016-0013.01","Bouldin Court","Amended Neighborhood Plan","02/26/2016","Closed","9","SF-6 - TOWNHOME, CONDO","SF-3 - FAMILY RESIDENCE","0102011701","The applicant is proposing to amend Bouldin Creek NP from single family to higher density single family land use.","30.25432085","-97.75396584"
"C814-2025-0111","1404 East Riverside PUD","Planned Unit Development (PUD)","11/14/2025","In Review","3","PUD - PLANNED UNIT DEVELOPMENT","ERC-CMU","0302060137","The applicant is proposing a Planned Unit Development Plan.","30.24772328","-97.73303783"
"C14-2016-0114","Domain Entertainment District","Planned Development Agreement (PDA)","09/22/2016","Closed","7","MI-PDA","MI-PDA","0256081602","The applicant is requesting an amendment to allow the sale of alcohol with the general retail sales use within the Entertainment District.","30.40325531","-97.71759777"
"C17-2018-0067","1203 E 11TH STREET","Capital View Corridor Height","06/14/2018","Approved","1","CS - GENERAL COMMERCIAL","CS-1 - LIQUOR SALES","0205071005","Applicant is requesting Capital View  Corridor Elevation determination.","30.26847733","-97.72762145"
"C814-99-0001.07","Avery Ranch PUD Amendment #7","Planned Unit Development (PUD)","07/07/2009","Expired","6","PUD - PLANNED UNIT DEVELOPMENT","PUD - PLANNED UNIT DEVELOPMENT","R455435","The applicant is requesting to amend a PUD.","30.49785328","-97.77942009"
"C814-2014-0110.SH","Colony Park PUD","Planned Unit Development (PUD)","06/30/2014","Closed","1","PUD - PLANNED UNIT DEVELOPMENT","MF-2/SF-2/SF-3","0218310513","The applicant is proposing to rezone 208 acres from MF-2, SF-2, SF-3 to PUD.","30.29510143","-97.63422788"
"C814-2021-0099","Brodie Oaks Redevelopment","Planned Unit Development (PUD)","05/20/2021","Closed","5","PUD, planned unit development","Unzoned; GR, community commercial; CS, general commercial services; CS-1, commercial-liquor sales","0407180116","The Applicant is proposing to rezone approximately 37.606 acres from GR, CS-1, CS and UNZ to PUD.","30.23787714","-97.79640623"
"NPA-2013-0011.02","Tomlinson's Feed & Pets","Amended Neighborhood Plan","02/26/2013","Closed","9","GR-NP - COMMUNITY COMMERCIAL","SF-3-NP - Family Residence-Neighborhood Plan Combining district","0222111810","The applicant is proposing to amend the North Loop Neighborhood Plan.  Flum Change from Single Family to Mixed Use.","30.31004812","-97.71449447"
"NPA-2021-0016.05.SH","Live Make Apartments","Amended Neighborhood Plan","10/12/2021","Closed","3","","","0206150190","The applicant is proposing to amend a previously approve neighborhood plan.","30.26850965","-97.70067834"
"NPA-2007-0015.03","Asero Welding","Amended Neighborhood Plan","07/31/2007","Closed","1","LI - NP-CO   LIMITED INDUSTRIAL SERVICES","CS - NP   GENERAL COMMERCIAL","","The applicant is requesting a neighborhood plan amendment.","30.28488719","-97.66342669"
"NPA-2022-0008.01","3117-3121 E 12th Street","Amended Neighborhood Plan","08/03/2022","Closed","1","","","0209150207","The applicant is proposing to amend a previously approved neighborhood plan.","30.27645571","-97.70149467"
"NPA-2015-0026.01","Georgian Retail","Amended Neighborhood Plan","02/24/2015","Withdrawn","4","","","0240170110","The applicant is proposing to amend the North Lamar Combined NP/Georgian acres NPA, neighborhood plan.
Scheduled for July 14, 2015 PC and Aug. 13, 2015 CC hearing","30.36075897","-97.69368202"
"C17-2014-0011","Capital View Height Determination for 619 Congress","Capital View Corridor Height","04/24/2014","In Review","9","CBD - CENTRAL BUSINESS DISTRICT","CBD - CENTRAL BUSINESS DISTRICT","0206030709","The appicant is requesting a Capital View Corridor Height Determination for 619 Congress","30.26864636","-97.74219537"
"C17-2022-0134","1501 Congress Avenue","Capital View Corridor Height","09/19/2022","Approved","9","MF-5","MF-5","0210040712","The applicant requests a capital view corridor determination.","30.27707527","-97.73916155"
"NPA-2019-0007.01","Settlement Home - 8900 Hunters Trace","Amended Neighborhood Plan","10/09/2019","Closed","4","","","0242120315","The applicant is amending a previously approved neighborhood plan.","30.36386794","-97.71318215"
"NPA-2020-0017.01","7113 Burnet Rd.","Amended Neighborhood Plan","02/03/2020","Withdrawn","7","","","0235040306","The applicant is requesting to remove restriction from neighborhood plan","30.34745852","-97.73545167"
"C17-2012-0159","New Central Library","Capital View Corridor Height","12/19/2012","Approved","9","GR - COMMUNITY COMMERCIAL","GR - COMMUNITY COMMERCIAL","0105000501","The applicant is requesting a Capital View Corridor Height Determination for 710 W. Cesar Chavez","30.26612527","-97.75178107"
"C814-97-0001.07","LEANDER REHABILITATION SITE","Planned Unit Development (PUD)","05/14/2008","Closed","","PUD - PLANNED UNIT DEVELOPMENT","PUD - PLANNED UNIT DEVELOPMENT","","The applicant is proposing to revise the PUD for Leander Rehabilitation site.","",""
"NPA-2023-0014.04","4302 Nuckols Crossing","Amended Neighborhood Plan","08/10/2023","Scheduled for Hearing","2","","","0318040108","The Applicant is proposing a NPA from Single Family to Multifamily land use on 6.7241 acres.

Related Zoning case:  C14-2025-0065.","30.20246531","-97.73351823"
"C814-01-0038.02","STAR OF TEXAS, PARMER/WALNUT CREEK PUD AMENDMENT #2","Planned Unit Development (PUD)","07/13/2004","Closed","","PUD","PUD","","","",""
"NPA-2012-0018.09","Burnet Pointe Residential, 4802 Grover Avenue","Amended Neighborhood Plan","02/29/2012","Closed","7","CS-MU-NP","LO-MU-NP","0224030227","The applicant is requesting a neighborhood plan amendment to change the use from Mixed Use/Office to Mixed Use.","30.31813234","-97.73752831"
"C17-05-0006","CAPITOL VER CORRIDOR FOR 614 & 618 BLANCO STREET","Capital View Corridor Height","04/29/2005","Approved","9","","","0108011101","","30.27368770","-97.75680524"
"C17-02-0006","JASTER-QUINTANILLA & ASSOCIATES","Capital View Corridor Height","09/30/2002","Closed","9","","","0206042001","","30.27027988","-97.73756656"
"NPA-2007-0005.01","Jockey Tract","Amended Neighborhood Plan","09/21/2007","Closed","3","IP - INDUSTRIAL PARK","SF-6 - TOWNHOME, CONDO","0307200403","The applicant is requesting a neighborhood plan amendment.","30.22931009","-97.68406709"
"C17-2022-0023","1914 E 10TH STREET","Capital View Corridor Height","02/14/2022","Approved","1","2","2","0205080611","The applicant is requesting a specific CVC Determination.","30.26492466","-97.72009725"
"C17-2011-0137","214 Congress Ave","Capital View Corridor Height","10/17/2011","Approved","9","CBD/ or CBD CURE","CBD - CENTRAL BUSINESS DISTRICT","0205010401","The applicant is requesting a capital view corridor height determination for 214 Congress Avenue.","30.26513173","-97.74425095"
"C814-01-0096","BLUFFSTONE PUD","Planned Unit Development (PUD)","06/19/2001","Closed","10","PUD","GR","0150050310","","30.38718480","-97.76785049"
"NPA-2025-0030.01","Ben White","Amended Neighborhood Plan","08/21/2025","Scheduled for Hearing","5","CS-1 - LIQUOR SALES","CS - GENERAL COMMERCIAL","0408111017","The applicant is requesting an NPA.","30.23141043","-97.79289888"
"C17-2019-0149","701 E 6TH STREET","Capital View Corridor Height","10/29/2019","Approved","9","CBD","CBD","0206041501","The applicant requests a capital view corridor determination.","30.26589433","-97.73599886"
"C17-2021-0051","416 W 12TH ST","Capital View Corridor Height","03/23/2021","Pending","9","CVC","CVC","0208011010","The applicant is requesting a general CVC.","30.27548971","-97.74480653"
"C14T-02-0001","PIONEER HILL","Traditional Neighborhood District (TND)","08/05/2002","Withdrawn","","","","","","",""
"C814-2014-0120","Austin Oaks PUD","Planned Unit Development (PUD)","07/16/2014","Closed","10","PUD - PLANNED UNIT DEVELOPMENT","LO - LIMITED OFFICE; SF-3; LR; GR","0239010312","Applicant is proposing to rezone property from LO, SF-3, LR, GR to PUD.","30.35858340","-97.74754941"
"C17-2023-0069","2000 UNIVERSITY AVENUE","Capital View Corridor Height","05/19/2023","In Review","9","Unknown","Unknown","0212030509","The applicant is requesting a capital view corridor determination.","30.28273003","-97.74011556"
"C12M-2010-0007","Pilot Knob Municipal Utility District No. 5 (MUD 5)","Municipal Utility District (MUD)","10/18/2010","Approved","2","N/A","","0348110104","The applilcant is proposing to create a mud.","30.13474498","-97.71051018"
"NPA-2011-0001.01","Studio 141- Dawson Neighborhood Plan","Amended Neighborhood Plan","02/28/2011","Withdrawn","3","GO-CO-MU-NP","SF-3-NP - Family Residence-Neighborhood Plan Combining district","0404020402","The applicant is requesting a future land use map change from single family to mix use.","30.23977784","-97.75550411"
"C17-2011-0053","1513 Forest Trail","Capital View Corridor Height","05/19/2011","Approved","10","MF-3","MF-3 - MULTI FAMILY MEDIUM","0113040601","The applicant is requesting a capitol view corridor height determination for 1513 Forest Trail.","30.28776735","-97.76504513"
"C12M-2017-0001","Travis County Water Control and Improvement District No. 18","Municipal Utility District (MUD)","02/27/2017","Recommended for Approval","10","SF-2 - SINGLE FAMILY STANDARD","","0150050601","The applicant is proposing to annex properties into a MUD","30.38780784","-97.76761536"
"C14-2016-0074","Element Hotel","Planned Development Agreement (PDA)","07/07/2016","Closed","7","MI - PDA","MI - PDA","0254080801","The applicant is requesting a zoning change from MI-PDA to MI-PDA to change a condition of zoning.","30.39241491","-97.72307593"
"C17-2012-0010","1820 S. Lakeshore Blvd.","Capital View Corridor Height","01/24/2012","Approved","3","P-NP Public-Neighborhood Plan Combining district","P-NP Public-Neighborhood Plan Combining district","0302070304","The applicant is requesting a Capital View Corridor Height Determination for 1820 S. Lakeshore Drive","30.24528849","-97.72745206"
"C814-96-0003.19","Pioneer Crossing PUD Amendment #19","Planned Unit Development (PUD)","06/10/2022","Closed","1","PUD, to modify the acreage for Parcel E15 and the base zoning district to MF-2","PUD","0242310235","The Applicant is proposing an administrative PUD amendment to the Pioneer Crossing PUD to modify the acreage for Parcel E15 to add former ROW area and to change the district designation from GR-MU/SF-","30.36626257","-97.64784483"
"C17-2016-0009","812 1/2 W 2nd Street","Capital View Corridor Height","04/21/2016","Recommended for Approval","9","N/A","N/A","0106020205","The applicant is requesting a Capital View Corridor height determination for 812 1/2 W 2nd Street.","30.26709022","-97.75367220"
"NPA-2007-0006.01","Baylor Condos and Castle","Amended Neighborhood Plan","10/05/2007","Closed","","MF-5-NP - MULTI FAMILY HIGH DENSITY","MF-4 -NP- MULTI FAMILY MODERATE","","The applicant is proposing to amend the neighborhood plan.","",""
"NPA-2019-0021.02","6101 E Oltorf","Amended Neighborhood Plan","07/30/2019","Closed","3","","","0314130109","Neighborhood Plan Amendment - Second Amendment 2019","30.21565645","-97.71370627"
"C17-2019-0086","701 E 5TH STREET CVC","Capital View Corridor Height","06/12/2019","Approved","9","r","r","0204041901","The applicant requests a capitol view height determintation.","30.26495495","-97.73633147"
"C17-2025-0067","1000 WEST AVENUE","Capital View Corridor Height","05/20/2025","Approved","9","cbd","cbd","0208000811","Capital View Corridor Determination

Closed because applicant needs specific determination, not general. Fees refunded. CBH","30.27433014","-97.74949248"
"C814-2014-0110.01.SH","Colony Park Sustainable Communities","Planned Unit Development (PUD)","06/08/2022","Closed","1","PUD, planned unit development, to modify site development standards","PUD, planned unit development","0218310513","The Applicant is proposing to amend the site development regulations for the existing Colony Park PUD.","30.29510143","-97.63422788"
"C814-98-0002","BALFOUR TRACT (AKA 6D RANCH)","Planned Unit Development (PUD)","09/25/1998","Closed","10","999","999","0118570142","","30.31150751","-97.90877948"
"NPA-2024-0016.04","Strandtman Cove","Amended Neighborhood Plan","12/27/2024","Closed","3","","","0200160433","The applicant is requesting a NPA.","30.25015994","-97.69736758"
"C814-82-006.01(83)","AUSTIN COMMONS PUD - REVISION, SHARED PARKING AND ORDINANCE AMENDMENT","Planned Unit Development (PUD)","01/22/1992","Closed","9","","","0109040126","","30.27580818","-97.76514466"
"NPA-2021-0015.01","Austin Sports Facility","Amended Neighborhood Plan","07/29/2021","Withdrawn","3","","","0207160204","The applicant is proposing to amend a previous neighborhood plan.","30.27079836","-97.69628439"
"C814-06-0106.03","Hyatt West","Planned Unit Development (PUD)","10/10/2022","Closed","9","PUD-NP, planned unit development - neighborhood plan, to remove the minimum parking requirement for Lot 1, the West Parcel, consisting of 3.321 acres of land","PUD-NP, planned unit development - neighborhood plan","0203000223","The Applicant is proposing an amendment to PUD-NP zoning, to remove the minimum parking requirement for Lot 1, the West Parcel, consisting of 3.321 acres of land.","30.26049310","-97.74825964"
"","701-1/2 NUECES STREET","Capital View Corridor Height","04/25/2019","Pending","9","See application","See application","0206010510","The applicant is requesting a general capital view corridor determination.","30.27069657","-97.74783750"
"C17-2019-0150","2401 HOLLY STREET","Capital View Corridor Height","10/08/2019","Approved","3","CBD","CBD","0201091101","The applicant is requesting a determination of capital dominance view.","30.25087074","-97.71930545"
"C17-01-0013","","Capital View Corridor Height","10/11/2001","Closed","9","","","0107000325","","30.27102682","-97.75071209"
"NPA-2024-0012.01","1106 and 1110 East 30th Street","Amended Neighborhood Plan","03/22/2024","Closed","9","","","0214090420","The applicant is requesting an NPA.","30.28795797","-97.72302314"
"NPA-2013-0026.01","Braker/Georgian Commerial Center","Amended Neighborhood Plan","02/25/2013","Withdrawn","4","","LR-NP","0247210707","The applicant is proposing to Amend North Lamar Combined Neighborhood

Note: Case Withdrawn by the Applicant on 5/10/2013","30.37893850","-97.68178984"
"NPA-2009-0018.01","Highland Vertical Mixed Use Neighborhood Plan Amendments","Amended Neighborhood Plan","02/24/2009","Closed","4","VMU","","0231110430","The applicant is requesting a neighborhood plan amendment.","30.33333526","-97.71542867"
"C14-2022-0105","Darby Yard 700","Planned Development Agreement (PDA)","07/25/2022","Closed","1","LI-PDA-NP, limited industrial services - planned development area - neighborhood plan","CS-NP, general commercial services - neighborhood plan; LI-NP, limited industrial services - neighborhood plan","0209261001","The Applicant is proposing to rezone approximately 7.083 acres from LI-NP; CS-NP to LI-PDA-NP.","30.27011636","-97.67062128"
"NPA-2009-0025.01","6102 & 6110 Hill Forest Drive (Tract AD)","Amended Neighborhood Plan","02/19/2009","Closed","8","SF-6 & SF-3","SF-6 & SF-3","0408280826","The applicant is proposing a neighborhood plan amendment","30.23087173","-97.84630975"
"C17-2019-0122","400 W 14TH STREET","Capital View Corridor Height","08/12/2019","Approved","9","CBD","CBD","0210021410","The applicant is requesting a capital view corridor determination.","30.27727126","-97.74369258"
"NPA-2017-0016.04","Govalle/Johnston Terrace FLUM Amendment","Amended Neighborhood Plan","07/27/2017","Scheduled for Hearing","3","","","0202160242","The applicant is proposing to amend the FLUM from Commercial to Mixed Use to allow for greater flexibility on future development of the property.","30.25529616","-97.69796553"
"NPA-2024-0008.02","2967 Manor Road Revision","Amended Neighborhood Plan","07/10/2024","Closed","1","","","0212130707","The applicant is requesting an NPA.","30.28573156","-97.70693668"
"C14-2021-0081","5th & Walsh Rezoning","Planned Development Agreement (PDA)","04/20/2021","Closed","9","LI-PDA-NP, limited industrial services-planned development area-neighborhood plan","CS-MU-CO-NP, general commercial services-mixed use-conditional overlay-neighborhood plan; CS-MU-V-CO-NP, general commercial-mixed use-vertical mixed use building-neighborhood plan","0108031318","The Applicant proposes to rezone 1.3775 acres from CS-MU-CO-NP and CS-MU-V-CO-NP to LI-PDA-NP.","30.27233175","-97.75829146"
"NPA-2012-0021.01","1100 Manlove St NPA","Amended Neighborhood Plan","07/31/2012","Withdrawn","9","","","0302060220","The applicant is proposing to amend East Riverside/Oltorf Combined Neighborhood Plan.","30.24667773","-97.73396564"
"C17-2019-0119.SH","2106 Chicon CVC Determination","Capital View Corridor Height","08/29/2019","Approved","1","SF-1 - SINGLE FAMILY LARGE LOT","SF-1 - SINGLE FAMILY LARGE LOT","0211090703","The applicant proposes a Capitol View Corridor Height Determination.","30.28231842","-97.72201262"
"NPA-2013-0015.01","Airport Cafe","Amended Neighborhood Plan","05/17/2013","Closed","3","","","0207160201","The applicant is proposing a Neighborhood Plan Amendment to the East MLK Combined Neighborhood Plan.","30.27023921","-97.69664505"
"NPA-2020-0014.01","7135 E Ben White Blvd.","Amended Neighborhood Plan","03/18/2020","Closed","2","MF-4-NP - MULTI FAMILY MODERATE-HIGH","LI-NP - LIMITED INDUSTRIAL SERVICES","0315110824","The Applicant is proposing to modify 18.064 acres out of an approved neighborhood plan from Industry to Multifamily land use. 

Related case:  C14-2020-0042","30.21511405","-97.69879581"
"NPA-2012-0018.01","Texas State Troopers Association NPA","Amended Neighborhood Plan","02/28/2012","Withdrawn","7","MF-6 - MULTIFAMILY/VERY HIGH DENSITY","","0226070113","The applicant is requesting a neighborhood plan amendment to change from Mixed Use to Multi-Family.","30.32401866","-97.72901287"
"C17-06-0008","507 SABINE ST","Capital View Corridor Height","07/24/2006","Approved","9","","","0206042201","","30.26542135","-97.73613832"
"C17-06-0026","835 W. 6TH","Capital View Corridor Height","12/20/2006","Approved","9","","","0107000919","","30.27061687","-97.75206971"
"C14-2021-0012","Research Park Rezoning","Planned Development Agreement (PDA)","01/22/2021","Closed","6","LI-PDA","LI","0166030310","The Applicant is proposing to rezone approximately 179.14 acres from LI to LI-PDA .","30.43477453","-97.75443047"
"C814-00-2063.08","Wildhorse Ranch PUD Amendment","Planned Unit Development (PUD)","03/04/2022","In Review","1","PUD, planned unit development, to rezone two parcels to allow for a residential development of varying densities","I-RR; PUD, planned unit development","0226500602","The Applicant is proposing to amend a previously approved Planned Unit Development, to rezone Parcels D-9 and D-10 to allow for a residential development of varying densities.","30.31796196","-97.56811309"
"C814-2018-0122.02","Circuit of the Americas PUD Amendment #2","Planned Unit Development (PUD)","08/05/2024","Closed","2","PUD - PLANNED UNIT DEVELOPMENT","PUD - PLANNED UNIT DEVELOPMENT","0348310226","The Applicant is proposing to a 2nd amendment to the Planned Unit Development (PUD). 

This amendment seeks to modify Exhibits D, G, and H of the COTA PUD Ordinance to relocate and expand land designa","30.13348882","-97.64141692"
"C17-2013-0002","Capital View Corridor Height determination for 400 Bowie Street","Capital View Corridor Height","02/12/2013","Approved","9","DMU - DOWNTOWN MIXED USE","DMU - DOWNTOWN MIXED USE","0107001220","The applicant is requesting a Capital View Corridor Height Determination for 400 Bowie Street.","30.26948198","-97.75348472"
"C17-2009-0075","Block 150 - Capital View Corridor","Capital View Corridor Height","07/16/2009","Approved","9","CBD - CENTRAL BUSINESS DISTRICT","CBD - CENTRAL BUSINESS DISTRICT","0208011012","The applicant is requesting a Capital View Corridor Height Determination for Block 150 for 12th, 13th, San Antonio and Guadalupe Street.","30.27594103","-97.74454727"
"NPA-2020-0003.01","1804 ULIT AVENUE","Amended Neighborhood Plan","07/02/2020","Closed","1","","","0212120113","The applicant is proposing an amendment to a previously approved neighborhood plan.","30.28038576","-97.71248836"
"NPA-2022-0016.03","4927 E. 5th Street","Amended Neighborhood Plan","07/22/2022","Scheduled for Hearing","3","","","0201150315","The applicant is proposing to amend previously approved Neighborhood Plan","30.25249653","-97.70065241"
"NPA-2017-0013.01","Bouldin Creek Neigh Plan Area-Wide Garage Placement","Amended Neighborhood Plan","03/08/2017","Closed","9","","","0102020406","**On March 17, 2017 the Notice of Filing and the Notice of Public Hearings were mailed to 6,636 addresses using an outside printing company. There is no need for the Notification Division to mail out","30.26023863","-97.75651660"
"NPA-2022-0010.02","2000 E 6th Street and 2007 E 7th Street","Amended Neighborhood Plan","08/07/2022","Closed","3","","","0203090407","The applicant is proposing to amend previous FLUM from Mixed use to Specific Regulating District.","30.26152414","-97.72098771"
"C17-01-0007","JOHN BROWN","Capital View Corridor Height","07/13/2001","Closed","9","","GO","0208001807","","30.27647414","-97.74615856"
"C17-2020-0021","COA ROW CVC","Capital View Corridor Height","02/11/2020","Approved","9","ROW","ROW","","The applicant is proposing a Capital View Corridor Determination for the Right of Way of the median on the West side of the intersection of 12th and Red River.","30.27335909","-97.73461708"
"NPA-2010-0021.02","Parker Lane","Amended Neighborhood Plan","08/03/2010","Withdrawn","9","MF-2 - MULTI FAMILY LOW","SF-3 - FAMILY RESIDENCE","0303050305","**The applicant for C14-2010-0140, 1406-1506 Parker Lane has withdrawn his request for rezoning and the associated neighborhood plan amendment.  No case will not be heard by the Planning Commission or","30.24143201","-97.73135098"
"C17-06-0022","1100 COLORADO - 200 WEST 11TH ST","Capital View Corridor Height","11/29/2006","Approved","9","","","0208011901","","30.27345329","-97.74311518"
"C12M-2014-0001","NORTH AUSTIN MUD LAND PLAN AND CONSENT AGMT AMENDMENT #13","Municipal Utility District (MUD)","05/06/2014","Approved","","CS-MU-CO-Np Gen. Commercial-Mixed Use-Con. Overlay-Nbrhd Plan Comb dist","","R528025","The applicant is proposing the #13th amendment to revise Note 1 of the previously approved Amendment No. 10.","30.46042073","-97.75685537"
"NPA-2019-0005.01","Frontier Valley Mobile Home Park  (City Initiated-NPA)","Amended Neighborhood Plan","01/16/2019","Closed","3","","","0308160701","The City of Austin proposes to amend a Previously adopted neighborhood plan.","30.22646107","-97.69380835"
"NPA-2025-0012.01","2108 and 2110 E 22nd Street","Amended Neighborhood Plan","09/04/2025","Scheduled for Council Hearing","1","","","0211090506","The applicant is proposing to Amend Neighborhood Plan.","30.28336710","-97.71935395"
"NPA-2024-0016.03","2503 Gonzales - NPA","Amended Neighborhood Plan","03/13/2024","Withdrawn","3","GO-NP","SF-3-NP","0203110502","The applicant is requesting an NPA.","30.26155037","-97.71311371"
"NPA-2010-0005.02","Grove Elevated Reclaimed Water Storage Tank","Amended Neighborhood Plan","07/29/2010","Withdrawn","3","P-NP","GR-MU-CO-NP","0315111003","The applicant is proposing to amend the Montopolis Neighborhood Plan","30.22397815","-97.70721922"
"NPA-2016-0016.03","Casa Lara","Amended Neighborhood Plan","07/29/2016","Closed","3","GR-NP-MU","GR-NP","0202190560","The applicant is requesting to amend the Govalle/ Johnston Terrace Neighborhood Plan from Commercial Use to Mixed Use.
**Scheduled for Sept 27 PC and Oct 13 CC hearing dates** (M. Meredith, 9/13/2016","30.25555033","-97.68534938"
"NPA-2014-0005.01","737 Montopolis Rezoning","Amended Neighborhood Plan","07/28/2014","Closed","3","SF-3 - FAMILY RESIDENCE","GR - COMMUNITY COMMERCIAL","0305160236","The applicant is proposing to amend the Montopolis neighborhood plan.","30.23629219","-97.69534196"
"NPA-2018-0025.01","Southwest Pkwy & Vega","Amended Neighborhood Plan","07/20/2018","Closed","8","GR-MU-NP","LR-MU-NP","0402300101","The applicant proposes to amend a previously approved Neighborhood plan. 

Associated Case: C14-2018-0085","30.24738587","-97.85362330"
"C17-2013-0072","Capital View Height Determination for 718 W. 5th St.","Capital View Corridor Height","06/13/2013","Recommended for Approval","9","CBD - CENTRAL BUSINESS DISTRICT","CBD - CENTRAL BUSINESS DISTRICT","0107003301","The applicant is proposing a Capital View Height Determination for 718 W. 5th St.","30.26952957","-97.75052242"
"C17-2011-0139","701 E 11TH ST Capital View Corridor","Capital View Corridor Height","10/19/2011","Approved","9","CS-1","CS-1","0208051301","The applicant is requesting a capital view corridor height determination for 701 E 11th St.","30.27060019","-97.73423725"
"C17-2014-0003","Capital View Corridor Height Determination for 815-A Brazos St","Capital View Corridor Height","02/19/2014","Recommended for Approval","9","MF-3 - MULTI FAMILY MEDIUM","SF-1 - SINGLE FAMILY LARGE LOT","0206031404","The applicant is requesting a Capital View Corridor Height Determination for 815-A Brazos St","30.27027794","-97.74032330"
"C814-88-0001.10","Canyons at Rob Roy Rezoning (also known as Davenport Ranch West P.U.D)","Planned Unit Development (PUD)","09/10/2013","Closed","10","PUD-MF2","PUD-LO","0121230401","The applicant is proposing to amend an existing PUD (LO) to PUD (MF-2) with associated improvements.
Related case is C814-88-0001(RCA) with In Date of 9-10-2013","30.31165204","-97.82734184"
"NPA-2016-0021.01","Ben White Zoning","Amended Neighborhood Plan","07/01/2016","Closed","3","CS-MU-CO-NP","CS-CO-NP","","The applicant is requesting a neighborhood plan amendment from Commercial to Mixed Use.
**Scheduled for Sept 27 PC and Oct 13 CC hearing dates** (M. Meredith, 9/13/2016)","30.21454468","-97.72681998"
"NPA-2011-0008.01","2935 MLK","Amended Neighborhood Plan","07/28/2011","Closed","1","LR-MU-NP","SF-3-NP","0212131401","The applicant is requesting a neighborhood plan amendment to change from Single Family to Commercial.","30.28204522","-97.70586293"
"C814-95-0002.11","Four Points Centre PUD Amendment","Planned Unit Development (PUD)","07/06/2012","Closed","10","PUD - PLANNED UNIT DEVELOPMENT","PUD - PLANNED UNIT DEVELOPMENT","0154280201","The applicant is proposing to Amend the Four Points Centre PUD.

This PUD amendment was administratively approved by the staff on August 24, 2012.","30.40157989","-97.84322760"
"C814-2009-0094","Whisper Valley PUD","Planned Unit Development (PUD)","07/29/2009","Closed","1","PUD - PLANNED UNIT DEVELOPMENT","N/A","0218600125","The applicant is requesting a planned unit development on approximately 2,066 acres.","30.30209165","-97.56466268"
"C17-2015-0004","901 E. 6th Street","Capital View Corridor Height","03/20/2015","Recommended for Approval","3","TOD-NP","TOD-NP","0204051001","The applicant is requesting a Capital View Corridor Review.","30.26515310","-97.73335415"
"NPA-2010-0014.01","Burleson 1.91","Amended Neighborhood Plan","07/08/2010","Closed","2","LI-CO-NP","CS-CO-NP","0316100506","The applicant is requesting a neighborhood plan amendment.","30.20787253","-97.72068431"
"C17-00-2005","CAPITOL VIEW CORRIDOR FOR 1611 W. 5TH ST.","Capital View Corridor Height","05/05/2000","Closed","9","","","0107050302","","30.27433182","-97.76448681"
"NPA-2014-0025.01","Austin Concrete Development","Amended Neighborhood Plan","02/05/2014","Closed","8","C/S","W/LO","0101440204","The applicant is proposing to amend Oak Hill Combined Neighborhood Plan.","30.25570308","-97.89086852"
"C814-2025-0001","600 E. Riverside PUD","Planned Unit Development (PUD)","09/19/2025","Awaiting Update","9","PUD-NP","L-V-NP, CS-1-V-NP","0201030203","The applicant is proposing to rezone approximately 1.75 acres from L-V-NP and CS-1-V-NP to PUD-NP.

Related Case CD-2025-0001","30.25250055","-97.74104147"
"C17-2007-0094","Capital View Corridor for 601 W 6th St","Capital View Corridor Height","09/04/2007","Closed","9","na","CBD - CENTRAL BUSINESS DISTRICT","0107001103","The applicant is requesting a capital view corridor height determination for 601 W 6th ST.","30.26946379","-97.74876088"
"NPA-2011-0009.01","Wallen/ Gamboa (2315 East 8th)","Amended Neighborhood Plan","07/15/2011","Closed","1","GP-MU-NP","SF-3-NP","0205101709","The applicant is requesting a neighborhood plan amendment to change from residential to commercial.","30.26331710","-97.71531532"
"C17-2014-0014","Original City of Austin","Capital View Corridor Height","01/31/2014","Approved","9","CBD - CENTRAL BUSINESS DISTRICT","CBD - CENTRAL BUSINESS DISTRICT","0107000705","The applicant is proposing a Capital View Corridor Height for .28 acres.","30.27005991","-97.74872591"
"C17-2015-0003","505 Oakland Ave","Capital View Corridor Height","02/18/2015","Approved","9","LO-NP","LO-NP","0108031003","The applicant is requesting a Capital View Corridor Review.","30.27325420","-97.76094756"
"NPA-2007-0012.02","1600 Block of East MLK","Amended Neighborhood Plan","07/27/2007","Withdrawn","1","","SF-3-NP - Family Residence-Neighborhood Plan Combining district","0211071611","The applicant is proposing to amend the  Upper Boggy Creek Neighborhood Plan
5/13/2009:  Applicant is withdrawn by applicant","30.27945212","-97.72401686"
"C17-2011-0035","416 Congress Ave- Capitol View Corridor","Capital View Corridor Height","04/13/2011","Approved","9","CBD-H-CURE","CBD-H-CURE","0205020209","The applicant is requesting a capitol view corridor height determination for 416 Congress Ave.","30.26698284","-97.74371336"
"NPA-2021-0010.01","2400 E Cesar Chavez Parking Expansion","Amended Neighborhood Plan","07/07/2021","Closed","3","","","0202100708","The applicant is proposing to Amend previously approved Neighborhood Plan.","30.25540875","-97.71755101"
"","1005 KINGSBURY STREET","Capital View Corridor Height","07/14/2020","Pending","10","1","1","0210001102","CVC Determination","30.28041553","-97.75121193"
"C14-2022-0093","SDC/MLK","Planned Development Agreement (PDA)","06/29/2022","Expired","9","LI-PDA, limited industrial services - planned development area","CS, general commercial services","0210020604","The Applicant is proposing to rezone approximately 0.6784 acres from CS to LI-PDA.

On November 22, 2022, the applicant amended their rezoning request to DMU-V. Please see Amendment Request Letter in","30.28208042","-97.74430656"
"NPA-2007-0003.01","1309 Chicon Development","Amended Neighborhood Plan","07/31/2007","Closed","1","GR-MU-CO-NP","LR - NEIGHBOORHOOD COMMERCIAL","0209096901","The applicant is requesting a neighborhood plan amendment. 
Old file number is NPA-06-0003.01 expired file.","30.27558870","-97.72000820"
"NPA-2025-0017.02","NPAs for the North Lamar Transit Center Station Area Vision Plan","Amended Neighborhood Plan","02/03/2025","Closed","7","","","0234110225","The City of Austin Planning Department is proposing to amend a previously approved neighborhood plan.","30.34437444","-97.71525593"
"NPA-2024-0024.02","Stonehollow Tracts","Amended Neighborhood Plan","08/16/2024","Closed","7","","","0256100102","The applicant is requesting an NPA.","30.40069181","-97.70829775"
"C14-03-0116.02","Met Center II PDA Amendment #2","Planned Development Agreement (PDA)","08/24/2009","Closed","2","LI-PDA","LI-PDA","0318130801","The applicant is proposing to amend existing PDA (Planned Development Area).","30.20219021","-97.70549053"
"NPA-2024-0016.05","Shady Lane","Amended Neighborhood Plan","12/27/2024","Scheduled for Hearing","3","","","0201150113","The applicant is requesting a NPA.","30.25291080","-97.69846149"
"C12M-04-0002","RIVERPLACE MUD LAND PLAN REVISION","Municipal Utility District (MUD)","02/06/2004","In Review","10","","","0137360423","8612 Big View Drive","30.35325745","-97.86672294"
"C12M-2011-0008","Moore's Crossing Municipal Utility District","Municipal Utility District (MUD)","04/28/2011","Approved","2","999 - SEE COMMENTS","","0334360603","$2,000,000 for north detention pond for Stoney Ridge Phase B and water, wastewater, and drainage for Stoney Ridge Phase B Section 2 as well as engineering and permitting costs and non-construction cos","30.15627371","-97.64171913"
"C814-2012-0128.01.SH","thinkEAST Austin","Planned Development Agreement (PDA)","08/30/2016","Closed","3","PUD-NP - PLANNED UNIT DEVELOPMENT","PUD-NP - PLANNED UNIT DEVELOPMENT","0204190405","The applicant is proposing to amend a PUD.  The proposed amendment changes land use density bonus for affordable housing in land use area 3. raising the height from 40 to 50 feet and three stories to","30.26269907","-97.69110353"
"NPA-2010-0020.01","117 Sandra Street","Amended Neighborhood Plan","02/22/2010","Closed","2","GO-CO-NP - GENERAL OFFICE","SF-3-NP - Family Residence-Neighborhood Plan Combining district","0416090505","The applicant is proposing to amend the South Congress Combined Neighborhood Plan.","30.20417207","-97.77620946"
"NPA-2011-0002.01","Jaylee Ltd.","Amended Neighborhood Plan","07/28/2011","Withdrawn","3","TOD-NP-CURE","TOD-NP","0204081202","The applicant is proposing amendments to the Plaza Saltillo stationary plan and regulating plan.","30.26258554","-97.72570202"
"C14-2023-0144","Domain Northside PDA Amendment","Planned Development Agreement (PDA)","11/14/2023","Closed","7","PDA","PDA","0256060501","The applicant is proposing to amend a previously approved PDA.","30.40001636","-97.72345393"
"NPA-2023-0018.05","410 KENNISTON DRIVE","Amended Neighborhood Plan","10/11/2023","Closed","4","MF-6-NP","SF-6-NP","0231110318","The applicant proposes to amend a previously approved neighborhood plan.","30.33432096","-97.71494217"
"NPA-2023-0030.02.SH","Mission South","Amended Neighborhood Plan","01/30/2023","Aborted","2","","","0418120318","The applicant is proposing an NPA.","30.20059344","-97.78653445"
"C17-2019-0154","East 9th Street Multi-family","Capital View Corridor Height","11/13/2019","Approved","9","CBD - CENTRAL BUSINESS DISTRICT","CBD - CENTRAL BUSINESS DISTRICT","0206041313","The applicant is requesting a Capital View Corridor Height Determination.","30.26862957","-97.73471172"
"C17-99-0005","CLARKSVILLE HOUSE","Capital View Corridor Height","","Closed","9","","","0111041401","(AKA NRD-99-016 (not in AMANDA); 1822 W. 10th Street (Demolition); & C14H-99-2004; NORRIS-MAXWELL HOUSE (not in AMANDA);","30.28160303","-97.76500316"
"NPA-2021-0015.02","3101 HIBBETTS ROAD","Amended Neighborhood Plan","07/29/2021","Closed","1","","","0202210103","The applicant is proposing to amend a previously approved neighborhood plan.","30.26589577","-97.67015152"
"NPA-2024-0027.01","Rawson Saunders - Tarrytown Christian Church Improvements","Amended Neighborhood Plan","03/25/2024","Withdrawn","10","GO-MU-NP","","0119050225","The applicant is requesting an NPA.","30.30235905","-97.76661565"
"NPA-2018-0021.01","5101 East Oltorf","Amended Neighborhood Plan","07/10/2018","Closed","3","GR-MU-CO-NP","GR-CO-NP","","The applicant is proposing to change the FLUM for the property from Commercial to Mixed Use.","",""
"C17-2021-0004","701 W 6TH STREET","Capital View Corridor Height","01/11/2021","Approved","9","e","e","0107001013","The applicant is request a capital view corridor determination","30.26980514","-97.74973083"
"NPA-2009-0007.02","Galewood","Amended Neighborhood Plan","02/26/2009","Closed","4","GR-MU-NP","GR-NP","0243100108","The applicant is requesting a Neighborhood Plan Amendment.","30.36873798","-97.71502590"
"NPA-2025-0019.03","1012 E 38th","Amended Neighborhood Plan","07/17/2025","Scheduled for Council Hearing","9","LO-MU-NP","","0217090114","The applicant is requesting an NPA. Associated zoning case C14-2025-0082 (Cynthia Hadri - case manager)","30.29497004","-97.72106813"
"C814-98-0002","BALFOUR PUD","Planned Unit Development (PUD)","04/02/2003","Expired","10","PUD","PUD","0118570142","","30.31150751","-97.90877948"
"C12M-2022-0001","TC WCID 10","Municipal Utility District (MUD)","03/03/2022","Closed","","1","","0123110360","The applicant is requesting annexation to a Municipal Utility District.","30.31338079","-97.78791643"
"","746 NORTHWESTERN AVENUE","Capital View Corridor Height","09/08/2023","Pending","3","CS-MU-CO-Np Gen. Commercial-Mixed Use-Con. Overlay-Nbrhd Plan Comb dist","CS-MU-CO-Np Gen. Commercial-Mixed Use-Con. Overlay-Nbrhd Plan Comb dist","0204100606","The applicant is requesting a capital view corridor determination.","30.26274988","-97.71380355"
"C14-2014-0035","Adams House","Ordinance Zoning Text Amendment","02/27/2014","Closed","9","SF-3-NCCD-NP - FAMILY RESIDENCE","SF-3-NCCD-NP - FAMILY RESIDENCE","0220061115","The applicant is proposing to modify the Hyde Park Neighborhood Conservation Combining District for the property located at 4300 Avenue G only, to modify floor-area-ratio (FAR) requirements.","30.30580774","-97.72802404"
"NPA-2022-0015.05","1811 Airport","Amended Neighborhood Plan","08/04/2022","Withdrawn","1","","","0212150108","The applicant is proposing to amend the FLUM from Mixed Use to Multifamily.","30.28255102","-97.70192109"
"NPA-06-0009.03","CALAVAN II","Amended Neighborhood Plan","07/31/2006","Closed","1","","999","0208090206","","30.27427640","-97.72120349"
"NPA-2024-0012.02","2002 Manor Road Neighborhood Plan Amendment","Amended Neighborhood Plan","05/01/2024","Closed","9","CS-DB90-NP","CS-V-CO-NP","0213100601","The applicant is requesting an NPA.","30.28434650","-97.72044611"
"C814-96-0003.16","Pioneer Crossing PUD Amendment #16","Planned Unit Development (PUD)","02/25/2020","Closed","","PUD, to correct an error in Ordinance No. 20191017-064","PUD","","The Zoning and Platting Commission is initiating a PUD amendment, to correct an error in Ordinance No. 20191017-064.","",""
"NPA-2019-0003.01","David Chapel Missionary Baptist Church","Amended Neighborhood Plan","07/30/2019","Closed","1","","","0209090519","The applicant is proposing to change a previously established neighborhood plan.","30.28008936","-97.71750015"
"C17-03-0003","901 NECHES ST","Capital View Corridor Height","06/02/2003","In Review","9","","","0206040902","","30.26973339","-97.73692853"
"NPA-2009-0021.01","AE - System Control Center","Amended Neighborhood Plan","02/23/2009","Closed","3","P - PUBLIC","LI - NP  LIMITED INDUSTRIAL SERVICES","0315110314","The applicant is requesting a neighborhood plan amendment.","30.21983772","-97.70877276"
"NPA-2007-0012.04","1504 E. MLK","Amended Neighborhood Plan","07/31/2007","Closed","1","SF-3-NP -MU   Family Residence-Neighborhood Plan Combining district","SF-3-NP - Family Residence-Neighborhood Plan Combining district","0211071512","The applicant is requesting a neighborhood plan amendment.","30.27931448","-97.72468605"
"C814-00-2222","RIVERBEND CHURCH PUD","Planned Unit Development (PUD)","10/27/2000","Closed","10","PUD","I-RR","0133150211","","30.34144660","-97.80411800"
"C17-2017-0068","835 W 6TH STREET","Capital View Corridor Height","05/05/2017","Approved","9","GO - SF-3","Vacant","0107000919","The applicant is proposing to get a capital view corridor determination.","30.27061687","-97.75206971"
"C814-98-0001.01","SOUTHWEST MARKETPLACE","Planned Unit Development (PUD)","11/24/2003","Closed","8","PUD","PUD","0412250424","","30.22074330","-97.83758603"
"C14-2019-0166","Parmer Business Park","Planned Development Agreement (PDA)","12/11/2019","Approved","7","LI-PDA, to change a condition of zoning","LI-PDA","0258301603","The Applicant is proposing to amend the PDA covering the property.","30.40565146","-97.65219899"
"C17-00-2015","VOICE STREAM","Capital View Corridor Height","10/26/2000","Closed","9","","","0210041507","","30.27931668","-97.73657570"
"C17-04-0004","SHAKESPEAR THEATER","Capital View Corridor Height","05/11/2004","Approved","9","","","0204041907","","30.26456463","-97.73647821"
"NPA-2023-0005.01","Montopolis-Fairway Mixed Use","Amended Neighborhood Plan","07/20/2023","Scheduled for Council Hearing","3","","","0308140206","The applicant is proposing a NPA.","30.22795397","-97.70300638"
"C17-2024-0157","402 Paul St","Capital View Corridor Height","09/20/2024","Approved","9","LI-CO-NP","LI-CO-NP","0108030107","The applicant requests a capital view corridor determination.","30.27283104","-97.76233720"
"C17-04-0005","SAND BEACH PRESERVES","Capital View Corridor Height","09/20/2004","Approved","9","","","0106020205","","30.26667603","-97.75577763"
"NPA-2012-0019.03","2814 San Pedro","Amended Neighborhood Plan","02/29/2012","Withdrawn","9","MF-4-NP - MULTI FAMILY MODERATE","SF-3-CO-NP - FAMILY RESIDENCE","0216010655","The applicant is requesting a future land use map change from Single-Family  to  Multi-Family.","30.29461150","-97.74610341"
"C17-2014-0013","Capital View Height Determination for 711 Trinity Street","Capital View Corridor Height","06/10/2014","In Review","9","CBD - CENTRAL BUSINESS DISTRICT; CBD-H","CBD; CBD-H","0206040301","The applicant is proposing a Capital View Corridor Height for 711 Trinity Street","30.26821794","-97.73869297"
"NPA-2011-0025.02","Landscape Resources- West Oak Hill Combined","Amended Neighborhood Plan","02/28/2011","Closed","8","","","0406380406","The applicant is requesting a future land use map change from Mixed Residential to Commercial.","30.24082370","-97.87746289"
"C17-2024-0013","1601 Haskell Street","Capital View Corridor Height","02/06/2024","Approved","3","Capital View","Capital View","0201060315","The applicant is requesting a capital view corridor.","30.25284851","-97.73012461"
"NPA-2013-0025.02","Lantana Tract 32","Amended Neighborhood Plan","02/26/2013","Closed","8","","GO-NP","0407370132","The applicant is proposing to amend the Oakhill Neighborhood Plan.  FLUM change from Office to Multi-family.","30.24991247","-97.85898178"
"NPA-07-0008.01","Hargrave Mixed Use Development","Amended Neighborhood Plan","04/10/2007","Closed","1","CS-MU-CO-Np Gen. Commercial-Mixed Use-Con. Overlay-Nbrhd Plan Comb dist","CS-MU-CO-Np Gen. Commercial-Mixed Use-Con. Overlay-Nbrhd Plan Comb dist","0208120417","The applicant is proposing to Amend the Rosewood Neighborhood Plan","30.27459521","-97.70800333"
"C17-2008-0140","Capital View Corridor Height Determination for 903 E. 8th Street","Capital View Corridor Height","06/24/2008","Approved","1","CS-MU-NCCD-NP","CS-MU-NCCD-NP","0206050211","The applicant is requesting a Capital View Corridor Height Determination.","30.26696694","-97.73260823"
"C2A-06-0224","PARK AT ASPEN LAKE","Planned Development Agreement (PDA)","12/05/2006","Closed","","LI-P","999","","","",""
"NPA-2008-0007.01","Shamsie- 1","Amended Neighborhood Plan","02/28/2008","Closed","4","CS-CO-NP","MF-3-NP","0244110301","The applicant is requesting a FLUM amendment (future land use map) to change the property from multi-family to commercial.","30.37063582","-97.71597353"
"NPA-2014-0027.01","2208 Lake Austin","Amended Neighborhood Plan","02/05/2014","Withdrawn","10","LO-MU-NP - LIMITED OFFICE","LO-NP - LIMITED OFFICE","0110060407","The applicant is proposing to Amend the Central West Austin Neighborhood Plan change in Future Land Designation from Neighborhood Commercial to Neighborhood Mixed Use.","30.27771372","-97.77116859"
"NPA-2017-0015.02","Eight Fold Community","Amended Neighborhood Plan","07/28/2017","Closed","1","","","0205261301","The applicant is proposing to change FLUM from Industrial to Mixed Use","30.26562178","-97.67046642"
"NPA-2015-0014.01","4501 E St Elmo","Amended Neighborhood Plan","10/19/2015","Approved","2","LO-MU-NP","LO-NP","0318030103","The applicant is proposing to amend the Southeast Combined Neighborhood Plan.","30.20576116","-97.73898988"
"NPA-2008-0014.03","Cunningham Village","Amended Neighborhood Plan","07/30/2008","Closed","2","SF-6 - NP  TOWNHOME, CONDO","SF-2 - NP  SINGLE FAMILY STANDARD","0319030165","The applicant is requesting a neighborhood plan amendment.","30.20109294","-97.74016646"
"C17-2013-0131","Capital View Corridor Height for 112 E. 5th Street.","Capital View Corridor Height","10/07/2013","Approved","9","CBD - CENTRAL BUSINESS DISTRICT","CBD - CENTRAL BUSINESS DISTRICT","0206030613","The applicant is proposing a Capital View Corridor Height for 112 E. 5th Street","30.26705120","-97.74219699"
"NPA-2019-0005.02","Palm Harbor Homes Mobile Home Park","Amended Neighborhood Plan","01/16/2019","Closed","3","","","0307210409","The applicant is proposing to change a previously established Neighborhood Plan 

Related Rezoning Case:  C14-2019-0027","30.23182918","-97.68432106"
"C17-2017-0069","203 W 10th Street","Capital View Corridor Height","05/30/2017","Recommended for Approval","9","CS - GENERAL COMMERCIAL","CS - GENERAL COMMERCIAL","0208011707","The applicant is proposing to get a capital corridor determination.","30.27209435","-97.74350970"
"C17-2021-0135","809 CONGRESS AVENUE","Capital View Corridor Height","07/06/2021","Approved","9","1","1","0206030904","The applicant is requesting a Capital View Corridor determination.","30.27019375","-97.74159933"
"C814-86-009.14","Terrace PUD Amendment #14","Planned Unit Development (PUD)","02/24/2025","Closed","8","PUD","PUD","0401150607","The applicant is requesting a 14th amendment to the Terrace PUD to modify land use.","30.25103739","-97.80127487"
"NPA-2008-0018.01","Lamar/Justin Lane TOD Station Area Plan","Amended Neighborhood Plan","02/01/2008","Closed","","TOD - TRANSIT ORIENTED DEVELOPMENT ZONING","999 - SEE COMMENTS","","The applicant proposes to amend the Neighborhood Plan for Brentwood-Highland.","",""
"NPA-2023-0019.01","Duval Street Residences","Amended Neighborhood Plan","12/18/2023","Closed","9","MF-1-CO-NP","SF-3-CO-NP","0217060905","The applicant is proposing an NPA.","30.29561019","-97.73131027"
"NPA-2017-0016.01.SH","Springdale Arts","Amended Neighborhood Plan","07/20/2017","Closed","3","","","0204140341","The applicant is proposing an NPA  for the Govall/Johnnston Terrace Combined Neighborhood Plan with associated improvements.Updated case number to add ""SH"" because SMART Housing Letter submitted.","30.25765661","-97.70134178"
"C17-01-0012","L.B. TUCKER LYNCH","Capital View Corridor Height","10/02/2001","Closed","9","","","0107001403","","30.26851285","-97.75043080"
"C14-2022-0157","Domain l and ll PDA Amendment","Planned Development Agreement (PDA)","10/06/2022","Closed","7","MI-PDA, major industry - planned development area, to allow for additional height up to 420 feet, FAR up to 12:1, and remove the maximum dwelling unit limitation for future redevelopment of additional residential, hotel, office and shopping center uses","MI-PDA, major industry - planned development area","0256060203","The Applicant is proposing to rezone from / to LI-PDA and amend the PDA to allow for additional height up to 420 feet, FAR up to 12:1 and to remove the maximum dwelling unit limitation for future rede","30.40256875","-97.72589147"
"C17-2018-0008","1109 N IH 35 SERVICE ROAD NB","Capital View Corridor Height","01/23/2018","Approved","1","Mixed Use","CS-NCCD-NP","0208060410","The applicant is proposing to obtain a capital view corridor","30.27117540","-97.73181677"
"C14-2023-0050","Bolm West PDA","Planned Development Agreement (PDA)","04/03/2023","Closed","3","LI-PDA","LI","0200180201","The applicant is proposing to rezone approximately 71.35 acres from LI to LI-PDA.","30.24985893","-97.68543893"
"NPA-2013-0025.04","Beiter-2","Amended Neighborhood Plan","02/28/2013","Closed","8","SF-5-CO-NP","SF-3-NP","0410280301","The Applicant is requesting to amend Oak Hill Combined Neighborhood Plan from single family use to higher density single family use.

Related Zoning case:  C14-2013-0018","30.23042035","-97.84671728"
"C814-06-0175.07","East Avenue PUD Amendment #7, Parcel A","Planned Unit Development (PUD)","08/19/2025","Scheduled for Hearing","9","PUD","PUD","0215080826","The Applicant is proposing to amend 1.13 acres of a previously approved PUD, to increase the maximum allowable height of Parcel A from 160 feet to 300 feet and to remove the vehicular access prohibiti","30.29318536","-97.72121785"
"NPA-2010-0018.01","5904 Laird Dr.","Amended Neighborhood Plan","02/25/2010","Closed","7","LO-MU-CO-NP","SF-3 - FAMILY RESIDENCE-NP","0230040212","The applicant is proposing to amend the Brentwood/Highland Combined Neighborhood Plan.","30.33498842","-97.73884721"
"C814-95-0001","SOUTH AUSTIN MEDICAL CENTER","Planned Unit Development (PUD)","08/11/1998","Closed","3","999","999","0408080602","","30.22637821","-97.77442753"
"NPA-2022-0017.02","7301 Burnet Road","Amended Neighborhood Plan","02/28/2022","Closed","7","","","0235040317","The applicant is proposing to amend a previously approved neighborhood plan.","30.34859256","-97.73522452"
"NPA-2022-0029.02","St. Johns Site","Amended Neighborhood Plan","08/29/2022","Closed","4","","","","The applicant is proposing to amend a previously approved Neighborhood Plan Case. 

Related case:  C14-2022-0118","30.33344344","-97.70324393"
"C814-2012-0152.01","Pilot Knob PUD-First Amendment","Planned Unit Development (PUD)","03/16/2016","Closed","","PUD - PLANNED UNIT DEVELOPMENT","PUD","","The applicant is proposing  to zone approximately 2214.075 acres of land from I-RR & I-SF-4A to PUD.  Refer to C814-2012-0152 for affordable housing agreement (see Attachments section).
*Also known a","",""
"NPA-2007-0005.02","Frontier at Montana","Amended Neighborhood Plan","11/26/2007","Closed","3","SF-3-NP","P-NP","0307171326","Applicant is proposing to amend neighborhood plan.","30.23118950","-97.69090136"
"NPA-07-0007.01","JAMESTOWN CONDOS","Amended Neighborhood Plan","01/11/2007","Closed","4","","","0239101308","","30.35528913","-97.71343105"
"NPA-2021-0015.04","6600, 6702, 6704 & 6706 REGIENE ROAD","Amended Neighborhood Plan","07/30/2021","Closed","1","","","0207260601","The applicant is proposing to amend a previously approved neighborhood plan.","30.26474849","-97.66973641"
"C17-2020-0119","1104 Sabine Street Capital View Corridor","Capital View Corridor Height","10/09/2020","Approved","9","CBD - CENTRAL BUSINESS DISTRICT","CBD - CENTRAL BUSINESS DISTRICT","0208051901","The applicant is requesting a Capital View Corridor determination.","30.27119524","-97.73442085"
"C17-2018-0012","Capital View Height Determination for Austin Energy District Cooling Plant #3","Capital View Corridor Height","01/29/2018","Approved","9","r","d","0106020205","The applicant requests specific height determination for a site plan currently in review.","30.26709022","-97.75367220"
"NPA-2018-0012.02.SH","2107 Alamo Neighborhood Plan Ammendment","Amended Neighborhood Plan","08/22/2018","Closed","1","","","0211091001","The applicant is proposing to change a previously established neighborhood plan.

Related case:  C14-2018-0100.SH","30.28271795","-97.71975498"
"NPA-2024-0015.02","3016 E 51ST STREET","Amended Neighborhood Plan","05/20/2024","Closed","1","","","0218201216","The applicant proposes to amend a previously approved neighborhood plan.","30.29650219","-97.68263154"
"NPA-2023-0030.02","714 Turtle Creek Multifamily","Amended Neighborhood Plan","02/28/2023","Closed","2","GR-MU-V-NP","MF-2-NP","0416110755","The applicant is proposing a NPA.","30.20436615","-97.78428816"
"NPA-05-0016.02","E 5TH & ALLEN ST","Amended Neighborhood Plan","07/27/2005","Closed","3","","999","0202141201","","30.25480527","-97.70540195"
"NPA-06-0009.05","CALAVAN","Amended Neighborhood Plan","07/26/2006","Closed","1","999","999","0209096201","NPA-06-0015.01_0  has been changed to  NPA-06-0009.05_0  on  01-sep-2006 09:46:51 by SHARI PAPE.","30.27927420","-97.72297831"
"C14-2015-0038","Domain Entertainment District","Planned Development Agreement (PDA)","03/18/2015","Closed","7","MI-PDA","MI-PDA","0256081602","The applicant is proposing to amend a Planned Development Agreement.","30.40325531","-97.71759777"
"NPA-2019-0014.01","Stassney Residential","Amended Neighborhood Plan","04/17/2019","Closed","2","","","0323010124","The Applicant is proposing an amendment to the approved Southeast Austin Combined Neighborhood Plan.","30.20106852","-97.72326207"
"C17-2025-0031","2902 Medical Arts","Capital View Corridor Height","02/07/2025","Approved","9","unk","unk","0215061115","The applicant is proposing Capital View Corridor determination.","30.28875817","-97.72909907"
"C12M-2013-0001","Cascades Municipal Utility District (MUD)","Municipal Utility District (MUD)","01/02/2013","Closed","5","RR-CO","","0445110302","The applicant is proposing consent to create a MUD.","30.13173226","-97.79375578"
"C17-2020-0141","612 E 6TH STREET","Capital View Corridor Height","12/02/2020","Approved","9","1","1","0206041112","The applicant is requesting a general CVC determination.","30.26662434","-97.73646400"
"NPA-2022-0015.07.SH","Norman Crossing","Amended Neighborhood Plan","09/08/2022","Closed","1","","","0211230401","The Applicant is proposing to amend a previously approved Neighborhood Plan from Civic to Multi-family land use.  

Related case:  C14-2022-0122.SH","30.27727948","-97.67504708"
"NPA-05-0006.02","1203 BAYLOR","Amended Neighborhood Plan","02/01/2005","Scheduled for Hearing","9","","","0210000811","","30.27750951","-97.75208504"
"C814-00-2063.11","Wildhorse Ranch PUD Amendment No. 11","Planned Unit Development (PUD)","12/27/2024","Closed","","PUD - PLANNED UNIT DEVELOPMENT","PUD - PLANNED UNIT DEVELOPMENT","","The applicant is proposing an administrative amendment to a previously approved Planned Unit Development Plan.","",""
"NPA-2012-0025.02","Covered Bridge Assisted Living FLUM","Amended Neighborhood Plan","02/29/2012","Closed","8","","","0402480330","The applicant is requesting a neighborhood plan amendment to change the use from Multi-Family to Mixed Use.","30.24770862","-97.89638306"
"C17-2013-0005","1402 West Avenue","Capital View Corridor Height","03/19/2013","Approved","9","LO - LIMITED OFFICE","H - HISTORIC","0210000303","The applicant is requesting  a Capital View Corridor height determination for 1402 West Avenue","30.27864579","-97.74787492"
"NPA-2015-0005.03","2407-2409 MontopOlis Dr. #225","Amended Neighborhood Plan","07/22/2015","Closed","3","CS-CO-MU-NP","CS-CO-NP","0312130115","The applicant is proposing to amend Montopolis Neighborhood Plan from Commercial to Mixed Use
**Scheduled for 11/10/15 PC and 12/10/15 CC** - M. Meredith","30.21948428","-97.70588776"
"C17-2016-0008","Capitol Terrace","Capital View Corridor Height","02/10/2016","Recommended for Approval","9","CBD - CENTRAL BUSINESS DISTRICT","CBD - CENTRAL BUSINESS DISTRICT","0210021916","The applicant is requesting a capitol view height determination for 303 w. 14th street, 301 w 14th, 1308 lavaca, 1304 lavaca","30.27661874","-97.74283378"
"C814-06-0106","208 BARTON SPRINGS","Planned Unit Development (PUD)","05/08/2006","Closed","9","PUD","CS-1","0203000221","","30.26067888","-97.74683528"
"NPA-2019-0014.02","Ben White and Montopolis Neighborhood Plan Amendment","Amended Neighborhood Plan","06/28/2019","Closed","2","","","0316100202","The Applicant proposes a FLUM amendment on 8.8127 acres from Commercial to Mixed Use land use.","30.21182196","-97.71421876"
"NPA-2011-0009.02","Chicon Corridor","Amended Neighborhood Plan","10/28/2011","Closed","1","CS-NP-MU","CS-NP","0208094901","The applicant is proposing to amend the Central East Austin Neighborhood Plan.","30.27453822","-97.72042006"
"C14-2023-0044","300-440 Industrial Blvd.","Planned Development Agreement (PDA)","02/23/2023","Closed","3","LI-PDA-NP, limited industrial services - planned development area - neighborhood plan","LI-NP, limited industrial services - neighborhood plan","0412040406","The Applicant is proposing to rezone approximately 1.38 acres from LI-NP to LI-PDA-NP.

Related case:  NPA-2023-0020.03","30.21886143","-97.76164874"
"C814-00-2063.04","Wildhorse PUD Amendment","Planned Unit Development (PUD)","03/18/2013","Expired","1","LI-PDA","PUD - PLANNED UNIT DEVELOPMENT","","The applicant is proposing to amend the language in City Ordinance #020214-28.

Case EXPIRED - was not scheduled for ZAP or City Council","30.33857476","-97.59210978"
"C17-2011-0106","835 W. 6th Street- Capital View Determination","Capital View Corridor Height","08/18/2011","Approved","9","CR - COMMERCIAL REC","CR - COMMERCIAL REC","0107000919","The applicant is requesting a capital view corridor height determination for 835 W. 6th Street.","30.27061687","-97.75206971"
"C814-2008-0087.01","South Shore Subdivision Section One","Planned Unit Development (PUD)","11/13/2013","Closed","3","PUD - PLANNED UNIT DEVELOPMENT","PUD - PLANNED UNIT DEVELOPMENT","0302070815","The applicant is proposing to amend 2.8760 acres from PUD to PUD.","30.24328999","-97.72601400"
"NPA-2014-0016.03","Morotito's Plan","Amended Neighborhood Plan","12/04/2014","Closed","3","","","0202120701","The applicant is proposing to amend the Govalle/Johnson Terrace neighborhood plan.

Note: As of February 9, 2015, the case has been taken off the Feb. 24, 2015 PC and March 26, 2015 CC hearings at t","30.25579807","-97.71009217"
"NPA-2007-0016.01","Office / Warehouse","Amended Neighborhood Plan","07/16/2007","Closed","5","CS-MU-CO-Np Gen. Commercial-Mixed Use-Con. Overlay-Nbrhd Plan Comb dist","GR - NPCOMMUNITY COMMERCIAL","0101090807","The applicant is submitting a neighborhood plan amendment to zoning already in review.","30.25207948","-97.78295888"
"C814-96-0003.10","PIONEER CROSSING-Air Products","Planned Unit Development (PUD)","06/17/2011","Closed","1","PUD - PLANNED UNIT DEVELOPMENT","PUD - PLANNED UNIT DEVELOPMENT","","The applicant is proposing to amend the existing PUD","",""
"NPA-2011-0019.02","3208 Red River","Amended Neighborhood Plan","08/12/2011","Closed","9","GR-MU-CO-NP","GO-MU-CO-NP","0215061209","The applicant is requesting an NP to change the use from Mixed Use Office to Mixed Use","30.29189648","-97.72707794"
"NPA-2014-0003.01","1805 & 1807 Ulit Avenue","Amended Neighborhood Plan","01/22/2014","Closed","1","SF-3-NP - Family Residence-Neighborhood Plan Combining district","P-NP Public-Neighborhood Plan Combining district","0212121501","The applicant is proposing a flum change to the Chestnut Neighborhood Plan.","30.28042721","-97.71211063"
"NPA-2009-0012.01","Fannie Mae Stewart Village","Amended Neighborhood Plan","07/29/2009","Closed","1","MF-1-NP  MULTI FAMILY LIMITED Neighborhood Plan Combining district","SF-3-NP - Family Residence-Neighborhood Plan Combining district","0211090306","The applicant is requesting a neighborhood plan amendment.","30.28295360","-97.72173558"
"C17-2018-0016","Capital View Corridor Height for Waterloo Neighborhood Park","Capital View Corridor Height","02/07/2018","Approved","9","o","cbc","0208051701","The applicant proposes capital dominance review for a site plan currently in review","30.27293327","-97.73576828"
"C17-2008-0119","Capital View Corridor Height Determination for 1008 E. 11th Street","Capital View Corridor Height","05/27/2008","Approved","1","CS-1-NCCD-NP - LIQUOR SALES","CS-1-NCCD-NP - LIQUOR SALES","0208061734","The applicant proposes to install rooftop equipment.","30.26957370","-97.72960074"
"C814-2014-0110.02.SH","Colony Park Sustainable Community Initiative PUD","Planned Unit Development (PUD)","06/09/2023","Closed","1","PUD, planned unit development, to amend the Land Use Plan, permitted uses, maximum densities and site development regulations","PUD, planned unit development","0218310513","The Applicant is proposing to a PUD amendment on 208 acres of land to update the Land Use Plan, permitted uses, maximum densities and site development regulations.

Related item:  Council Resolution #","30.29510143","-97.63422788"
"NPA-2025-0019.02","City-initiated NPAs for the University Neighborhood Overlay","Amended Neighborhood Plan","03/17/2025","In Review","9","","","0214010703","The applicant is proposing to amend a previously approved neighborhood plan.","30.28842038","-97.74746098"
"C17-05-0014","CAPITOL VIEW CORRIDOR FOR 1309 GUADALUPE","Capital View Corridor Height","11/09/2005","Approved","9","","","0210021901","","30.27661613","-97.74311271"
"C814-89-0006.02","CANYON RIDGE, PHASE B (PUD AMENDMENT)","Planned Unit Development (PUD)","09/24/2003","Approved","10","","PUD","0147150104","","30.37931925","-97.80555454"
"NPA-2009-0016.01","Leija Villa","Amended Neighborhood Plan","07/27/2009","Closed","3","GR-MU-NP","GR-NP & SF-3-NP","0202140635","The applicant is requesting a neighborhood plan amendment.","30.25476145","-97.70514006"
"NPA-2023-0014.01.SH","5900 S Pleasant Valley Apartments - NPA","Amended Neighborhood Plan","05/31/2023","Closed","2","","","0322020120","The applicant is proposing an NPA from Single Family, Open Space to Mixed Use land use.

Related case:  C14-2023-0071.SH from PUD-NP to GR-MU-CO-NP.","30.18841614","-97.74530304"
"NPA-2022-0014.02","Sage @ Franklin Park","Amended Neighborhood Plan","06/30/2022","Closed","2","","","","The Applicant is proposing to amend a previously approved neighborhood plan.","30.20070594","-97.73423684"
"C17-2012-0039","110 E. 2nd St- Capital View Corridor","Capital View Corridor Height","04/02/2012","Approved","9","CBD-CURE","CBD-CURE","0205020509","The applicant is requesting a Capital View Corridor height determination for 110 E. 2nd Street.","30.26438581","-97.74340598"
"NPA-2021-0002.01","1400 E 4TH STREET","Amended Neighborhood Plan","07/26/2021","Closed","3","","","0204061405","The applicant is proposing to amend a neighborhood plan.","30.26193006","-97.72876766"
"C814-89-0006.01","CANYON RIDGE (PUD AMENDMENT)","Planned Unit Development (PUD)","12/27/2000","Expired","10","PUD","PUD","0147150104","","30.37931925","-97.80555454"
"NPA-2008-0012.01","MLK Jr. Blvd TOD Station Area Plan-Plan Amendment","Amended Neighborhood Plan","02/01/2008","Closed","","TOD - TRANSIT ORIENTED DEVELOPMENT ZONING","999 - SEE COMMENTS","","The applicant proposes to amend the Upper Boggy Creek Neighborhood Plan.","",""
"C814-2008-0016","Dell Jewish Community Center Rezoning","Planned Unit Development (PUD)","01/18/2008","Closed","10","PUD - PLANNED UNIT DEVELOPMENT","SF-3 - FAMILY RESIDENCE","0139020402","The applicant is proposing to rezone property from SF-3 to PUD","30.35751275","-97.75502469"
"C814-2008-0146.02","Oertli PUD","Planned Unit Development (PUD)","08/21/2012","Approved","1","PUD - PLANNED UNIT DEVELOPMENT","PUD - PLANNED UNIT DEVELOPMENT","","The applicant is proposing a PUD Amendment.","30.39148142","-97.64646250"
"NPA-2018-0002.01.SH","Chalmers Court East","Amended Neighborhood Plan","05/07/2018","Closed","3","TOD-Saltillo","MF-4-NP","0204080201","The applicant proposes a change to a previously adopted Neighborhood Plan.","30.26052444","-97.72659411"
"C17-2016-0012","504 East 5th Street","Capital View Corridor Height","08/08/2016","Recommended for Approval","9","CBD - CENTRAL BUSINESS DISTRICT","CBD - CENTRAL BUSINESS DISTRICT","0206040514","The applicant is requesting a Capital View Corridor height determination for 504 E. 5th Street.","30.26603774","-97.73805450"
"NPA-2015-0002.01","Rebekah Baines Johnson (RBJ) Center","Amended Neighborhood Plan","04/08/2015","Closed","3","","","0200050501","The applicant is proposing to amend the East Cesar Chavez Neighborhood Plan.
Scheduled for May 26 2015 PC and June 11 2015 CC hearings.","30.25315485","-97.73342695"
"C814-88-0001.08","GABLES WESTLAKE","Planned Unit Development (PUD)","06/09/2004","Closed","","PUD","PUD","","","",""
"C14-99-2052.04","Interport 2","Planned Development Agreement (PDA)","03/31/2025","Scheduled for Hearing","2","LI-PDA","LI-PDA","0318380402","The Applicant is requesting the 4th amendment (Commission / Council review) to the PDA to modify Exhibit F - Site Development Standards and Attachment Two - Site Specific Uses and Development Regulati","30.20255974","-97.63622764"
"NPA-03-0007.01","KRAMER LANE","Amended Neighborhood Plan","01/29/2003","Closed","4","","","0249150104","","30.38441929","-97.70179008"
"C17-2020-0202","203 W 10th Street","Capital View Corridor Height","08/21/2020","Approved","9","CBD","CBD","0208011707","The applicant is requesting a specific Capitol View Corridor determination for site plan SP-2020-0087C.","30.27209435","-97.74350970"
"C14-2017-0148","Zen Garden","Planned Development Agreement (PDA)","11/27/2017","Closed","1","LI-PDA-NP","LI-NP","0209261201","The Applicant proposes to rezone approximately 109.65 acres from LI-NP to LI-PDA-NP.","30.26984183","-97.66813197"
"NPA-2018-0012.01","3200 Merrie Lynn","Amended Neighborhood Plan","07/25/2018","Closed","9","","","0214120637","The applicant is proposing a plan amendment for the current neighborhood plan.

Relevant case C14-2018-0087","30.28551265","-97.71236500"
"NPA-2023-0023.02","6405 BERKMAN DRIVE","Amended Neighborhood Plan","07/31/2023","Scheduled for Hearing","4","","","0224190219","The applicant proposes to amend a previously approved neighborhood plan.","30.31750447","-97.69011003"
"C814-2021-0175","614 S 1ST STREET","Planned Unit Development (PUD)","10/12/2021","Expired","9","PUD-NP, planned unit development - neighborhood plan","MF-3-NP, multifamily residence - medium density - neighborhood plan","0102010601","The Applicant is proposing to rezone approximately 8.19 acres from MF-3-NP to PUD-NP.

Case expired per LDC Sec. 25-2-246.","30.25679173","-97.75142551"
"NPA-2015-0017.01","Korean United Presbyterian Church FLUM Amendment","Amended Neighborhood Plan","02/27/2015","Withdrawn","7","","","0234060818","The applicant is proposing to amend the Crestview/Wooten Combined Neighborhood Plan. 
**Scheduled for Aug 11, 2015 PC and Sept. 10, 2015 CC hearings**","30.34452524","-97.73416078"
"C14-05-0218","WHITEHURST-WOOLEY ZONING CHANGE","Planned Unit Development (PUD)","12/30/2005","Withdrawn","8","PUD","LA","0121090330","","30.30844806","-97.78023927"
"NPA-2017-0015.01","Little Walnut Creek Greenbelt Rezoning Amendment","Amended Neighborhood Plan","07/18/2017","Scheduled for Hearing","1","P-NP","MF-3-CO-NP, GR-NP, SF-6-NP and CS-MU-CO-NP","0218240101","The applicant proposes to rezone approximately 205 acres in a Neighborhood plan from MF-3-CO-NP, GR-NP, SF-6-NP and CS-MU-CO-NP  to P-NP","30.30447782","-97.67026911"
"NPA-2017-0016.06","LEIJA VILLAS","Amended Neighborhood Plan","12/01/2017","Closed","3","","","0202140636","The applicant  is proposing to amend an approved neighborhood plan with associated improvements","30.25631987","-97.70441966"
"C14-2022-0121","Borden Tract","Planned Development Agreement (PDA)","08/25/2022","Closed","3","LI-PDA-NP, limited industrial services - planned development area - neighborhood plan","LI-CO-NP, limited industrial services - conditional overlay - neighborhood plan","0302170108","The Applicant is proposing to rezone approximately 21.38 acres from LI-CO-NP to LI-PDA-NP.

Related case:  NPA-2022-0016.02","30.24858342","-97.69333351"
"C14-03-0116.01","MET CENTER II PDA AMENDMENT","Planned Development Agreement (PDA)","10/23/2008","Closed","2","LI -PDA- LIMITED INDUSTRIAL SERVICES","LI -PDA- LIMITED INDUSTRIAL SERVICES","0318130801","The applicant is proposing to amend exiting PDA (Planned Development Agreement)","30.20219021","-97.70549053"
"NPA-2017-0018.01","Burnet Lane","Amended Neighborhood Plan","02/27/2017","Closed","7","","","0232041005","The applicant is proposing to amend a neighborhood plan.
Note: On Feb. 25, 2019 - Applicant amended the application to remove 2108 Payne Ave and 6431 Burnet Lane from the application and to change th","30.33992629","-97.73821658"
"C814-88-0001.07","DAVENPORT RIM CONDOMINIUMS","Planned Unit Development (PUD)","02/13/2001","Closed","8","PUD","","0127190302","","30.32579585","-97.80976572"
"NPA-2018-0016.04","Springdale Farms","Amended Neighborhood Plan","07/31/2018","Closed","3","","","0202160901","The Applicant is proposing a change to the future land use map ot the approved Johnson Terrace/Govalle Combined Neighborhood plan.  
Related case:  C14-2019-0031","30.25745834","-97.70052662"
"NPA-2024-0026.02.SH","204 East Rundberg Lane NPA","Amended Neighborhood Plan","04/18/2024","Closed","4","GR-MU-V-NP","LR-V-NP","0240170231","The applicant is proposing an NPA.","30.36060400","-97.69243349"
"NPA-2022-0014.01","3111 and 3112 Caseybridge Court","Amended Neighborhood Plan","04/29/2022","Closed","2","","","0314160203","The applicant is proposing to amend a previously approved neighborhood plan.","30.21465843","-97.69910908"
"NPA-2012-0016.01.SH","thinkEAST Austin","Amended Neighborhood Plan","10/15/2012","Closed","3","PUD-NP","LO-MU-CO-NP, SF-3-NP","0204190405","The applicant is requesting to amend Govalle/Johnston Terrace Combined Neighborhood Plan.","30.26269907","-97.69110353"
"NPA-2017-0005.01","6507 Riverside","Amended Neighborhood Plan","07/19/2017","Withdrawn","3","","","0310140148","The applicant is proposing to change from Montopolis Neighborhood Plan to East Riverside Corridor Regulating Plan","30.22163292","-97.70189904"
"C814-05-0056","ST. DAVID'S PLANNED UNIT DEVELOPMENT","Planned Unit Development (PUD)","04/07/2005","Closed","9","PUD","CS","0214070133","","30.29067402","-97.72674331"
"NPA-2010-0022.01","1307 Newning Avenue Plan Amendment","Amended Neighborhood Plan","02/26/2010","Closed","9","SF-5-NCCD-NP - URBAN SINGLE FAMILY","SF-3-NCCD-NP","0301021201","The applicant is proposing to amended the Greater South River City Neighborhood Plan","30.24970477","-97.74381376"
"NPA-2015-0008.01","Sol Wilson","Amended Neighborhood Plan","07/28/2015","Closed","1","CS-MU-CO-NP","LR-MU-V-NP","0209140149","The applicant is proposing to amend 0.5153 aces of the Rosewood Neighborhood Plan from Civic to Mixed Use. 
**Scheduled for 11/10/15 PC and 12/10/15 CC**","30.27537742","-97.70456928"
"NPA-2025-0016.02","Former AISD Brooks ES Redevelopment","Amended Neighborhood Plan","12/29/2025","In Review","3","CS-MU-V-NP","P-NP","0202120801","The applicant is requesting an NPA.","30.25461763","-97.70805230"
"NPA-2017-0021.01","East Riverside/Oltorf Flum Amendment","Amended Neighborhood Plan","07/31/2017","Closed","3","CS-CO-NP","CS-CO-NP","0314060103","The applicant proposes to change the Future Land Use Map for a previously approved Neighborhood plan.","30.21553232","-97.73136145"
"NPA-2020-0030.01","6200 Menchaca Road","Amended Neighborhood Plan","02/28/2020","Withdrawn","5","","","0415170803","The applicant is proposing an amendment to an approved neighborhood plan.","30.21122690","-97.80378136"
"NPA-2018-0021.03","Colop 2","Amended Neighborhood Plan","07/31/2018","Closed","3","","","","The applicant is proposing zoning change for neighborhood plan 
Related case C14-2018-0088","30.23006572","-97.71492759"
"C17-07-0002","CAPITOL VIEW CORRIDOR FOR 1104 SAN ANTONIO","Capital View Corridor Height","01/03/2007","Approved","9","","","0208010410","","30.27442260","-97.74576042"
"NPA-2017-0029.01","Austin Humane Society","Amended Neighborhood Plan","07/17/2017","Closed","4","","","0232160101","","30.33683013","-97.69699707"
"C17-2014-0020","Central Health Downtown","Capital View Corridor Height","10/24/2014","Recommended for Approval","9","P - PUBLIC","P - PUBLIC","0208051604","The applicant is requesting a Capital View Corridor Height Determination for 601 E. 15th St.","30.27502739","-97.73378850"
"NPA-2023-0015.06","Springdale Beauty Salon","Amended Neighborhood Plan","12/19/2023","Closed","3","","","0206180835","The applicant is requesting an NPA.","30.26920816","-97.69292160"
"NPA-2014-0025.02","Lantana Tract 28","Amended Neighborhood Plan","02/27/2014","Closed","8","MF","LO-NP","","The applicant is proposing to amend Oak Hill Combined Neighborhood Plan","30.24888395","-97.85988678"
"NPA-2008-0009.02","1801 Salina St.","Amended Neighborhood Plan","07/31/2008","Closed","1","NO-MU","SF-3 - FAMILY RESIDENCE","0209090212","The applicant is requesting a Neighborhood Plan Amendment on .1975","30.27888219","-97.72182672"
"C17-2021-0086","811  TRINITY ST","Capital View Corridor Height","04/16/2021","Approved","9","","","0206040407","The applicant is requesting a CVC Determination.","30.26954298","-97.73811870"
"NPA-2021-0020.01","Shelby Lane Residences","Amended Neighborhood Plan","02/02/2021","Closed","3","MF-6-NP","CS-CO-NP","0414030127","The applicant is proposing to amend a previously approved neighborhood plan.","30.21064241","-97.75981557"
"C814-06-0106.01","Hyatt PUD","Planned Unit Development (PUD)","07/17/2013","Closed","9","PUD-NP - PLANNED UNIT DEVELOPMENT","PUD-NP - PLANNED UNIT DEVELOPMENT","0203000221","The applicant is proposing to amend existing PUD to add Commercial Off-Street Parking as a permitted use on two parcels within the PUD.","30.26067888","-97.74683528"
"","Pioneer Crossing PUD Land Plan Amendment No. 13","Planned Unit Development (PUD)","05/17/2017","Pending","1","","","","The applicant is proposing an amendment.","30.37637220","-97.63169303"
"C17-2013-0001","Swisher Addition","Capital View Corridor Height","02/05/2013","Closed","9","CS-MU-V-NP/ HOTEL","CS-MU-V-NP","0302000504","The applicant is requesting a Capital View Corridor Height Determination for 1603 South Congress Avenue.","30.24748074","-97.75014123"
"C17-2014-0169","Hostel 512","Capital View Corridor Height","10/06/2014","In Review","3","CS-CO-MU-NP","CS-CO-MU-NP","0204100614","The applicant is requesting a Capital View Corridor Height Determination for 2308 Coronado St.","30.26248527","-97.71471688"
"C14-2022-0103","4927 E. 5th Street","Planned Development Agreement (PDA)","07/18/2022","Closed","3","LI-PDA-NP, limited industrial services - planned development area - neighborhood plan","LI-CO-NP, limited industrial services - conditional overlay - neighborhood plan","0201150315","The Applicant is proposing to rezone approximately 1.43 acres from LI-CO-NP to LI-PDA-NP.","30.25249653","-97.70065241"
"C17-2013-0009","Capital View Corridor Height for 701 W. 7th Street","Capital View Corridor Height","12/11/2013","Approved","9","CBD - CENTRAL BUSINESS DISTRICT","CBD - CENTRAL BUSINESS DISTRICT","0107000610","The applicant is proposing a Capital View Corridor Height for 701 W. 7th Street","30.27074666","-97.74950284"
"NPA-2011-0019.01","Helms Condominiums","Amended Neighborhood Plan","02/28/2011","Withdrawn","9","SF-4A -NCCD- NP","SF-3-NCCD- NP","0218042801","The applicant is requesting a neighborhood plan amendment to change the property from Single Family to Higher-Density Single Family.","30.29782501","-97.73433132"
"NPA-2015-0003.01","New Hope Baptist Church","Amended Neighborhood Plan","07/30/2015","Closed","1","LO-CO-NP","P-NP Public-Neighborhood Plan Combining district","0210110902","The applicant is proposing to amend the Chestnut Neighborhood Plan","30.27732404","-97.71515092"
"NPA-2007-0021.01","Parker Lane NPA","Amended Neighborhood Plan","07/27/2007","Closed","9","","SF-3-NP - Family Residence-Neighborhood Plan Combining district","0303050305","The applicant is requesting to Amend the Neighborhood Plan for East Riverside/Oltorf Combined Neighborhood Plan","30.24143201","-97.73135098"
"NPA-2018-0026.01","Austin Suites","New Neighborhood Plan","02/26/2018","Closed","4","","","0235160407","The applicant  is proposing to amend an approved neighborhood plan with associated improvements

Related case:  C14-2018-0022","30.34602065","-97.69666978"
"NPA-2010-0005.03","McElhenney Tract","Amended Neighborhood Plan","07/30/2010","Closed","3","CS-NP","CS-NP, GR-CO-NP, SF-2-NP","0306200307","The applicant is requesting a neighborhood plan amendment.","30.23411748","-97.68711533"
"C814-90-0003.22","Harris Branch PUD Amendment 22","Planned Unit Development (PUD)","07/02/2024","Closed","1","PUD","PUD","0242410502","The Applicant is proposing to amend a previously recorded PUD.","30.36311682","-97.62772543"
"C17-2012-0047","500 E. 7th Street Capital View Corridor Determination","Capital View Corridor Height","04/23/2012","Approved","9","CBD - CENTRAL BUSINESS DISTRICT","CBD","0206040712","The applicant is requesting a Capital View Corridor Height Determination for  500 E. 7th Street","30.26797610","-97.73761583"
"NPA-2012-0003.01.SH","Chicon Corridor Phase 2","Amended Neighborhood Plan","04/30/2012","Closed","1","LR-MU-NP","LR-NP","0209098101","The applicant is requesting an NPA to change from the use from LR-NP to LR-MU-NP.","30.27503154","-97.71987021"
"NPA-2024-0025.01","8900 and 8956 W SH 71 Multifamily","Amended Neighborhood Plan","03/13/2024","Closed","8","MF-4-NP","AG-NP","0102470309","The applicant is proposing to amend a previously approved neighborhood plan.","30.25457416","-97.90007969"
"NPA-2021-0026.01","Grady & Brownie Mixed Use","Amended Neighborhood Plan","03/12/2021","Closed","4","MF-4-NP - MULTI FAMILY MODERATE","SF-3-NP","0243210430","The applicant is proposing to amend a previously recorded neighborhood plan.","30.37136757","-97.68169983"
"NPA-2025-0001.01","NPAs for the South Congress Transit Center Station Area Vision Plan","Amended Neighborhood Plan","02/03/2025","Closed","3","","","0409050512","The City of Austin Planning Department is proposing to amend a previously approved neighborhood plan.","30.22395374","-97.76418932"
"C17-04-0003","800 W. CESAR CHAVEZ","Capital View Corridor Height","04/23/2004","Approved","9","","","0105000903","","30.26628211","-97.75260385"
"C14-2020-0154","Domain Retail District | Block Z","Planned Development Agreement (PDA)","11/23/2020","Closed","7","MI-PDA, to change a condition of zoning","MI-PDA","0252060207","The Applicant is proposing to amend a previously approved PDA agreement.","30.39397186","-97.72416959"
"NPA-2023-0018.06","6725 Shirley Avenue","Amended Neighborhood Plan","10/17/2023","Scheduled for Hearing","4","","","0231091222","The applicant is proposing an NPA.","30.33448486","-97.71933551"
"NPA-2010-0019.01","Mitchell Re-zone/NPA","Amended Neighborhood Plan","02/26/2010","Closed","9","MF-1-CO-NCCD-NP","SF-3-NCCD-NP","0218040501","The applicant is requesting to amend a neighborhood plan amendment.  This case expired and was re-opened under case # NPA-2010-0019.02","30.29980762","-97.73241422"
"C17-2016-0128","1211 E 11th Street Capital View Corridor Height Determination","Capital View Corridor Height","11/14/2016","Recommended for Approval","1","CS-1-NCCD-NP","CS-1-NCCD-NP","0205071104","The applicant is requesting a capital view corridor height determination.","30.26805777","-97.72673608"
"C17-2017-0008","Twomey Mixed use","Capital View Corridor Height","01/12/2017","Recommended for Approval","9","999 - SEE COMMENTS","999 - SEE COMMENTS","0201010106","The applicant proposes to get a capital view corridor determination.","30.25378215","-97.74784372"
"NPA-2018-0001.01","410 West Alpine","Amended Neighborhood Plan","02/27/2018","Closed","3","MF-2-NP","SF-3-NP","0407033201","The applicant is proposing zoning change for neighborhood plan","30.23014420","-97.76468116"
"C17-2017-0154","1408 & 1410 E. Cesar Chavez St.","Capital View Corridor Height","12/18/2017","Approved","3","CS - GENERAL COMMERCIAL","CS - GENERAL COMMERCIAL","0204061118","The applicant proposes to obtain a general Capital View Corridor Elevation Determination.","30.25916072","-97.72986254"
"NPA-2022-0029.01","7601 Cameron Road","Amended Neighborhood Plan","07/22/2022","Closed","1","","","0229200104","The applicant is proposing to amend a previously approved neighborhood plan.","30.33058186","-97.68741184"
"C17-2016-0011","504 East 8th Street","Capital View Corridor Height","05/25/2016","Recommended for Approval","9","DMU - DOWNTOWN MIXED USE","DMU - DOWNTOWN MIXED USE","0206040808","The applicant is request a capitol view height determination for 504 E. 8th Street.","30.26885051","-97.73706317"
"NPA-2024-0024.01","2700 Gracy Farms Lane","Amended Neighborhood Plan","01/25/2024","Closed","7","TOD-CMU-Midway","TOD-NR","0258100202","The applicant is proposing to amend a previously approved Neighborhood Plan.","30.40671710","-97.71296949"
"C17-2012-0124","901 CONGRESS AVE","Capital View Corridor Height","10/05/2012","Approved","9","CBD - CENTRAL BUSINESS DISTRICT","CBD - CENTRAL BUSINESS DISTRICT","0206031001","The applicant is requesting a Capital View Corridor Height Determination for 901 Congress Ave.","30.27093945","-97.74148109"
"NPA-2007-0021.02","Transportation Terminal","Amended Neighborhood Plan","07/31/2007","Closed","","","","","The applicant proposes to rezone GR-NP to CS-NP to obtain conditional use permit.","",""
"NPA-2015-0028.01","Cameron Skilled Nursing Facility","Amended Neighborhood Plan","07/22/2015","Closed","4","GO-NP","LI-NP","0233200501","The applicant is proposing to Amend Heritage Hills Neighborhood Planning Area.","30.34021993","-97.68225474"
"C12M-2010-0005","Pilot Knob Municipal Utility District No. 3 (MUD 3)","Municipal Utility District (MUD)","10/18/2010","Approved","2","N/A","","0339111101","The applicant proposes to create a new MUD.","30.15190929","-97.71478520"
"C17-2012-0076","604 W. 6th Street Capital View Corridor","Capital View Corridor Height","07/05/2012","Approved","9","CBD - CENTRAL BUSINESS DISTRICT","CBD - CENTRAL BUSINESS DISTRICT","0107000705","The applicant is requesting a capital view corridor height determination for 604 W. 6th Street.","30.27005991","-97.74872591"
"NPA-2009-0019.01","Mitchell Rezoning/ NPA","Amended Neighborhood Plan","02/26/2009","Withdrawn","9","","SF-3-NP - Family Residence-Neighborhood Plan Combining district","0218040501","The applicant is requesting a neighborhood plan amendment.","30.29980762","-97.73241422"
"C814-2008-0136.01","North Austin Medical Center","Planned Unit Development (PUD)","06/03/2011","Closed","7","PUD - PLANNED UNIT DEVELOPMENT","GO/GP, GO, LO, GR-CO","0260130901","The applicant is requesting an amendment to the PUD.","30.41218895","-97.70577289"
"NPA-2025-0031.01","8701 N Mopac Multifamily - NPA","Amended Neighborhood Plan","08/13/2025","Scheduled for Hearing","10","","","0245040407","The applicant is proposing FLUM change from Commerce to Mixed-Use Activity Corridor.","30.37461240","-97.73869472"
"NPA-2013-0012.01","4505 N IH 35 NPA","Amended Neighborhood Plan","07/31/2013","Closed","9","LO-NP - LIMITED OFFICE","SF-3-NP - Family Residence-Neighborhood Plan Combining district","0219120103","The applicant is proposing to amend the Upper Boggy Creek Neighborhood Plan.  The Future land use Designation (FLUM) will be from Single Family to Office.","30.30290386","-97.71401320"
"NPA-2012-0018.04","Burnet Pointe Residential , 1301 W. 49th Street","Amended Neighborhood Plan","02/29/2012","Withdrawn","7","CS-MU-CO","LO-MU-CO","0224030213","The applicant is requesting a neighborhood plan amendment to change the use from Mixed Use/Office to Mixed Use.","30.31914926","-97.73803672"
"C814-2020-0104","Springdale Green PUD","Planned Unit Development (PUD)","09/14/2020","Closed","3","PUD-NP - Planned Unit Development - Neighborhood  Plan","GR-MU-CO-NP; RR-CO-NP","0205170105","The Applicant is proposing to rezone 30.2 acres from RR-CO-NP and GR-MU-CO-NP, and create a planned unit development, PUD-NP.","30.26418628","-97.69480474"
"NPA-2011-0005.02","CSK Austin Neighborhood Plan Amendment","Amended Neighborhood Plan","07/27/2011","Closed","3","CS-MU-NP","CS-NP  GENERAL COMMERCIAL","0312160304","The applicant requesting a neighborhood plan amendment to change from Commercial & Industry to Mixed Use.","30.21586164","-97.70117905"
"C14-2023-0049","Bolm East PDA","Planned Development Agreement (PDA)","04/04/2023","Reading Approved","3","LI-PDA","LI","0202210234","The applicant is proposing to rezone approximately 44.36 acres from LI to LI-PDA.","30.25276956","-97.67882973"
"NPA-2015-0009.01","NPA 1800 Pennsylvania Avenue","Amended Neighborhood Plan","09/01/2015","Closed","1","","","0208092614","The applicant is proposing to amend the Central East Austin Neighborhood Plan. 
**Scheduled for Oct 27, 2015 PC and Nov 12, 2015 CC hearings**","30.27201399","-97.72004477"
"C14-2019-0082","600 Industrial Blvd. Mixed Use","Planned Development Agreement (PDA)","05/24/2019","Closed","3","LI-PDA-NP","LI-CO-NP","0412030109","The Applicant is proposing to rezone 4.26 acres from LI-CO-NP to LI-PDA-NP.","30.21759917","-97.75891768"
"NPA-2024-0008.01","2600 E MARTIN LUTHER KING JR BOULEVARD","Amended Neighborhood Plan","06/21/2024","Closed","1","GR-MU-V-DB90-NP","GO-V-CO-NP","0212101002","The applicant proposes to amend a previously approved neighborhood plan.","30.28163681","-97.71395015"
"NPA-2014-0017.01","Korean United Presbyterian Church FLUM Amendment","Amended Neighborhood Plan","02/27/2014","Closed","7","GO-MU-NP - GENERAL OFFICE","SF-3 - FAMILY RESIDENCE; LO","0234060818","The applicant is proposing to amend the Crestview/Wooten Combined NPA FLUM change  from Civic & Multi-Family to Mixed Use/Office.
Note:  On May 14, 2015 City Council Hrng - Items #7 (NPA) and #8 (Zng","30.34452524","-97.73416078"
"","1114 E 11th","Capital View Corridor Height","01/27/2025","Pending","1","CS - GENERAL COMMERCIAL","CS - GENERAL COMMERCIAL","0208061807","The applicant requests a capital view corridor determination.","30.26902058","-97.72809791"
"C17-2011-0067","West 7th Street","Capital View Corridor Height","06/24/2011","Approved","9","CBD-CURE-CO","CBD-CO","0107000708","The applicant is requesting a capital view corridor height determination for 605, 610, 615 West 7th Street.","30.27056346","-97.74901027"
"NPA-2025-0026.02","Middle Fiskville Automotive Sales","Amended Neighborhood Plan","10/01/2025","In Review","4","","","0243210417","The applicant is requesting an NPA.","30.37062845","-97.68133635"
"NPA-05-0013.01","VERSALLES BODY SHOP (2008-A S 1ST)","Amended Neighborhood Plan","04/20/2005","Closed","3","","","0401021012","","30.24506205","-97.75759632"
"NPA-2012-0026.02","Georgian Retail","Amended Neighborhood Plan","08/16/2012","Closed","4","","SF-3-NP","0240170110","The applicant is proposing to amend North Lamar Combined Neighborhood Plan.","30.36075897","-97.69368202"
"C17-2009-0143","Capitol View Corridor for 1200 Gudalupe Street","Capital View Corridor Height","10/30/2009","Approved","9","DMU - DOWNTOWN MIXED USE","DMU - DOWNTOWN MIXED USE","0208011007","The applicant is requesting a Capital View Corridor for 1200 Gudadalupe Street, Block 150, Lot 4","30.27532394","-97.74422476"
"NPA-2019-0020.03","Congress MH/RV Park (City Initiated -NPA)","Amended Neighborhood Plan","01/15/2019","Closed","2","","","0420070101","The applicant is proposing to change a previously established Neighborhood Plan 

Related Rezoning Case:  C14-2019-0027","30.19988804","-97.77542996"
"C17-2020-0051","30 CHALMERS AVENUE","Capital View Corridor Height","04/30/2020","Approved","3","1","1","0201060311","The applicant is requesting a CVC determination.","30.25157178","-97.72928466"
"NPA-05-0014.01","FREIDRICH LANE","Amended Neighborhood Plan","05/26/2005","Closed","2","","","0416000601","","30.20153078","-97.75544812"
"NPA-2020-0021.01","Woodland on IH35","Amended Neighborhood Plan","07/07/2020","Closed","9","","","0304040820","The applicant is proposing to amend a previously approved neighborhood plan.","30.23906096","-97.73703098"
"NPA-2014-0029.01","Little Walnut Creek","Amended Neighborhood Plan","07/29/2014","Closed","1","GO-MU-NP","GO-NP","0228230101","The applicant is proposing to amend St. John/Coronado Hills Combined Neighborhood Plan.","30.32498161","-97.67701422"
"C12M-2014-0003","Sunfield MUD No. 2","Municipal Utility District (MUD)","12/30/2014","Reading Approved","","PUD - PLANNED UNIT DEVELOPMENT","","","The applicant is proposing to amend a consent agreement.","30.06714061","-97.78013507"
"NPA-2015-0013.01","1615 & 1617 S. 2nd Street","Amended Neighborhood Plan","11/03/2015","Approved","9","SF-5-NP","SF-3-NP","0401023801","The applicant is proposing to amend Bouldin Creek Neighborhood Plan.","30.24882056","-97.75658054"
"NPA-07-0013.01","601 BOULDIN AVENUE","Amended Neighborhood Plan","02/28/2007","Closed","9","","SF-3","0102010312","Application expired on 6-26-2010","30.25841779","-97.75391342"
"C17-2010-0093","802 San Antonio St- Capital View Corridor Height Determination","Capital View Corridor Height","06/10/2010","Recommended for Approval","9","DMU -CO DOWNTOWN MIXED USE","DMU -CO DOWNTOWN MIXED USE","","The applicant is requesting a Capital View Corridor Height Determination for  802 San Antonio Street.","30.27156706","-97.74667981"
"C14-2023-0101","410 Pressler","Planned Development Agreement (PDA)","08/25/2023","Closed","9","LI-PDA-NP","LI-CO-NP","0108030909","The applicant is proposing to rezone approximately 1.13 acres from LI-CO-NP to LI-PDA-NP.","30.27226657","-97.76120835"
"C814-05-0099","NORTH AUSTIN MEDICAL CENTER PLANNED UNIT DEVELOPMENT","Planned Unit Development (PUD)","06/27/2005","Closed","7","PUD","GO","0260130901","","30.41218895","-97.70577289"
"C17-2023-0142","611 E 6th","Capital View Corridor Height","11/03/2023","Approved","9","CBD","CBD","0206041001","The applicant requests a capital view corridor determination.","30.26624528","-97.73675936"
"C17-01-11","900 EAST SIXTH STREET (C17-01-0011)","Capital View Corridor Height","09/11/2001","Closed","3","","","0206051401","","30.26540597","-97.73299776"
"C814-90-0003.20","Harris Branch PUD Amendment No. 20","Planned Unit Development (PUD)","10/05/2020","Closed","1","PUD - PLANNED UNIT DEVELOPMENT","PUD - PLANNED UNIT DEVELOPMENT","0239431906","The Applicant is proposing to amend a previously approved Planned Unit Development.","30.35315119","-97.61649596"
"C14-2022-0030","RedLeaf Highland - Tract 4","Planned Development Agreement (PDA)","02/08/2022","Closed","4","LI-PDA-NP, limited industrial services - planned development area - neighborhood plan","CS-MU-V-NP, general commercial services - mixed use - vertical mixed use building - neighborhood plan","0226110103","The Applicant is proposing to rezone approximately 4.29 acres from CS-MU-V-NP to LI-PDA-NP.","30.32836193","-97.71539557"
"NPA-2023-0015.05.SH","1702 Deloney Street","Amended Neighborhood Plan","10/19/2023","Closed","1","MF-2-NP","SF-3-NP","0211170201","The applicant is requesting an NPA.","30.28245684","-97.69399793"
"C17-2014-0016","500 E 6th Street","Capital View Corridor Height","07/30/2014","In Review","9","CBD - CENTRAL BUSINESS DISTRICT","CBD - CENTRAL BUSINESS DISTRICT","0206040611","The applicant is requesting a Capital View Corridor Height Determination for 500 E 6th Street","30.26704861","-97.73799247"
"NPA-2010-0019.02","Mitchell Rezone/NPA","Amended Neighborhood Plan","08/31/2010","Closed","9","MF-1-CO-NCCD-NP","SF-3-NCCD-NP","0218040501","The applicant is requesting to amend a neighborhood plan amendment.","30.29980762","-97.73241422"
"NPA-2020-0019.01","1103 W. 24th Street","Amended Neighborhood Plan","02/28/2020","Closed","9","","","0113000422","The applicant is proposing to amend a previously approved neighborhood plan.","30.28794972","-97.74972376"
"C814-2008-0146.01","Oertli PUD","Planned Unit Development (PUD)","02/16/2012","Approved","1","PUD - PLANNED UNIT DEVELOPMENT","DR - DEVELOPMENT RESERVE, SF-2","","The applicant is proposing a PUD amendment.","30.39148142","-97.64646250"
"C17-2009-0145","Capital View Corridor for 916 N. Congress Avenue","Capital View Corridor Height","11/06/2009","Closed","9","CBD - CENTRAL BUSINESS DISTRICT","CBD - CENTRAL BUSINESS DISTRICT","0206030507","The applicant is requesting a Capital View Corridor for 916 N. Congress Ave., original city, lot 5, block 110","30.27158174","-97.74196132"
"C17-2012-0043","1515 W 5th Street & 462 Paul Street Capital View Corridor","Capital View Corridor Height","04/11/2012","In Review","9","GR-MU-V-CO-NP & LI-CO-NP","GR-MU-V-CO-NP & LI-CO-NP","0108030101","The applicant is requesting a Capital View Corridor Height Determination for 1515 W. 5th Street and 462 Paul Street.","30.27305382","-97.76288579"
"C17-2020-0034","2107 ALAMO STREET","Capital View Corridor Height","03/11/2020","Approved","1","CBD","CBD","0211091001","The applicant is requesting a capital view corridor determination.","30.28271795","-97.71975498"
"NPA-2015-0005.01","Montopolis Alcala Family","Amended Neighborhood Plan","05/12/2015","Withdrawn","3","SF-3-NP","GR-NP","0307150230","The applicant is requesting to amend the Montopolis Neighborhood Plan.
 
**Scheduled for July 14, 2015 PC hearing and August 13, 2015 CC hearing.**","30.22968740","-97.69889237"
"NPA-2017-0026.01","Georgian Acres Neighborhood Park","Amended Neighborhood Plan","07/18/2017","Closed","","","","","The applicant is proposing to amend the Georgian Acres future land use map (FLUM) from Commercial to Recreation/Open Space land use.","",""
"NPA-2023-0018.04","7009 Guadalupe St - Rezoning","Amended Neighborhood Plan","02/28/2023","Closed","4","MF-2-NP","SF-6-NP","0231110128","The applicant is requesting a NPA from Higher-Density Single Family to Multifamily.  

Related case:  C14-2023-0029","30.33640199","-97.71502837"
"C17-02-0002","O'CONNEL ROBERTSON & ASSOCIATES","Capital View Corridor Height","04/23/2002","Approved","9","","","0208050507","","30.27108839","-97.73701883"
"C17-2007-0036","200 Congress Ave.","Capital View Corridor Height","04/02/2007","Approved","9","CBD-CURE-CO","CBD-CURE-CO","0205011201","","30.26459903","-97.74442999"
"NPA-2013-0013.01","1010 Daniel Drive","Amended Neighborhood Plan","02/28/2013","Closed","9","GO-MU-NP - GENERAL OFFICE","SF-3-NP - Family Residence-Neighborhood Plan Combining district","0102021226","The applicant is proposing to amend The Boudlin Creek Neighborhood Plan.  Flum Change from Single Family to Office/Mixed Use. **THIS CASE HAS EXPIRED**","30.25959660","-97.75590960"
"C814-95-0002.01","TWIN LIQUORS (FOUR POINTS CENTRE PUD)","Planned Unit Development (PUD)","10/28/1999","Closed","10","999","999","0156340202","","30.40458690","-97.85165183"
"NPA-2022-0009.01","1007 and 1021 E. 7th Street","Amended Neighborhood Plan","07/26/2022","Closed","3","","","0206050802","The applicant is proposing to amend a previously approved neighborhood plan.","30.26565840","-97.73182602"
"NPA-2012-0018.07","Burnet Pointe Residential-4804 Grover Avenue","Amended Neighborhood Plan","02/29/2012","Closed","7","CS-MU-NP - GENERAL COMMERCIAL","LO-MU-NP - LIMITED OFFICE","0224030221","The applicant is requesting a future land use map change from Mixed Use/Office to Mixed Use.","30.31831498","-97.73758363"
"NPA-2020-0002.01","Fair Market","Amended Neighborhood Plan","07/30/2020","Closed","3","","","0204052007","The applicant is proposing to amend a previously approved neighborhood plan.","30.26391101","-97.73110319"
"NPA-2018-0016.03","1103 Cherico St","Amended Neighborhood Plan","07/26/2018","Withdrawn","3","","","0205151201","The applicant is proposing to amend the current FLUM.","30.26382488","-97.70076807"
"NPA-2018-0024.01","183 and Metric NPA","Amended Neighborhood Plan","02/07/2018","Closed","4","","","0245080111","The applicant proposes to Amend a previously approved neighborhood plan.","30.37216090","-97.72238390"
"C814-2012-0160","211 South Lamar","Planned Unit Development (PUD)","12/19/2012","Closed","9","PUD","CS/CS-V","0105021401","The Applicant is proposing to rezone 0.933 acres of property from CS & CS-V to PUD.","30.26408412","-97.75668011"
"NPA-2023-0022.01","821 Woodward Street","Amended Neighborhood Plan","02/24/2023","Closed","3","GR-V-CO-NP","LI-PDA-NP","0410010434","The Applicant is requesting a neighborhood plan amendment from Industry to Mixed Use.

Related case:  C14-2023-0025","30.22443520","-97.75093178"
"C17-06-0017","800 W. 6TH ST., 602 WEST AVE., 606 WEST AVE., 700 WEST AVE","Capital View Corridor Height","08/23/2006","Approved","9","","","0107000325","","30.27059045","-97.75089487"
"NPA-2011-0012.01","4020 Airport Blvd.","Amended Neighborhood Plan","07/28/2011","Closed","9","GR-NP - COMMUNITY COMMERCIAL","LO-V-NP - LIMITED OFFICE","0215121501","The applicant requesting a neighborhood plan amendment to change use from Mixed Use/Office to Commercial.","30.29311401","-97.70816834"
"NPA-2018-0021.02","Skyline Oltorf Mixed Use","Amended Neighborhood Plan","07/30/2018","In Review","3","","","0310100133","The applicant proposes a neighborhood plan amendment for 3 tracts from a previously approved Neighborhood plan.","30.22295460","-97.71902852"
"C17-2010-0189","908 E 11th Street Capital View Corridor","Capital View Corridor Height","11/04/2010","Approved","1","SF3, CS, NCCD","SF3, CS, NCCD","0208061611","The applicant is requesting a Capital View Corridor Height determination for 908 E 11th Street.","30.27000148","-97.73102774"
"C17-2020-0018","1604 & 1608 W. 5th Street","Capital View Corridor Height","01/28/2020","Approved","9","CS-MU-V-CO-NP - General Commercial-Mixed Use-Vertical Mixed Use-Conditional Overlay-Neighborhood Plan","CS-MU-V-CO-NP - General Commercial-Mixed Use-V","0109040527","The Applicant proposes to get a general Capital View Corridor determination.","30.27424500","-97.76358604"
"NPA-2021-0021.01.SH","Parker Apartments","Amended Neighborhood Plan","01/14/2021","Closed","3","MF-4-NP - Multifamily Residence - Moderate-High density - Neighborhood Plan","SF-3-NP - Family Residence - Neighorhood Plan","0307050303","The applicant is proposing to Amend a previously approved Neighborhood Plan.","30.23385396","-97.73483025"
"NPA-2012-0028.02","Cameron Park","Amended Neighborhood Plan","07/25/2012","Withdrawn","4","Mobile Home-Anticipated Once NPA Approved","IP - INDUSTRIAL PARK","0235210403","The applicant is requesting a future land use map change from Industry to Multi-Family","30.34541516","-97.68317428"
"NPA-2015-0023.01","B&GC Legacy Club","Amended Neighborhood Plan","07/01/2015","Denied","1","GR-CO-NP","SF-6-NP, LR-CO-NP, SF-3-NP","0223260801","The applicant is proposing to amend University Hills and Windsor Park Combined Neighborhood Plan. 
Scheduled for Oct 13, 2015 PC and Nov 12, 2015 CC (M. Meredith, 9/22/15)","30.30929108","-97.66313392"
"NPA-04-0009.02","DR. FERNANDO LOYA DENTAL","Amended Neighborhood Plan","07/14/2004","Closed","1","","SF-3","0209060501","NP-04-0009.02_0  has been changed to  NPA-04-0009.02_0  on  14-jul-2004 01:29:32 by SHARI PAPE.","30.27492671","-97.73045451"
"NPA-2019-0020.01","Villa Denese Mobile Home Park (City Initiated-NPA)","Amended Neighborhood Plan","01/15/2019","Closed","3","","","0412050317","The City of Austin proposes to amend a previously approved neighborhood plan,","30.21469515","-97.76509742"
"NPA-2014-0020.01","St. Elmo's Market and Lofts","Amended Neighborhood Plan","02/26/2014","Closed","3","LI-PDA-NP - LIMITED INDUSTRIAL SERVICES","LI-CO-NP - LIMITED INDUSTRIAL SERVICES; LI-NP","0412040901","The applicant is proposing to amend the South Congress Combined Neighborhood Plan FLUM change from Industrial to Mixed Use..","30.21845282","-97.76444885"
"C17-2021-0149","1112 W 7TH STREET","Capital View Corridor Height","07/21/2021","Approved","9","1","1","0109010423","The applicant requests a specific Capitol View Determination.","30.27389544","-97.75522047"
"NPA-2022-0028.02","Jonwood Way-33 Degrees","Amended Neighborhood Plan","06/07/2022","Closed","1","","","0243231109","The Applicant is proposing to amend previously approved Neighborhood Plan.

Related case:  C14-2022-0085","30.36563932","-97.67098449"
"C814-99-0001.08","Avery Ranch PUD (Amendment #8)","Planned Unit Development (PUD)","06/05/2013","Closed","","PUD - PLANNED UNIT DEVELOPMENT","PUD - PLANNED UNIT DEVELOPMENT","","The applicant is proposing to delete a portion of the trail system and create a new trail connector with associated improvements.","",""
"NPA-2023-0029.01","6121 N. Interstate Highway 35","Amended Neighborhood Plan","05/12/2023","Closed","4","CH-PDA-NP","CS-MU-NP, CS-1-NP","0226140501","The Applicant is requesting a NP amendment to change the FLUM designation for a portion of the Property from Mixed Use to High Density Mixed Use.

Related case:  C14-2023-0063","30.32368736","-97.70496190"
"NPA-07-0018.01","GALLERIES & GARDENS","Amended Neighborhood Plan","02/27/2007","Closed","7","999","999","0227030412","Withdrawn by applicant","30.32426024","-97.73848576"
"NPA-2021-0016.03","3535 E 7TH STREET","Amended Neighborhood Plan","07/28/2021","Closed","3","","","0202141011","The applicant is proposing to amend an existing Neighborhood Plan.","30.25608748","-97.70247757"
"C17-2017-0128.SH","Pathways at Goodrich Place CVC","Capital View Corridor Height","10/10/2017","Approved","5","999 - SEE COMMENTS","999 - SEE COMMENTS","0401070339","The applicant requests a height determination inside a capital view corridor.","30.24808151","-97.77390624"
"NPA-2009-0022.01","Congress Avenue Baptist Church","Amended Neighborhood Plan","02/27/2009","Closed","9","CS - GENERAL COMMERCIAL","SF-3-NCCD-NP - Family Residence-Neighborhood Plan Combining district","0300010109","The applicant is requesting a neighborhood plan amendment to the Greater South River City Combined Neighborhood Plan.","30.24826225","-97.74961663"
"NPA-2024-0030.02","Merle","Amended Neighborhood Plan","07/24/2024","Pending","5","","","0408120505","The applicant is proposing FLUM change from Neighborhood Transition to Mixed Use Activity HUB/Corridor","30.22851690","-97.78748624"
"C814-88-0001.12","Davenport West PUD Amendment #12 (Michael & Susan Dell Foundation)","Planned Unit Development (PUD)","08/30/2019","Closed","10","PUD","PUD","0131190401","The Applicant is proposing to amend a previously approved land use plan, to allow for additional office square footage.","30.33536615","-97.81070440"
"C814-2015-0074","The Grove at Shoal Creek Planned Unit Development","Planned Unit Development (PUD)","06/15/2015","Closed","","PUD - PLANNED UNIT DEVELOPMENT","Unzoned","","The applicant is requesting a zoning change from Unzoned to PUD on 75.746 acres to be known as the Grove at Shoal Creek PUD.","30.31550239","-97.75412151"
"C17-2016-0103","401, 403-411 E. 8th Street and 701, 705, & 711 Trinity Street","Capital View Corridor Height","09/14/2016","Recommended for Approval","9","CBD - CENTRAL BUSINESS DISTRICT","CBD - CENTRAL BUSINESS DISTRICT","0206040301","The applicant is requesting a height determination for Capital View Cooridor.","30.26846745","-97.73784026"
"C14r-85-023.02","Austin Baptist Church- Kallestad Laboratories PDA Amendment","Planned Development Agreement (PDA)","04/28/2015","Closed","10","R&D-PDA","R&D-PDA","0151270501","The applicant is proposing to amend a Planned Development Area agreement.

The original case # C14-2015-0052 was changed.","30.39252283","-97.83387565"
"C814-94-0002","SOUTH AUSTIN MEDICAL CENTER","Planned Unit Development (PUD)","12/12/1994","Closed","3","999","999","0408080602","","30.22637821","-97.77442753"
"C17-2024-0096","1415 Lavaca","Capital View Corridor Height","05/17/2024","Approved","9","CBD - CENTRAL BUSINESS DISTRICT","CBD - CENTRAL BUSINESS DISTRICT","0210022601","The applicant is requesting a Capital View Corridor Elevation Determination.","30.27728035","-97.74182102"
"C17-2020-0068","707 W 14th Street CVC Determination","Capital View Corridor Height","06/16/2020","Closed","9","GO - GENERAL OFFICE","GO - GENERAL OFFICE","0210000609","Capitol View Corridor Determination","30.27780739","-97.74707982"
"C17-2020-0114","801 RED RIVER STREET","Capital View Corridor Height","10/06/2020","Approved","9","0","0","0206041311","The applicant is requesting a Capital View Corridor Determination.","30.26859844","-97.73616058"
"NPA-2023-0023.03.SH","6304 Manor Road","Amended Neighborhood Plan","07/31/2023","Scheduled for Council Hearing","4","","","0221240201","The applicant is proposing an NPA.","30.30846039","-97.67199141"
"C17-2011-0077","612 West 4th Street- Capitol View Corridor","Capital View Corridor Height","07/12/2011","Approved","9","CBD - CENTRAL BUSINESS DISTRICT","CBD - CENTRAL BUSINESS DISTRICT","0107001508","The applicant is requesting a capitol view corridor for 612 West 4th Street","30.26828254","-97.74978425"
"NPA-2023-0018.01","7002, 7004, and 7006 Guadalupe Street","Amended Neighborhood Plan","02/15/2023","Closed","4","","","0231091501","The applicant is proposing an NPA.","30.33609144","-97.71584852"
"C814-2018-0122.03","Circuit of the Americas PUD Amendment #3","Planned Unit Development (PUD)","09/10/2025","Awaiting Update","2","PUD","PUD","0348310226","The applicant is requesting a 3rd PUD Amendment.","30.13348882","-97.64141692"
"NPA-2014-0009.01","Waller on Swede Hill","Amended Neighborhood Plan","07/29/2014","Withdrawn","1","GR-MU-CO-NP - COMMUNITY COMMERCIAL","SF-3-NP - Family Residence-Neighborhood Plan Combining district","0209061501","The applicant is proposing to Amend the Central East Austin Neighborhood Plan to change FLUM from Single Family, Multifamily to Mixed Use.","30.27549829","-97.73002399"
"C17-05-0001","610 W. 5TH STREET (CAPITOL VIEW)","Capital View Corridor Height","01/28/2005","Approved","9","","","0107001106","","30.26916684","-97.74958315"
"C14-2022-0028","RedLeaf Highland - Tract 3","Planned Development Agreement (PDA)","02/08/2022","Closed","4","LI-PDA-NP, limited industrial services - planned development area - neighborhood plan","CS-MU-V-NP, general commercial services - mixed use - vertical mixed use building - neighborhood plan","0228130114","The Applicant is proposing to rezone approximately 1.259 acres from CS-MU-V-NP to LI-PDA-NP.","30.32683296","-97.70935292"
"C14-2021-0112","300 & 301 Pressler and 1505 W. 3rd Street - Parcel 2","Planned Development Agreement (PDA)","06/23/2021","Closed","9","LI-PDA-NP, limited industrial services - planned development area - neighborhood plan","CS-CO-NP, general commercial services - conditional overlay - neighborhood plan","0107030106","The Applicant is proposing to rezone approximately 1.17 acres from CS-CO-NP to LI-PDA-NP.","30.27204407","-97.76259264"
"C814-97-0001.06","LEANDER REHABILITATION SITE","Planned Unit Development (PUD)","02/21/2008","Expired","","PUD - PLANNED UNIT DEVELOPMENT","PUD - PLANNED UNIT DEVELOPMENT","","The applicant proposes to amend the land use for the PUD.","",""
"C17-00-2003","ALEX CASTANO","Capital View Corridor Height","03/27/2000","Closed","9","","","0107050302","","30.27433182","-97.76448681"
"C14-99-0069.01","200 S Congress Avenue","Planned Development Agreement (PDA)","09/29/2021","Closed","9","LI-PDA-NP, limited industrial services - planned development area - neighborhood plan, to modify permitted uses, remove access restrictions, and remove minimum parking requirements","LI-PDA-NP, limited industrial services - planned development area - neighborhood plan","0203000201","The Applicant is proposing to amend a Planned Development Area to modify permitted uses, remove access restrictions, and remove minimum parking requirements.","30.25983722","-97.74615131"
"C12M-2009-0002","WCID 10 Annexation for 3101 Stratford Drive","Municipal Utility District (MUD)","05/21/2009","Approved","8","N/A","","0113110553","The applicant is requesting annexation into WCID #10","30.28516470","-97.78913269"
"C17-2016-0006","705 E. 10th St. at SB IH 35 Frontage Road","Capital View Corridor Height","01/21/2016","Recommended for Approval","9","CBD - CENTRAL BUSINESS DISTRICT","CBD - CENTRAL BUSINESS DISTRICT","0206041911","The applicant is requesting a CVCH Determination for 705 E. 10th Street at SB IH 35 Frontage Road.","30.26954215","-97.73427841"
"C17-2011-0034","1112 1/2 N. IH 35 SVC Rd. SB; Capitol View Height Corridor for","Capital View Corridor Height","04/12/2011","Approved","9","CS - GENERAL COMMERCIAL","CS - GENERAL COMMERCIAL","0208051402","The applicant is requesting a Capital View Corridor Determination for 1112 1/2 N. IH 35 Sv Rd. SB","30.27113728","-97.73332607"
"C17-03-0010","1200 E. 11TH STREET","Capital View Corridor Height","12/22/2003","Approved","1","","","0208062001","","30.26877928","-97.72759270"
"NPA-03-0009.02","THE GARDENS - CEA PLAN AMENDMENT","Amended Neighborhood Plan","07/25/2003","Denied","1","MF-4","SF-3","0205101501","","30.26258439","-97.71930197"
"NPA-2008-0021.01","1406 Parker","Amended Neighborhood Plan","07/28/2008","Closed","9","MF-3 -CO","SF-3 - FAMILY RESIDENCE","0303050305","The applicant is requesting a neighborhood plan amendment.","30.24143201","-97.73135098"
"NPA-2024-0015.04","City Initiated NPA - Hibbitts Rd","Amended Neighborhood Plan","08/19/2024","Closed","1","CS-NP","I-RR-NP","0207260401","At their March 26, 2024 meeting, the Planning Commission initiated an amendment to a previously approved neighborhood plan from Transportation to Commercial land use. 

Related case:  C14-2024-0127 fr","30.26829283","-97.66929641"
"C17-2012-0012","1000 E. 5th Street","Capital View Corridor Height","01/26/2012","In Review","3","TOD-NP - TRANSIT ORIENTED DEVELOPMENT ZONING","TOD-NP - TRANSIT ORIENTED DEVELOPMENT ZONING","0204051514","The applicant is requesting a Capital View Corridor Height Determination for 1000 E. 5th Street","30.26434444","-97.73226698"
"NPA-2017-0025.01","Oak Bridge Amendment","Amended Neighborhood Plan","02/27/2017","Closed","8","MF-1 - MULTI FAMILY LIMITED","SF-1 - SINGLE FAMILY LARGE LOT","0404440101","The applicant is proposing to amend current use from single family to multi-family, low density  residential area.","30.24589676","-97.89106904"
"C17-02-0004","CAPITOL VIEW CORRIDOR FOR 1001 E. 6TH STREET","Capital View Corridor Height","07/11/2002","Approved","3","","","0204051514","","30.26483503","-97.73245338"
"NPA-2013-0028.01","Ambition Park 3 PUD","Amended Neighborhood Plan","07/30/2013","Withdrawn","4","","LI-NP - LIMITED INDUSTRIAL SERVICES","0235210501","The applicant is proposing to amend the Heritage Hills/Windsor Hills Combined Neighborhood Plan.  The requested Future Lane Use Designation (FLUM) is to change from Industry to Major Planned Developme","30.34347398","-97.68520000"
"C17-2016-0066","316 W 12th Street","Capital View Corridor Height","06/22/2016","Recommended for Approval","9","DMU - DOWNTOWN MIXED USE","DMU - DOWNTOWN MIXED USE","0208011506","The applicant is proposing a capitol view height determination for 316 W 12th St.","30.27508235","-97.74370206"
"NPA-2025-0025.01","Oak Hill Apartments","Amended Neighborhood Plan","02/04/2025","Closed","8","","","0406280705","The applicant is requesting a NPA.","30.23726075","-97.84362710"
"C17-06-0011","CAPITOL VIEW FOR 800 W. 6TH ST, 602 WEST AVE, 606 WEST AVE, 700 WEST AVE","Capital View Corridor Height","08/03/2006","Approved","9","","","0107000325","","30.27059045","-97.75089487"
"NPA-07-0011.01","502 GREEN HOMES","Amended Neighborhood Plan","02/28/2007","Closed","4","","SF-3","0225091601","","30.32229013","-97.72443711"
"NPA-2012-0005.01","La Estancia Del Rio","Amended Neighborhood Plan","06/25/2012","Closed","3","MF-3-NP","CS-NP","","The applicant is requesting to amend a neighborhood plan out of cycle.","30.22521158","-97.69510302"
"NPA-2025-0019.04","1904 San Gabriel","Amended Neighborhood Plan","08/20/2025","Scheduled for Hearing","9","GO-CO-ETOD-DBETOD-NP","MF-4-CO-ETOD-DBETOD-NP","0113001314","The applicant is requesting an NPA.","30.28410532","-97.74856215"
"NPA-2012-0018.02","George Shia NPA","Amended Neighborhood Plan","02/28/2012","Withdrawn","7","","Higher Density SF & Mixed Use/Office,","0226070115","The applicant is requesting a neighborhood plan amendment to change from Higher Density SF & Mixed Use/ Office to Multi-Family.","30.32410876","-97.72965719"
"NPA-2022-0028.01","11114 Joseph Clayton Ln","Amended Neighborhood Plan","06/24/2022","Closed","1","","","0245230102","The Applicant is proposing to amend an approved neighborhood plan from Commercial to Mixed Use land use.","30.37432387","-97.67543621"
"NPA-2020-0025.01","Thomas Springs Office/ Warehouse","Amended Neighborhood Plan","09/11/2020","Closed","8","","","0404550112","The Applicant is proposing an amendment  to a previously approved neighborhood plan.","30.24713407","-97.92329157"
"C814-2022-0095","517 South Lamar PUD","Planned Unit Development (PUD)","06/30/2022","Scheduled for Hearing","9","PUD, planned unit development","CS-V, general commercial services","0102020121","The Applicant is proposing to rezone approximately 1.87 acres from a CS-V to PUD.","30.25963912","-97.75816108"
"C17-04-0008","901 RED RIVER STREET (CAPITOL VIEW)","Capital View Corridor Height","12/16/2004","Approved","9","","","0206041404","","30.26953365","-97.73575836"
"C12M-2010-0004","Pilot Knob Municipal Utility District No. 2 (MUD 2)","Municipal Utility District (MUD)","10/18/2010","Approved","2","N/A","","0339111101","The applicant is proposing to create a new mud.","30.14960357","-97.71594896"
"NPA-2012-0018.03","Burnet Pointe Residential - 1209 W. 49th St","Amended Neighborhood Plan","02/29/2012","Withdrawn","7","CS-MU-CO","LO-MU-CO","0224030216","The applicant is requesting a neighborhood plan amendment to change the use from Mixed Use/Office to Mixed Use.","30.31895962","-97.73763604"
"NPA-2017-0022.01","Greyshire Village","Amended Neighborhood Plan","02/28/2017","Withdrawn","3","","","0410010442","The applicant is proposing to amend Greater South River City Neighborhood Plan with associated improvements.","30.22304606","-97.75528876"
"NPA-2023-0020.03","300-440 Industrial Blvd. NPA","Amended Neighborhood Plan","02/23/2023","Closed","3","LI-PDA-NP","LI-NP","0412040406","The applicant is requesting a Neighborhood Plan Amendment.","30.21886143","-97.76164874"
"NPA-2019-0027.01","Twin Liquors-Maudies","Amended Neighborhood Plan","02/26/2019","Closed","10","CS-1-NP","CS-NP","0111071007","The applicant proposes to amend a previously adopted neighborhood plan.","30.28281832","-97.77557426"
"NPA-2011-0015.01","Walnut Creek Greenbelt","Amended Neighborhood Plan","07/28/2011","Closed","1","P-NP Public-Neighborhood Plan Combining district","SF-3-NP - Family Residence-Neighborhood Plan Combining district","0215280618","The applicant is requesting a neighborhood plan amendment.","30.28907644","-97.65815644"
"NPA-2022-0030.01","Gobi 250","Amended Neighborhood Plan","10/21/2022","Closed","2","","","0414140807","The applicant is proposing to amend a previously approved Neighborhood Plan. 

Related case:  C14-2022-0158","30.21083146","-97.78964964"
"NPA-2008-0023.02","Windsor Park Neighborhood-Plan Amendment","Amended Neighborhood Plan","04/11/2008","Closed","4","GR-V-NP","GR-NP - COMMUNITY COMMERCIAL","0222171502","The applicant proposes to amend the Base District Zoning Chage from GR-NP to GR-V-NP.","30.31358268","-97.69025549"
"C814-2014-0083.01","Sunfield Planned Unit Development PUD Amendment #1","Planned Unit Development (PUD)","04/14/2023","Scheduled for Council Hearing","5","PUD, planned unit development, to permit industrial uses, reconfigure the location and massing of affordable housing units within residential portions of the PUD, increase impervious cover, request modifications to cut and fill requirements, and update provisions for water service","PUD, planned unit development","0464180119","The Applicant is proposing the first amendment to the approved Sunfield PUD, to permit industrial uses, reconfigure the location and massing of affordable housing units within residential portions of","30.08614418","-97.78826950"
"C17-2015-0125","700 E 11th Street","Capital View Corridor Height","09/08/2015","Recommended for Approval","9","CS - GENERAL COMMERCIAL","CS - GENERAL COMMERCIAL","0208051801","The applicant is requesting a Capital View Corridor Height Determination for 700 E 11th St.","30.27111367","-97.73378932"
"C814-06-0175.05","East Avenue PUD, Parcel A, 2nd Amendment","Planned Unit Development (PUD)","04/11/2023","Closed","9","PUD-NP, planned unit development - neighborhood plan, to increase the maximum allowable height of Parcel A (1.13 acres) from 120 feet to 160 feet","PUD-NP, planned unit development - neighborhood plan","0215080826","The Applicant is proposing to amend PUD-NP zoning, to increase the maximum allowable height of Parcel A (1.13 acres) from 120 feet to 160 feet.","30.29318536","-97.72121785"
"NPA-2023-0014.03","7300 Metro Center (Neighborhood Plan Amendment)","Amended Neighborhood Plan","07/24/2023","Closed","2","LI-PDA-NP","LI-NP","0315110802","The applicant is requesting an NPA.","30.21152818","-97.69802276"
"C17-2018-0011","500 E 12TH STREET","Capital View Corridor Height","01/26/2018","Approved","9","P - PUBLIC","P - PUBLIC","0208051701","The applicant is proposing a corridor elevation determination","30.27293327","-97.73576828"
"NPA-2013-0025.03","B.C. Child Dev. Center- Toddler House","Amended Neighborhood Plan","02/28/2013","Closed","8","LO-MU-CO-NP","RR-NP - RURAL RESIDENCE","0101440827","The applicant is proposing to amend the Oak HIll Neighborhood Plan. FLUM change from Single Family to Neighborhood Mixed use.","30.25714178","-97.88929878"
"C17-06-0010","301 W. 14 ST. 303 W. 14 ST.","Capital View Corridor Height","08/01/2006","Approved","9","","","0210021916","","30.27652579","-97.74272537"
"C14-2020-0066","Concordia Residence Hall - PDA Amendment","Planned Development Agreement (PDA)","06/03/2020","Closed","10","R&D-PDA, to amend Section 4(B)(1) of Ordinance No. 20070215-042","R&D-PDA","0159370252","The Applicant is proposing to amend a previously approved PDA, specifically to Section 4(B)(1) of Ordinance No. 20070215-042, which states, ""Any building in excess of 40' in height shall be at least 3","30.42020548","-97.84028225"
"NPA-2008-0013.01","Law Office of Scott Ogle","Amended Neighborhood Plan","02/29/2008","Closed","3","","","0402030519","The applicant is requesting a FLUM (future Land use Map)amendment for a proposed use of a Law office.","30.24289146","-97.76112600"
"NPA-2019-0021.01","Jensen's Mobile Home Park/City Initiated FLUM Change","Amended Neighborhood Plan","01/16/2019","Closed","3","","","0310050305","The applicant is proposing to change a previously established neighborhood plan. 

Related Rezoning Case:  C14-2019-0026","30.21998999","-97.73359253"
"C17-2013-0068","701-703 E. 9th Street","Capital View Corridor Height","06/06/2013","Recommended for Approval","9","CS - GENERAL COMMERCIAL","CS - GENERAL COMMERCIAL","0206041313","The applicant is requesting a Capital View Corridor Height Determination for 701-703 E. 9th Street.","30.26862957","-97.73471172"
"NPA-06-0007.01","1601 KRAMER LN","Amended Neighborhood Plan","02/24/2006","Closed","4","","","0249150120","","30.38443035","-97.70232908"
"NPA-2022-0023.03","Berkman Residential","Amended Neighborhood Plan","07/12/2022","Closed","4","","","0224190211","The applicant is proposing to Amend a previously approved Neighborhood Plan.","30.31678642","-97.69050061"
"C17-2015-0008","500, 502 and 508 E. 8th st.","Capital View Corridor Height","07/14/2015","Recommended for Approval","9","CBD - CENTRAL BUSINESS DISTRICT","CBD - CENTRAL BUSINESS DISTRICT","0206040808","The applicant is requesting a Capital View Corridor Height Determination for 500 E. 8th Street, 502 E. 8th Street, and 504 E. 8th st.","30.26885051","-97.73706317"
"C814-86-023.01","Camelback Planned Unit Development","Planned Unit Development (PUD)","04/23/2018","Closed","10","PUD - PLANNED UNIT DEVELOPMENT","PUD - PLANNED UNIT DEVELOPMENT","0137150101","The Applicant proposes to amend a previously approved land plan, allowable uses and site development regulations.","30.35496571","-97.80348761"
"NPA-2012-0019.02","2816 San Pedro St.","Amended Neighborhood Plan","02/29/2012","Withdrawn","9","MF-4-NP","SF-3-CO-NP","0216010615","The applicant is requesting a neighborhood plan amendment to change the use from Single Family to Multifamily.","30.29478173","-97.74595306"
"NPA-2021-0021.02","1406-1506 Parker Lane","Amended Neighborhood Plan","07/30/2021","Withdrawn","9","MF-2-NP","SF-3-NP","0303050305","The applicant is proposing to amend a previously approved neighborhood plan.","30.24143201","-97.73135098"
"C17-2011-0057","1200 S. Congress Avenue-Capital View determination","Capital View Corridor Height","05/26/2011","Approved","9","CS-V-CO-NP","CS-V-CO-NP","0101000318","The applicant is requesting a capital view corridor height determination.","30.25225851","-97.74893629"
"C814-2009-0094.01","Whisper Valley PUD Amendment","Planned Unit Development (PUD)","09/24/2018","Closed","1","PUD - PLANNED UNIT DEVELOPMENT","PUD - PLANNED UNIT DEVELOPMENT","0218600125","The Applicant is proposing to modify the building coverage (by increasing it) for certain types of residential development with the PUD.","30.30209165","-97.56466268"
"NPA-06-0016.01","DENTAL CLINIC","Amended Neighborhood Plan","07/05/2006","Closed","3","999","999","0204191017","Application was denied by City Council","30.26117360","-97.68688704"
"C814-99-0001.04","PLAZA AT AVERY RANCH AND THE SHOPS AT AVERY RANCH","Planned Unit Development (PUD)","06/09/2005","Closed","6","PUD","PUD","R457769","","30.49811049","-97.77727828"
"C14-2023-0056","W US 290","Planned Development Agreement (PDA)","04/11/2023","Closed","8","LI-PDA-NP, limited industrial services - planned development area - neighborhood plan","DR-NP; development reserve - neighborhood plan; LO-CO-NP, limited office - conditional overlay - neighborhood plan; GO-CO-NP, general office - conditional overlay - neighborhood plan; GR-CO-NP, community commercial - conditional overlay - neighborhood plan; GR-MU-CO-NP, community commercial  - mixed use - conditional overlay - neighborhood plan","0408230601","The Applicant is proposing to change approximately 24.83 acres from DR-NP; LO-CO-NP; GO-CO-NP; GR-CO-NP; and GR-MU-CO-NP to LI-PDA-NP.","30.23525262","-97.83076227"
"C17-06-0014","707 RIO GRANDE ST","Capital View Corridor Height","08/22/2006","Approved","9","","","0107000506","","30.27139182","-97.74862688"
"C17-07-0001","CAPITOL VIEW FOR 604 W. 6TH STREET","Capital View Corridor Height","01/03/2007","Approved","9","","","0107000705","","30.27005991","-97.74872591"
"C814-95-0002.05","FOUR POINTS CENTRE PUD","Planned Unit Development (PUD)","05/21/2003","Approved","10","","PUD","0156300204","","30.40261572","-97.85226099"
"C17-03-0007","ORIGINAL CITY","Capital View Corridor Height","11/10/2003","In Review","9","","","0208011417","","30.27417305","-97.74348246"
"NPA-2011-0016.01","East Boggy Creek Greenbelt","Amended Neighborhood Plan","07/27/2011","Closed","3","P-NP Public-Neighborhood Plan Combining district","SF-3-NP - Family Residence-Neighborhood Plan Combining district","0204190703","The applicant is requesting a neighborhood plan amendment to change from Civic to Recreation & Open Space.","30.26161048","-97.68486950"
"NPA-2019-0029.01","Patton Courts Mobile Home Park (City Initiated-NPA)","Amended Neighborhood Plan","01/15/2019","Closed","1","","","0227200805","The City of Austin proposes to amend a previously adopted neighborhood plan.","30.32304099","-97.68305013"
"NPA-2014-0019.01","Commodore Perry Estate","Amended Neighborhood Plan","02/27/2014","Closed","9","SF-6-CO-NP","SF-3-CO-NP","0219081201","The applicant is proposing to amend Central Austin Combined Neighborhood Plan (Hancock NPA).","30.30137243","-97.72482834"
"C12M-02-0001","RIVERPLACE MUD LAND PLAN REVISION","Municipal Utility District (MUD)","07/19/2002","Approved","10","","","0137360423","14 acres; reflects change from GR to LA","30.35325745","-97.86672294"
"NPA-2010-0018.02","EP Austin Neighborhood Plan Amendment","Amended Neighborhood Plan","02/26/2010","Closed","7","CS-MU","SF-3-NP - Family Residence-Neighborhood Plan Combining district","0226040130","The applicant is requesting to amend a neighborhood plan.","30.32142516","-97.73864760"
"NPA-2024-0023.01","1211 East 52nd Street NPA","Amended Neighborhood Plan","12/10/2024","Closed","4","","","0221130243","The applicant is requesting a NPA.","30.30882517","-97.70687874"
"C17-06-0006","CBD","Capital View Corridor Height","05/16/2006","Approved","9","","","0206031003","","30.27111153","-97.74142260"
"NPA-2007-0015.02","3000 Rogge","Amended Neighborhood Plan","07/30/2007","Closed","1","GR-MU - COMMUNITY COMMERCIAL","SF-3 - FAMILY RESIDENCE","0220211449","The applicant is proposing to amend the Combined East MLK Neighborhood Plan.","30.30424226","-97.68026351"
"C814-2007-0009.01","Terrace in Oak Hill (formerly called 'West 71 Office Park')","Planned Unit Development (PUD)","06/28/2013","Closed","8","PUD-MF2","PUD-GO","0402440213","The applicant is proposing to amend the exisitng PUD from PUD (GO) to PUD (MF-2)","30.24855952","-97.89008620"
"C17-2007-0091","1703 West 5th  Street","Capital View Corridor Height","06/22/2007","Approved","9","PUD - PLANNED UNIT DEVELOPMENT","PUD - PLANNED UNIT DEVELOPMENT","0107050307","","30.27496195","-97.76532560"
"C814-96-0001","PUBLIC STORAGE RETAIL CENTER","Planned Unit Development (PUD)","08/23/1996","Closed","9","999","999","0108031334","","30.27284179","-97.75862641"
"NPA-2024-0018.03","Brentwood Multifamily DB90 NPA","Amended Neighborhood Plan","07/12/2024","Closed","7","CS-MU-V-DB90-NP","MF-6-NP","0229030903","The applicant is requesting an NPA.","30.32761943","-97.73880758"
"NPA-2025-0002.01","1301, 1303, and 1305 E 4th Street","Amended Neighborhood Plan","01/23/2025","Closed","3","","","0204060801","The applicant is requesting a NPA.","30.26197712","-97.73027135"
"NPA-2015-0005.02","7200 E. Ben White Flum Amendment","Amended Neighborhood Plan","06/12/2015","Closed","3","SF-6 - TOWNHOME, CONDO","GR - MU COMMUNITY COMMERCIAL - MIXED USE","0312160501","The applicant is proposing to amend the Montopolis neighborhood plan.
**Applicant revised application on 7/7/15. Original FLUM change request was for Single Family. The revised application is for a F","30.21626131","-97.69908120"
"NP-2010-0028","Heritage Hills/Windsor Hills Neighborhood Plan","New Neighborhood Plan","12/03/2008","Closed","","","","","The Heritage Hills/Windsor Hills Neighborhood Plan consists of the Heritage Hills and Windsor Hills Neighborhood Planning Areas.","",""
"C14-2022-0108","Interport","Planned Development Agreement (PDA)","07/14/2022","Closed","","LI-PDA, limited industrial services - planned development area, to amend the Land Use Plan","LI-PDA, limited industrial services - planned development area","","The Applicant is proposing the 3rd amendment (administrative) to the PDA to amend 97.12 acres within the approved Land Use Plan attached to the LI-PDA zoning ordinance.","",""
"C814-88-0001.09","DAVENPORT RANCH WEST PUD AMENDMENT","Planned Unit Development (PUD)","10/10/2006","Closed","","PUD","PUD","","","",""
"C14T-03-0001.01","PIONEER HILL TND","Traditional Neighborhood District (TND)","02/06/2008","Closed","","TND - TRADITIONAL NEIGHBORHOOD DISTRICT","TND - TRADITIONAL NEIGHBORHOOD DISTRICT","","","",""
"C12M-2018-0004","124 Acre Annexation into Lazy Nine MUD 14","Municipal Utility District (MUD)","10/31/2018","Pending","","SF-2 - SINGLE FAMILY STANDARD","","","The Applicant is proposing annexation to a water district","",""
"NPA-2008-0008.01","MLK Jr. Blvd TOD Station Area Plan-Plan Amendment","Amended Neighborhood Plan","02/01/2008","Closed","","TOD - TRANSIT ORIENTED DEVELOPMENT ZONING","999 - SEE COMMENTS","","The applicant proposes to Amend the Rosewood Neighborhood Plan.","",""
"C12M-07-0003","WATER DISTRICT 10 ANNEXATION","Municipal Utility District (MUD)","05/23/2007","Approved","","N/A","","0117110138","1617 Westlake Drive; applicant proposes annexation into the Travis County Water Control and Improvement District No. 10","30.30037880","-97.79395504"
"C814-2012-0152.03","Pilot Knob PUD - 3rd Amendment","Planned Unit Development (PUD)","01/08/2021","Closed","","amend the PUD by adding 5 tracts totaling 242.508 acres of unzoned land","Unzoned","","The Applicant is proposing to amend an approved Planned Unit Development, to add 242.508 acres of unzoned land to the project area.","",""
"C14-2015-0062.01","Met Campus PDA Amendment","Planned Development Agreement (PDA)","09/29/2017","Expired","","LI - PDA - NP","LI - PDA - NP","","The Applicant is proposing an amendment for modification to Sign Regulations to allow for a large Project Sign for the entire Met Center II.","",""
"C814-04-0024.02","BRODIE 31","Planned Unit Development (PUD)","01/18/2018","Closed","","PUD - PLANNED UNIT DEVELOPMENT","PUD - PLANNED UNIT DEVELOPMENT","","The applicant is proposing an amendment to a PUD to add a driveway to Brodie Ln.","",""
"C12M-2011-0011","Lazy Nine MUD 1-A","Municipal Utility District (MUD)","09/20/2011","Recommended for Approval","","N/A","","0123860301","The appplicant is proposing an annexation to a MUD.","30.32020458","-98.00814639"
"C12M-2014-0002","Sunfield MUD No. 2","Municipal Utility District (MUD)","05/28/2014","Withdrawn","","PUD - PLANNED UNIT DEVELOPMENT","","","The applicant is proposing to amend a consent agreement. 
***Case withdrawn on July 2, 2014***  
Case re-filed as C12M-2014-0003","30.06714061","-97.78013507"
"NPA-2008-0011.01","Vertical Mixed Use, North Loop","Amended Neighborhood Plan","01/16/2008","Closed","","999 - SEE COMMENTS","999 - SEE COMMENTS","","The applicant is proposing to amend the North Loop Neighborhood Plan.","",""
"C814-98-0004","WEST PARK PUD","Planned Unit Development (PUD)","12/17/1998","Closed","","999","999","","","",""
"C814-97-0001.08","Leander Rehabilitation Site- Administrative Land Use Plan PUD Amendment No.7","Planned Unit Development (PUD)","01/15/2010","Closed","","PUD - PLANNED UNIT DEVELOPMENT","PUD - PLANNED UNIT DEVELOPMENT","","The applicant is requesting a land use plan PUD amendment.","",""
"C814-97-0001.15","Leander Rehabilitation PUD Amendment #16","Planned Unit Development (PUD)","09/10/2021","Closed","","PUD, planned unit development, to change conditions of zoning","PUD, planned unit development","","The PUD amendment applies to 29.9 acres and proposes to increase the allowed total number of dwelling units within the PUD from 3,500 dwelling units to 4,700 dwelling units, allocating the additional","",""
"NPA-2017-0005.04","2514 Thrasher","Amended Neighborhood Plan","09/26/2017","Closed","","","","0312130114","The applicant proposes to amend a currently approved neighborhood plan. 

Related case: C14-2017-0125","30.21780101","-97.70473619"
"C814-05-0213","LOOP 1 AT US 290 WEST PUD","Planned Unit Development (PUD)","12/22/2005","Closed","","PUD","GR","","","",""
"NPA-2012-0015.01","Street and Bridge Operations Central District Office","Amended Neighborhood Plan","07/27/2012","Withdrawn","","","GR-NP","","The applicant is requesting a future land use designation change from Mixed Use to Civic.","30.28857824","-97.69930063"
"NPA-2007-0022.02","Vertical Mixed Use","Amended Neighborhood Plan","11/26/2007","Closed","","","","","The applicant is requesting a neighborhood plan amendment.","",""
"C12M-2019-0002","Trail of Madrones Annexation to the WCID #10","Municipal Utility District (MUD)","07/17/2019","Closed","","None","","","The applicant is proposing to annex a property into the Travis County Water Control and Improvement District #10","",""
"NPA-2008-0015.01","MLK Jr. Blvd TOD Station Area Plan-Plan Amendment","Amended Neighborhood Plan","02/01/2008","Closed","","TOD - TRANSIT ORIENTED DEVELOPMENT ZONING","999 - SEE COMMENTS","","The applicant proposes to amend the East MLK Combined NP-MLK Planning Area","",""
"C12M-2015-0002","North Austin Municipal Utility District No. 1","Municipal Utility District (MUD)","10/12/2015","In Review","","999 - SEE COMMENTS","","","The applicant is proposing amendments to existing MUD agreement.","",""
"C12M-2018-0145","Senna Hills Municipal Utility District","Municipal Utility District (MUD)","11/20/2018","Closed","","N/A","","0121500301","The applicant is proposing an Amendment to existing MUD Agreement.","30.30963305","-97.90477981"
"C814-95-0002.14","FOUR POINTS CENTRE P.U.D. Ammendment 14","Planned Unit Development (PUD)","05/17/2019","Approved","","PUD","PUD","","The Applicant is proposing to amend a previously approved planned unit development. 

Case administratively approved by the staff on April 26, 2026. Please see memo in the Attachments section.","",""
"C814-06-0175.01","East Avenue PUD Amendment","Planned Unit Development (PUD)","04/25/2008","Withdrawn","","PUD - PLANNED UNIT DEVELOPMENT","PUD - PLANNED UNIT DEVELOPMENT","0215080159","The applicant is proposing a planned unit development amendment.","30.29179450","-97.72237949"
"NPA-2008-0010.01","Transit-Oriented Development Plaza Saltilo Station Area Plan-Plan Amendment","Amended Neighborhood Plan","02/01/2008","Closed","","TOD - TRANSIT ORIENTED DEVELOPMENT ZONING","999 - SEE COMMENTS","","The applicant is proposing to amend the Holly Neighborhood Plan","",""
"NPA-2009-0017.01","Crestview Neighborhood Plan Amendment","Amended Neighborhood Plan","07/08/2009","Closed","","VMU","","","City initiated NPA- related vmu zoning C14-2009-0065.","",""
"C12M-2011-0006","Southeast Travis County Municipal Utility District #4","Municipal Utility District (MUD)","03/30/2011","Approved","","N/A","","","The applicant is proposing to create a MUD.","",""
"NPA-2015-0015.01","Kingsbery Community Solar Project","Amended Neighborhood Plan","07/27/2015","Closed","","P-NP","SF-3-NP","0205200401","The applicant is proposing to Amend East Mlk Combined Neighborhood Plan.","30.26565966","-97.68754125"
"C814-97-0001.12","Leander Rehabilitation PUD Amendment #13","Planned Unit Development (PUD)","10/19/2018","Closed","","PUD - PLANNED UNIT DEVELOPMENT, to change conditions of zoning","PUD - PLANNED UNIT DEVELOPMENT","","The Applicant is proposing an amendment to the PUD land use plan to revise parking and access-related requirements.","",""
"C14-95-0129.01","EXPO CENTER SECTION I","Planned Development Agreement (PDA)","06/23/2011","Closed","","LI-PDA-NP","Insdustrial","","The applicant is requesting to amend a Planned Development Agreement.","",""
"C814-04-0055.05","Mueller","Planned Unit Development (PUD)","02/08/2023","Closed","","PUD, planned unit development, to 1) allow for the redistribution of residential dwelling units from one land use to some other areas, within the existing maximum allowable density limits of the PUD, and 2) clarify that ADUs are allowed to be built on rowhouse lots","PUD, planned unit development","","The Applicant is proposing an administrative amendment to the PUD to: 1) allow for the redistribution of residential dwelling units from one land use area to some other areas, within the existing maxi","",""
"C814-2012-0085.02","Texas Children's Hospital - Austin South Campus","Planned Unit Development (PUD)","01/27/2022","Closed","","PUD, planned unit development, to change conditions of zoning","PUD, planned unit development","0456180705","The Applicant is proposing to amend a Planned Unit Development, to 1) add a new land use parcel to be designated as CS-MU (Hospital Tract); 2) to require a minimum 2-Star Green Building Rating; 3) to","30.11353097","-97.81085442"
"C14T-03-0001","PIONEER HILL","Traditional Neighborhood District (TND)","12/08/2003","Approved","","","N/A","","","",""
"NPA-2021-0025.01","290 West and Scenic Brook","Amended Neighborhood Plan","03/12/2021","Closed","","","","","NPA","30.23320675","-97.90348578"
"C814-00-2063.05","Wildhorse Ranch PUD Administrative Amendment","Planned Unit Development (PUD)","03/27/2014","Closed","","PUD - PLANNED UNIT DEVELOPMENT","PUD - PLANNED UNIT DEVELOPMENT","","The applicant is proposing an amendment to a previously approved PUD.","",""
"C814-04-0055.03","Mueller","Planned Unit Development (PUD)","01/28/2015","Closed","","PUD - PLANNED UNIT DEVELOPMENT","PUD - PLANNED UNIT DEVELOPMENT","","The applicant is requesting a PUD Amendment to the RMMA PUD.","",""
"C814-01-0065","BEAR LAKE P.U.D.  (A.K.A. CIRCLE C TRACT 115)","Planned Unit Development (PUD)","04/20/2001","Closed","","PUD","RR","","","",""
"C814-2018-0154","Austin Green","Planned Unit Development (PUD)","12/19/2018","Expired","","PUD - PLANNED UNIT DEVELOPMENT","Unzoned","","The Applicant is proposing a Planned Unit Development and all associated improvements on 2,126.25 acres.

Note:  Case Expired per Mayor's Order No. 20211220-036 - Permit Expiration Date and Extensio","30.23187270","-97.62615701"
"NPA-2016-0010.02","East Sixth Street","Amended Neighborhood Plan","04/08/2016","Closed","","CS-MU-CO-NP","LI-CO-NP","","The applicant is amending a neighborhood plan from Industry to Mixed Use.","",""
"C12M-2011-0001","Fossil Creek Municipal Utility District","Municipal Utility District (MUD)","01/14/2011","Withdrawn","","N/A","","","The applicant is proposing to create a MUD.","",""
"C814-2007-0055","Pearson Place","Planned Unit Development (PUD)","04/24/2007","Withdrawn","","PUD - PLANNED UNIT DEVELOPMENT","LI - LIMITED INDUSTRIAL SERVICES","","The applicant is requesting a zoning change from LI/DR/CS-CO/County ETJ to PUD.  Approximately 756.81 acres.","",""
"C814-2012-0085","Estancia Hill Country Planned Unit Development","Planned Unit Development (PUD)","07/13/2012","Closed","","PUD - PLANNED UNIT DEVELOPMENT","N/A","0456180705","The Applicant is requesting to zone the properties to PUD (Planned Unit Development).","30.11353097","-97.81085442"
"C814-04-0055","RMMA REDEVELOPMENT (P.U.D ZONING, CITY INITIATED)","Planned Unit Development (PUD)","03/29/2004","Closed","","PUD","AV","","","",""
"NPA-2007-0009.01","Central East Austin NPA McMansion Ordinance Amendment","Amended Neighborhood Plan","07/19/2007","Withdrawn","","","","","The applicant is submitting a city initiated NPA.","",""
"C814-06-0109","LAKESHORE PUD","Planned Unit Development (PUD)","05/10/2006","Closed","","PUD","MF-3","","","",""
"NPA-2016-0005.01","Thrasher Ln Lots","Amended Neighborhood Plan","07/01/2016","Closed","","","","0312130114","The applicant is proposing to amend the Montopolis NPA FLUM change  from Commercial to Mixed Use.
**Scheduled Oct 25 PC and Dec 8 CC hearings"" - M Meredith","30.21780101","-97.70473619"
"NPA-2008-0003.01","MLK Jr. Blvd TOD Station Area Plan-Plan Amendment","Amended Neighborhood Plan","02/01/2008","Closed","","TOD - TRANSIT ORIENTED DEVELOPMENT ZONING","999 - SEE COMMENTS","","The applicant proposes to amend the Chestnut Plan Amendment","",""
"NPA-2020-0015.02.SH","2011 & 2015 EM Franklin","Amended Neighborhood Plan","07/29/2020","Closed","","","","0213170105","The applicant is proposing an amendment to a previously approved neighborhood plan.","30.28582325","-97.69693557"
"C12M-2020-0137","Lower Camelot WSC Annexation into Travis County Water Control and Improvement District No 10","Municipal Utility District (MUD)","11/17/2020","Closed","","N/A","","0117280121","The applicant is requesting Annexation into Water Control District #10 for 115.39 acres.","30.29703183","-97.84571420"
"C814-98-0001","FORUM PUD, THE","Planned Unit Development (PUD)","03/04/1998","Closed","","PUD","SF-2","","","",""
"C814-01-0038.01","PARMER / WALNUT CREEK PUD","Planned Unit Development (PUD)","03/31/2004","Closed","","PUD","PUD","","","",""
"C12M-2021-0176","Collins MUD","Municipal Utility District (MUD)","10/02/2021","Awaiting Update","","PUD, planned unit development","","0334180306","The Applicant is proposing to create a new Municipal Utility District on 675 acres generally located at East William Cannon Drive and US Highway 183, and in the City's 2-mile Extraterritorial Jurisdic","30.16083871","-97.69625571"
"C12M-2011-0005","Southeast Travis County Municipal Utility District #3","Municipal Utility District (MUD)","03/30/2011","Approved","","N/A","","","The applicant is proposing to create a MUD.","",""
"C14-93-0090.01","7700 Parmer Lane","Planned Development Agreement (PDA)","04/29/2011","Closed","","PDA","PDA","","The applicant is proposing a Planned Development Agreement amendment.","",""
"C814-00-2063ETJ","WILDHORSE RANCH SMART GROWTH PUD","Planned Unit Development (PUD)","03/28/2000","Closed","","PUD","N/A","","","",""
"C814-91-0001.05","LITTLE TEXAS PUD","Planned Unit Development (PUD)","08/06/2007","Closed","","PUD - PLANNED UNIT DEVELOPMENT","PUD - PLANNED UNIT DEVELOPMENT","","The applicant proposes to revise the Little Texas PUD.","",""
"C814-92-0006.02","Seton Medical Center Planned Unit Development Amendment No. 2","Planned Unit Development (PUD)","04/26/2022","Closed","","PUD-NP, planned unit development - neighborhood plan, to modify site development regulations","PUD-NP, planned unit development - neighborhood plan","","The Applicant is proposing to amend an approved PUD to allow for building expansion on 12.21 acres.","",""
"C814-01-0114.02","COMANCHE CANYON RANCH, ETJ P.U.D. (AMENDMENT #2)","Planned Unit Development (PUD)","09/16/2009","Closed","","PUD - PLANNED UNIT DEVELOPMENT","PUD - PLANNED UNIT DEVELOPMENT","","The applicant is proposing to amend the existing Comanche Canyon Ranch PUD.","",""
"C814-89-0006.04","CANYON RIDGE PHASE B, Lots 2-4","Planned Unit Development (PUD)","10/02/2008","Closed","","PUD - PLANNED UNIT DEVELOPMENT","PUD - PLANNED UNIT DEVELOPMENT","","The applicant proposes to amend the existing PUD ordinance to allow Personal Services use, specifically a drop-off dry cleaners, to be permitted.  The PUD amendment also proposes to prohibit drive-in","",""
"C814-90-0003.21","Harris Branch PUD Amendment 21","Planned Unit Development (PUD)","09/17/2021","Closed","","PUD, planned unit development, to remove the 3 stories limit to properties zoned LO, LR, MF-2, and MF-3 as shown in Exhibit C of Ordinance No. 901213-H","PUD, planned unit development","","The Applicant is proposing to amend a previously recorded PUD to remove the 3 stories limit to properties zoned LO, LR, MF-2, and MF-3 as shown in Exhibit C of Ordinance No. 901213-H.","",""
"C814-00-2063.07","Wildhorse Ranch PUD","Planned Unit Development (PUD)","12/21/2021","Closed","","PUD, planned unit development, to reallocate the base zoning for Parcels E-3 and E-2 to allow commercial property to front the arterial (Parmer Ln) without allocating the proposed land density","PUD, planned unit development","","The Applicant is proposing an amendment to an approved PUD, to reallocate the base zoning for Parcels E-3 and E-2 to allow commercial property to front the arterial (Parmer Ln) without allocating the","",""
"C12M-2011-0003","Southeast Travis County Municipal Utility District No. 1","Municipal Utility District (MUD)","03/28/2011","Approved","","N/A","","","The applicant is proposing to create a MUD.","",""
"C814-05-0069","WATERSEDGE PUD","Planned Unit Development (PUD)","04/28/2005","Approved","","PUD","N/A","","","",""
"C814-01-0113","GRAND OAKS (RESUBMITTAL OF C814-00-2146)","Planned Unit Development (PUD)","08/06/2001","Closed","","PUD","SF-2","","","",""
"C12M-2018-0005","Austin Green Water District","Municipal Utility District (MUD)","12/20/2018","Closed","","PUD - PLANNED UNIT DEVELOPMENT","","","To create a Water District","30.23187270","-97.62615701"
"NPA-2007-0012.06","Upper Boggy Creek Neighborhood Planning Area","Amended Neighborhood Plan","09/07/2007","Closed","","","","","Rezoning to implement Vertical Mixed Use (VMU) From Multi-Family to Mixed-Use","",""
"C14-2008-0076","Tech Ridge","Planned Development Agreement (PDA)","03/21/2008","Closed","","LI-PDA","SF-2 - SINGLE FAMILY STANDARD","","The applicant is requesting to rezone property from SF-2 to LI-PDA.","",""
"C814-2012-0152.02","Pilot Knob PUD 2nd Amendment","Planned Unit Development (PUD)","08/10/2018","Closed","","PUD - PLANNED UNIT DEVELOPMENT","Unzoned","","The application is proposing to add additional land within the project area as shown on the Pilot Knob PUD land use existing plan.","",""
"C12M-2008-0001","SENNA HILLS MUD ANNEXATION","Municipal Utility District (MUD)","07/23/2008","Closed","","N/A","","0119480201","10324 FM 2244; annexation was denied by City Council on 1/15/2009 but the MUD proceeded to obtain TCEQ authorization for  annexation. The tract was annexed effective 4/14/2010. In 2013, MUD review sta","30.30830806","-97.89423468"
"C814-04-0061.02","Ribelin Ranch PUD Amendment #2 - Austin Baptist Church Minor Amendment","Planned Unit Development (PUD)","03/15/2021","Closed","","PUD, to add the following note: Section 25-1-21(105) (Definition of Site) is modified to provide that the 26.103 acres outlined in Tract 1B may cross a public street or right-of-way.","PUD, planned unit development","","The Applicant is proposing to amend a previously approved Planned Unit Development to add the following note:
Section 25-1-21(105) (Definition of Site) is modified to provide that the 26.103 acres ou","",""
"C814-01-0114","COMANCHE CANYON RANCH, ETJ P.U.D.","Planned Unit Development (PUD)","12/27/2001","Closed","","","N/A","","","",""
"NPA-2007-0015.01","Hastings - Springdale","New Neighborhood Plan","07/05/2007","Closed","","MF-2 - MULTI FAMILY LOW","SF-3-NP - Family Residence-Neighborhood Plan Combining district","","The applicant is requesting a neighborhood plan amendment along with their zoning change.","",""
"C814-97-0001.09","Leander Rehabilitation Planned Unit Development Agreement","Planned Unit Development (PUD)","05/02/2012","Approved","","PUD - PLANNED UNIT DEVELOPMENT","PUD - PLANNED UNIT DEVELOPMENT","","The applicant is requesting a land use plan PUD amendment.","",""
"C814-06-0175.04","East Avenue PUD Amendment Parcel H","Planned Unit Development (PUD)","08/25/2022","Closed","","PUD-NP, planned unit development - neighborhood plan, to allow administrative and business office use to exceed 75% of the ground floor area as depicted on Exhibit C-3 of the ordinance","PUD-NP, planned unit development - neighborhood plan","0215080159","The Applicant is proposing to amend PUD-NP zoning on 1.579 acres to allow administrative and business office use to exceed 75% of the ground floor area as depicted on Exhibit C-3 of the ordinance for","30.29179450","-97.72237949"
"NPA-2008-0016.01","Govalle/Johnston Terrace Vertical Mixed Use NPA","Amended Neighborhood Plan","05/09/2008","Closed","","","","","The applicant proposes to amend the Govalle/Johnston Terrace Neighborhood Plan amendments include change in Future Land Use Designation.","",""
"C12M-07-0002","NORTH AUSTIN MUD LAND PLAN AND CONSENT AGMT AMENDMENT #12","Municipal Utility District (MUD)","02/05/2007","Withdrawn","","","","","AMBER OAKS MULTIFAMILY","",""
"C12M-2017-0009","Pilot Knob Municipal Utility District No. 4","Municipal Utility District (MUD)","08/01/2017","In Review","","PUD - PLANNED UNIT DEVELOPMENT","","","The applicant is proposing an amendment to existing MUD agreement","",""
"C814-06-0109.02","LAKESHORE PUD","Planned Unit Development (PUD)","08/11/2020","Withdrawn","","PUD-NP, to change a condition of zoning and to increase the maximum building height on 21.971 acres (a portion of Area 8, Area 12 and Area 13)","PUD-NP","","The Applicant is proposing to amend a previously approved Planned Unit Development, to increase the maximum building height on 21.971 acres. being a portion of Area 8, Area 12 and Area 13. 

Case wa","",""
"C814-97-0001.05","Leander Rehabilitation Site - Administrative Land Use Plan PUD Amendment # 6","Planned Unit Development (PUD)","05/24/2007","Closed","","PUD - PLANNED UNIT DEVELOPMENT","PUD - PLANNED UNIT DEVELOPMENT","","The applicant proposes to amend the land use for the PUD.","",""
"C12M-2016-0005","North Austin Municipal District No. 1","Municipal Utility District (MUD)","10/19/2016","Recommended for Approval","","SF,MF,MU,CO","","R569025","The applicant proposes to amend a previously approved MUD agreement.","30.46063847","-97.75564524"
"C12M-2013-0003","Northtown M.U.D.","Municipal Utility District (MUD)","04/25/2013","Notice/Hearing Determination","","N/A","","","The applicant is proposing an administrative revision to reflect minor changes in retail locations.

On May 13, 2013, the staff approved the Northtown Municipal Utility District Amendment # 11 (plea","",""
"NPA-2011-0025.04","8739 & 8743 West State Hwy 71 FLUM Amendment","Amended Neighborhood Plan","11/16/2011","Closed","","","","0402480328","The applicant is proposing a FLUM Amendment to change the land use designation to Mixed-Use and multifamily for the property located at 8739 and
8743 West State Highway 71.","30.25043879","-97.89720749"
"NPA-2009-0003.01","Chestnut Vertical Mixed Use Neighborhood Plan Amendments","Amended Neighborhood Plan","05/13/2009","Closed","","VMU","VARIES","","The applicant is requesting a neighborhood plan amendment.","",""
"C814-2012-0085.01","Estancia Hill Country PUD - First Amendment","Planned Unit Development (PUD)","12/16/2013","Closed","","PUD - PLANNED UNIT DEVELOPMENT","PUD - PLANNED UNIT DEVELOPMENT","0456180705","The applicant is requesting to amend the PUD (Planned Unit Development) in order to address grandfathering provisions in the approved zoning ordinance.","30.11353097","-97.81085442"
"NPA-2015-0005.04","Lenox Oaks","Amended Neighborhood Plan","07/29/2015","Closed","","CS-MU-NP","CS-NP, SF-3-NP, GO-NP, SF-2-NP","","The applicant is proposing to amend Montopolis Neighborhood Plan.","30.23786500","-97.68825433"
"C12M-2017-0007","Amendment to Pilot Knob Municipal Utility District No. 2 Consent Agreement","Municipal Utility District (MUD)","08/01/2017","In Review","","PUD - PLANNED UNIT DEVELOPMENT","","","The applicant is proposing to amend the Pilot Knob MUD No. 2, to modify the conceptual plans for the major wastewater facilities of the project.","",""
"C814-89-0003.02","305 S. Congress","Planned Unit Development (PUD)","07/24/2019","Closed","","PUD-NP - PLANNED UNIT DEVELOPMENT, to change conditions of zoning","PUD-NP - PLANNED UNIT DEVELOPMENT","","The PUD amendment proposes to replace the land use plan, modify the conditional and prohibited uses and revise the development intensity on 18.86 acres.","",""
"C814-97-0001.11","Leander Rehabilitation  Center PUD Amendment","Planned Unit Development (PUD)","04/04/2014","Closed","","PUD - PLANNED UNIT DEVELOPMENT","PUD - PLANNED UNIT DEVELOPMENT","","The applicant is requesting a land use plan PUD amendment.","",""
"C814-97-0001.14","Leander Rehabilitation PUD Amendment #15","Planned Unit Development (PUD)","01/15/2021","Closed","","to amend ordinance 20190620-154 and permit an alternate internal drive design for the interior streets on parcels CO-1, Commercial Office and COR-4, Commercial Office Residential.","PUD","","The Applicant is proposing a PUD amendment, specifically to amend ordinance 20190620-154 and permit an alternate internal drive design for the interior streets on parcels CO-1, Commercial Office and C","",""
"C12M-2013-0102","WCID #10- 5210 Fossil Rim Road","Municipal Utility District (MUD)","08/15/2013","Recommended for Approval","","N/A","","0125130224","The appplicant is proposing an annexation to a MUD.","30.32195983","-97.79725479"
"C12M-2010-0002","NORTHTOWN MUNICIPAL UTILITY DISTRICT","Municipal Utility District (MUD)","08/31/2010","Approved","","999 - SEE COMMENTS","","","The applicant is proposing a land plan amendment to the Northtown MUD.  Amendment is for change of use from single-family attached to school use.","",""
"C814-90-0003","HARRIS BRANCH P.U.D. (FILED 11-08-2001)","Planned Unit Development (PUD)","11/08/2001","Scheduled for Hearing","","999","999","","","",""
"C814-97-0001.10","Leander Rehabilitation PUD","Planned Unit Development (PUD)","12/31/2012","Closed","","PUD - PLANNED UNIT DEVELOPMENT","PUD - PLANNED UNIT DEVELOPMENT","","The applicant is requesting a land use plan PUD amendment.","",""
"C814-99-0001.02","AVERY RANCH PUD, AMENDMENT #2","Planned Unit Development (PUD)","10/16/2002","Closed","","PUD","PUD","","","",""
"C814-96-0003.15","Pioneer Crossing PUD Amendment #15","Planned Unit Development (PUD)","02/22/2019","Closed","","PUD","PUD","","The Applicant has requested a 15th Amendment to the Pioneer Crossing PUD to address the interpretation of Part 13 of the original PUD ordinance (Ordinance No. 970410-I) concerning the dedication of pa","",""
"C14-94-0167.01","6500 River Place PDA Amendment #1","Planned Development Agreement (PDA)","12/12/2024","Notice Sent","","PDA","PDA","","The applicant is requesting a PDA Amendment.","",""
"C814-04-0061","RIBELIN RANCH","Planned Unit Development (PUD)","04/26/2004","Closed","","PUD","N/A","","","",""
"C814-96-0003.13","Pioneer Crossing PUD Land Plan Amendment No. 13","Planned Unit Development (PUD)","05/17/2017","Closed","","SF-3 - FAMILY RESIDENCE","Vacant","","The applicant is proposing an amendment for lot lines and land use reallocation.

On January 19, 2018, Amendment #13 was administratively approved by the staff. Please see Administrative Approval Me","",""
"NP-2010-0026","North Lamar Combined Neighborhood Plan","New Neighborhood Plan","12/02/2008","Closed","","","","","The North Lamar Combined Neighborhood Plan is comprised of the North Lamar and Georgian Acres Neighborhood Planning Areas.","",""
"C814-06-0175.03","East Avenue PUD, Parcel A Amendment","Planned Unit Development (PUD)","05/27/2020","Closed","","PUD-NP, planned unit development - neighborhood plan, to modify the allowable height","PUD-NP, planned unit development - neighborhood plan","0215080159","The Applicant is proposing to amend 1.13 acres of an approved Planned Unit Development, to increase the maximum allowable height of Parcel A.","30.29179450","-97.72237949"
"C12M-2017-0010","Pilot Knob Municipal Utility District No. 5","Municipal Utility District (MUD)","08/01/2017","In Review","","PUD - PLANNED UNIT DEVELOPMENT","","","The applicant is proposing an amendment to existing MUD agreement","",""
"C814-04-0187.01.SH","Goodnight Ranch PUD (Smart Housing)","Planned Unit Development (PUD)","09/15/2011","Expired","","PUD - PLANNED UNIT DEVELOPMENT","PUD - PLANNED UNIT DEVELOPMENT","","The applicant is requesting a PUD amendment.

**Case Expired (9-10-2012 per Wendy Rhoades)** by LDC Section 25-1-88","",""
"C814-98-0001.04","Southwest Market Place Revision","Planned Unit Development (PUD)","06/23/2008","Closed","","PUD - PLANNED UNIT DEVELOPMENT","PUD - PLANNED UNIT DEVELOPMENT","","The applicant proposes to revise permissible building area of the existing PUD.","",""
"C814-04-0187.SH","GOODNIGHT RANCH (SMART HOUSING)","Planned Unit Development (PUD)","11/16/2004","Closed","","PUD","I-RR - INTERIM RURAL RESIDENCE","","","",""
"C814-01-0114.01","Comanche Canyon Ranch, ETJ PUD (PUD Amendment #1)","Planned Unit Development (PUD)","02/12/2009","Closed","","NA","NA","","The applicant is requesting a PUD amendment.","",""
"C814-96-0003.08","PIONEER CROSSING","Planned Unit Development (PUD)","08/06/2008","Approved","","PUD-IP & PUD-MF-2","PUD-IP & PUD-MF-2","","The applicant is proposing the Eighth Amendment to a PUD.","",""
"NPA-2019-0008.01","2717 Manor Road","Amended Neighborhood Plan","07/31/2019","Closed","","","","0212120308","Rosewood -2019 Neighborhood Plan Amendment Number 1.
On Oct. 3, 2019, the applicant added an additional lot, 2204 Curtis Ave, to the application.","30.28508271","-97.71272527"
"C814-97-0002.01","Mary Vice Estates PUD Lot 27 Amendment","Planned Unit Development (PUD)","08/13/2018","Closed","","Mixed Use","PUD-NP","","The application is proposing an increase to maximum building square footage, reduce the building setbacks and allow townhouse, condo, and duplex residential uses to the existing use.","",""
"NPA-2015-0019.02","34th & King Homes","Amended Neighborhood Plan","02/27/2015","Withdrawn","","GR-MU-CO","SF-3 - FAMILY RESIDENCE","0218031603","The applicant is proposing to amend West University Neighborhood Plan.","30.30075419","-97.74090173"
"C814-89-0006.05","Canyon Ridge Phase B","Planned Unit Development (PUD)","05/02/2014","Withdrawn","","PUD - PLANNED UNIT DEVELOPMENT","PUD - PLANNED UNIT DEVELOPMENT","","The applicant is proposing to amend an existing PUD allowing buildings 13,14,20,21,22,25,26 and 34 to have a three story elevation as seen from the rear of the building, rather than two stories. The b","",""
"C12M-2015-0001","North Austin Municipal Utility District No. 1","Municipal Utility District (MUD)","10/12/2015","In Review","","999 - SEE COMMENTS","","","The applicant is proposing amendments to existing MUD agreement.","",""
"C814-90-0003.16","Harris Branch PUD Landuse Plan Revision 16","Planned Unit Development (PUD)","06/24/2009","Withdrawn","","PUD - PLANNED UNIT DEVELOPMENT","PUD - PLANNED UNIT DEVELOPMENT","","The applicant is proposing a PUD amendment.","",""
"C814-90-0003.13","HARRIS BRANCH P.U.D (SCOTS GLEN)","Planned Unit Development (PUD)","03/07/2005","Closed","","","","","","",""
"C814-96-0003.06","PIONEER CROSSING","Planned Unit Development (PUD)","11/03/2006","Closed","","PUD","PUD","","","",""
"C814-00-2063.03","WILDHORSE RANCH PUD","Planned Unit Development (PUD)","09/26/2012","Expired","","PUD - PLANNED UNIT DEVELOPMENT","PUD - PLANNED UNIT DEVELOPMENT","","The applicant is proposing revisions to the Wildhorse Ranch PUD.

Case EXPIRED - was not scheduled for ZAP or City Council","",""
"C814-2012-0152","Pilot Knob Planned Unit Development","Planned Unit Development (PUD)","12/05/2012","Closed","","PUD - PLANNED UNIT DEVELOPMENT","IRR - INTERIM RURAL RESIDENCE; I-SF-4A","","The applicant is proposing  to zone approximately 2214.075 acres of land from I-RR & I-SF-4A to PUD.  
*Also known as Easton*","",""
"NPA-2008-0014.02","Expo Business Park","Amended Neighborhood Plan","07/29/2008","Closed","","","","","The applicant is requesting a Neighborhood Plan Amendment on 37 acres.","",""
"C12M-2013-0002","Senna Hills Municipal Utility District","Municipal Utility District (MUD)","01/31/2013","Withdrawn","","N/A","","0119480201","The applicant is proposing amendments to existing MUD agreement.

Withdrawn by applicant on 3/26/2013 prior to Planning Commission meeting.","30.30830806","-97.89423468"
"NPA-2017-0015.03","Jackie Robinson Residential","Amended Neighborhood Plan","07/31/2017","Scheduled for Hearing","","","","0210210245","The applicant is requesting a neighborhood plan amendment from single family to higher-density single family.","30.27701879","-97.67905653"
"C12M-2023-0157","Moore's Crossing Municipal Utility District (Amendment 5)","Municipal Utility District (MUD)","11/30/2023","Approved","","MUD","","","The applicant proposes to amend a MUD. 

NOTE:  This is the 5th Amendment to the Consent Agreement.  

This amendment was approved by Council on 4/4/24. Please see attached ordinance.","30.15763590","-97.63744241"
"C12M-2011-0004","Southeast Travis County Municipal Utility District No. 2","Municipal Utility District (MUD)","03/29/2011","Approved","","N/A","","","The applicant is proposing to create a MUD.","",""
"NPA-2008-0017.01","Lamar/Justin Lane TOD Station Area Plan","Amended Neighborhood Plan","02/01/2008","Closed","","TOD - TRANSIT ORIENTED DEVELOPMENT ZONING","999 - SEE COMMENTS","","The applicant proposes to amend the Neighborhood Plan for Crestview-Wooten (Crestview Planning Area)","",""
"NPA-2023-0014.02.SH","5901 Drowsy Willow Trail - NPA","Amended Neighborhood Plan","06/01/2023","Closed","","","","0322020144","The applicant is proposing an NPA from Single Family, Open Space to Multi family 

Related case:  C14-2023-0078.SH from PUD-NP to MF-3-NP.","30.18756793","-97.74334392"
"C814-90-0003.18","Applied Materials- Blue Goose","Planned Unit Development (PUD)","05/01/2012","Closed","","PUD","PUD","0242410302","The applicant is proposing a revision to a PUD.","30.36462643","-97.62158693"
"C814-2012-0152.04","Pilot Knob PUD - 4th Amendment","Planned Unit Development (PUD)","01/28/2022","Closed","","PUD, planned unit development, to add 50.908 acres of unzoned land to the project area","PUD, planned unit development","","The Applicant is proposing to add 50.908 acres of unzoned land to the project area of the Pilot Knob PUD.

Related case:  C7L-2022-0001","",""
"NPA-2007-0009.02","Swedish Hill Parking","Amended Neighborhood Plan","07/24/2007","Closed","","GO - NP  GENERAL OFFICE","SF-3-NP - Family Residence-Neighborhood Plan Combining district","","The applicant is requesting a Neighborhood Plan Amendment.","",""
"C814-96-0003.17","Pioneer Crossing PUD Amendment #17","Planned Unit Development (PUD)","09/02/2020","Closed","","PUD, to modify the land use plan","PUD","","The Applicant is proposing to amend the PUD, to reallocate dwelling units and impervious cover between RA parcels, revise the boundary line between RA 12 and RA 14, reallocate the proposed future r-o-","",""
"C814-95-0002.12","FOUR POINTS CENTRE P.U.D. (FILED 7-10-95)","Planned Unit Development (PUD)","06/19/2017","Closed","","PUD - PLANNED UNIT DEVELOPMENT","PUD - PLANNED UNIT DEVELOPMENT","","The applicant is proposing to amend a PUD to re-configure the allowable density of the Four Points Centre PUD with associated improvements.","",""
"NPA-2020-0015.04.SH","Lott Avenue","Amended Neighborhood Plan","07/30/2020","Closed","","","","0209190322","The applicant is proposing to amend a previously approved neighborhood plan.","30.27654149","-97.68350286"
"C12M-2016-0002","Northtown Consent Agreement","Municipal Utility District (MUD)","07/26/2016","Recommended for Approval","","MUD","","0264281006","The applicant proposes to amend a MUD.","30.42015963","-97.66089091"
"C12M-2017-0008","Amendment to Pilot Knob Municipal Utility District No. 1","Municipal Utility District (MUD)","08/01/2017","In Review","","PUD - PLANNED UNIT DEVELOPMENT","","","The applicant is proposing a consent amendment to the Pilot Knob MUD No. 1, to modify the conceptual plans for the major wastewater facilities of the project.","",""
"C12M-2024-0003","Hays Commons MUD","Municipal Utility District (MUD)","03/06/2024","Awaiting Update","","MUD","","0448370305","The applicant is requesting a MUD","30.13668624","-97.86576533"
"C12M-2016-0006","Moore's Crossing Consent Agreement","Municipal Utility District (MUD)","12/05/2016","Approved","","MUD","","","The applicant proposes to amend a MUD. 

NOTE:  This is the 4th Amendment to the Consent Agreement.","30.15763590","-97.63744241"
"C12M-2017-0002","Amendment to Southeast Travis County MUD No.1 Consent Agreement","Municipal Utility District (MUD)","04/13/2017","In Review","","PUD - PLANNED UNIT DEVELOPMENT","","","The applicant is proposing an amendment to Southeast Travis County Municipal Utility District No. 1.","",""
"C814-96-0003.07","PIONEER CROSSING PUD AMENDMENT","Planned Unit Development (PUD)","10/26/2007","Closed","","PUD - PLANNED UNIT DEVELOPMENT","PUD - PLANNED UNIT DEVELOPMENT","","The applicant is proposing the SEVENTH AMENDMENT to a PUD.","",""
"C814-06-0175","EAST AVENUE PLANNED UNIT DEVELOPMENT","Planned Unit Development (PUD)","08/16/2006","Closed","","PUD-NP","LO-MU-NP; GO-NP; CS-MU-NP","0215080159","","30.29179450","-97.72237949"
"C814-96-0003.18","Pioneer Crossing PUD Amendment #18","Planned Unit Development (PUD)","06/08/2021","Closed","","PUD - PLANNED UNIT DEVELOPMENT","PUD - PLANNED UNIT DEVELOPMENT","","The PUD amendment proposes to reallocate residential unit counts across different tract (while maintaining the same overall unit count), changing the uses on two tracts from residential to commercial,","",""
"C12M-2010-0008","Rio De Vida Improvement District No. 1","Municipal Utility District (MUD)","12/10/2010","Expired","","na","","","The applicant is proposing to create a MUD. MUD later created by SB 768 in the 2011 TX Legislature. MUD EXPIRED 9/1/2012 per SB 768 due to lack of consent agreement.","",""
"NPA-2008-0002.01","Transit-Oriented Development Plaza Saltilo Station Area Plan-Plan Amendment","Amended Neighborhood Plan","02/01/2008","Closed","","TOD - TRANSIT ORIENTED DEVELOPMENT ZONING","999 - SEE COMMENTS","","The applicant proposes to amend the East Cesar Chavez Neigborhood Plan.","",""
"C814-06-0175.02","EAST AVENUE PLANNED UNIT DEVELOPMENT","Planned Unit Development (PUD)","10/03/2008","Partial Approval","","PUD - PLANNED UNIT DEVELOPMENT","PUD - PLANNED UNIT DEVELOPMENT","0215080159","The applicant proposes to amend existing PUD for  East Avenue.","30.29179450","-97.72237949"
"C814-90-0003.19","GILES LN","Planned Unit Development (PUD)","03/14/2014","Closed","","SF-2 - SINGLE FAMILY STANDARD","SF-2 - SINGLE FAMILY STANDARD","","The Applicant is proposing to amend a PUD","",""
"NPA-2019-0010.01","2700 E 5th Street","Amended Neighborhood Plan","06/18/2019","Closed","","","","0203110602","City-Initiated plan amendment application to correct an error in the future land use map (FLUM) where the land use designation was not assigned during the planning process on property located at 2700","30.25717364","-97.71239609"
"C12M-2024-0015","Sunfield MUD No. 2 Consent Agreement Application Amendment for Sunfield PUD","Municipal Utility District (MUD)","02/21/2024","Scheduled for Council Hearing","","MUD","","","The applicant is proposing to amend a consent agreement.","30.06714061","-97.78013507"
"NPA-2009-0002.01","East Cesar Chavez Vertical Mixed Use Overlay District (NPA)","Amended Neighborhood Plan","03/26/2009","Closed","","GR-MU-V-CO-NP; GR-MU-V-CO-NP; CS-MU-V-CO-NP","GR-MU-CO-NP; GR-MU-CO-NP; CS-MU-CO-NP","","The applicant is requesting a Neighborhood Plan Amendment.","",""
"C814-90-0003.14","HARRIS BRANCH P.U.D. (FILED 10-31-90)","Planned Unit Development (PUD)","06/14/2007","Approved","","PUD - PLANNED UNIT DEVELOPMENT","PUD - PLANNED UNIT DEVELOPMENT","","The applicant is revising the PUD.","",""
"C814-90-0003.17","HARRIS BRANCH P.U.D. Land Use Plan, Rev. 17","Planned Unit Development (PUD)","08/22/2011","Withdrawn","","PUD","PUD","0242410302","The applicant is proposing a revision to a PUD.","30.36462643","-97.62158693"
"NPA-2013-0025.01","Harper Park Residential","Amended Neighborhood Plan","02/04/2013","Closed","","LO -MU-NP LIMITED OFFICE-MIXED USE-NEIGHBORHOOD PLAN","LO-CO-NP","0407370201","The applicant is requesting a future land use map change from Office & Neighborhood Commercial  to  Multi-Family.","30.23712178","-97.85210339"
"C814-96-0003","PIONEER CROSSING","Planned Unit Development (PUD)","06/08/2006","Closed","","PUD","PUD","","","",""
"NPA-2012-0005.04","East Riverside Corridor Regulating Plan- Montopolis NPA","Amended Neighborhood Plan","09/04/2012","Closed","","","","","The applicant is requesting an NPA to change the use from various to Specific Regulating District.","",""
"C814-97-0001.13","Leander Rehabilitation PUD Amendment  #14","Planned Unit Development (PUD)","01/09/2019","Withdrawn","","Mixed Use","PUD - PLANNED UNIT DEVELOPMENT","","The Applicant is proposing an amendment to the PUD land use plan to revise parking and access-related requirements.","",""
