CASE_NUMBER,Meeting_Date,vote_yes,vote_no,nay_members,matched
C14-2018-0002,2018-06-14T00:00:00.000,,,,False
C14-2016-0121,2018-03-01T00:00:00.000,,,,False
C14-2013-0092,2013-12-12T00:00:00.000,,,,False
C14-2017-0139,2018-03-22T00:00:00.000,10.0,1.0,,True
C814-2012-0160,2013-06-20T00:00:00.000,5.0,2.0,"Morrison, Tovo",True
C14H-2017-0082,2017-10-05T00:00:00.000,,,,False
C14-2014-0093,2014-08-28T00:00:00.000,,,,False
C14-2019-0133,2020-01-23T00:00:00.000,,,,False
NPA-2019-0021.02,2020-02-20T00:00:00.000,,,,False
C14-2016-0041,2016-08-11T00:00:00.000,10.0,0.0,,True
C814-2012-0085.01,2014-06-26T00:00:00.000,,,,False
C14-2015-0163,2016-08-11T00:00:00.000,,,,False
C14-2019-0123,2019-12-05T00:00:00.000,,,,False
C14-2019-0048,2019-06-20T00:00:00.000,,,,False
C14-2019-0167,2020-04-09T00:00:00.000,,,,False
C14-2014-0134,2014-12-11T00:00:00.000,,,,False
C14-2011-0043,2011-08-18T00:00:00.000,,,,False
C14-2017-0022,2017-12-07T00:00:00.000,,,,False
C14-2015-0118,2015-12-17T00:00:00.000,,,,False
C14-2013-0064,2013-10-03T00:00:00.000,6.0,1.0,,True
C14-2018-0030,2018-06-28T00:00:00.000,,,,False
C14-2011-0103,2011-10-20T00:00:00.000,,,,False
C814-2012-0085.01,2014-12-11T00:00:00.000,,,,False
C14-2013-0141,2014-02-13T00:00:00.000,,,,False
C14H-2017-0055,2018-08-09T00:00:00.000,,,,False
NPA-2017-0016.05,2018-08-09T00:00:00.000,,,,False
C14-2010-0195,2011-01-27T00:00:00.000,7.0,0.0,,True
C14-2016-0121,2018-02-01T00:00:00.000,,,,False
C14-2011-0043,2011-08-04T00:00:00.000,,,,False
C14-2012-0099,2012-10-18T00:00:00.000,6.0,0.0,,True
C14-2015-0114,2016-11-10T00:00:00.000,,,,False
C14-2014-0070,2014-08-28T00:00:00.000,,,,False
C14H-2017-0107,2017-10-05T00:00:00.000,,,,False
NPA-2019-0027.02,2019-11-14T00:00:00.000,,,,False
C14-2016-0059,2016-09-22T00:00:00.000,11.0,0.0,,True
C14-2012-0028,2012-08-02T00:00:00.000,,,,False
C14-2012-0046,2012-08-02T00:00:00.000,,,,False
C14-2019-0106,2020-02-20T00:00:00.000,,,,False
C14-2017-0076,2017-10-05T00:00:00.000,,,,False
C14-2015-0127,2015-12-10T00:00:00.000,,,,False
C14-2014-0012,2014-05-15T00:00:00.000,,,,False
C14-2014-0009,2014-05-15T00:00:00.000,7.0,0.0,,True
C14-2012-0093,2013-01-17T00:00:00.000,,,,False
C14-2013-0083,2014-05-01T00:00:00.000,,,,False
C14-2011-0065,2013-01-31T00:00:00.000,,,,False
NPA-2010-0021.02,2011-03-03T00:00:00.000,,,,False
C14-2013-0023,2013-09-26T00:00:00.000,,,,False
C14-2011-0165,2012-06-14T00:00:00.000,,,,False
C14-2012-0115,2012-12-06T00:00:00.000,,,,False
C14-2017-0137,2018-02-01T00:00:00.000,,,,False
C14-2012-0007,2012-03-22T00:00:00.000,,,,False
C14-2016-0106,2017-01-26T00:00:00.000,,,,False
C14-2011-0131,2012-09-27T00:00:00.000,,,,False
C14-2019-0082,2020-01-23T00:00:00.000,11.0,0.0,,True
C14-2010-0090,2010-09-23T00:00:00.000,,,,False
C14-2013-0062,2013-09-26T00:00:00.000,,,,False
C14-2017-0114,2018-02-01T00:00:00.000,,,,False
C14-2013-0147,2014-03-27T00:00:00.000,,,,False
NPA-2016-0005.04,2017-08-31T00:00:00.000,,,,False
C14H-2016-0099,2016-12-08T00:00:00.000,,,,False
NPA-2011-0016.01,2012-02-02T00:00:00.000,,,,False
C14-2016-0105,2017-02-16T00:00:00.000,,,,False
C14-2018-0146,2019-06-06T00:00:00.000,,,,False
C14-2014-0048,2014-06-12T00:00:00.000,,,,False
C14-2016-0111,2017-12-07T00:00:00.000,,,,False
C14H-2010-0027,2010-12-16T00:00:00.000,,,,False
NPA-2012-0005.01,2012-09-27T00:00:00.000,,,,False
C14-2018-0069,2018-09-20T00:00:00.000,10.0,0.0,,True
C14H-2019-0077,2019-06-20T00:00:00.000,,,,False
C14-2014-0038,2014-06-12T00:00:00.000,,,,False
NPA-2017-0021.01,2020-02-20T00:00:00.000,,,,False
C14-2014-0038,2015-03-26T00:00:00.000,,,,False
NPA-2015-0027.01,2015-10-08T00:00:00.000,,,,False
C14-2013-0158,2014-08-07T00:00:00.000,7.0,0.0,,True
C14-2011-0087,2011-12-08T00:00:00.000,,,,False
C14-2016-0043,2017-01-26T00:00:00.000,10.0,0.0,,True
C14-2017-0081,2017-09-28T00:00:00.000,,,,False
C14-2010-0015,2010-10-14T00:00:00.000,,,,False
C14-2014-0025,2014-08-07T00:00:00.000,6.0,1.0,Tovo,True
C14-2014-0003,2014-05-22T00:00:00.000,,,,False
C14-2014-0128,2014-10-16T00:00:00.000,,,,False
NPA-2017-0016.03,2019-02-21T00:00:00.000,,,,False
C14-2014-0036,2014-10-16T00:00:00.000,,,,False
C14-2016-0079,2017-05-18T00:00:00.000,,,,False
C14-2011-0079,2011-12-08T00:00:00.000,,,,False
C14-2011-0140,2012-04-05T00:00:00.000,5.0,2.0,"Morrison, Tovo",True
NPA-2011-0009.01,2011-12-08T00:00:00.000,,,,False
C14-2016-0132,2017-03-02T00:00:00.000,,,,False
NPA-2011-0023.01,2012-04-05T00:00:00.000,,,,False
NPA-2015-0014.01,2016-03-24T00:00:00.000,11.0,0.0,,True
C14-2014-0186,2015-12-10T00:00:00.000,,,,False
C14-2018-0141,2019-02-21T00:00:00.000,,,,False
C14-2014-0193,2015-10-15T00:00:00.000,10.0,0.0,,True
C14H-2018-0014,2018-04-12T00:00:00.000,,,,False
C14-2010-0096,2010-09-30T00:00:00.000,7.0,0.0,,True
C14H-2010-0006,2010-09-30T00:00:00.000,,,,False
C14-2015-0160,2016-09-01T00:00:00.000,11.0,0.0,,True
C14-2019-0037,2019-06-20T00:00:00.000,,,,False
C14-2013-0097,2013-09-26T00:00:00.000,,,,False
NPA-2011-0025.02,2012-10-11T00:00:00.000,,,,False
NPA-2015-0005.01,2015-08-13T00:00:00.000,,,,False
C14-2012-0020,2012-03-22T00:00:00.000,,,,False
C14-2019-0041,2019-08-08T00:00:00.000,,,,False
C14-2013-0038,2013-05-09T00:00:00.000,,,,False
C14-2013-0048,2013-08-22T00:00:00.000,,,,False
C14-2016-0011,2016-12-08T00:00:00.000,10.0,0.0,,True
NPA-2011-0019.02,2011-11-10T00:00:00.000,,,,False
C14-2018-0004,2018-12-13T00:00:00.000,,,,False
C14-2015-0001,2015-10-08T00:00:00.000,11.0,0.0,,True
NPA-2012-0019.03,2012-09-27T00:00:00.000,,,,False
C14-2015-0146,2016-08-11T00:00:00.000,,,,False
NPA-2019-0012.02,2019-12-05T00:00:00.000,,,,False
C14-2018-0138,2018-12-13T00:00:00.000,,,,False
C14-2019-0001,2019-05-23T00:00:00.000,11.0,0.0,,True
NPA-2011-0016.02,2011-12-08T00:00:00.000,,,,False
NPA-2012-0013.02,2012-08-16T00:00:00.000,,,,False
NPA-2013-0011.02,2013-12-12T00:00:00.000,,,,False
C14-2018-0088,2019-03-28T00:00:00.000,,,,False
C814-2014-0120,2017-02-02T00:00:00.000,,,,False
C14-2017-0132,2018-02-01T00:00:00.000,,,,False
C14-2018-0127,2019-01-31T00:00:00.000,,,,False
C814-2008-0145,2011-03-03T00:00:00.000,,,,False
C14-2014-0077,2014-11-06T00:00:00.000,7.0,0.0,,True
C14-2013-0045,2013-11-21T00:00:00.000,7.0,0.0,,True
C14-2010-0017,2010-08-19T00:00:00.000,5.0,2.0,"(Riley, Morrison voted Nay)",True
C14-2015-0001,2015-10-15T00:00:00.000,11.0,0.0,,True
C14-05-0112,2011-12-08T00:00:00.000,,,,False
C14-2014-0102,2014-08-07T00:00:00.000,,,,False
C14-2014-0018,2014-09-25T00:00:00.000,7.0,0.0,,True
C14-2014-0037,2014-11-20T00:00:00.000,,,,False
C14-2016-0090,2017-06-15T00:00:00.000,,,,False
C14-2013-0107,2014-03-06T00:00:00.000,,,,False
C14-2016-0124,2017-05-18T00:00:00.000,11.0,0.0,,True
C14-2010-0192,2011-02-17T00:00:00.000,,,,False
NPA-2011-0015.02,2012-03-08T00:00:00.000,,,,False
C14-2012-0070,2013-01-17T00:00:00.000,,,,False
C14-2015-0083,2017-05-04T00:00:00.000,,,,False
C14-2014-0006,2014-03-20T00:00:00.000,,,,False
NPA-2019-0027.01,2019-06-06T00:00:00.000,,,,False
NPA-2015-0009.01,2015-11-12T00:00:00.000,,,,False
C14-2016-0079,2017-10-19T00:00:00.000,,,,False
C814-2007-0009,2014-05-22T00:00:00.000,,,,False
NPA-2010-0021.02,2011-03-24T00:00:00.000,,,,False
C14-2013-0145,2014-01-23T00:00:00.000,,,,False
C14-2017-0033,2017-08-03T00:00:00.000,9.0,2.0,"Flannigan, Troxclair",True
C14-2009-0151,2010-04-22T00:00:00.000,,,,False
C14-2016-0043,2016-11-10T00:00:00.000,10.0,0.0,,True
NPA-2012-0019.01,2013-01-31T00:00:00.000,,,,False
C814-06-0106.02,2014-06-26T00:00:00.000,,,,False
C14-2014-0101,2014-09-25T00:00:00.000,7.0,0.0,,True
C14-2016-0090,2017-03-23T00:00:00.000,,,,False
C14-2018-0035,2018-06-28T00:00:00.000,,,,False
C14H-2010-0032,2011-03-24T00:00:00.000,,,,False
C14-2017-0087,2017-09-28T00:00:00.000,,,,False
C14-2019-0068,2019-08-08T00:00:00.000,9.0,0.0,,True
C14-2014-0035,2014-05-01T00:00:00.000,,,,False
C14-2014-0153,2015-11-12T00:00:00.000,7.0,0.0,,True
NPA-2015-0008.01,2015-12-10T00:00:00.000,,,,False
C14-2010-0064,2010-12-16T00:00:00.000,,,,False
C14-2010-0203,2011-03-03T00:00:00.000,,,,False
C14-72-204,2019-08-08T00:00:00.000,,,,False
C14-2019-0153,2020-02-20T00:00:00.000,,,,False
C14-2019-0137,2020-04-09T00:00:00.000,,,,False
C14-2014-0011,2014-11-20T00:00:00.000,,,,False
C14-2017-0106,2018-09-20T00:00:00.000,,,,False
C14-2014-0163,2014-12-11T00:00:00.000,,,,False
C14-2012-0097,2012-12-13T00:00:00.000,,,,False
C14-2018-0123,2019-02-21T00:00:00.000,,,,False
C14-2014-0153,2014-11-20T00:00:00.000,7.0,0.0,,True
C14-2015-0120,2015-11-12T00:00:00.000,,,,False
C14-2019-0158,2020-01-23T00:00:00.000,,,,False
C14-2011-0103,2011-12-08T00:00:00.000,,,,False
C14-2012-0136,2013-02-14T00:00:00.000,,,,False
C14-2017-0106,2018-03-22T00:00:00.000,,,,False
C14-2015-0148,2016-02-11T00:00:00.000,,,,False
C14-2011-0132,2013-01-31T00:00:00.000,,,,False
C14-2019-0071,2019-08-08T00:00:00.000,,,,False
C14-2013-0158,2014-10-16T00:00:00.000,7.0,0.0,,True
C14-2013-0136,2014-04-17T00:00:00.000,,,,False
C14-2011-0093,2011-11-03T00:00:00.000,,,,False
C14-2011-0101,2011-11-10T00:00:00.000,,,,False
NPA-2018-0021.02,2019-10-03T00:00:00.000,,,,False
NPA-2016-0016.03,2016-11-10T00:00:00.000,,,,False
C14-2013-0110,2014-01-30T00:00:00.000,,,,False
C14-2011-0108,2011-11-03T00:00:00.000,,,,False
C14-2010-0087,2012-06-28T00:00:00.000,7.0,0.0,,True
C14-04-0181.SH,2012-06-28T00:00:00.000,,,,False
C14-2020-0005,2020-03-26T00:00:00.000,,,,False
C14-2013-0032,2013-08-22T00:00:00.000,,,,False
C14-2013-0098,2013-11-21T00:00:00.000,,,,False
C14-2012-0021,2012-06-28T00:00:00.000,,,,False
NPA-2013-0019.01,2014-01-23T00:00:00.000,,,,False
C14-2011-0127,2012-02-02T00:00:00.000,,,,False
C14-2013-0109,2013-11-21T00:00:00.000,,,,False
C14-2012-0006,2012-03-22T00:00:00.000,7.0,0.0,,True
C14-2017-0143,2018-02-01T00:00:00.000,,,,False
C14-2016-0049,2017-03-02T00:00:00.000,,,,False
NPA-2010-0012.01,2011-12-08T00:00:00.000,,,,False
C14-2011-0116,2012-03-01T00:00:00.000,,,,False
C14-2018-0108,2019-05-09T00:00:00.000,,,,False
C14-2010-0140,2011-03-24T00:00:00.000,,,,False
C14-2019-0124,2020-03-26T00:00:00.000,,,,False
C14-2017-0064,2017-09-28T00:00:00.000,,,,False
C14-2013-0134,2014-06-12T00:00:00.000,,,,False
C14-2011-0086,2012-01-12T00:00:00.000,,,,False
C14-2013-0114,2013-12-12T00:00:00.000,,,,False
C814-2017-0001,2018-03-22T00:00:00.000,,,,False
C14-2018-0109,2019-05-09T00:00:00.000,,,,False
C14-2012-0114,2013-01-31T00:00:00.000,,,,False
C14-2016-0024,2016-06-16T00:00:00.000,,,,False
NPA-2017-0016.06,2018-04-26T00:00:00.000,8.0,1.0,[L,True
C14-2012-0053,2012-10-11T00:00:00.000,,,,False
NPA-2017-0026.01,2017-10-19T00:00:00.000,,,,False
NPA-2011-0002.01,2013-08-29T00:00:00.000,,,,False
C14-2017-0086,2017-12-14T00:00:00.000,,,,False
C14-2011-0167,2012-04-05T00:00:00.000,,,,False
C14-2013-0034,2013-06-20T00:00:00.000,,,,False
C14-2017-0022,2018-08-30T00:00:00.000,,,,False
C14-2019-0097,2019-10-03T00:00:00.000,,,,False
NPA-2016-0005.01,2017-02-16T00:00:00.000,,,,False
C14-2015-0047,2016-02-11T00:00:00.000,,,,False
C14-2011-0132,2012-09-27T00:00:00.000,,,,False
C14-2012-0081,2013-04-25T00:00:00.000,,,,False
C14-2015-0141,2016-02-11T00:00:00.000,,,,False
NPA-2017-0013.01,2017-06-08T00:00:00.000,,,,False
C14-2018-0018,2018-05-10T00:00:00.000,,,,False
C14-2011-0009,2011-05-12T00:00:00.000,,,,False
C14-99-0132,2013-08-08T00:00:00.000,,,,False
C14-2018-0019,2018-05-10T00:00:00.000,,,,False
C14-2014-0178,2015-04-02T00:00:00.000,11.0,0.0,,True
NPA-2016-0013.01,2017-02-09T00:00:00.000,,,,False
NPA-2010-0005.03,2011-05-12T00:00:00.000,,,,False
NPA-2012-0013.02,2012-09-27T00:00:00.000,,,,False
C14-2016-0105,2017-03-02T00:00:00.000,,,,False
C14H-2010-0025,2011-01-13T00:00:00.000,,,,False
C14-2013-0146,2014-01-30T00:00:00.000,,,,False
C14-2019-0151,2020-03-26T00:00:00.000,,,,False
C14-2018-0021,2018-05-10T00:00:00.000,,,,False
C14-2014-0059,2014-06-26T00:00:00.000,,,,False
C14-2016-0086,2016-11-10T00:00:00.000,,,,False
C14-2018-0079,2018-11-15T00:00:00.000,,,,False
C14-2019-0020,2019-06-06T00:00:00.000,,,,False
C14-2015-0062,2019-06-06T00:00:00.000,,,,False
NPA-2017-0002.01,2018-02-01T00:00:00.000,,,,False
C14-2016-0094,2018-08-23T00:00:00.000,,,,False
C14-2014-0150,2015-05-14T00:00:00.000,11.0,0.0,,True
NPA-2016-0002.01,2017-06-08T00:00:00.000,,,,False
C14-2019-0135,2019-12-05T00:00:00.000,,,,False
C14-2018-0065,2019-02-21T00:00:00.000,,,,False
C14-2017-0027,2017-08-31T00:00:00.000,,,,False
NPA-2018-0023.01,2018-11-15T00:00:00.000,11.0,0.0,,True
C14-2012-0002,2012-05-24T00:00:00.000,,,,False
C14-2019-0094,2019-10-17T00:00:00.000,,,,False
C14-2010-0205,2011-03-24T00:00:00.000,,,,False
C14-2016-0071,2017-02-09T00:00:00.000,,,,False
C14-2015-0141,2016-03-24T00:00:00.000,,,,False
C14-2017-0098,2018-02-01T00:00:00.000,,,,False
C14-2014-0017,2014-08-28T00:00:00.000,7.0,0.0,,True
C14-2016-0082,2016-11-10T00:00:00.000,,,,False
C14-2014-0136,2015-05-14T00:00:00.000,11.0,0.0,,True
NPA-2016-0016.01,2017-01-26T00:00:00.000,,,,False
C14-2010-0035,2010-08-26T00:00:00.000,,,,False
C14-2015-0155,2016-02-11T00:00:00.000,,,,False
C14-2010-0034,2010-08-26T00:00:00.000,,,,False
C14-2008-0159,2012-12-13T00:00:00.000,,,,False
C14-2019-0031,2019-08-08T00:00:00.000,,,,False
C14-2016-0096,2017-10-12T00:00:00.000,,,,False
C14-2014-0148,2014-11-06T00:00:00.000,7.0,0.0,,True
C14-2019-0155,2020-03-12T00:00:00.000,8.0,1.0,Flannigan,True
C14-2016-0079,2018-05-10T00:00:00.000,,,,False
C14-2013-0084,2013-10-17T00:00:00.000,7.0,0.0,,True
C14H-2010-0025,2011-12-15T00:00:00.000,,,,False
C14-2010-0122,2010-08-26T00:00:00.000,,,,False
C14H-2019-0148,2019-12-05T00:00:00.000,,,,False
C14-2013-0053,2013-08-08T00:00:00.000,7.0,0.0,,True
C14-2016-0047,2016-08-11T00:00:00.000,,,,False
C14H-2017-0038,2017-08-03T00:00:00.000,7.0,2.0,"; Casar, Flannigan ; Renteria was off the dais; Troxclair was absent",True
C14-2012-0106,2012-12-06T00:00:00.000,,,,False
NPA-2014-0017.01,2014-09-25T00:00:00.000,,,,False
C14-2018-0118,2019-04-25T00:00:00.000,,,,False
NPA-2013-0011.02,2014-02-13T00:00:00.000,,,,False
C14-2015-0123,2015-11-12T00:00:00.000,,,,False
C14-2014-0112,2014-11-20T00:00:00.000,6.0,0.0,,True
NPA-2016-0021.01,2017-05-04T00:00:00.000,,,,False
NPA-2012-0019.03,2012-11-08T00:00:00.000,,,,False
C14-2011-0130.SH,2011-12-15T00:00:00.000,,,,False
NPA-2018-0005.01,2019-10-17T00:00:00.000,,,,False
C14-2013-0031,2013-08-08T00:00:00.000,,,,False
C14-2013-0044,2013-09-26T00:00:00.000,,,,False
C14-2017-0110,2017-10-12T00:00:00.000,,,,False
C14-2013-0006,2013-11-21T00:00:00.000,,,,False
C14-2012-0106,2012-11-08T00:00:00.000,,,,False
C814-2012-0163,2016-05-12T00:00:00.000,8.0,0.0,,True
C14H-2010-0009,2010-10-14T00:00:00.000,,,,False
C14-2017-0004,2017-06-08T00:00:00.000,,,,False
C14-2017-0084,2018-03-22T00:00:00.000,,,,False
C14-2010-0190,2010-12-16T00:00:00.000,,,,False
C14-2016-0018,2016-05-12T00:00:00.000,,,,False
C14-2012-0100,2013-03-28T00:00:00.000,,,,False
C14-2013-0095,2013-11-21T00:00:00.000,,,,False
C14-2018-0055,2018-06-14T00:00:00.000,,,,False
C14H-2010-0014,2010-10-14T00:00:00.000,,,,False
C14-2015-0104,2016-03-24T00:00:00.000,,,,False
C14H-2018-0032,2018-08-30T00:00:00.000,,,,False
NPA-2016-0025.01,2016-12-08T00:00:00.000,10.0,0.0,,True
C14-2009-0168,2010-03-25T00:00:00.000,6.0,0.0,,True
C14-2016-0077,2016-12-08T00:00:00.000,,,,False
C14-2016-0113,2017-01-26T00:00:00.000,,,,False
C14-2019-0096,2019-10-03T00:00:00.000,,,,False
NPA-2018-0026.01,2018-08-09T00:00:00.000,10.0,0.0,,True
C14-2014-0111,2015-02-26T00:00:00.000,,,,False
C14-2018-0080,2019-02-07T00:00:00.000,10.0,0.0,,True
C14-2017-0033,2017-08-31T00:00:00.000,9.0,2.0,"Flannigan, Troxclair",True
C14-2014-0034,2014-11-06T00:00:00.000,,,,False
C14-2018-0113,2018-12-13T00:00:00.000,,,,False
C14-2016-0050,2017-02-09T00:00:00.000,,,,False
C14-2012-0018,2012-09-27T00:00:00.000,,,,False
C14H-2017-0039,2017-08-03T00:00:00.000,8.0,1.0,; Flannigan ; Renteria was off the dais; Troxclair was absent,True
C14-2011-0121,2011-12-08T00:00:00.000,,,,False
C14-2012-0158,2013-03-21T00:00:00.000,,,,False
C14-2015-0062,2018-08-23T00:00:00.000,,,,False
C14-2018-0124,2019-10-03T00:00:00.000,9.0,2.0,"Council members Alter, Pool",True
C14-2017-0094,2018-03-22T00:00:00.000,,,,False
C14-2017-0022,2018-02-01T00:00:00.000,,,,False
C14-2016-0050,2016-11-10T00:00:00.000,,,,False
C14-2018-0081,2018-11-01T00:00:00.000,,,,False
NPA-2012-0018.02,2012-11-08T00:00:00.000,,,,False
C14-2011-0049,2011-10-20T00:00:00.000,7.0,0.0,,True
NPA-2019-0020.04,2020-01-23T00:00:00.000,11.0,0.0,,True
C14-2016-0046,2016-09-22T00:00:00.000,11.0,0.0,,True
C14-2013-0095,2013-10-17T00:00:00.000,,,,False
NPA-2012-0021.02,2012-11-08T00:00:00.000,,,,False
C14-2017-0123,2018-04-26T00:00:00.000,,,,False
C14-2019-0123,2020-02-06T00:00:00.000,,,,False
C14-2012-0129,2013-03-07T00:00:00.000,,,,False
NPA-2013-0025.01,2013-08-22T00:00:00.000,6.0,1.0,Morrison voted Nay,True
C14-2013-0147,2014-04-17T00:00:00.000,,,,False
C14-2010-0097,2010-08-26T00:00:00.000,,,,False
C14-2015-0104,2016-04-14T00:00:00.000,,,,False
C14H-2010-0004,2010-08-19T00:00:00.000,5.0,2.0,"(Cole, Spelman off-dais)",True
C14-2016-0090,2017-08-03T00:00:00.000,,,,False
C14-2013-0126,2014-01-23T00:00:00.000,,,,False
C14-2012-0123,2013-01-17T00:00:00.000,,,,False
NPA-2018-0016.04,2019-08-08T00:00:00.000,,,,False
C14-2016-0008,2016-04-14T00:00:00.000,10.0,0.0,,True
C14-2016-0131,2017-03-23T00:00:00.000,,,,False
C14-2017-0051,2018-04-12T00:00:00.000,,,,False
C14-2019-0003,2020-02-06T00:00:00.000,,,,False
C14-2011-0087,2012-01-12T00:00:00.000,,,,False
C14-2016-0135,2017-12-14T00:00:00.000,,,,False
C14-2019-0126,2019-11-14T00:00:00.000,,,,False
C14-2014-0157,2015-04-23T00:00:00.000,7.0,4.0,"Tovo, Houston, Kitchen, Pool",True
C14-2019-0139,2020-01-23T00:00:00.000,,,,False
NPA-2012-0018.02,2012-08-02T00:00:00.000,,,,False
C14-2019-0008,2019-06-06T00:00:00.000,,,,False
C14-2012-0145,2013-03-07T00:00:00.000,,,,False
C814-2014-0120,2017-03-23T00:00:00.000,,,,False
C14H-2015-0007,2015-10-08T00:00:00.000,,,,False
C14-2014-0041,2015-02-12T00:00:00.000,,,,False
C14-2012-0070,2013-01-31T00:00:00.000,,,,False
C14-2018-0150,2019-09-19T00:00:00.000,,,,False
C14-2014-0070,2014-08-07T00:00:00.000,,,,False
C14-2010-0103,2010-11-18T00:00:00.000,,,,False
C14-2012-0083,2013-03-28T00:00:00.000,,,,False
C14-2015-0160,2016-11-10T00:00:00.000,11.0,0.0,,True
C14-2014-0099,2014-11-06T00:00:00.000,,,,False
C14-2016-0039,2016-08-11T00:00:00.000,11.0,0.0,,True
C14-2012-0101,2013-01-17T00:00:00.000,,,,False
C14-2015-0104,2016-09-22T00:00:00.000,,,,False
C14-2016-0003,2016-06-16T00:00:00.000,,,,False
C14-2011-0161,2012-02-09T00:00:00.000,,,,False
C14-2010-0110,2010-11-18T00:00:00.000,,,,False
C14-2015-0060,2015-08-13T00:00:00.000,,,,False
C14-2013-0152,2014-02-27T00:00:00.000,,,,False
C14-2016-0008,2016-03-24T00:00:00.000,10.0,0.0,,True
C14-2016-0136,2018-05-24T00:00:00.000,,,,False
C14-2011-0060,2011-08-25T00:00:00.000,,,,False
NPA-2015-0023.01,2016-04-07T00:00:00.000,,,,False
C14-2014-0053,2015-04-16T00:00:00.000,,,,False
C14-2015-0013,2015-04-16T00:00:00.000,,,,False
C14-2014-0193,2015-12-17T00:00:00.000,10.0,0.0,,True
C14-2014-0193,2015-12-10T00:00:00.000,10.0,0.0,,True
C14-2014-0003,2014-05-01T00:00:00.000,,,,False
C14-2017-0104,2017-10-05T00:00:00.000,,,,False
C14-2017-0138,2018-11-01T00:00:00.000,,,,False
NPA-2014-0022.01,2014-09-25T00:00:00.000,,,,False
C14-86-103,2015-10-08T00:00:00.000,,,,False
C14-2018-0140,2019-06-06T00:00:00.000,,,,False
C14-2017-0130,2018-05-24T00:00:00.000,,,,False
C14-2014-0027,2014-12-11T00:00:00.000,,,,False
NPA-2011-0025.03,2013-03-21T00:00:00.000,,,,False
C14-2015-0086,2016-02-11T00:00:00.000,,,,False
NPA-2012-0028.01,2012-10-18T00:00:00.000,,,,False
C14-2018-0048,2018-08-30T00:00:00.000,,,,False
NPA-2018-0005.01,2019-10-03T00:00:00.000,,,,False
C14-2011-0061,2011-10-20T00:00:00.000,,,,False
C14H-2012-0001,2012-03-08T00:00:00.000,,,,False
C14-2013-0113,2014-06-12T00:00:00.000,7.0,0.0,,True
C14-2017-0152,2018-03-01T00:00:00.000,,,,False
C14H-2014-0001,2014-05-01T00:00:00.000,,,,False
C14-2014-0189,2015-01-29T00:00:00.000,,,,False
C14-2011-0050,2011-11-10T00:00:00.000,,,,False
C14-2010-0166,2011-02-10T00:00:00.000,,,,False
C14-2014-0077,2014-08-07T00:00:00.000,7.0,0.0,,True
C14-2018-0002,2018-08-23T00:00:00.000,,,,False
C14-2018-0075,2018-11-15T00:00:00.000,,,,False
C14-2014-0186,2015-11-12T00:00:00.000,,,,False
C14-2017-0138,2018-06-28T00:00:00.000,,,,False
C14-2013-0020,2013-05-23T00:00:00.000,7.0,0.0,,True
C14-2012-0064,2012-10-18T00:00:00.000,,,,False
NPA-2016-0021.01,2017-03-23T00:00:00.000,,,,False
NPA-2017-0016.02,2019-03-28T00:00:00.000,10.0,1.0,with Renteria,True
C14-2015-0064,2015-08-13T00:00:00.000,,,,False
C14-2011-0098,2011-12-08T00:00:00.000,,,,False
C14-2014-0038,2014-05-15T00:00:00.000,,,,False
C14-2010-0136,2010-12-16T00:00:00.000,,,,False
C14-2008-0155,2010-07-29T00:00:00.000,7.0,0.0,,True
C14-2019-0098,2020-02-06T00:00:00.000,,,,False
C14-2011-0069,2011-09-22T00:00:00.000,,,,False
C14-2010-0076,2010-07-29T00:00:00.000,,,,False
C14-2017-0067,2018-03-22T00:00:00.000,,,,False
C14-2015-0136,2015-12-10T00:00:00.000,,,,False
C14-2019-0053,2020-01-23T00:00:00.000,,,,False
C14-2012-0109,2013-05-23T00:00:00.000,,,,False
C14-2016-0049,2016-11-10T00:00:00.000,,,,False
C14-2017-0086,2017-11-09T00:00:00.000,,,,False
C14-2010-0106,2010-11-18T00:00:00.000,,,,False
C14-2008-0242,2009-10-22T00:00:00.000,,,,False
C14-2016-0079,2017-01-26T00:00:00.000,,,,False
C14-2013-0149,2014-02-27T00:00:00.000,,,,False
C814-88-0001.10,2014-02-27T00:00:00.000,,,,False
C14-2014-0153,2015-02-12T00:00:00.000,7.0,0.0,,True
C14-2018-0043,2018-11-01T00:00:00.000,,,,False
C14H-2016-0120,2017-03-02T00:00:00.000,,,,False
C14-2015-0157,2016-03-24T00:00:00.000,,,,False
C14-2011-0087,2012-04-05T00:00:00.000,,,,False
NPA-2018-0026.02,2018-08-30T00:00:00.000,,,,False
C14-98-0146,2017-12-07T00:00:00.000,,,,False
C14-2012-0038,2012-06-28T00:00:00.000,,,,False
C14-2013-0118,2014-05-01T00:00:00.000,,,,False
C14-2016-0021,2017-09-28T00:00:00.000,,,,False
C14-2018-0128,2019-09-19T00:00:00.000,,,,False
C14-2013-0032,2013-09-26T00:00:00.000,,,,False
C14H-2015-0147,2016-06-16T00:00:00.000,,,,False
NPA-2017-0016.02,2018-04-26T00:00:00.000,10.0,1.0,with Renteria,True
C14-2014-0133,2014-12-11T00:00:00.000,,,,False
C14-2010-0035,2010-09-23T00:00:00.000,,,,False
C14-2010-0105,2010-10-28T00:00:00.000,,,,False
C14-2016-0049,2017-02-16T00:00:00.000,,,,False
C14-95-0129.01,2011-08-25T00:00:00.000,,,,False
C14-2010-0034,2010-10-28T00:00:00.000,,,,False
C14-2014-0199,2015-04-16T00:00:00.000,9.0,0.0,,True
C14-2015-0106,2015-10-08T00:00:00.000,,,,False
C14-2013-0083,2013-10-17T00:00:00.000,,,,False
C14-2010-0118,2010-10-28T00:00:00.000,6.0,1.0,"; Morrison, nay",True
C14-2010-0163,2011-02-17T00:00:00.000,,,,False
NPA-2018-0026.01,2018-08-23T00:00:00.000,10.0,0.0,,True
C14-2019-0098,2020-03-26T00:00:00.000,,,,False
NPA-2012-0018.02,2012-11-01T00:00:00.000,,,,False
C14-2011-0055,2012-02-09T00:00:00.000,,,,False
NPA-2018-0016.03,2019-01-31T00:00:00.000,,,,False
C14-2014-0037,2015-01-29T00:00:00.000,,,,False
C14-04-0181.SH,2012-11-01T00:00:00.000,,,,False
C14-2015-0166,2016-03-24T00:00:00.000,,,,False
C14-2010-0066,2010-12-16T00:00:00.000,,,,False
C14-04-0181.SH,2012-09-27T00:00:00.000,,,,False
C14-2019-0098,2020-04-23T00:00:00.000,,,,False
C14-2012-0049,2012-08-16T00:00:00.000,,,,False
NPA-2015-0029.01,2015-11-12T00:00:00.000,,,,False
C14-2017-0152,2018-03-22T00:00:00.000,,,,False
C14-2017-0051,2018-06-28T00:00:00.000,,,,False
C814-2009-0094,2010-08-26T00:00:00.000,7.0,0.0,,True
C14-2013-0041,2013-10-17T00:00:00.000,7.0,0.0,,True
C14-2012-0165,2013-03-07T00:00:00.000,,,,False
C14-2017-0092,2017-11-09T00:00:00.000,,,,False
C14-2013-0065,2013-08-22T00:00:00.000,,,,False
C14-2016-0116,2017-02-16T00:00:00.000,11.0,0.0,,True
C14-2011-0076,2011-09-22T00:00:00.000,,,,False
C14-2019-0168,2020-02-20T00:00:00.000,,,,False
C14-2011-0088,2012-04-05T00:00:00.000,,,,False
C14-2013-0085,2013-10-17T00:00:00.000,7.0,0.0,,True
C14-2016-0097,2017-03-23T00:00:00.000,,,,False
C14H-2016-0112,2016-12-08T00:00:00.000,,,,False
C14H-2019-0063,2019-06-20T00:00:00.000,,,,False
C14-2014-0047,2014-08-07T00:00:00.000,,,,False
C14-2019-0038,2019-05-23T00:00:00.000,,,,False
C14-2014-0095,2014-10-16T00:00:00.000,7.0,0.0,,True
C14-2014-0099,2014-09-25T00:00:00.000,,,,False
C14-2018-0102,2018-11-29T00:00:00.000,,,,False
C14-2011-0055,2011-12-15T00:00:00.000,,,,False
C14H-2015-0164,2016-06-16T00:00:00.000,,,,False
C14-2010-0134,2011-02-17T00:00:00.000,,,,False
C14-2016-0132,2017-03-23T00:00:00.000,,,,False
C14-2012-0015,2012-08-02T00:00:00.000,7.0,0.0,,True
C14-2011-0115,2012-02-09T00:00:00.000,7.0,0.0,,True
NPA-2012-0019.01,2012-12-06T00:00:00.000,,,,False
C814-88-0001.10,2014-03-06T00:00:00.000,,,,False
C14-2014-0150,2015-04-16T00:00:00.000,11.0,0.0,,True
C14-2016-0065,2016-11-10T00:00:00.000,,,,False
C14-2016-0123,2017-03-02T00:00:00.000,11.0,0.0,,True
C14-2011-0112,2011-11-10T00:00:00.000,,,,False
C14-2017-0012,2017-04-13T00:00:00.000,,,,False
NPA-2015-0028.01,2015-11-12T00:00:00.000,,,,False
C14-2018-0106,2019-01-31T00:00:00.000,,,,False
C14H-2019-0112,2019-11-14T00:00:00.000,,,,False
NPA-2016-0005.03,2017-01-26T00:00:00.000,10.0,1.0,( Tovo ),True
C14-2011-0056,2011-07-28T00:00:00.000,,,,False
C14-2016-0020,2017-03-02T00:00:00.000,,,,False
C14-2019-0053,2019-06-20T00:00:00.000,,,,False
C14-2010-0025,2011-04-28T00:00:00.000,,,,False
C14-2015-0127,2015-12-17T00:00:00.000,,,,False
C14-2019-0029,2019-06-20T00:00:00.000,,,,False
C14-2009-0168,2010-07-29T00:00:00.000,6.0,0.0,,True
C14-2011-0087,2012-03-22T00:00:00.000,,,,False
C14-2019-0109,2019-12-05T00:00:00.000,,,,False
NPA-2018-0021.01,2019-06-06T00:00:00.000,,,,False
C14-2015-0167,2016-05-12T00:00:00.000,,,,False
C814-96-0003.10,2011-08-25T00:00:00.000,,,,False
C14-2010-0161,2011-01-13T00:00:00.000,,,,False
C14-2010-0102,2010-10-28T00:00:00.000,,,,False
C14-2015-0111,2015-11-12T00:00:00.000,,,,False
C14-2020-0010,2020-04-09T00:00:00.000,,,,False
C14-2009-0071,2009-11-05T00:00:00.000,,,,False
C14-2013-0028,2013-05-23T00:00:00.000,,,,False
C14-2013-0030,2013-05-09T00:00:00.000,,,,False
C14H-2010-0020,2010-12-16T00:00:00.000,,,,False
C14-2013-0067,2013-08-22T00:00:00.000,,,,False
NPA-2012-0019.01,2012-06-28T00:00:00.000,,,,False
C14-2020-0001,2020-04-09T00:00:00.000,7.0,2.0,"Alter, Pool ; Adler, Harper-Madison were off the dais",True
C14-2013-0086,2013-11-21T00:00:00.000,7.0,0.0,,True
C14-2017-0053,2017-08-03T00:00:00.000,,,,False
C14-2015-0119,2016-05-12T00:00:00.000,,,,False
C14-2016-0045,2016-08-11T00:00:00.000,11.0,0.0,,True
C14-2012-0102,2012-11-01T00:00:00.000,,,,False
C14-2016-0016,2016-06-16T00:00:00.000,10.0,0.0,,True
C14-2017-0067,2017-12-14T00:00:00.000,,,,False
NPA-2015-0002.02,2016-03-24T00:00:00.000,,,,False
C14-2017-0084,2018-02-01T00:00:00.000,,,,False
C14H-2018-0103,2019-03-07T00:00:00.000,,,,False
NPA-2018-0021.01,2019-06-20T00:00:00.000,,,,False
C14-2018-0056,2018-11-15T00:00:00.000,,,,False
C14-2014-0076,2014-08-07T00:00:00.000,,,,False
C14-2014-0045,2014-08-28T00:00:00.000,,,,False
C14-2011-0082,2011-11-03T00:00:00.000,,,,False
C14-2013-0133,2014-01-23T00:00:00.000,6.0,0.0,,True
C14-98-0146,2017-12-14T00:00:00.000,,,,False
C14-2016-0052,2016-12-08T00:00:00.000,11.0,0.0,,True
C14-2019-0016,2019-06-06T00:00:00.000,,,,False
C14-2012-0058,2012-08-02T00:00:00.000,,,,False
NPA-2018-0012.01,2018-12-13T00:00:00.000,,,,False
NPA-2015-0002.02,2016-05-12T00:00:00.000,,,,False
C14-2013-0048,2013-12-12T00:00:00.000,,,,False
C14-2015-0109,2016-05-12T00:00:00.000,,,,False
C14-2014-0047,2014-06-12T00:00:00.000,,,,False
C14-2011-0049,2011-07-28T00:00:00.000,7.0,0.0,,True
C14-2016-0021,2017-03-02T00:00:00.000,,,,False
C14-2016-0022,2016-06-16T00:00:00.000,,,,False
C14-2016-0077,2017-02-16T00:00:00.000,,,,False
C14-2014-0073,2014-06-26T00:00:00.000,,,,False
C14-2013-0027,2013-11-21T00:00:00.000,7.0,0.0,,True
C14-2018-0040,2018-06-14T00:00:00.000,,,,False
NPA-2010-0007.01,2011-01-13T00:00:00.000,,,,False
C14-2012-0063,2012-12-06T00:00:00.000,5.0,1.0,Riley ; Martinez was off the dais,True
C14-2011-0154,2012-01-26T00:00:00.000,7.0,0.0,,True
C14-2012-0145,2013-04-11T00:00:00.000,,,,False
C14-2014-0194,2015-06-11T00:00:00.000,11.0,0.0,,True
C14-2018-0134,2019-03-07T00:00:00.000,,,,False
C14-2010-0044,2010-07-29T00:00:00.000,6.0,0.0,,True
C14-2012-0013,2012-04-26T00:00:00.000,,,,False
C14-2012-0016,2012-04-26T00:00:00.000,,,,False
NPA-2019-0010.01,2019-09-19T00:00:00.000,,,,False
C14-2019-0026,2019-06-20T00:00:00.000,,,,False
C14-2015-0161,2016-05-12T00:00:00.000,,,,False
C14-2012-0106,2012-11-01T00:00:00.000,,,,False
C14-2016-0070,2017-01-26T00:00:00.000,,,,False
C14-2011-0016,2011-09-22T00:00:00.000,,,,False
C814-2014-0120,2016-12-15T00:00:00.000,,,,False
C14-2017-0116,2017-12-07T00:00:00.000,,,,False
NPA-2012-0018.09,2012-09-27T00:00:00.000,,,,False
C14-2015-0006,2015-05-28T00:00:00.000,,,,False
C814-2018-0154,2020-02-20T00:00:00.000,,,,False
C14-2013-0099,2013-10-17T00:00:00.000,,,,False
C14H-2020-0011,2020-03-26T00:00:00.000,,,,False
C14-2010-0069,2010-07-29T00:00:00.000,,,,False
C14-2014-0101,2014-11-20T00:00:00.000,7.0,0.0,,True
NPA-2013-0010.01,2013-10-17T00:00:00.000,,,,False
C14-2014-0178,2015-02-12T00:00:00.000,11.0,0.0,,True
C14-2014-0036,2015-05-14T00:00:00.000,,,,False
C14-2010-0155,2010-11-18T00:00:00.000,,,,False
NPA-2012-0023.01,2013-06-06T00:00:00.000,,,,False
C14-2017-0034,2017-06-08T00:00:00.000,,,,False
C14-2017-0060,2017-08-03T00:00:00.000,,,,False
C14-2018-0141,2019-04-25T00:00:00.000,,,,False
C14-2016-0071,2017-04-20T00:00:00.000,,,,False
C14-2014-0050,2014-09-25T00:00:00.000,,,,False
NPA-2018-0028.01,2018-11-01T00:00:00.000,,,,False
C14-2017-0100,2019-01-31T00:00:00.000,,,,False
C14-2012-0149,2013-02-14T00:00:00.000,,,,False
C14-2018-0036,2018-06-14T00:00:00.000,,,,False
C14-2017-0094,2019-03-07T00:00:00.000,,,,False
C14-2017-0003,2017-06-08T00:00:00.000,,,,False
C814-2009-0139.02,2011-11-10T00:00:00.000,,,,False
C14-2017-0067,2017-09-28T00:00:00.000,,,,False
C14-2012-0082,2013-04-25T00:00:00.000,,,,False
C14-2012-0097,2013-02-14T00:00:00.000,,,,False
C14-2014-0052,2014-08-28T00:00:00.000,,,,False
NPA-2012-0025.01,2012-06-07T00:00:00.000,,,,False
C14-2014-0034,2014-09-25T00:00:00.000,,,,False
C14H-2017-0006,2017-06-08T00:00:00.000,,,,False
C14-2013-0158,2014-10-02T00:00:00.000,7.0,0.0,,True
C14-2019-0131,2019-12-05T00:00:00.000,,,,False
NPA-2016-0013.01,2017-01-26T00:00:00.000,,,,False
C14-2011-0083,2011-12-08T00:00:00.000,,,,False
C14-2016-0090,2017-11-02T00:00:00.000,,,,False
C14H-2010-0024,2010-12-09T00:00:00.000,,,,False
C14-2012-0145,2013-03-28T00:00:00.000,,,,False
C14-2013-0109,2013-12-12T00:00:00.000,,,,False
NPA-2018-0024.01,2019-01-31T00:00:00.000,,,,False
C14-2010-0126,2010-11-18T00:00:00.000,,,,False
C14-2015-0121,2015-12-10T00:00:00.000,,,,False
C14-2014-0198,2016-02-11T00:00:00.000,,,,False
C814-2008-0087,2009-10-22T00:00:00.000,5.0,2.0,"( Leffingwell, Morrison voted Nay)",True
C14-2011-0016,2012-03-22T00:00:00.000,,,,False
C14-2016-0101,2016-11-10T00:00:00.000,,,,False
C14H-2016-0005,2016-06-16T00:00:00.000,,,,False
C814-2015-0074,2016-12-06T00:00:00.000,8.0,2.0,"Houston, Tovo ; Troxclair was off the dais",True
C14H-2010-0022,2011-03-10T00:00:00.000,,,,False
C14-2012-0062,2012-08-16T00:00:00.000,,,,False
C14H-2010-0040,2011-03-10T00:00:00.000,,,,False
C14-2015-0047,2016-03-03T00:00:00.000,,,,False
NPA-2012-0025.01,2012-05-24T00:00:00.000,,,,False
C14-2015-0142,2016-02-11T00:00:00.000,11.0,0.0,,True
C14-2014-0146,2014-11-06T00:00:00.000,,,,False
NPA-2019-0027.02,2019-10-17T00:00:00.000,,,,False
C14-91-0038,2016-04-07T00:00:00.000,,,,False
C14-2010-0057,2010-07-29T00:00:00.000,7.0,0.0,,True
C14-2015-0007,2015-05-14T00:00:00.000,,,,False
C14H-2010-0032,2011-02-10T00:00:00.000,,,,False
C14-2016-0079,2017-03-02T00:00:00.000,,,,False
C14-2012-0086,2012-10-18T00:00:00.000,,,,False
C14-2011-0131,2012-12-06T00:00:00.000,,,,False
C14-2018-0037,2018-12-13T00:00:00.000,11.0,0.0,,True
C14-2017-0138,2018-12-13T00:00:00.000,,,,False
C14-2016-0027,2016-05-19T00:00:00.000,,,,False
NPA-2015-0005.04,2016-04-14T00:00:00.000,9.0,1.0,Tovo ; Troxclair was off the dais,True
C14-2012-0002,2012-06-07T00:00:00.000,,,,False
C14-2017-0051,2017-11-09T00:00:00.000,,,,False
C14-2017-0105,2018-06-14T00:00:00.000,,,,False
C14-2020-0008,2020-04-09T00:00:00.000,11.0,0.0,,True
C14-2014-0034,2014-10-23T00:00:00.000,,,,False
C14-2019-0137,2020-01-23T00:00:00.000,,,,False
C14-2016-0021,2016-11-10T00:00:00.000,,,,False
C14-2013-0021,2013-12-12T00:00:00.000,,,,False
C14-2016-0085,2017-09-28T00:00:00.000,,,,False
C14-2012-0031,2012-06-28T00:00:00.000,,,,False
C14-2010-0085,2010-09-30T00:00:00.000,,,,False
C14-2017-0021,2017-06-15T00:00:00.000,,,,False
C14-2013-0074,2013-08-29T00:00:00.000,,,,False
C14-2010-0143,2010-11-18T00:00:00.000,,,,False
C14-2015-0153,2016-02-11T00:00:00.000,,,,False
C14H-2014-0014,2015-10-08T00:00:00.000,,,,False
C14-2018-0155,2019-08-08T00:00:00.000,,,,False
C14-86-103,2015-08-13T00:00:00.000,,,,False
C14H-2013-0006,2013-12-12T00:00:00.000,,,,False
C14-2018-0052,2018-10-04T00:00:00.000,,,,False
C14-2015-0023,2015-10-08T00:00:00.000,,,,False
C14H-2010-0015,2010-11-18T00:00:00.000,,,,False
NPA-2012-0018.01,2012-10-11T00:00:00.000,,,,False
C14-2011-0098,2011-11-10T00:00:00.000,,,,False
C14-2013-0138,2014-01-23T00:00:00.000,6.0,0.0,,True
C14-2012-0080,2013-04-25T00:00:00.000,,,,False
NPA-2017-0009.01,2017-08-10T00:00:00.000,,,,False
C814-2012-0085,2014-03-20T00:00:00.000,,,,False
C14-2015-0105,2015-10-08T00:00:00.000,,,,False
C14-2019-0066,2019-08-08T00:00:00.000,,,,False
C14-2017-0110,2017-11-02T00:00:00.000,,,,False
NPA-2018-0005.01,2019-08-08T00:00:00.000,,,,False
C14-2011-0088,2012-03-08T00:00:00.000,,,,False
C14-2011-0131,2012-08-02T00:00:00.000,,,,False
C14-2018-0065,2018-12-13T00:00:00.000,,,,False
C14-2017-0086,2018-02-01T00:00:00.000,,,,False
C14-2013-0104,2013-11-21T00:00:00.000,,,,False
NPA-2016-0022.01,2017-03-23T00:00:00.000,,,,False
C14-2016-0055,2016-08-11T00:00:00.000,,,,False
C14-2011-0149.SH,2012-03-08T00:00:00.000,,,,False
NPA-2013-0015.01,2013-10-17T00:00:00.000,,,,False
NPA-2017-0016.02,2018-09-20T00:00:00.000,10.0,1.0,with Renteria,True
C14-2015-0043,2015-10-08T00:00:00.000,,,,False
NPA-2017-0021.01,2018-03-01T00:00:00.000,,,,False
C14-2019-0090,2019-09-19T00:00:00.000,,,,False
C14-2018-0064,2019-02-21T00:00:00.000,,,,False
C14-2018-0126,2019-05-09T00:00:00.000,,,,False
C14-2018-0080,2019-06-06T00:00:00.000,10.0,0.0,,True
C14-2012-0109,2013-08-08T00:00:00.000,,,,False
C14-2019-0007,2019-10-17T00:00:00.000,,,,False
C14-2015-0146,2016-06-16T00:00:00.000,,,,False
C14-2015-0133,2016-02-11T00:00:00.000,7.0,0.0,,True
C14-2009-0110,2010-11-18T00:00:00.000,,,,False
NPA-2014-0016.02,2014-11-06T00:00:00.000,,,,False
C14-2011-0086,2012-02-02T00:00:00.000,,,,False
C14-2017-0067,2017-11-09T00:00:00.000,,,,False
C14-2013-0158,2014-12-11T00:00:00.000,7.0,0.0,,True
C14-2018-0062,2019-01-31T00:00:00.000,,,,False
C14-2012-0070,2012-12-06T00:00:00.000,,,,False
C14-2018-0006,2018-04-12T00:00:00.000,,,,False
C14-2015-0160,2016-06-16T00:00:00.000,11.0,0.0,,True
C14-2018-0089,2019-09-19T00:00:00.000,,,,False
NPA-2013-0022.01,2013-09-26T00:00:00.000,,,,False
C14-2016-0085,2017-08-03T00:00:00.000,,,,False
C14-2016-0077,2016-11-10T00:00:00.000,,,,False
C14-2017-0148,2020-02-06T00:00:00.000,,,,False
C14-2017-0100,2018-09-20T00:00:00.000,,,,False
C14-2017-0094,2018-06-14T00:00:00.000,,,,False
C14-2011-0141,2013-05-09T00:00:00.000,5.0,2.0,"Lee Leffingwell, Tovo",True
C14-2013-0043,2013-09-26T00:00:00.000,7.0,0.0,,True
C14-2014-0037,2014-09-25T00:00:00.000,,,,False
C14-2011-0132,2012-03-08T00:00:00.000,,,,False
C14H-2017-0065,2017-11-09T00:00:00.000,,,,False
C14-2017-0036,2017-08-31T00:00:00.000,11.0,0.0,,True
NPA-2011-0012.01,2012-06-28T00:00:00.000,,,,False
C814-88-0001.10,2014-02-13T00:00:00.000,,,,False
C14-2011-0091,2013-09-26T00:00:00.000,,,,False
C14-2014-0130,2014-11-06T00:00:00.000,,,,False
C14-2017-0138,2019-05-09T00:00:00.000,,,,False
C14-2014-0114,2014-11-20T00:00:00.000,,,,False
NPA-2012-0005.04,2013-01-17T00:00:00.000,,,,False
C14-2017-0096,2018-02-01T00:00:00.000,,,,False
C14-2017-0079,2017-09-28T00:00:00.000,,,,False
C14-2016-0119,2017-03-02T00:00:00.000,11.0,0.0,,True
NPA-2016-0010.02,2016-12-15T00:00:00.000,10.0,0.0,,True
C14-2019-0103,2020-01-23T00:00:00.000,,,,False
C14-2016-0043,2016-12-08T00:00:00.000,10.0,0.0,,True
C14-2015-0119,2016-03-24T00:00:00.000,,,,False
C14-2011-0117,2011-12-08T00:00:00.000,,,,False
C14-2009-0162,2010-04-08T00:00:00.000,,,,False
C14-2010-0107,2010-11-18T00:00:00.000,,,,False
NPA-2016-0013.01,2016-12-01T00:00:00.000,,,,False
C14-2017-0061,2017-08-10T00:00:00.000,,,,False
C14-2011-0074,2011-09-22T00:00:00.000,,,,False
C814-88-0001.10,2014-01-30T00:00:00.000,,,,False
C14-2017-0132,2018-04-26T00:00:00.000,,,,False
C14-2015-0043,2015-11-12T00:00:00.000,,,,False
C14-2014-0175,2015-02-26T00:00:00.000,,,,False
C14-04-0181.SH,2012-12-13T00:00:00.000,,,,False
C14-2018-0077,2019-02-07T00:00:00.000,,,,False
NPA-2019-0003.01,2020-03-26T00:00:00.000,,,,False
C14-2017-0025,2017-05-18T00:00:00.000,,,,False
C14-2016-0020,2016-12-15T00:00:00.000,,,,False
C14-2014-0027,2014-06-12T00:00:00.000,,,,False
NPA-2014-0027.02,2014-11-20T00:00:00.000,7.0,0.0,,True
C14-2012-0138,2013-02-14T00:00:00.000,,,,False
C14-2017-0098,2017-12-14T00:00:00.000,,,,False
C14-2015-0061,2015-11-12T00:00:00.000,,,,False
C14-2013-0021,2014-02-13T00:00:00.000,,,,False
C14-2017-0056,2017-06-15T00:00:00.000,,,,False
C14-2018-0027,2019-10-17T00:00:00.000,9.0,2.0,"Garza, Casar",True
C14-2017-0040,2017-06-08T00:00:00.000,9.0,0.0,,True
C14-2012-0046,2012-10-18T00:00:00.000,,,,False
C14-2013-0083,2014-05-15T00:00:00.000,,,,False
C14-2013-0032,2013-10-03T00:00:00.000,,,,False
C14-2018-0044,2018-06-28T00:00:00.000,,,,False
NPA-2011-0016.01,2012-01-12T00:00:00.000,,,,False
C14-2011-0006,2011-07-28T00:00:00.000,5.0,2.0,,True
C14-2015-0119,2017-01-26T00:00:00.000,,,,False
C14-2012-0070,2013-02-14T00:00:00.000,,,,False
C14-2011-0141,2013-05-23T00:00:00.000,5.0,2.0,"Lee Leffingwell, Tovo",True
C14-2012-0032,2012-10-11T00:00:00.000,,,,False
C14-2019-0028,2019-06-20T00:00:00.000,,,,False
C14-2012-0016,2012-06-28T00:00:00.000,,,,False
C14-2017-0146,2018-03-01T00:00:00.000,,,,False
C14-2011-0134,2012-04-26T00:00:00.000,,,,False
C14-2016-0079,2017-09-28T00:00:00.000,,,,False
C14-2016-0023.SH,2016-08-04T00:00:00.000,,,,False
C14H-2018-0013,2018-06-28T00:00:00.000,,,,False
C14-2011-0051,2011-07-28T00:00:00.000,,,,False
C14-2013-0110,2014-05-15T00:00:00.000,,,,False
NPA-2018-0016.02,2018-10-18T00:00:00.000,,,,False
C814-06-0106.02,2014-08-07T00:00:00.000,,,,False
C14H-2016-0122,2017-03-02T00:00:00.000,,,,False
C14-2014-0028,2014-08-28T00:00:00.000,,,,False
NPA-2016-0016.01,2017-03-02T00:00:00.000,,,,False
C14-2011-0133,2013-01-31T00:00:00.000,,,,False
C14-2011-0016,2012-08-02T00:00:00.000,,,,False
C14-2015-0104,2016-06-16T00:00:00.000,,,,False
C14-2011-0163,2012-03-22T00:00:00.000,,,,False
C14-2014-0131,2014-11-06T00:00:00.000,,,,False
C14-2013-0061,2013-09-26T00:00:00.000,,,,False
C14-2018-0108,2019-04-25T00:00:00.000,,,,False
C14-2010-0206,2011-07-28T00:00:00.000,,,,False
C14-2014-0114,2014-10-16T00:00:00.000,,,,False
NPA-2012-0025.02,2012-06-28T00:00:00.000,,,,False
C14-2017-0149,2018-03-22T00:00:00.000,,,,False
C14-2014-0082,2014-08-07T00:00:00.000,7.0,0.0,,True
C14-2015-0021,2015-04-16T00:00:00.000,,,,False
C14-2010-0132,2010-09-23T00:00:00.000,,,,False
C14-2019-0105,2019-12-05T00:00:00.000,,,,False
C14-2018-0115,2019-02-21T00:00:00.000,11.0,0.0,,True
C14H-2017-0055,2019-06-20T00:00:00.000,,,,False
C14-2016-0043,2016-12-15T00:00:00.000,10.0,0.0,,True
C814-2014-0110.SH,2014-11-20T00:00:00.000,7.0,0.0,,True
C14-2015-0132,2015-12-10T00:00:00.000,,,,False
C14-2014-0027,2014-10-23T00:00:00.000,,,,False
C14-2013-0003,2013-04-11T00:00:00.000,,,,False
C14-2010-0192,2011-03-24T00:00:00.000,,,,False
C14-2012-0083,2013-01-17T00:00:00.000,,,,False
C14-2014-0096,2015-02-12T00:00:00.000,,,,False
C14-2012-0140,2013-08-08T00:00:00.000,,,,False
C14-2013-0037,2013-06-06T00:00:00.000,,,,False
C14-2013-0043,2013-06-06T00:00:00.000,7.0,0.0,,True
NPA-2011-0015.01,2011-11-03T00:00:00.000,,,,False
C14-2010-0125,2010-09-23T00:00:00.000,,,,False
C14-2015-0056,2015-08-13T00:00:00.000,,,,False
C14-2012-0019,2012-04-26T00:00:00.000,,,,False
C14-2012-0098,2012-10-18T00:00:00.000,,,,False
NPA-2017-0021.01,2020-01-23T00:00:00.000,,,,False
C14-2011-0116,2012-02-09T00:00:00.000,,,,False
C14-2018-0112,2019-03-07T00:00:00.000,,,,False
C14-2013-0041,2013-09-26T00:00:00.000,7.0,0.0,,True
C14-2010-0174,2011-02-17T00:00:00.000,,,,False
C14-2015-0121,2015-11-12T00:00:00.000,,,,False
C14-2014-0027,2014-11-20T00:00:00.000,,,,False
NPA-2017-0021.01,2018-06-28T00:00:00.000,,,,False
C14-2015-0025,2015-10-15T00:00:00.000,9.0,0.0,,True
C14-2010-0073,2010-07-29T00:00:00.000,,,,False
C14-2018-0023,2018-06-14T00:00:00.000,,,,False
C14-2013-0006,2013-09-26T00:00:00.000,,,,False
C14-2016-0137,2017-04-13T00:00:00.000,,,,False
NPA-2016-0005.02,2017-08-31T00:00:00.000,,,,False
NPA-2018-0028.01,2018-10-18T00:00:00.000,,,,False
C14-2016-0020,2016-09-22T00:00:00.000,,,,False
C14-2010-0207,2011-07-28T00:00:00.000,,,,False
C14-2014-0124,2014-11-20T00:00:00.000,,,,False
C14-2014-0019,2014-05-01T00:00:00.000,6.0,1.0,Morrison,True
C14-2014-0135,2015-04-02T00:00:00.000,,,,False
C14-2012-0059,2012-08-16T00:00:00.000,,,,False
C14-2011-0116,2012-04-26T00:00:00.000,,,,False
C14-2012-0027,2012-05-24T00:00:00.000,,,,False
C14-2017-0044,2017-06-15T00:00:00.000,,,,False
NPA-2016-0016.01,2018-05-10T00:00:00.000,,,,False
C14-2018-0017,2018-04-26T00:00:00.000,,,,False
C14-2015-0004,2015-02-26T00:00:00.000,,,,False
C14-2011-0006,2011-08-25T00:00:00.000,5.0,2.0,,True
C14-2014-0136,2015-08-20T00:00:00.000,11.0,0.0,,True
C14-2019-0134,2020-01-23T00:00:00.000,,,,False
C14-2013-0083,2014-02-13T00:00:00.000,,,,False
NPA-2010-0014.02,2010-12-09T00:00:00.000,,,,False
C14-2010-0160,2011-01-13T00:00:00.000,,,,False
C14H-2010-0006,2015-10-08T00:00:00.000,,,,False
C14-2010-0084,2010-09-23T00:00:00.000,,,,False
C14-2011-0122,2011-12-08T00:00:00.000,,,,False
C14-2017-0009,2017-06-08T00:00:00.000,,,,False
C14-2017-0075,2017-08-31T00:00:00.000,,,,False
C14-2012-0067,2012-10-11T00:00:00.000,,,,False
C14-2010-0138,2011-05-12T00:00:00.000,,,,False
C14-2017-0085,2017-09-28T00:00:00.000,10.0,1.0,,True
C14-2014-0096,2014-12-11T00:00:00.000,,,,False
NPA-2018-0005.01,2019-06-20T00:00:00.000,,,,False
C14H-2015-0082,2016-02-11T00:00:00.000,,,,False
NPA-2018-0023.01,2018-12-13T00:00:00.000,11.0,0.0,,True
C14H-2010-0016,2010-09-30T00:00:00.000,,,,False
C14-2014-0062,2014-06-26T00:00:00.000,,,,False
C14-2011-0015,2011-08-25T00:00:00.000,,,,False
C14-2019-0024,2019-06-20T00:00:00.000,,,,False
C14-2011-0084,2011-11-10T00:00:00.000,,,,False
C14-2012-0097,2013-02-28T00:00:00.000,,,,False
C14H-2017-0055,2018-03-22T00:00:00.000,,,,False
C14-2016-0134,2017-06-08T00:00:00.000,10.0,0.0,,True
C14-2018-0141,2019-03-07T00:00:00.000,,,,False
C14-2010-0081,2010-07-29T00:00:00.000,,,,False
C14-2019-0155,2020-04-23T00:00:00.000,8.0,1.0,Flannigan,True
C14-2017-0026,2017-08-03T00:00:00.000,,,,False
C14-2012-0079,2013-04-25T00:00:00.000,,,,False
C14-2016-0034,2016-06-16T00:00:00.000,,,,False
NPA-2012-0018.01,2012-06-28T00:00:00.000,,,,False
C14-2014-0058,2014-08-28T00:00:00.000,,,,False
NPA-2011-0016.01,2011-12-08T00:00:00.000,,,,False
C14-2018-0110,2018-12-13T00:00:00.000,,,,False
NPA-2012-0021.01,2013-02-28T00:00:00.000,,,,False
NPA-2015-0015.02,2015-12-10T00:00:00.000,,,,False
C14-2015-0071,2015-08-13T00:00:00.000,,,,False
C14-2010-0116,2010-12-09T00:00:00.000,,,,False
C14-2009-0156,2010-05-13T00:00:00.000,,,,False
C814-2012-0085,2013-05-09T00:00:00.000,,,,False
C14-2011-0116,2012-04-05T00:00:00.000,,,,False
C14-2017-0148,2018-06-28T00:00:00.000,,,,False
C14-2012-0028,2013-03-21T00:00:00.000,,,,False
C14-2016-0126,2017-03-02T00:00:00.000,,,,False
NPA-2010-0005.03,2011-12-08T00:00:00.000,,,,False
C14-2011-0124,2012-02-09T00:00:00.000,,,,False
C14-2017-0019,2017-08-03T00:00:00.000,,,,False
C14-2011-0133,2013-01-17T00:00:00.000,,,,False
C814-88-0001.10,2013-12-12T00:00:00.000,,,,False
NPA-2017-0021.01,2018-08-09T00:00:00.000,,,,False
C14-2014-0017,2014-11-06T00:00:00.000,7.0,0.0,,True
C14-2018-0092,2018-10-18T00:00:00.000,,,,False
NPA-2017-0009.01,2017-08-31T00:00:00.000,,,,False
C14-2018-0068,2018-09-20T00:00:00.000,,,,False
C14-2013-0055,2013-10-17T00:00:00.000,,,,False
C14-2018-0060,2018-08-09T00:00:00.000,,,,False
C14-2013-0048,2013-11-21T00:00:00.000,,,,False
C14H-2013-0001,2013-02-28T00:00:00.000,,,,False
C14-2013-0040,2014-01-30T00:00:00.000,,,,False
C814-2018-0121,2020-02-06T00:00:00.000,,,,False
NPA-2016-0010.01,2016-06-16T00:00:00.000,,,,False
NPA-2015-0015.03,2016-08-11T00:00:00.000,,,,False
C14-2016-0051,2017-03-02T00:00:00.000,,,,False
C14-2014-0107,2014-09-25T00:00:00.000,7.0,0.0,,True
C14-98-0146,2017-11-02T00:00:00.000,,,,False
C14-2017-0050,2017-12-14T00:00:00.000,,,,False
NPA-2010-0012.02,2010-12-16T00:00:00.000,,,,False
C14-2015-0159,2016-03-24T00:00:00.000,,,,False
C14-2012-0100,2013-06-20T00:00:00.000,,,,False
C14-2012-0028,2013-01-31T00:00:00.000,,,,False
C14-2015-0118,2015-11-12T00:00:00.000,,,,False
C14-2017-0042,2017-12-14T00:00:00.000,8.0,3.0,,True
NPA-2017-0005.03,2018-02-01T00:00:00.000,,,,False
C14-2012-0040,2012-06-28T00:00:00.000,,,,False
C14-2012-0052,2012-11-08T00:00:00.000,,,,False
C14-2017-0151,2018-02-01T00:00:00.000,,,,False
C14-2011-0049,2011-12-15T00:00:00.000,7.0,0.0,,True
NPA-2014-0025.02,2014-11-20T00:00:00.000,6.0,0.0,,True
NPA-2014-0020.01,2014-11-20T00:00:00.000,,,,False
NPA-2014-0016.01,2015-01-29T00:00:00.000,,,,False
C14H-2017-0055,2018-05-10T00:00:00.000,,,,False
C14-2016-0043,2016-08-11T00:00:00.000,10.0,0.0,,True
NPA-2016-0005.04,2018-06-28T00:00:00.000,,,,False
NPA-2015-0005.04,2016-03-24T00:00:00.000,9.0,1.0,Tovo ; Troxclair was off the dais,True
C14-2015-0142,2016-03-24T00:00:00.000,11.0,0.0,,True
C14-2017-0132,2018-06-14T00:00:00.000,,,,False
C14-2012-0146.SH,2013-02-28T00:00:00.000,,,,False
C14-2017-0035,2017-06-15T00:00:00.000,,,,False
NPA-2017-0016.02,2018-05-10T00:00:00.000,10.0,1.0,with Renteria,True
C14-2013-0133,2014-02-13T00:00:00.000,6.0,0.0,,True
C14-2017-0028,2018-02-01T00:00:00.000,,,,False
C14-2014-0198,2016-04-14T00:00:00.000,,,,False
C14-2013-0031,2013-06-06T00:00:00.000,,,,False
C14-2017-0149,2018-06-14T00:00:00.000,,,,False
C14-2016-0071,2017-03-02T00:00:00.000,,,,False
C14-2017-0013,2017-08-10T00:00:00.000,,,,False
C14H-2011-0001,2011-12-15T00:00:00.000,,,,False
C14-2015-0006,2015-04-16T00:00:00.000,,,,False
C14-2012-0142,2013-02-28T00:00:00.000,,,,False
NPA-2018-0001.01,2018-10-04T00:00:00.000,,,,False
C14-2012-0097,2012-11-08T00:00:00.000,,,,False
C14-2017-0042,2017-08-03T00:00:00.000,8.0,3.0,,True
C14-2018-0126,2019-04-25T00:00:00.000,,,,False
C14-2014-0088,2014-10-02T00:00:00.000,,,,False
C14-2016-0095,2016-11-10T00:00:00.000,,,,False
C14H-2010-0016,2010-08-19T00:00:00.000,,,,False
C14H-2013-0140,2014-01-30T00:00:00.000,,,,False
C14H-2010-0002,2010-08-19T00:00:00.000,5.0,2.0,"(Cole, Spelman off-dais)",True
C14-2010-0083,2010-07-29T00:00:00.000,,,,False
NPA-2016-0025.01,2016-11-10T00:00:00.000,10.0,0.0,,True
C14-2019-0005,2019-03-28T00:00:00.000,,,,False
NPA-2011-0015.01,2012-02-02T00:00:00.000,,,,False
C14-2018-0124,2019-05-09T00:00:00.000,9.0,2.0,"Council members Alter, Pool",True
C14-2013-0076,2013-08-29T00:00:00.000,,,,False
C14-2015-0062,2016-04-14T00:00:00.000,,,,False
C14-2013-0158,2014-11-06T00:00:00.000,7.0,0.0,,True
C14-2012-0023,2012-06-28T00:00:00.000,,,,False
C14-2018-0004,2019-01-31T00:00:00.000,,,,False
C14-2018-0083,2018-11-01T00:00:00.000,10.0,0.0,,True
C14H-2019-0112,2020-01-23T00:00:00.000,,,,False
C14-2014-0011,2014-10-23T00:00:00.000,,,,False
C14-2007-0087,2018-08-30T00:00:00.000,,,,False
NPA-2019-0020.01,2019-06-20T00:00:00.000,,,,False
NPA-2011-0009.02,2012-03-08T00:00:00.000,,,,False
C14-2019-0156,2020-03-12T00:00:00.000,,,,False
C14-2013-0092,2014-01-23T00:00:00.000,,,,False
NPA-2019-0026.01,2019-06-20T00:00:00.000,,,,False
C14-2018-0027,2019-09-19T00:00:00.000,9.0,2.0,"Garza, Casar",True
C14-2010-0140,2011-04-21T00:00:00.000,,,,False
C14-2015-0086,2016-05-12T00:00:00.000,,,,False
C14-2019-0101,2019-11-14T00:00:00.000,,,,False
NPA-2010-0012.01,2010-12-16T00:00:00.000,,,,False
C14-2014-0071,2014-06-26T00:00:00.000,,,,False
C814-2012-0160,2013-10-03T00:00:00.000,5.0,2.0,"Morrison, Tovo",True
C14-2014-0153,2015-01-29T00:00:00.000,7.0,0.0,,True
C14H-2010-0013,2010-11-04T00:00:00.000,,,,False
C14-2018-0074,2018-12-13T00:00:00.000,,,,False
C14-2013-0122,2013-12-12T00:00:00.000,,,,False
NPA-2012-0015.01,2013-02-28T00:00:00.000,,,,False
C14-2016-0125,2017-06-15T00:00:00.000,10.0,1.0,Flannigan,True
C14-2014-0174,2014-12-11T00:00:00.000,,,,False
C14-2012-0147,2013-02-28T00:00:00.000,,,,False
C814-2018-0121,2020-03-26T00:00:00.000,,,,False
C14-2012-0092,2013-01-17T00:00:00.000,,,,False
C14-2011-0132,2013-01-17T00:00:00.000,,,,False
C14-2020-0004,2020-03-26T00:00:00.000,,,,False
C14-2011-0157,2012-01-26T00:00:00.000,,,,False
C14-72-204,2019-09-19T00:00:00.000,,,,False
C14-2015-0143,2015-12-10T00:00:00.000,,,,False
C814-2012-0160,2013-06-06T00:00:00.000,5.0,2.0,"Morrison, Tovo",True
C14-2016-0021,2018-03-22T00:00:00.000,,,,False
NPA-2019-0016.01,2020-03-26T00:00:00.000,,,,False
C14-2010-0077,2010-08-26T00:00:00.000,,,,False
C14-2011-0081,2011-12-08T00:00:00.000,,,,False
C14-2014-0051,2014-05-15T00:00:00.000,,,,False
C14-2013-0094,2013-11-21T00:00:00.000,,,,False
NPA-2015-0026.01,2015-08-13T00:00:00.000,,,,False
C14-2012-0117,2012-12-06T00:00:00.000,,,,False
C14-2015-0091,2015-12-10T00:00:00.000,,,,False
C14-2018-0002,2018-08-09T00:00:00.000,,,,False
C814-89-0006.05,2014-10-23T00:00:00.000,,,,False
NPA-2018-0026.02,2018-08-23T00:00:00.000,,,,False
C14-2011-0065,2012-01-12T00:00:00.000,,,,False
C14-2012-0130,2013-03-07T00:00:00.000,,,,False
C14-2015-0086,2015-12-10T00:00:00.000,,,,False
NPA-2015-0015.01,2015-11-12T00:00:00.000,,,,False
C14-2016-0031,2016-08-11T00:00:00.000,,,,False
C14-2013-0081,2014-06-12T00:00:00.000,,,,False
C14-2018-0053,2018-09-20T00:00:00.000,,,,False
C14-2016-0068,2016-11-10T00:00:00.000,,,,False
C14-2019-0015,2019-06-20T00:00:00.000,,,,False
NPA-2016-0016.02,2017-09-28T00:00:00.000,,,,False
C14-2019-0099,2019-10-03T00:00:00.000,,,,False
C14-2014-0189,2015-02-12T00:00:00.000,,,,False
C14-2017-0066,2019-03-07T00:00:00.000,,,,False
C14-04-0181.SH,2012-03-08T00:00:00.000,,,,False
NPA-2010-0008.01,2010-11-04T00:00:00.000,,,,False
C14-2016-0039,2017-03-02T00:00:00.000,11.0,0.0,,True
C14-2013-0069,2013-10-24T00:00:00.000,,,,False
NPA-2014-0007.01,2014-05-22T00:00:00.000,,,,False
C14-91-0038,2016-02-11T00:00:00.000,,,,False
C14-2011-0111,2012-04-26T00:00:00.000,,,,False
C14-2014-0145,2014-11-06T00:00:00.000,,,,False
NPA-2015-0023.01,2015-12-10T00:00:00.000,,,,False
C14-2017-0104,2017-11-02T00:00:00.000,,,,False
C14-2017-0003,2017-05-04T00:00:00.000,,,,False
C14-2011-0107,2011-11-03T00:00:00.000,,,,False
C14-2017-0074,2018-02-01T00:00:00.000,,,,False
C14-2014-0072,2014-10-16T00:00:00.000,,,,False
C14-2017-0089,2017-10-19T00:00:00.000,,,,False
NPA-2016-0013.01,2016-12-08T00:00:00.000,,,,False
C14H-2015-0007,2015-12-10T00:00:00.000,,,,False
NPA-2012-0021.02,2013-04-25T00:00:00.000,,,,False
C14H-1999-0018,2011-01-13T00:00:00.000,,,,False
C14-2011-0016,2011-11-10T00:00:00.000,,,,False
C14-2011-0082,2012-01-12T00:00:00.000,,,,False
C14-2011-0073,2011-09-22T00:00:00.000,,,,False
NPA-2015-0005.04,2016-05-12T00:00:00.000,9.0,1.0,Tovo ; Troxclair was off the dais,True
C14-2014-0117,2014-11-20T00:00:00.000,7.0,0.0,,True
C14-2016-0020,2017-04-20T00:00:00.000,,,,False
C14-2017-0063,2017-08-03T00:00:00.000,,,,False
C14-2016-0057,2016-09-22T00:00:00.000,10.0,0.0,,True
C14-2014-0190,2015-02-12T00:00:00.000,,,,False
NPA-2015-0003.01,2015-12-10T00:00:00.000,,,,False
C14-2013-0142,2014-01-23T00:00:00.000,,,,False
C14-2015-0140,2015-12-10T00:00:00.000,,,,False
C14-2017-0133,2018-03-08T00:00:00.000,11.0,0.0,,True
NPA-2011-0015.02,2012-02-09T00:00:00.000,,,,False
C14-2018-0066,2018-09-20T00:00:00.000,,,,False
NPA-2010-0016.01,2010-11-04T00:00:00.000,,,,False
C14-2012-0008,2012-04-05T00:00:00.000,7.0,0.0,,True
NPA-2012-0005.04,2013-04-25T00:00:00.000,,,,False
C14-2011-0075,2011-09-22T00:00:00.000,,,,False
C14-2017-0148,2019-11-14T00:00:00.000,,,,False
C14-2013-0066,2013-10-03T00:00:00.000,,,,False
NPA-2019-0027.02,2019-09-19T00:00:00.000,,,,False
C14-2010-0200,2011-02-17T00:00:00.000,,,,False
NPA-2017-0002.01,2018-06-14T00:00:00.000,,,,False
C14-2016-0100,2017-01-26T00:00:00.000,,,,False
NPA-2012-0023.01,2013-04-25T00:00:00.000,,,,False
C14-2013-0084,2013-09-26T00:00:00.000,7.0,0.0,,True
C14-2017-0118,2017-12-14T00:00:00.000,,,,False
C14-2018-0044,2018-09-20T00:00:00.000,,,,False
C14-2011-0166,2012-03-08T00:00:00.000,,,,False
C14-2015-0118,2016-01-28T00:00:00.000,,,,False
C14-2010-0199,2011-06-23T00:00:00.000,,,,False
C14-2013-0147,2014-06-12T00:00:00.000,,,,False
C14-2017-0109,2017-12-07T00:00:00.000,,,,False
NPA-2016-0005.04,2018-05-10T00:00:00.000,,,,False
C14-2013-0047,2013-08-08T00:00:00.000,7.0,0.0,,True
C14-2012-0032,2012-11-01T00:00:00.000,,,,False
C14-2015-0032,2015-05-14T00:00:00.000,,,,False
C14-2010-0058,2010-07-29T00:00:00.000,,,,False
C14-2010-0167,2011-01-13T00:00:00.000,,,,False
C14-2017-0118,2018-02-01T00:00:00.000,,,,False
C14-2018-0056,2018-12-13T00:00:00.000,,,,False
C14-2011-0113,2011-11-10T00:00:00.000,,,,False
C14H-2017-0006,2018-05-24T00:00:00.000,,,,False
NPA-2016-0005.04,2018-03-22T00:00:00.000,,,,False
C14-2018-0022,2018-08-09T00:00:00.000,10.0,0.0,,True
C14-2010-0135,2010-12-16T00:00:00.000,,,,False
C14-2014-0100,2014-11-06T00:00:00.000,7.0,0.0,,True
C14-2017-0042,2017-12-07T00:00:00.000,8.0,3.0,,True
C814-90-0003.17,2012-06-14T00:00:00.000,,,,False
C14-2011-0120,2011-12-08T00:00:00.000,,,,False
C14-2019-0003,2020-04-23T00:00:00.000,,,,False
C14-2011-0092,2011-11-03T00:00:00.000,,,,False
C14-2014-0174,2015-02-12T00:00:00.000,,,,False
NPA-2015-0013.01,2016-02-11T00:00:00.000,,,,False
C814-2014-0120,2017-03-02T00:00:00.000,,,,False
C14-2011-0140,2012-02-09T00:00:00.000,5.0,2.0,"Morrison, Tovo",True
C14-2013-0101,2013-11-21T00:00:00.000,,,,False
C14-2013-0040,2013-11-21T00:00:00.000,,,,False
C14-2019-0007,2019-06-20T00:00:00.000,,,,False
C14-2015-0073,2015-12-10T00:00:00.000,,,,False
C14-2017-0074,2017-08-31T00:00:00.000,,,,False
NPA-2014-0003.01,2014-03-27T00:00:00.000,,,,False
C14H-2016-0073,2016-12-08T00:00:00.000,,,,False
C14-2016-0043,2016-09-22T00:00:00.000,10.0,0.0,,True
C814-2009-0139,2010-07-29T00:00:00.000,,,,False
C14-2014-0176,2015-04-16T00:00:00.000,,,,False
NPA-2016-0005.03,2017-03-02T00:00:00.000,10.0,1.0,( Tovo ),True
C14-2011-0091,2013-08-29T00:00:00.000,,,,False
C814-2012-0071,2012-10-11T00:00:00.000,,,,False
C14-2014-0186,2016-01-28T00:00:00.000,,,,False
C14-2014-0123,2014-11-20T00:00:00.000,5.0,1.0,Morrison,True
C14-2009-0078,2010-06-24T00:00:00.000,,,,False
C14-2011-0015,2011-07-28T00:00:00.000,,,,False
C814-97-0001.11,2014-06-26T00:00:00.000,,,,False
NPA-2015-0028.01,2015-12-10T00:00:00.000,,,,False
C14-2018-0088,2019-02-21T00:00:00.000,,,,False
C14-2011-0047,2012-01-12T00:00:00.000,,,,False
C14-2014-0147,2014-11-06T00:00:00.000,,,,False
C14-2017-0115,2017-11-09T00:00:00.000,,,,False
C814-2018-0121,2020-04-23T00:00:00.000,,,,False
C14-2017-0111,2017-11-09T00:00:00.000,,,,False
C14-2013-0025,2013-06-20T00:00:00.000,,,,False
C14-2011-0007,2011-05-12T00:00:00.000,,,,False
C14-2013-0032,2013-06-06T00:00:00.000,,,,False
C14-2008-0220,2010-11-04T00:00:00.000,,,,False
NPA-2017-0029.01,2017-11-09T00:00:00.000,,,,False
C14-2017-0030,2017-08-03T00:00:00.000,,,,False
C14-2014-0193,2015-08-13T00:00:00.000,10.0,0.0,,True
C14-2017-0066,2018-08-09T00:00:00.000,,,,False
C14-2011-0148,2012-01-26T00:00:00.000,,,,False
C14-2017-0134,2018-02-01T00:00:00.000,,,,False
C14-2012-0109,2013-09-26T00:00:00.000,,,,False
C14-2011-0132,2012-06-14T00:00:00.000,,,,False
C14-2017-0094,2018-02-01T00:00:00.000,,,,False
NPA-2011-0019.01,2011-09-22T00:00:00.000,,,,False
C14-2017-0042,2017-08-31T00:00:00.000,8.0,3.0,,True
C14-2010-0052,2010-09-30T00:00:00.000,,,,False
C14-2012-0066,2012-09-27T00:00:00.000,,,,False
NPA-2019-0021.01,2019-06-20T00:00:00.000,,,,False
C14-2018-0079,2018-12-13T00:00:00.000,,,,False
C14-2012-0008,2012-08-02T00:00:00.000,7.0,0.0,,True
C14-2019-0043,2019-06-06T00:00:00.000,,,,False
C14-2014-0198,2015-12-10T00:00:00.000,,,,False
NPA-2016-0005.01,2016-12-08T00:00:00.000,,,,False
C14-2018-0102,2019-04-25T00:00:00.000,,,,False
C14-2011-0134,2012-03-08T00:00:00.000,,,,False
C14-2013-0127,2013-12-12T00:00:00.000,,,,False
C14-2015-0133,2016-03-24T00:00:00.000,7.0,0.0,,True
C14-2014-0114,2014-09-25T00:00:00.000,,,,False
C814-2012-0071,2012-10-18T00:00:00.000,,,,False
NPA-2017-0016.03,2018-12-13T00:00:00.000,,,,False
C14H-2010-0010,2010-10-14T00:00:00.000,,,,False
NPA-2013-0025.01,2013-12-12T00:00:00.000,6.0,1.0,Morrison voted Nay,True
C14-2012-0083,2013-04-25T00:00:00.000,,,,False
C14-2010-0101,2010-09-23T00:00:00.000,,,,False
C14-2014-0111,2014-11-06T00:00:00.000,,,,False
NPA-2017-0016.05,2018-06-14T00:00:00.000,,,,False
C14-2012-0119,2012-12-06T00:00:00.000,,,,False
C14-2009-0151,2014-12-11T00:00:00.000,,,,False
C14-2011-0061,2011-09-22T00:00:00.000,,,,False
C14-2009-0106.001,2010-03-25T00:00:00.000,,,,False
C14-2014-0003,2014-06-12T00:00:00.000,,,,False
C14-2018-0147,2019-03-07T00:00:00.000,,,,False
C14-2011-0080,2011-12-15T00:00:00.000,7.0,0.0,,True
C14-2017-0084,2017-12-14T00:00:00.000,,,,False
NPA-2012-0011.01,2012-09-27T00:00:00.000,,,,False
C14-2019-0163,2020-03-12T00:00:00.000,,,,False
C14-2014-0085,2014-09-25T00:00:00.000,,,,False
C14-2015-0108,2015-11-12T00:00:00.000,,,,False
C14-2015-0119,2016-08-11T00:00:00.000,,,,False
C14-2013-0077.SH,2013-08-29T00:00:00.000,,,,False
NPA-2016-0005.04,2019-01-31T00:00:00.000,,,,False
C14-2018-0135,2019-03-28T00:00:00.000,,,,False
C14-2012-0041,2012-06-14T00:00:00.000,,,,False
C14-2010-0087,2010-08-26T00:00:00.000,7.0,0.0,,True
C14-2009-0093,2010-07-29T00:00:00.000,,,,False
C14-2010-0168,2011-01-13T00:00:00.000,,,,False
C14-2012-0099,2012-11-08T00:00:00.000,6.0,0.0,,True
C14-2019-0124,2019-12-05T00:00:00.000,,,,False
C14-2013-0085,2013-10-24T00:00:00.000,7.0,0.0,,True
C14-2011-0133,2012-06-14T00:00:00.000,,,,False
C14-2012-0112,2013-03-28T00:00:00.000,,,,False
C14-2010-0001,2010-11-18T00:00:00.000,,,,False
NPA-2015-0005.02,2015-11-12T00:00:00.000,,,,False
C14-2009-0059,2009-10-01T00:00:00.000,,,,False
NPA-2013-0011.01,2013-06-06T00:00:00.000,,,,False
C14-2019-0017,2019-06-06T00:00:00.000,,,,False
C14-2016-0051,2017-01-26T00:00:00.000,,,,False
C14-2013-0081,2014-05-01T00:00:00.000,,,,False
C14-2016-0050,2017-02-16T00:00:00.000,,,,False
C14-2011-0063,2011-09-22T00:00:00.000,,,,False
C14-2016-0113,2017-05-18T00:00:00.000,,,,False
C14-2016-0086,2016-12-15T00:00:00.000,,,,False
NPA-2017-0021.01,2018-03-22T00:00:00.000,,,,False
NPA-2015-0023.01,2016-02-11T00:00:00.000,,,,False
NPA-2016-0005.01,2017-03-23T00:00:00.000,,,,False
C14-2019-0049,2019-12-05T00:00:00.000,9.0,1.0,"-1, Tovo ; Pool abstained",True
C814-2008-0087,2009-12-17T00:00:00.000,5.0,2.0,"( Leffingwell, Morrison voted Nay)",True
C14-2011-0169,2012-04-05T00:00:00.000,,,,False
C14-2012-0111,2012-12-06T00:00:00.000,,,,False
C14-2017-0050,2017-08-31T00:00:00.000,,,,False
C14-2016-0038,2016-09-22T00:00:00.000,,,,False
C14H-2009-0016,2009-11-19T00:00:00.000,,,,False
C14-2014-0034,2014-10-02T00:00:00.000,,,,False
C14-2014-0041,2015-01-29T00:00:00.000,,,,False
C14-2017-0133,2018-02-01T00:00:00.000,11.0,0.0,,True
C14-2013-0083,2013-12-12T00:00:00.000,,,,False
C14-2015-0104,2016-05-12T00:00:00.000,,,,False
C14-2018-0116,2018-12-13T00:00:00.000,,,,False
C14H-2017-0006,2017-05-18T00:00:00.000,,,,False
C14-2011-0008,2011-05-12T00:00:00.000,,,,False
C14-2017-0029,2017-08-03T00:00:00.000,11.0,0.0,,True
C14-2013-0118,2014-09-25T00:00:00.000,,,,False
C14-2017-0092,2017-11-02T00:00:00.000,,,,False
C14-2010-0202,2011-03-03T00:00:00.000,,,,False
C14-2017-0036,2017-08-03T00:00:00.000,11.0,0.0,,True
C14-2012-0016,2012-05-24T00:00:00.000,,,,False
NPA-2014-0017.01,2015-05-14T00:00:00.000,,,,False
C14-2010-0062,2010-12-16T00:00:00.000,,,,False
C14-2013-0125,2013-12-12T00:00:00.000,,,,False
NPA-2014-0011.01,2014-06-26T00:00:00.000,,,,False
C814-2015-0074,2016-09-22T00:00:00.000,8.0,2.0,"Houston, Tovo ; Troxclair was off the dais",True
NPA-2016-0010.02,2017-01-26T00:00:00.000,10.0,0.0,,True
C14-2008-0159,2013-05-09T00:00:00.000,,,,False
C14-2012-0148,2013-02-14T00:00:00.000,,,,False
NPA-2017-0021.01,2019-08-08T00:00:00.000,,,,False
C14-2013-0013,2013-06-06T00:00:00.000,,,,False
C14-2016-0137,2017-03-23T00:00:00.000,,,,False
NPA-2013-0019.01,2013-11-21T00:00:00.000,,,,False
C814-2008-0087,2009-11-05T00:00:00.000,5.0,2.0,"( Leffingwell, Morrison voted Nay)",True
C14-2012-0001,2012-03-22T00:00:00.000,,,,False
C14-2012-0154,2013-02-14T00:00:00.000,,,,False
C14-2018-0092,2018-12-13T00:00:00.000,,,,False
C14-2010-0094,2010-09-23T00:00:00.000,,,,False
C14-2012-0063,2012-11-08T00:00:00.000,5.0,1.0,Riley ; Martinez was off the dais,True
NPA-2018-0021.01,2019-08-08T00:00:00.000,,,,False
C14-2011-0088,2012-06-28T00:00:00.000,,,,False
C14-2010-0151,2011-02-17T00:00:00.000,,,,False
C14-2017-0136,2018-02-01T00:00:00.000,,,,False
C14H-2014-0001,2014-04-17T00:00:00.000,,,,False
C14-2018-0139,2019-02-07T00:00:00.000,,,,False
NPA-2019-0019.01,2019-09-19T00:00:00.000,,,,False
C14-2015-0003,2015-08-13T00:00:00.000,,,,False
C14-2012-0129,2012-12-13T00:00:00.000,,,,False
NPA-2013-0005.02,2014-02-13T00:00:00.000,,,,False
C14-2018-0001,2019-02-07T00:00:00.000,,,,False
NPA-2019-0020.04,2019-11-14T00:00:00.000,11.0,0.0,,True
C814-2008-0136.01,2011-09-22T00:00:00.000,,,,False
C14-2018-0041,2018-06-14T00:00:00.000,,,,False
C14-2013-0130,2013-12-12T00:00:00.000,,,,False
C814-2017-0024,2017-12-07T00:00:00.000,11.0,0.0,,True
C14-2012-0098,2012-10-11T00:00:00.000,,,,False
C14-2016-0117,2017-02-16T00:00:00.000,,,,False
NPA-2011-0005.02,2011-12-08T00:00:00.000,,,,False
NPA-2017-0013.01,2017-09-28T00:00:00.000,,,,False
C14-2010-0112,2010-11-04T00:00:00.000,,,,False
NPA-2015-0005.02,2015-12-10T00:00:00.000,,,,False
NPA-2010-0005.03,2011-03-03T00:00:00.000,,,,False
C14-2016-0134,2017-04-06T00:00:00.000,10.0,0.0,,True
C14H-2019-0111,2019-09-19T00:00:00.000,,,,False
C14H-2010-0019,2010-11-18T00:00:00.000,,,,False
C14-2014-0128,2015-02-12T00:00:00.000,,,,False
C14-2015-0107,2015-12-10T00:00:00.000,,,,False
C14-2019-0085,2019-09-19T00:00:00.000,,,,False
C14H-2017-0055,2017-08-10T00:00:00.000,,,,False
C14-2010-0199,2011-05-26T00:00:00.000,,,,False
C14-2011-0128,2011-12-08T00:00:00.000,,,,False
NPA-2016-0016.01,2018-03-01T00:00:00.000,,,,False
C14-2010-0079,2010-08-19T00:00:00.000,,,,False
C14-2012-0052,2012-08-02T00:00:00.000,,,,False
NPA-2017-0015.01,2017-12-07T00:00:00.000,,,,False
C14-2014-0173,2014-12-11T00:00:00.000,,,,False
C14-2016-0011,2016-11-10T00:00:00.000,10.0,0.0,,True
C14-2013-0104,2014-01-23T00:00:00.000,,,,False
C14-2014-0002,2014-03-20T00:00:00.000,,,,False
C14-2017-0156,2018-03-22T00:00:00.000,,,,False
NPA-2015-0016.01,2015-10-08T00:00:00.000,,,,False
C14-2018-0102,2019-01-31T00:00:00.000,,,,False
NPA-2017-0016.02,2018-10-04T00:00:00.000,10.0,1.0,with Renteria,True
C14H-2018-0013,2018-08-30T00:00:00.000,,,,False
C14-2014-0128,2014-11-20T00:00:00.000,,,,False
C14-2014-0184,2014-12-11T00:00:00.000,,,,False
C14-2012-0099,2012-12-13T00:00:00.000,6.0,0.0,,True
C14-2016-0079,2018-02-01T00:00:00.000,,,,False
C814-2015-0074,2016-06-16T00:00:00.000,8.0,2.0,"Houston, Tovo ; Troxclair was off the dais",True
C14H-2014-0007,2014-12-11T00:00:00.000,6.0,1.0,Martinez,True
C14H-2010-0015,2010-11-04T00:00:00.000,,,,False
NPA-2017-0016.02,2019-03-07T00:00:00.000,10.0,1.0,with Renteria,True
C14-2011-0068,2011-09-22T00:00:00.000,,,,False
C14-2016-0041,2016-10-13T00:00:00.000,10.0,0.0,,True
NPA-2018-0016.03,2019-03-28T00:00:00.000,,,,False
NPA-2011-0025.03,2012-01-26T00:00:00.000,,,,False
C14-2016-0125,2017-05-04T00:00:00.000,10.0,1.0,Flannigan,True
C14-2017-0139,2018-06-28T00:00:00.000,10.0,1.0,,True
NPA-2019-0020.04,2019-10-17T00:00:00.000,11.0,0.0,,True
C14-2015-0122,2016-02-11T00:00:00.000,,,,False
C14-2018-0136,2019-03-28T00:00:00.000,,,,False
C14-2012-0140,2013-05-23T00:00:00.000,,,,False
C14-2018-0097,2018-11-01T00:00:00.000,,,,False
C14-2011-0093,2011-12-08T00:00:00.000,,,,False
C14-2018-0090,2018-12-13T00:00:00.000,,,,False
C14-2011-0134,2012-06-14T00:00:00.000,,,,False
C14-2020-0009,2020-03-26T00:00:00.000,,,,False
C14H-2010-0021,2010-12-16T00:00:00.000,,,,False
C14-2011-0110,2011-11-03T00:00:00.000,,,,False
NPA-2011-0019.02,2011-12-08T00:00:00.000,,,,False
C14-2017-0094,2018-10-04T00:00:00.000,,,,False
C14-2008-0224,2010-05-27T00:00:00.000,6.0,0.0,,True
C14-2013-0118,2014-06-12T00:00:00.000,,,,False
C14H-2011-0001,2012-01-12T00:00:00.000,,,,False
C14-2012-0067,2012-09-27T00:00:00.000,,,,False
C14-2010-0204,2011-05-12T00:00:00.000,,,,False
C14-2016-0063.SH,2016-09-22T00:00:00.000,,,,False
C14-2010-0108,2010-10-28T00:00:00.000,,,,False
C14-2010-0085,2010-08-26T00:00:00.000,,,,False
C14-2016-0070,2017-03-23T00:00:00.000,,,,False
C14-2012-0028,2013-05-09T00:00:00.000,,,,False
C14-2012-0060,2013-01-17T00:00:00.000,,,,False
C814-2012-0160,2013-08-08T00:00:00.000,5.0,2.0,"Morrison, Tovo",True
C14-2014-0121,2014-10-16T00:00:00.000,,,,False
C14-2013-0047,2013-08-22T00:00:00.000,7.0,0.0,,True
C14-2016-0050,2016-10-13T00:00:00.000,,,,False
C14-2011-0133,2012-08-02T00:00:00.000,,,,False
C14-2018-0024,2018-08-09T00:00:00.000,,,,False
C14-2016-0090,2017-09-28T00:00:00.000,,,,False
NPA-2017-0016.03,2018-11-01T00:00:00.000,,,,False
NPA-2015-0016.01,2016-02-11T00:00:00.000,,,,False
NPA-2014-0015.01,2015-02-26T00:00:00.000,,,,False
C14-2019-0041,2019-06-06T00:00:00.000,,,,False
C14-2018-0064,2019-03-28T00:00:00.000,,,,False
C14H-2018-0103,2018-12-13T00:00:00.000,,,,False
C14-2016-0113,2017-03-02T00:00:00.000,,,,False
C14-2017-0126,2017-12-14T00:00:00.000,,,,False
C14-2016-0032,2016-08-11T00:00:00.000,11.0,0.0,,True
C14-2017-0130,2018-06-28T00:00:00.000,,,,False
C14-2017-0095,2017-10-05T00:00:00.000,,,,False
C14-2012-0153,2013-02-14T00:00:00.000,,,,False
C814-2015-0074,2016-11-10T00:00:00.000,8.0,2.0,"Houston, Tovo ; Troxclair was off the dais",True
C14-2019-0069,2019-08-08T00:00:00.000,,,,False
C14-2016-0115,2017-03-23T00:00:00.000,,,,False
C814-2012-0160,2019-08-08T00:00:00.000,5.0,2.0,"Morrison, Tovo",True
C14-2010-0105,2010-11-18T00:00:00.000,,,,False
C14-2014-0029,2014-06-12T00:00:00.000,5.0,2.0,"Morrison, Tovo",True
C14-2017-0141,2018-03-01T00:00:00.000,,,,False
C14-2019-0129,2020-04-09T00:00:00.000,,,,False
C14-2010-0129,2010-10-14T00:00:00.000,,,,False
C14-2016-0074,2016-09-22T00:00:00.000,,,,False
C14-2013-0060,2013-08-08T00:00:00.000,7.0,0.0,,True
C14-2016-0057,2016-10-13T00:00:00.000,10.0,0.0,,True
C14-2012-0162,2013-05-09T00:00:00.000,,,,False
C14-2019-0116,2019-10-31T00:00:00.000,,,,False
C14-2012-0123,2013-01-31T00:00:00.000,,,,False
C14-2012-0028,2012-06-07T00:00:00.000,,,,False
NPA-2018-0001.01,2018-09-20T00:00:00.000,,,,False
C14-2011-0136,2012-02-02T00:00:00.000,6.0,0.0,,True
C14-2017-0022,2017-10-19T00:00:00.000,,,,False
C14-2019-0068,2019-10-17T00:00:00.000,9.0,0.0,,True
NPA-2012-0005.04,2013-03-07T00:00:00.000,,,,False
C14-2016-0011,2016-09-22T00:00:00.000,10.0,0.0,,True
C14-2017-0020,2017-11-09T00:00:00.000,,,,False
C14-2012-0157,2013-02-28T00:00:00.000,,,,False
C14-2013-0020,2013-06-06T00:00:00.000,7.0,0.0,,True
C14-2016-0058,2016-08-11T00:00:00.000,11.0,0.0,,True
C14-2012-0106,2012-12-13T00:00:00.000,,,,False
C814-2012-0128.SH,2013-06-06T00:00:00.000,,,,False
C14-2014-0041,2015-04-16T00:00:00.000,,,,False
C14-2016-0094,2018-09-20T00:00:00.000,,,,False
C14-2011-0141,2012-03-08T00:00:00.000,5.0,2.0,"Lee Leffingwell, Tovo",True
C14-2010-0197,2011-03-10T00:00:00.000,,,,False
C14-2012-0083,2013-02-14T00:00:00.000,,,,False
C14-2019-0105,2020-01-23T00:00:00.000,,,,False
NPA-2012-0005.04,2013-05-09T00:00:00.000,,,,False
C14-2016-0134,2017-08-03T00:00:00.000,10.0,0.0,,True
NPA-2019-0016.01,2020-04-23T00:00:00.000,,,,False
C14-2014-0047,2014-08-28T00:00:00.000,,,,False
C14-2014-0052,2014-08-07T00:00:00.000,,,,False
C14-2012-0083,2013-02-28T00:00:00.000,,,,False
C14-2014-0167,2015-04-16T00:00:00.000,11.0,0.0,,True
C14-2016-0051,2016-10-13T00:00:00.000,,,,False
C14H-2018-0084,2018-10-04T00:00:00.000,,,,False
C14-2013-0045,2013-08-22T00:00:00.000,7.0,0.0,,True
C14-2013-0041,2013-06-06T00:00:00.000,7.0,0.0,,True
C14-2016-0015,2016-06-16T00:00:00.000,11.0,0.0,,True
C14-2011-0101,2011-12-08T00:00:00.000,,,,False
C14-2017-0100,2018-12-13T00:00:00.000,,,,False
C14-2008-0159,2013-03-21T00:00:00.000,,,,False
C14-2016-0041,2016-12-15T00:00:00.000,10.0,0.0,,True
NPA-2015-0016.01,2015-08-13T00:00:00.000,,,,False
C14-2014-0134,2014-11-20T00:00:00.000,,,,False
C14-2013-0031,2013-09-26T00:00:00.000,,,,False
C14-2017-0140,2018-03-22T00:00:00.000,8.0,0.0,,True
C14-2010-0164,2010-12-09T00:00:00.000,,,,False
NPA-2017-0014.01,2017-08-03T00:00:00.000,,,,False
C14-2011-0016,2012-01-12T00:00:00.000,,,,False
NPA-2015-0023.01,2016-03-24T00:00:00.000,,,,False
C14-2011-0043,2011-07-28T00:00:00.000,,,,False
C14-2014-0153,2015-10-08T00:00:00.000,7.0,0.0,,True
C14-2010-0133,2010-09-23T00:00:00.000,,,,False
C14-2015-0111,2015-12-10T00:00:00.000,,,,False
C14-2019-0003,2020-03-12T00:00:00.000,,,,False
C14-2014-0084,2014-08-07T00:00:00.000,,,,False
C14-2018-0026,2019-08-08T00:00:00.000,9.0,2.0,"Garza, Casar",True
C14-2016-0106,2017-03-23T00:00:00.000,,,,False
C14-2013-0060,2013-09-26T00:00:00.000,7.0,0.0,,True
C14-2011-0132,2012-12-06T00:00:00.000,,,,False
C14-2012-0144,2013-02-28T00:00:00.000,,,,False
C14-2016-0050,2017-03-02T00:00:00.000,,,,False
C14-2014-0049,2014-06-26T00:00:00.000,,,,False
C14-2012-0123,2013-02-14T00:00:00.000,,,,False
C14-2017-0084,2017-11-09T00:00:00.000,,,,False
C14-2015-0136,2016-02-11T00:00:00.000,,,,False
C14-2014-0112,2014-11-06T00:00:00.000,6.0,0.0,,True
C14-2019-0010,2019-08-08T00:00:00.000,,,,False
C14H-2010-0039,2011-01-13T00:00:00.000,,,,False
C14-2010-0038,2010-11-04T00:00:00.000,,,,False
C14-2016-0021,2016-12-15T00:00:00.000,,,,False
C14-2016-0025,2016-09-22T00:00:00.000,,,,False
NPA-2017-0016.04,2018-04-26T00:00:00.000,8.0,0.0,,True
C14-2013-0093,2013-10-03T00:00:00.000,,,,False
C14-2016-0136,2018-06-28T00:00:00.000,,,,False
C14H-2014-0010,2014-09-25T00:00:00.000,,,,False
C14-2013-0062,2013-08-22T00:00:00.000,,,,False
NPA-2013-0010.01,2013-12-12T00:00:00.000,,,,False
NPA-2014-0011.01,2014-11-06T00:00:00.000,,,,False
NPA-2016-0013.01,2017-03-02T00:00:00.000,,,,False
C14-2018-0112,2019-02-07T00:00:00.000,,,,False
C14-2019-0029,2019-08-08T00:00:00.000,,,,False
C14-2020-0012,2020-04-23T00:00:00.000,,,,False
C14-2017-0130,2018-04-12T00:00:00.000,,,,False
C14-2013-0135,2013-12-12T00:00:00.000,,,,False
C14-2016-0079,2018-06-28T00:00:00.000,,,,False
C14-2014-0111,2014-12-11T00:00:00.000,,,,False
C14-2012-0101,2013-02-14T00:00:00.000,,,,False
C14-2017-0050,2017-11-09T00:00:00.000,,,,False
NPA-2013-0025.04,2013-06-06T00:00:00.000,,,,False
C14-2018-0080,2019-10-17T00:00:00.000,10.0,0.0,,True
C14-2010-0111,2010-11-04T00:00:00.000,,,,False
NPA-2019-0003.01,2020-02-06T00:00:00.000,,,,False
C14-2016-0051,2016-12-15T00:00:00.000,,,,False
NPA-2014-0020.01,2014-10-23T00:00:00.000,,,,False
C14-2011-0109,2012-05-24T00:00:00.000,,,,False
C14H-2017-0082,2017-11-09T00:00:00.000,,,,False
C14H-2018-0082,2018-11-01T00:00:00.000,,,,False
NPA-2018-0021.02,2020-03-26T00:00:00.000,,,,False
C14-2019-0029,2020-03-26T00:00:00.000,,,,False
C14H-2010-0008,2011-01-13T00:00:00.000,,,,False
C14-2020-0015,2020-04-23T00:00:00.000,,,,False
C14-2014-0182,2015-03-26T00:00:00.000,,,,False
C14-2014-0144,2014-11-06T00:00:00.000,,,,False
C14-2014-0040,2014-06-12T00:00:00.000,,,,False
C14-2011-0135,2011-12-15T00:00:00.000,,,,False
C14-2019-0054,2019-06-20T00:00:00.000,,,,False
C14-2017-0115,2018-02-01T00:00:00.000,,,,False
C14-2018-0116,2019-01-31T00:00:00.000,,,,False
C14-2014-0037,2014-05-15T00:00:00.000,,,,False
NPA-2012-0018.02,2012-09-27T00:00:00.000,,,,False
C14-2010-0106,2010-10-28T00:00:00.000,,,,False
C14-2014-0009,2014-08-07T00:00:00.000,7.0,0.0,,True
C14-2009-0156,2010-04-29T00:00:00.000,,,,False
C14H-2009-0026,2011-03-10T00:00:00.000,,,,False
C14-2015-0119,2016-10-13T00:00:00.000,,,,False
C14-2014-0008,2014-05-01T00:00:00.000,7.0,0.0,,True
C14-2014-0017,2014-05-01T00:00:00.000,7.0,0.0,,True
C814-2014-0120,2016-10-13T00:00:00.000,,,,False
C14-2014-0170,2015-02-12T00:00:00.000,,,,False
C14-2013-0043,2013-10-17T00:00:00.000,7.0,0.0,,True
C14-72-204,2015-02-26T00:00:00.000,,,,False
C14-2013-0018,2013-06-06T00:00:00.000,,,,False
C814-2012-0160,2019-06-20T00:00:00.000,5.0,2.0,"Morrison, Tovo",True
C14H-2019-0148,2020-01-23T00:00:00.000,,,,False
C14-2011-0148,2012-01-12T00:00:00.000,,,,False
C14-2013-0064,2013-11-21T00:00:00.000,6.0,1.0,,True
C14R-85-023.01,2011-12-08T00:00:00.000,,,,False
C14-2010-0052,2010-09-23T00:00:00.000,,,,False
NPA-2018-0016.01,2018-12-13T00:00:00.000,,,,False
C14-2017-0066,2019-01-31T00:00:00.000,,,,False
C14-2013-0060,2013-10-17T00:00:00.000,7.0,0.0,,True
C14H-2010-0006,2015-09-17T00:00:00.000,,,,False
C14H-2015-0007,2016-02-11T00:00:00.000,,,,False
C14-2019-0078,2019-09-19T00:00:00.000,,,,False
C14-2014-0154,2015-02-12T00:00:00.000,,,,False
C14H-2018-0105,2018-11-01T00:00:00.000,,,,False
C14-2019-0087,2019-09-19T00:00:00.000,,,,False
C14-2011-0117,2011-11-10T00:00:00.000,,,,False
C814-2012-0160,2019-10-17T00:00:00.000,5.0,2.0,"Morrison, Tovo",True
NPA-2016-0005.02,2017-09-28T00:00:00.000,,,,False
C14-2017-0138,2018-05-24T00:00:00.000,,,,False
C14-2016-0078,2016-11-10T00:00:00.000,,,,False
C14-2010-0104,2010-10-28T00:00:00.000,,,,False
C14-2017-0138,2019-02-21T00:00:00.000,,,,False
C14-2019-0056,2019-06-06T00:00:00.000,,,,False
C14-2015-0154,2016-03-24T00:00:00.000,10.0,0.0,,True
C814-2014-0120,2017-04-13T00:00:00.000,,,,False
C14-91-0038,2016-03-31T00:00:00.000,,,,False
C14-2017-0109,2018-02-01T00:00:00.000,,,,False
C814-2012-0085.01,2014-05-15T00:00:00.000,,,,False
NPA-2010-0021.01,2011-01-13T00:00:00.000,7.0,0.0,,True
C14-2010-0044,2010-08-26T00:00:00.000,6.0,0.0,,True
C14-2012-0048,2012-06-14T00:00:00.000,,,,False
C14-2010-0193,2011-02-17T00:00:00.000,,,,False
C14-2017-0125,2018-03-08T00:00:00.000,,,,False
C14-2014-0061,2014-06-26T00:00:00.000,,,,False
C14-2011-0115,2012-04-26T00:00:00.000,7.0,0.0,,True
C14-2013-0079,2013-08-29T00:00:00.000,,,,False
C14-2015-0153,2016-03-24T00:00:00.000,,,,False
NPA-2014-0027.01,2014-05-15T00:00:00.000,,,,False
C14-2018-0120,2019-03-28T00:00:00.000,,,,False
C14-2018-0061,2018-11-29T00:00:00.000,10.0,0.0,,True
C14-2018-0080,2019-08-08T00:00:00.000,10.0,0.0,,True
C14-2013-0048,2013-10-24T00:00:00.000,,,,False
C14-2015-0062,2018-10-18T00:00:00.000,,,,False
NPA-2010-0002.01,2010-11-04T00:00:00.000,,,,False
C14-2011-0086,2011-12-08T00:00:00.000,,,,False
C14-2014-0115,2015-02-26T00:00:00.000,,,,False
C814-2014-0110.SH,2014-12-11T00:00:00.000,7.0,0.0,,True
C14-2014-0172,2015-05-14T00:00:00.000,,,,False
NPA-2016-0010.02,2016-08-11T00:00:00.000,10.0,0.0,,True
C14-2016-0046,2016-10-13T00:00:00.000,11.0,0.0,,True
C14-2017-0138,2019-01-31T00:00:00.000,,,,False
C14H-2010-0033,2011-02-10T00:00:00.000,,,,False
C14-2018-0141,2019-06-06T00:00:00.000,,,,False
C14-2010-0026,2010-05-27T00:00:00.000,,,,False
C814-95-0002.10,2011-11-10T00:00:00.000,,,,False
C14-2015-0118,2015-12-10T00:00:00.000,,,,False
C14-2013-0097,2013-11-21T00:00:00.000,,,,False
C14-2018-0065,2019-03-28T00:00:00.000,,,,False
C14-2014-0150,2015-08-13T00:00:00.000,11.0,0.0,,True
C14-2012-0130,2013-01-17T00:00:00.000,,,,False
C14-2019-0146,2020-01-23T00:00:00.000,,,,False
NPA-2011-0023.01,2012-03-22T00:00:00.000,,,,False
C14H-2017-0055,2019-01-31T00:00:00.000,,,,False
C14-2018-0026,2019-09-19T00:00:00.000,9.0,2.0,"Garza, Casar",True
NPA-2011-0023.01,2012-02-02T00:00:00.000,,,,False
C14-2011-0146,2013-03-21T00:00:00.000,,,,False
C14-2016-0135,2017-08-03T00:00:00.000,,,,False
C14-2018-0031,2018-06-14T00:00:00.000,,,,False
C14-2018-0037,2018-11-29T00:00:00.000,11.0,0.0,,True
C14-2010-0185,2011-02-10T00:00:00.000,,,,False
C14-2011-0136,2012-01-12T00:00:00.000,6.0,0.0,,True
C14-2016-0051,2016-11-10T00:00:00.000,,,,False
NPA-2014-0009.01,2015-05-28T00:00:00.000,,,,False
C14-2015-0160,2016-11-03T00:00:00.000,11.0,0.0,,True
C14-2010-0043,2010-07-29T00:00:00.000,,,,False
C14-2011-0065,2013-01-17T00:00:00.000,,,,False
C14-2011-0131,2012-04-26T00:00:00.000,,,,False
C14-2019-0029,2019-10-17T00:00:00.000,,,,False
NPA-2016-0016.01,2017-12-07T00:00:00.000,,,,False
C14-2015-0104,2016-11-10T00:00:00.000,,,,False
C14-2014-0119,2014-09-25T00:00:00.000,,,,False
C14-2019-0151,2020-04-09T00:00:00.000,,,,False
C14-2015-0165,2016-03-24T00:00:00.000,10.0,0.0,,True
C14-2017-0122,2018-03-08T00:00:00.000,,,,False
C14-2010-0118,2010-11-18T00:00:00.000,6.0,1.0,"; Morrison, nay",True
C14-2019-0014,2019-06-06T00:00:00.000,,,,False
C14-2018-0133,2019-02-07T00:00:00.000,,,,False
NPA-2018-0026.02,2018-09-20T00:00:00.000,,,,False
C14-2015-0104,2016-08-11T00:00:00.000,,,,False
C14-2017-0149,2018-06-28T00:00:00.000,,,,False
NPA-2016-0002.01,2018-05-24T00:00:00.000,,,,False
C14-2015-0094,2015-12-17T00:00:00.000,,,,False
C14-2014-0087,2014-08-07T00:00:00.000,,,,False
C14-2011-0075,2011-11-10T00:00:00.000,,,,False
C14-2009-0089,2010-06-10T00:00:00.000,7.0,0.0,,True
C14-2010-0063,2010-12-16T00:00:00.000,,,,False
C14-2013-0036,2013-05-23T00:00:00.000,,,,False
C14-2018-0074,2019-02-21T00:00:00.000,,,,False
C814-95-0002.10,2011-12-08T00:00:00.000,,,,False
C14-2014-0017,2014-09-25T00:00:00.000,7.0,0.0,,True
C14-2013-0082,2013-09-26T00:00:00.000,,,,False
C14-2012-0083,2013-06-06T00:00:00.000,,,,False
C14-2016-0021,2016-10-13T00:00:00.000,,,,False
C14-2010-0108,2010-11-18T00:00:00.000,,,,False
NPA-2014-0016.02,2014-11-20T00:00:00.000,,,,False
C14-2017-0091,2017-10-05T00:00:00.000,,,,False
C14-2019-0144,2019-12-05T00:00:00.000,,,,False
C14-2012-0017,2012-04-26T00:00:00.000,,,,False
NPA-2012-0005.02,2012-09-27T00:00:00.000,,,,False
C14-2019-0050,2019-06-06T00:00:00.000,,,,False
C14-2019-0165,2020-03-12T00:00:00.000,11.0,0.0,,True
C14-2015-0144,2016-04-14T00:00:00.000,,,,False
C14-2016-0090,2017-05-18T00:00:00.000,,,,False
NPA-2019-0021.02,2020-04-09T00:00:00.000,,,,False
NPA-2014-0029.01,2014-11-20T00:00:00.000,,,,False
C14-2012-0028,2013-04-11T00:00:00.000,,,,False
C14-2017-0037,2017-06-08T00:00:00.000,,,,False
C14-2009-0151,2013-04-25T00:00:00.000,,,,False
C14-2013-0081,2014-02-27T00:00:00.000,,,,False
C14-2017-0064,2017-08-03T00:00:00.000,,,,False
NPA-2015-0007.01,2015-08-13T00:00:00.000,11.0,0.0,,True
C14-2017-0066,2018-11-01T00:00:00.000,,,,False
C14-2017-0085,2017-11-09T00:00:00.000,10.0,1.0,,True
C14-2013-0092,2014-03-20T00:00:00.000,,,,False
C14-2018-0069,2018-10-18T00:00:00.000,10.0,0.0,,True
C14-2017-0105,2018-03-08T00:00:00.000,,,,False
C14H-2010-0016,2010-08-26T00:00:00.000,,,,False
C14-2015-0130,2015-11-12T00:00:00.000,,,,False
C14-2010-0052,2010-08-19T00:00:00.000,,,,False
C14-2010-0078,2010-08-26T00:00:00.000,,,,False
C14-2014-0035,2014-05-22T00:00:00.000,,,,False
C14-2014-0179,2015-02-12T00:00:00.000,,,,False
NPA-2015-0008.01,2016-06-16T00:00:00.000,,,,False
C14-2017-0094,2018-06-28T00:00:00.000,,,,False
C14H-2018-0013,2018-05-10T00:00:00.000,,,,False
C14-2014-0135,2014-11-20T00:00:00.000,,,,False
C14-2017-0022,2019-08-08T00:00:00.000,,,,False
C14-2010-0030,2010-05-13T00:00:00.000,,,,False
C14-2015-0094,2015-12-10T00:00:00.000,,,,False
C14-2018-0072,2018-10-04T00:00:00.000,,,,False
C14-2010-0161,2010-12-09T00:00:00.000,,,,False
C14-2018-0119,2019-01-31T00:00:00.000,,,,False
NPA-2019-0012.02,2020-02-20T00:00:00.000,,,,False
C14-2014-0143,2014-11-20T00:00:00.000,,,,False
C14-2010-0145,2011-04-07T00:00:00.000,,,,False
C14-2011-0055,2011-11-03T00:00:00.000,,,,False
C14-2016-0009,2016-05-12T00:00:00.000,,,,False
C14-2011-0049,2011-09-22T00:00:00.000,7.0,0.0,,True
C14-2012-0129,2013-01-17T00:00:00.000,,,,False
C14-2015-0100,2015-11-12T00:00:00.000,,,,False
C14-2010-0135,2011-02-10T00:00:00.000,,,,False
C14-2017-0040,2017-10-12T00:00:00.000,9.0,0.0,,True
C14-2014-0165,2015-05-14T00:00:00.000,,,,False
C14-2014-0036,2014-09-25T00:00:00.000,,,,False
NPA-2013-0009.01,2013-10-03T00:00:00.000,,,,False
C14-2014-0112,2014-12-11T00:00:00.000,6.0,0.0,,True
C14-2018-0029,2018-06-28T00:00:00.000,,,,False
C14-2018-0115,2019-04-25T00:00:00.000,11.0,0.0,,True
C14-2019-0088,2019-10-03T00:00:00.000,11.0,0.0,,True
C14-2013-0144,2014-01-30T00:00:00.000,,,,False
C14-2013-0021,2014-01-23T00:00:00.000,,,,False
C14-2011-0125,2011-12-08T00:00:00.000,,,,False
C14H-2017-0129,2018-08-30T00:00:00.000,,,,False
C14-2019-0103,2020-02-06T00:00:00.000,,,,False
C14-2016-0111,2017-11-09T00:00:00.000,,,,False
C14-2011-0141,2013-04-11T00:00:00.000,5.0,2.0,"Lee Leffingwell, Tovo",True
C14-2013-0045,2013-08-29T00:00:00.000,7.0,0.0,,True
NPA-2019-0005.02,2019-08-08T00:00:00.000,,,,False
C14-2011-0055,2011-09-22T00:00:00.000,,,,False
C14-2014-0100,2014-08-28T00:00:00.000,7.0,0.0,,True
NPA-2014-0020.01,2014-11-06T00:00:00.000,,,,False
C14-2012-0049,2012-12-13T00:00:00.000,,,,False
C14-2016-0116,2017-01-26T00:00:00.000,11.0,0.0,,True
C14H-2011-0003,2011-12-15T00:00:00.000,,,,False
C14-2014-0008,2014-05-15T00:00:00.000,7.0,0.0,,True
C14H-2017-0055,2017-09-28T00:00:00.000,,,,False
C14-2012-0147,2013-03-07T00:00:00.000,,,,False
C14-2019-0007,2019-09-19T00:00:00.000,,,,False
C14-2017-0109,2017-12-14T00:00:00.000,,,,False
C14-2014-0103,2014-10-16T00:00:00.000,7.0,0.0,,True
C14H-2015-0007,2016-06-16T00:00:00.000,,,,False
C14-2019-0053,2020-02-20T00:00:00.000,,,,False
C14-2014-0094,2014-08-07T00:00:00.000,,,,False
C14-2018-0107,2018-12-13T00:00:00.000,,,,False
NPA-2013-0011.02,2013-06-06T00:00:00.000,,,,False
NPA-2017-0016.03,2019-01-31T00:00:00.000,,,,False
C14-2016-0037,2016-10-13T00:00:00.000,9.0,0.0,,True
NPA-2016-0020.01,2016-06-16T00:00:00.000,,,,False
C14-2016-0036,2016-08-11T00:00:00.000,,,,False
C14-2011-0083,2012-01-12T00:00:00.000,,,,False
C14-2011-0049,2011-11-10T00:00:00.000,7.0,0.0,,True
C14-2012-0006,2012-05-24T00:00:00.000,7.0,0.0,,True
C14-2017-0067,2018-02-01T00:00:00.000,,,,False
C14-2018-0074,2018-11-01T00:00:00.000,,,,False
C14-2011-0153,2012-01-12T00:00:00.000,7.0,0.0,,True
C14-2017-0139,2018-05-24T00:00:00.000,10.0,1.0,,True
C14-2018-0001,2019-01-31T00:00:00.000,,,,False
C14-2014-0152,2014-11-06T00:00:00.000,,,,False
C14-2013-0039,2013-08-08T00:00:00.000,,,,False
C14-2017-0042,2017-10-05T00:00:00.000,8.0,3.0,,True
NPA-2014-0022.02,2014-11-06T00:00:00.000,,,,False
C14-2011-0049,2011-12-08T00:00:00.000,7.0,0.0,,True
C14-2013-0137,2013-12-12T00:00:00.000,,,,False
C14-2015-0153,2016-05-12T00:00:00.000,,,,False
C14-2014-0099,2014-10-23T00:00:00.000,,,,False
NPA-2010-0018.03,2011-04-28T00:00:00.000,,,,False
C14-2011-0014,2011-04-21T00:00:00.000,,,,False
C14-2010-0113,2010-11-04T00:00:00.000,,,,False
C14-2013-0113,2014-11-20T00:00:00.000,7.0,0.0,,True
C14-2016-0064,2016-10-13T00:00:00.000,,,,False
NPA-2016-0016.01,2018-06-28T00:00:00.000,,,,False
C14-2015-0110,2015-11-12T00:00:00.000,,,,False
NPA-2015-0015.02,2015-11-12T00:00:00.000,,,,False
C14-2016-0085,2017-11-09T00:00:00.000,,,,False
NPA-2018-0021.01,2019-02-07T00:00:00.000,,,,False
C14-2014-0170,2015-01-29T00:00:00.000,,,,False
C14-2017-0009,2017-05-04T00:00:00.000,,,,False
C14-2018-0080,2019-03-28T00:00:00.000,10.0,0.0,,True
C14-2010-0195,2011-01-13T00:00:00.000,7.0,0.0,,True
C14-2011-0146,2012-02-09T00:00:00.000,,,,False
C14-2016-0085,2016-12-08T00:00:00.000,,,,False
C814-2008-0145,2011-01-13T00:00:00.000,,,,False
NPA-2017-0021.01,2019-06-06T00:00:00.000,,,,False
C14-2013-0053,2013-08-22T00:00:00.000,7.0,0.0,,True
C14-2019-0152,2020-02-20T00:00:00.000,,,,False
C14-2011-0133,2012-03-08T00:00:00.000,,,,False
C14-2012-0051,2012-08-23T00:00:00.000,,,,False
C14-2014-0105,2014-09-25T00:00:00.000,,,,False
NPA-2016-0005.02,2016-12-08T00:00:00.000,,,,False
C14-2017-0106,2018-02-01T00:00:00.000,,,,False
C14-2016-0110,2016-12-08T00:00:00.000,,,,False
NPA-2016-0021.01,2016-11-10T00:00:00.000,,,,False
C14-2014-0117,2014-11-06T00:00:00.000,7.0,0.0,,True
C14-2015-0047,2015-11-12T00:00:00.000,,,,False
C14-2010-0035,2010-07-29T00:00:00.000,,,,False
C14-2018-0142,2019-04-11T00:00:00.000,,,,False
C14-2015-0079,2015-08-13T00:00:00.000,,,,False
C14-2016-0020,2017-04-06T00:00:00.000,,,,False
NPA-2016-0025.02,2016-10-13T00:00:00.000,,,,False
C14-2019-0078,2019-11-14T00:00:00.000,,,,False
C14-2014-0186,2015-09-17T00:00:00.000,,,,False
C14-2011-0167,2012-03-08T00:00:00.000,,,,False
NPA-2017-0025.01,2017-08-03T00:00:00.000,,,,False
NPA-2015-0029.01,2015-10-01T00:00:00.000,,,,False
C14-2010-0101,2011-02-17T00:00:00.000,,,,False
C14-2019-0064,2019-06-20T00:00:00.000,,,,False
NPA-2018-0007.01,2018-06-14T00:00:00.000,,,,False
C14-2016-0117,2017-01-26T00:00:00.000,,,,False
C14-2011-0134,2013-01-31T00:00:00.000,,,,False
NPA-2010-0005.02,2011-02-17T00:00:00.000,,,,False
C14-2015-0031.SH,2015-05-14T00:00:00.000,,,,False
C14-2016-0070,2016-12-08T00:00:00.000,,,,False
C14-2012-0046,2012-12-13T00:00:00.000,,,,False
C14-2014-0030.SH,2014-08-07T00:00:00.000,7.0,0.0,,True
C14-2017-0020,2017-05-18T00:00:00.000,,,,False
C14-2010-0100,2010-09-23T00:00:00.000,7.0,0.0,,True
C14-2016-0065,2017-03-02T00:00:00.000,,,,False
C14-2012-0073,2012-09-27T00:00:00.000,,,,False
C14-2018-0053,2018-10-04T00:00:00.000,,,,False
C14-2013-0064,2013-09-26T00:00:00.000,6.0,1.0,,True
C14-2014-0146,2014-11-20T00:00:00.000,,,,False
C14-2016-0071,2017-01-26T00:00:00.000,,,,False
C14-2017-0100,2018-08-09T00:00:00.000,,,,False
C14-2018-0109,2019-04-25T00:00:00.000,,,,False
NPA-2011-0005.01,2011-05-12T00:00:00.000,,,,False
C14-2010-0078,2010-10-28T00:00:00.000,,,,False
C14-2007-0087,2018-08-23T00:00:00.000,,,,False
NPA-2019-0010.01,2019-10-17T00:00:00.000,,,,False
C14-2011-0047,2011-12-15T00:00:00.000,,,,False
C14-2013-0134,2014-05-15T00:00:00.000,,,,False
NPA-2015-0015.03,2016-11-10T00:00:00.000,,,,False
C14-2019-0134,2019-12-05T00:00:00.000,,,,False
C14-2011-0047,2011-10-20T00:00:00.000,,,,False
C14-2018-0057,2018-10-04T00:00:00.000,,,,False
C14-2016-0085,2017-08-31T00:00:00.000,,,,False
C14-2014-0179,2015-01-29T00:00:00.000,,,,False
C14-2016-0134,2017-04-13T00:00:00.000,10.0,0.0,,True
C14-2013-0085,2013-09-26T00:00:00.000,7.0,0.0,,True
C14-2016-0079,2018-04-12T00:00:00.000,,,,False
NPA-2017-0005.03,2017-12-07T00:00:00.000,,,,False
C14-2016-0018,2016-06-16T00:00:00.000,,,,False
NPA-2011-0023.01,2011-12-08T00:00:00.000,,,,False
C14-2016-0090,2018-06-14T00:00:00.000,,,,False
NPA-2019-0027.02,2019-12-05T00:00:00.000,,,,False
C14-2013-0106,2013-12-12T00:00:00.000,,,,False
C14-2020-0025,2020-04-23T00:00:00.000,,,,False
C14-2015-0109,2015-12-10T00:00:00.000,,,,False
NPA-2019-0008.01,2020-01-23T00:00:00.000,,,,False
C14-2017-0088,2017-12-07T00:00:00.000,,,,False
C14-2017-0002,2017-06-15T00:00:00.000,,,,False
C14-2014-0103,2014-09-25T00:00:00.000,7.0,0.0,,True
C14-2013-0027,2013-10-17T00:00:00.000,7.0,0.0,,True
C14-2011-0165,2012-06-07T00:00:00.000,,,,False
C14-2010-0137,2010-11-04T00:00:00.000,,,,False
NPA-2011-0016.02,2012-02-02T00:00:00.000,,,,False
C14-2016-0077,2017-03-02T00:00:00.000,,,,False
C814-88-0001.10,2014-01-23T00:00:00.000,,,,False
C14-2011-0086,2011-11-03T00:00:00.000,,,,False
C14-2012-0113,2013-02-14T00:00:00.000,,,,False
C14-2017-0074,2017-11-02T00:00:00.000,,,,False
C14-2017-0066,2018-09-20T00:00:00.000,,,,False
C14-2013-0064,2013-10-24T00:00:00.000,6.0,1.0,,True
NPA-2016-0022.01,2017-02-16T00:00:00.000,,,,False
C14-2016-0031,2016-06-16T00:00:00.000,,,,False
C14-2017-0106,2018-06-14T00:00:00.000,,,,False
C14-2013-0138,2014-02-13T00:00:00.000,6.0,0.0,,True
NPA-2017-0018.01,2019-06-06T00:00:00.000,,,,False
C14-2008-0159,2013-03-07T00:00:00.000,,,,False
C14-2019-0165,2020-04-23T00:00:00.000,11.0,0.0,,True
C14-2012-0140,2013-06-06T00:00:00.000,,,,False
NPA-2012-0019.04,2012-08-16T00:00:00.000,,,,False
C14-2015-0007,2015-03-26T00:00:00.000,,,,False
C14-2019-0164,2020-03-26T00:00:00.000,10.0,0.0,,True
C14-2013-0006,2013-10-17T00:00:00.000,,,,False
C14-2013-0012,2013-06-20T00:00:00.000,,,,False
C14-2015-0093,2015-12-10T00:00:00.000,,,,False
C14-2018-0124,2019-10-31T00:00:00.000,9.0,2.0,"Council members Alter, Pool",True
NPA-2016-0005.03,2017-05-04T00:00:00.000,10.0,1.0,( Tovo ),True
C14-2015-0025,2015-10-01T00:00:00.000,9.0,0.0,,True
C14-2015-0066,2015-08-13T00:00:00.000,,,,False
C14-2014-0088,2014-11-06T00:00:00.000,,,,False
C14-2013-0136,2014-02-13T00:00:00.000,,,,False
C14-2012-0141,2013-02-28T00:00:00.000,,,,False
C14-2019-0053,2019-12-05T00:00:00.000,,,,False
NPA-2011-0002.01,2013-08-08T00:00:00.000,,,,False
C14-2017-0026,2017-09-28T00:00:00.000,,,,False
C14-2016-0070,2017-02-16T00:00:00.000,,,,False
NPA-2012-0021.02,2013-03-28T00:00:00.000,,,,False
NPA-2016-0016.01,2017-05-18T00:00:00.000,,,,False
C14-2012-0067,2012-10-18T00:00:00.000,,,,False
C14-2017-0072,2017-11-09T00:00:00.000,,,,False
NPA-2013-0011.02,2014-01-23T00:00:00.000,,,,False
C14-2018-0124,2019-04-11T00:00:00.000,9.0,2.0,"Council members Alter, Pool",True
C14-2011-0005,2011-05-12T00:00:00.000,,,,False
C14-2010-0052,2010-07-29T00:00:00.000,,,,False
C14-2018-0120,2019-02-21T00:00:00.000,,,,False
C14-2010-0160,2010-12-09T00:00:00.000,,,,False
C14-2018-0089,2019-10-17T00:00:00.000,,,,False
C14-2014-0095,2014-08-07T00:00:00.000,7.0,0.0,,True
C14-2017-0094,2018-05-10T00:00:00.000,,,,False
C14H-2010-0006,2010-08-19T00:00:00.000,,,,False
C14-2012-0114,2013-01-17T00:00:00.000,,,,False
NPA-2014-0009.01,2015-05-14T00:00:00.000,,,,False
C14-2016-0079,2017-08-03T00:00:00.000,,,,False
C14-2013-0083,2014-04-17T00:00:00.000,,,,False
C14-2016-0020,2017-01-26T00:00:00.000,,,,False
C14-2017-0148,2019-12-05T00:00:00.000,,,,False
C14H-2013-0004,2013-12-12T00:00:00.000,,,,False
C14-2014-0192,2015-02-12T00:00:00.000,11.0,0.0,,True
C14-2017-0126,2018-02-01T00:00:00.000,,,,False
C14-2017-0074,2017-12-07T00:00:00.000,,,,False
C14-2013-0115,2013-12-12T00:00:00.000,,,,False
C14H-2018-0010,2018-05-10T00:00:00.000,,,,False
NPA-2012-0016.01.SH,2013-05-09T00:00:00.000,,,,False
C14-2016-0015,2016-05-12T00:00:00.000,11.0,0.0,,True
C14-2012-0006,2012-06-28T00:00:00.000,7.0,0.0,,True
NPA-2015-0017.01,2015-10-15T00:00:00.000,9.0,0.0,,True
C14-2017-0123,2018-03-08T00:00:00.000,,,,False
C14-2011-0048,2011-07-28T00:00:00.000,,,,False
C14-2014-0041,2014-11-20T00:00:00.000,,,,False
NPA-2012-0013.01,2012-06-28T00:00:00.000,,,,False
C14-2016-0106,2016-12-08T00:00:00.000,,,,False
C14-2018-0062,2018-11-15T00:00:00.000,,,,False
C14-2016-0033,2016-06-16T00:00:00.000,,,,False
C14-2016-0060,2016-08-11T00:00:00.000,,,,False
C14-2019-0030,2019-04-11T00:00:00.000,,,,False
C14-2015-0059,2015-10-15T00:00:00.000,11.0,0.0,,True
C814-06-0106.01,2013-09-26T00:00:00.000,,,,False
C14-2016-0058,2016-09-22T00:00:00.000,11.0,0.0,,True
C14-2010-0111,2010-11-18T00:00:00.000,,,,False
C14H-2015-0013,2016-02-11T00:00:00.000,,,,False
C14-2019-0137,2020-03-26T00:00:00.000,,,,False
C14-2012-0042,2012-08-02T00:00:00.000,,,,False
C14-2017-0118,2017-12-07T00:00:00.000,,,,False
C14-2015-0115,2015-11-12T00:00:00.000,,,,False
C14-2012-0054,2012-09-27T00:00:00.000,,,,False
C14-2012-0112,2013-04-25T00:00:00.000,,,,False
NPA-2016-0016.02,2018-02-01T00:00:00.000,,,,False
C14-2013-0076,2013-09-26T00:00:00.000,,,,False
C14-2013-0020,2013-06-20T00:00:00.000,7.0,0.0,,True
C14-2018-0009,2018-04-26T00:00:00.000,,,,False
C14-2012-0015,2012-04-05T00:00:00.000,7.0,0.0,,True
NPA-2017-0016.05,2018-04-26T00:00:00.000,,,,False
C14-2015-0059,2015-08-13T00:00:00.000,11.0,0.0,,True
C14-2014-0032,2014-09-25T00:00:00.000,,,,False
C14-2018-0124,2019-09-19T00:00:00.000,9.0,2.0,"Council members Alter, Pool",True
C14H-2010-0012,2010-11-04T00:00:00.000,,,,False
C14-2013-0081,2013-09-26T00:00:00.000,,,,False
C14-2014-0028,2014-11-06T00:00:00.000,,,,False
C14-2018-0061,2018-09-20T00:00:00.000,10.0,0.0,,True
NPA-2017-0005.04,2018-02-01T00:00:00.000,,,,False
C14-2010-0200,2011-04-07T00:00:00.000,,,,False
NPA-2015-0007.01,2015-10-15T00:00:00.000,11.0,0.0,,True
C14-2019-0115,2019-12-05T00:00:00.000,,,,False
C14-2008-0159,2012-10-11T00:00:00.000,,,,False
C14-2017-0041,2017-08-03T00:00:00.000,,,,False
C14-2016-0072,2016-11-10T00:00:00.000,,,,False
C14-2011-0079,2011-11-10T00:00:00.000,,,,False
C14H-2008-0027,2009-11-19T00:00:00.000,7.0,0.0,,True
C14-2009-0151,2010-05-27T00:00:00.000,,,,False
C14-2018-0102,2019-03-28T00:00:00.000,,,,False
C14H-2018-0084,2018-08-30T00:00:00.000,,,,False
C14-2011-0097,2011-11-03T00:00:00.000,,,,False
NPA-2017-0021.01,2018-09-20T00:00:00.000,,,,False
NPA-2019-0020.02,2019-06-20T00:00:00.000,,,,False
NPA-2014-0005.02,2014-11-20T00:00:00.000,,,,False
C14-2012-0090,2012-10-18T00:00:00.000,,,,False
C14-2018-0102,2019-03-07T00:00:00.000,,,,False
C14-2015-0006,2015-05-14T00:00:00.000,,,,False
C14-2010-0206,2011-12-08T00:00:00.000,,,,False
C14-2011-0165,2012-08-23T00:00:00.000,,,,False
C14-2017-0150,2018-04-26T00:00:00.000,,,,False
C14-2008-0159,2013-04-11T00:00:00.000,,,,False
C14-2015-0143,2016-02-11T00:00:00.000,,,,False
C14H-2015-0007,2015-08-13T00:00:00.000,,,,False
C14-2017-0116,2017-12-14T00:00:00.000,,,,False
C14-2009-0151,2014-11-20T00:00:00.000,,,,False
C14-2010-0146,2010-11-18T00:00:00.000,,,,False
NPA-2017-0029.01,2017-12-14T00:00:00.000,,,,False
C14-2014-0019,2014-09-25T00:00:00.000,6.0,1.0,Morrison,True
C14-2011-0066,2011-08-25T00:00:00.000,,,,False
C14-2015-0165,2016-04-14T00:00:00.000,10.0,0.0,,True
C14-2016-0080,2016-10-13T00:00:00.000,,,,False
C14-2014-0123,2014-12-11T00:00:00.000,5.0,1.0,Morrison,True
NPA-2016-0021.01,2017-02-16T00:00:00.000,,,,False
C14-2013-0112,2013-12-12T00:00:00.000,,,,False
C14-2019-0001,2019-09-19T00:00:00.000,11.0,0.0,,True
C14-2016-0110,2017-01-26T00:00:00.000,,,,False
C14-2016-0079,2017-06-22T00:00:00.000,,,,False
C14-2013-0057,2014-01-30T00:00:00.000,,,,False
NPA-2011-0023.01,2012-01-12T00:00:00.000,,,,False
C14-2016-0124,2017-03-02T00:00:00.000,11.0,0.0,,True
C14-2010-0138,2011-03-03T00:00:00.000,,,,False
NPA-2019-0014.02,2019-10-03T00:00:00.000,,,,False
C14-2013-0095,2013-09-26T00:00:00.000,,,,False
C14-2015-0119,2016-12-08T00:00:00.000,,,,False
C14-2019-0106,2019-12-05T00:00:00.000,,,,False
C14-2015-0094,2015-11-12T00:00:00.000,,,,False
C814-2012-0160,2013-03-28T00:00:00.000,5.0,2.0,"Morrison, Tovo",True
C14-2018-0024,2018-08-23T00:00:00.000,,,,False
NPA-2014-0019.01,2014-08-07T00:00:00.000,,,,False
NPA-2016-0013.01,2017-02-16T00:00:00.000,,,,False
C14-99-0132,2013-04-11T00:00:00.000,,,,False
C14-2012-0105,2012-11-08T00:00:00.000,,,,False
C14-2014-0088,2014-11-20T00:00:00.000,,,,False
C14-2012-0031,2012-08-16T00:00:00.000,,,,False
C14-2013-0146,2014-02-13T00:00:00.000,,,,False
C14-2013-0148,2014-02-13T00:00:00.000,,,,False
C14-2015-0062,2018-05-24T00:00:00.000,,,,False
C14H-2014-0004,2014-09-25T00:00:00.000,,,,False
C14-2012-0069,2012-09-27T00:00:00.000,,,,False
C14-2015-0162,2016-05-12T00:00:00.000,,,,False
C14-2011-0083,2011-11-03T00:00:00.000,,,,False
C814-2012-0160,2013-08-22T00:00:00.000,5.0,2.0,"Morrison, Tovo",True
C14-2014-0081,2014-11-06T00:00:00.000,,,,False
C14-2016-0041,2016-11-10T00:00:00.000,10.0,0.0,,True
C14-2019-0012,2019-06-20T00:00:00.000,,,,False
C14-2010-0175,2011-03-03T00:00:00.000,,,,False
C14-2013-0031,2013-10-03T00:00:00.000,,,,False
C14-2015-0025,2015-11-12T00:00:00.000,9.0,0.0,,True
C14-2011-0131,2013-01-17T00:00:00.000,,,,False
NPA-2016-0021.01,2017-01-26T00:00:00.000,,,,False
C814-2017-0001,2018-05-10T00:00:00.000,,,,False
C14-2013-0083,2014-03-06T00:00:00.000,,,,False
C14-2017-0123,2018-05-10T00:00:00.000,,,,False
C14-2018-0039,2018-10-04T00:00:00.000,,,,False
C14-2013-0113,2014-12-11T00:00:00.000,7.0,0.0,,True
NPA-2017-0021.01,2018-11-15T00:00:00.000,,,,False
C14-2014-0064,2014-06-26T00:00:00.000,,,,False
C14-2014-0021,2014-04-17T00:00:00.000,,,,False
C14-2015-0075,2015-08-13T00:00:00.000,,,,False
C14-2019-0072,2019-06-06T00:00:00.000,,,,False
C14-2010-0178,2011-01-13T00:00:00.000,,,,False
C814-90-0003.17,2012-09-27T00:00:00.000,,,,False
C814-89-0006.05,2014-08-07T00:00:00.000,,,,False
C14-2011-0126,2011-12-08T00:00:00.000,,,,False
NPA-2017-0015.03,2017-12-07T00:00:00.000,,,,False
C14-2017-0032,2017-06-22T00:00:00.000,,,,False
C14H-2010-0019,2010-12-16T00:00:00.000,,,,False
NPA-2016-0005.01,2017-01-26T00:00:00.000,,,,False
C14-2018-0063,2018-08-23T00:00:00.000,,,,False
C14-2014-0042,2014-06-12T00:00:00.000,,,,False
C14-2012-0032,2013-01-31T00:00:00.000,,,,False
NPA-2017-0021.01,2018-12-13T00:00:00.000,,,,False
NPA-2012-0023.01,2013-02-28T00:00:00.000,,,,False
NPA-2012-0019.01,2012-08-02T00:00:00.000,,,,False
C14-2017-0106,2018-04-26T00:00:00.000,,,,False
C14-2019-0029,2019-10-03T00:00:00.000,,,,False
C14-2019-0159,2020-04-09T00:00:00.000,,,,False
C14-2013-0111,2013-11-21T00:00:00.000,,,,False
C814-2012-0160,2013-05-23T00:00:00.000,5.0,2.0,"Morrison, Tovo",True
C14-2010-0019,2010-08-19T00:00:00.000,,,,False
C14-2018-0099,2019-01-31T00:00:00.000,,,,False
C14-2013-0009,2013-08-08T00:00:00.000,,,,False
C14-2018-0128,2019-03-07T00:00:00.000,,,,False
C14-2010-0190,2011-01-13T00:00:00.000,,,,False
C14-2010-0194,2011-04-07T00:00:00.000,,,,False
NPA-2010-0010.01,2010-12-16T00:00:00.000,,,,False
NPA-2016-0016.01,2017-10-19T00:00:00.000,,,,False
C14-2011-0144,2012-01-12T00:00:00.000,,,,False
C14-2019-0029,2020-04-09T00:00:00.000,,,,False
C14-2014-0045,2014-08-07T00:00:00.000,,,,False
C14-2015-0145,2016-02-11T00:00:00.000,,,,False
NPA-2016-0016.01,2017-08-31T00:00:00.000,,,,False
C14-2011-0133,2012-12-06T00:00:00.000,,,,False
C14-2019-0055,2019-06-06T00:00:00.000,,,,False
C14-2018-0087,2018-12-13T00:00:00.000,,,,False
C814-2012-0152,2016-11-10T00:00:00.000,10.0,0.0,,True
C14-2017-0097,2017-12-07T00:00:00.000,,,,False
NPA-2019-0008.01,2019-12-05T00:00:00.000,,,,False
C14-2015-0043,2015-08-13T00:00:00.000,,,,False
C14-2014-0029,2014-08-07T00:00:00.000,5.0,2.0,"Morrison, Tovo",True
C14-2011-0130.SH,2011-12-08T00:00:00.000,,,,False
C14-2019-0090,2019-10-17T00:00:00.000,,,,False
C14-2011-0041,2011-06-23T00:00:00.000,,,,False
C14-2016-0094,2017-03-23T00:00:00.000,,,,False
C14-2018-0004,2018-11-01T00:00:00.000,,,,False
C14-2010-0152,2010-10-28T00:00:00.000,,,,False
C14-2019-0104,2019-10-03T00:00:00.000,,,,False
C814-2012-0055,2014-05-01T00:00:00.000,,,,False
C14-2013-0056,2013-10-17T00:00:00.000,,,,False
C14-2010-0110,2010-10-28T00:00:00.000,,,,False
C14-2018-0115,2019-01-31T00:00:00.000,11.0,0.0,,True
C14-2012-0021,2012-08-16T00:00:00.000,,,,False
C14-2014-0060,2014-08-07T00:00:00.000,,,,False
C14-2011-0153,2012-01-26T00:00:00.000,7.0,0.0,,True
C14-2013-0026,2013-05-09T00:00:00.000,,,,False
C14-2011-0065,2012-03-08T00:00:00.000,,,,False
C14-2012-0140,2013-02-28T00:00:00.000,,,,False
C14-2017-0132,2018-04-12T00:00:00.000,,,,False
C14-2013-0096,2013-09-26T00:00:00.000,,,,False
C14-2015-0058,2015-08-13T00:00:00.000,,,,False
C14-2014-0122,2014-09-25T00:00:00.000,,,,False
C14-2017-0094,2019-03-28T00:00:00.000,,,,False
C14-2018-0028,2019-09-19T00:00:00.000,9.0,2.0,"Garza, Casar",True
C14-2011-0082,2011-12-08T00:00:00.000,,,,False
C14-2015-0005,2015-05-14T00:00:00.000,,,,False
C14-2010-0142,2010-09-23T00:00:00.000,,,,False
C14-2014-0148,2014-11-20T00:00:00.000,7.0,0.0,,True
C14-2016-0027,2016-06-16T00:00:00.000,,,,False
C14-2011-0085,2012-06-28T00:00:00.000,,,,False
NPA-2013-0025.03,2013-05-09T00:00:00.000,,,,False
C14-2014-0123,2014-11-06T00:00:00.000,5.0,1.0,Morrison,True
NPA-2016-0021.02,2016-10-13T00:00:00.000,,,,False
C14-2009-0078,2010-09-23T00:00:00.000,,,,False
NPA-2011-0015.02,2012-04-05T00:00:00.000,,,,False
C14-2010-0047,2010-11-18T00:00:00.000,,,,False
C14-2012-0063,2012-08-16T00:00:00.000,5.0,1.0,Riley ; Martinez was off the dais,True
C14-2019-0050,2019-06-20T00:00:00.000,,,,False
C14-2008-0159,2012-11-08T00:00:00.000,,,,False
NPA-2017-0016.02,2018-03-22T00:00:00.000,10.0,1.0,with Renteria,True
NPA-2019-0029.01,2019-06-20T00:00:00.000,,,,False
C14-2010-0087,2010-09-30T00:00:00.000,7.0,0.0,,True
C14-2018-0065,2019-03-07T00:00:00.000,,,,False
NPA-2014-0027.02,2014-12-11T00:00:00.000,7.0,0.0,,True
C14-2016-0076,2016-10-13T00:00:00.000,,,,False
C14-2010-0138,2011-12-08T00:00:00.000,,,,False
NPA-2018-0023.01,2018-11-29T00:00:00.000,11.0,0.0,,True
C14-2013-0098,2013-10-17T00:00:00.000,,,,False
C14H-2010-0003,2010-04-29T00:00:00.000,,,,False
C14-2019-0109,2020-01-23T00:00:00.000,,,,False
NPA-2016-0016.01,2017-06-22T00:00:00.000,,,,False
C14-2011-0087,2012-02-02T00:00:00.000,,,,False
C14-2019-0159,2020-02-20T00:00:00.000,,,,False
C14-2012-0112,2012-12-06T00:00:00.000,,,,False
C14-2010-0130,2010-10-14T00:00:00.000,,,,False
C14-2016-0077,2017-02-09T00:00:00.000,,,,False
C14-2018-0071,2019-02-07T00:00:00.000,,,,False
C14-2015-0129,2016-02-11T00:00:00.000,,,,False
C814-2014-0083,2015-08-13T00:00:00.000,11.0,0.0,,True
NPA-2017-0013.01,2017-08-03T00:00:00.000,,,,False
C14-2010-0034,2010-09-23T00:00:00.000,,,,False
C14-2010-0070,2010-06-24T00:00:00.000,,,,False
NPA-2013-0015.01,2013-09-26T00:00:00.000,,,,False
C14-2012-0033,2012-06-28T00:00:00.000,,,,False
NPA-2012-0019.01,2013-01-17T00:00:00.000,,,,False
C14-2010-0139,2010-11-18T00:00:00.000,,,,False
C14-2017-0072,2017-08-10T00:00:00.000,,,,False
C14-2019-0137,2020-04-23T00:00:00.000,,,,False
C14-2011-0100,2011-11-10T00:00:00.000,,,,False
NPA-2018-0021.03,2019-03-28T00:00:00.000,,,,False
NPA-2014-0022.02,2014-11-20T00:00:00.000,,,,False
C14-2017-0051,2017-08-03T00:00:00.000,,,,False
C14-2011-0162,2012-01-26T00:00:00.000,,,,False
C14-2016-0113,2017-05-04T00:00:00.000,,,,False
NPA-2015-0009.02,2015-11-12T00:00:00.000,,,,False
C14-2017-0140,2018-04-26T00:00:00.000,8.0,0.0,,True
C14-2014-0105,2014-10-02T00:00:00.000,,,,False
C14-2016-0027,2016-05-12T00:00:00.000,,,,False
C14-91-0038,2016-03-24T00:00:00.000,,,,False
C14-2014-0162,2014-12-11T00:00:00.000,,,,False
C14-2015-0161,2016-03-24T00:00:00.000,,,,False
C14-2016-0044,2016-08-11T00:00:00.000,,,,False
C814-2012-0085,2013-06-20T00:00:00.000,,,,False
C14-2019-0152,2020-04-23T00:00:00.000,,,,False
NPA-2016-0005.02,2017-08-03T00:00:00.000,,,,False
C814-2012-0163,2016-04-14T00:00:00.000,8.0,0.0,,True
C14-2017-0149,2018-04-26T00:00:00.000,,,,False
NPA-2012-0021.02,2013-03-07T00:00:00.000,,,,False
C14-2018-0022,2018-08-23T00:00:00.000,10.0,0.0,,True
C14-2013-0118,2014-08-28T00:00:00.000,,,,False
C814-2012-0055,2013-03-07T00:00:00.000,,,,False
C14-2019-0087,2019-10-03T00:00:00.000,,,,False
NPA-2014-0029.01,2015-06-11T00:00:00.000,,,,False
C14-2012-0114,2013-02-14T00:00:00.000,,,,False
C14-2018-0115,2019-03-28T00:00:00.000,11.0,0.0,,True
C14-2015-0072,2015-08-13T00:00:00.000,,,,False
C14-2010-0014,2010-10-28T00:00:00.000,,,,False
C14-2012-0052,2012-11-01T00:00:00.000,,,,False
C14-2016-0025,2016-08-11T00:00:00.000,,,,False
C14-2015-0020,2015-05-14T00:00:00.000,,,,False
C14-2016-0091,2016-11-10T00:00:00.000,11.0,0.0,,True
C14-2010-0087,2012-05-24T00:00:00.000,7.0,0.0,,True
C14-2018-0093,2019-01-31T00:00:00.000,,,,False
C14-2013-0118,2014-08-07T00:00:00.000,,,,False
C14-2013-0151,2014-02-13T00:00:00.000,,,,False
C14-2011-0083,2012-02-02T00:00:00.000,,,,False
C14-2013-0045,2013-08-08T00:00:00.000,7.0,0.0,,True
C14-2014-0095,2014-09-25T00:00:00.000,7.0,0.0,,True
C14-2019-0117,2019-10-31T00:00:00.000,,,,False
NPA-2017-0018.01,2020-02-20T00:00:00.000,,,,False
C14-2011-0065,2012-06-07T00:00:00.000,,,,False
C14H-2011-0004,2011-12-15T00:00:00.000,,,,False
C14-2015-0081,2015-10-08T00:00:00.000,,,,False
C14-2009-0102,2010-06-10T00:00:00.000,5.0,1.0,"Martinez-Nay, Shade-Abstain",True
C14-2012-0155,2013-02-28T00:00:00.000,,,,False
NPA-2016-0021.01,2016-10-13T00:00:00.000,,,,False
C14-2016-0049,2017-02-09T00:00:00.000,,,,False
C14-2018-0064,2019-04-11T00:00:00.000,,,,False
C14-2017-0071,2017-08-03T00:00:00.000,,,,False
NPA-2012-0025.03,2012-06-28T00:00:00.000,,,,False
C14-2016-0105,2017-03-23T00:00:00.000,,,,False
C14-04-0181.SH,2012-05-24T00:00:00.000,,,,False
C14-2012-0083,2013-05-23T00:00:00.000,,,,False
C14-2019-0163,2020-02-20T00:00:00.000,,,,False
NPA-2019-0005.03,2019-11-14T00:00:00.000,,,,False
NPA-2011-0025.02,2011-12-15T00:00:00.000,,,,False
C14-2016-0021,2017-01-26T00:00:00.000,,,,False
C14-2012-0054,2012-08-02T00:00:00.000,,,,False
C14-2009-0031,2009-11-05T00:00:00.000,4.0,3.0,"( Leffingwell, Morrison, Riley voted Nay)",True
C14-2019-0109,2020-02-06T00:00:00.000,,,,False
C14H-2014-0011,2014-12-11T00:00:00.000,,,,False
NPA-2011-0009.02,2012-04-05T00:00:00.000,,,,False
NPA-2014-0029.01,2015-04-02T00:00:00.000,,,,False
C814-95-0002.09,2010-09-30T00:00:00.000,7.0,0.0,,True
NPA-2016-0016.01,2017-09-28T00:00:00.000,,,,False
C14-2018-0122,2018-12-13T00:00:00.000,,,,False
C14H-2018-0015,2018-05-10T00:00:00.000,,,,False
C14-2016-0097,2017-01-26T00:00:00.000,,,,False
C14-2017-0096,2017-11-02T00:00:00.000,,,,False
C14-2013-0076,2013-10-03T00:00:00.000,,,,False
C14-2015-0035,2015-05-14T00:00:00.000,,,,False
C14-2013-0058,2013-06-20T00:00:00.000,,,,False
C14-2014-0127,2014-12-11T00:00:00.000,,,,False
C14-2011-0082,2012-02-02T00:00:00.000,,,,False
C14-2015-0080,2015-10-08T00:00:00.000,11.0,0.0,,True
C14-2018-0128,2019-10-03T00:00:00.000,,,,False
C14-2012-0151,2013-01-31T00:00:00.000,7.0,0.0,,True
C14-2015-0139,2016-02-11T00:00:00.000,,,,False
C14-2014-0108,2014-11-20T00:00:00.000,,,,False
NPA-2017-0005.04,2018-03-08T00:00:00.000,,,,False
C14-2016-0132,2017-02-16T00:00:00.000,,,,False
C14-2012-0060,2012-11-08T00:00:00.000,,,,False
C14-2017-0050,2017-08-03T00:00:00.000,,,,False
C814-2012-0085,2014-01-23T00:00:00.000,,,,False
NPA-2013-0019.01,2013-12-12T00:00:00.000,,,,False
NPA-2018-0005.01,2020-04-09T00:00:00.000,,,,False
C14-2018-0053,2018-08-23T00:00:00.000,,,,False
C14-2016-0102,2016-11-10T00:00:00.000,,,,False
C14H-2014-0013,2014-12-11T00:00:00.000,,,,False
C14-2013-0045,2013-09-26T00:00:00.000,7.0,0.0,,True
NPA-2014-0020.01,2014-09-25T00:00:00.000,,,,False
C14-2012-0028,2012-12-13T00:00:00.000,,,,False
NPA-2018-0021.01,2019-03-28T00:00:00.000,,,,False
C14-2012-0061,2012-09-27T00:00:00.000,,,,False
NPA-2016-0025.01,2016-10-13T00:00:00.000,10.0,0.0,,True
C14-2016-0039,2016-12-15T00:00:00.000,11.0,0.0,,True
C14-2011-0157,2012-03-22T00:00:00.000,,,,False
NPA-2016-0010.02,2016-12-08T00:00:00.000,10.0,0.0,,True
C14-2017-0118,2018-03-08T00:00:00.000,,,,False
C14-2014-0156,2014-11-20T00:00:00.000,7.0,0.0,,True
C14-2016-0002,2016-06-16T00:00:00.000,,,,False
C14-2016-0136,2018-04-12T00:00:00.000,,,,False
C14-2012-0150,2013-02-14T00:00:00.000,,,,False
C14-2013-0055,2013-09-26T00:00:00.000,,,,False
C14-2019-0082,2019-10-17T00:00:00.000,11.0,0.0,,True
C14-2015-0102,2015-12-10T00:00:00.000,,,,False
C14-2019-0082,2019-12-05T00:00:00.000,11.0,0.0,,True
C14-2019-0164,2020-04-23T00:00:00.000,10.0,0.0,,True
C14-2011-0096,2011-10-20T00:00:00.000,,,,False
C14H-2015-0007,2016-03-31T00:00:00.000,,,,False
C14-2015-0062,2016-05-12T00:00:00.000,,,,False
C14-2010-0115,2010-08-26T00:00:00.000,,,,False
NPA-2017-0005.03,2017-12-14T00:00:00.000,,,,False
C14-2017-0029,2017-06-15T00:00:00.000,11.0,0.0,,True
C14-2012-0006,2012-04-26T00:00:00.000,7.0,0.0,,True
C14-2016-0004,2016-04-14T00:00:00.000,,,,False
C14H-2017-0055,2018-06-28T00:00:00.000,,,,False
C14-2013-0042,2013-10-17T00:00:00.000,7.0,0.0,,True
C14-2015-0061,2015-12-10T00:00:00.000,,,,False
NPA-2013-0025.01,2013-11-21T00:00:00.000,6.0,1.0,Morrison voted Nay,True
C14-2015-0127,2015-11-12T00:00:00.000,,,,False
C14-2016-0075,2016-10-13T00:00:00.000,,,,False
NPA-2017-0016.03,2018-06-28T00:00:00.000,,,,False
C14-2019-0123,2020-01-23T00:00:00.000,,,,False
C14-2011-0102,2011-11-03T00:00:00.000,,,,False
C14-2012-0135,2013-02-14T00:00:00.000,,,,False
C14-2018-0043,2018-12-13T00:00:00.000,,,,False
C14-2017-0066,2018-06-14T00:00:00.000,,,,False
C14-2019-0006,2019-04-25T00:00:00.000,11.0,0.0,,True
C14-2019-0056,2019-06-20T00:00:00.000,,,,False
C14-2011-0110,2011-11-10T00:00:00.000,,,,False
C14-2011-0148,2012-03-01T00:00:00.000,,,,False
C14-2015-0160,2016-09-22T00:00:00.000,11.0,0.0,,True
C14-2019-0060,2019-06-06T00:00:00.000,,,,False
NPA-2016-0016.01,2018-04-12T00:00:00.000,,,,False
C14-2016-0093,2016-12-08T00:00:00.000,,,,False
C14-2018-0064,2018-12-13T00:00:00.000,,,,False
C14-2014-0011,2014-09-25T00:00:00.000,,,,False
C14-2011-0132,2012-04-26T00:00:00.000,,,,False
C14-2012-0095,2012-09-27T00:00:00.000,7.0,0.0,,True
C14-2017-0139,2018-05-10T00:00:00.000,10.0,1.0,,True
C14-2019-0058,2019-06-20T00:00:00.000,,,,False
C814-2012-0055,2013-10-03T00:00:00.000,,,,False
C14-2018-0141,2019-05-09T00:00:00.000,,,,False
C14-2018-0080,2019-10-03T00:00:00.000,10.0,0.0,,True
C14H-2015-0007,2016-03-24T00:00:00.000,,,,False
C14-2014-0100,2014-09-25T00:00:00.000,7.0,0.0,,True
C14-2017-0126,2017-12-07T00:00:00.000,,,,False
C14-2011-0091,2013-08-08T00:00:00.000,,,,False
C14-2011-0134,2012-09-27T00:00:00.000,,,,False
C14-2015-0050,2015-11-12T00:00:00.000,11.0,0.0,,True
C14-93-0090.01,2011-07-28T00:00:00.000,,,,False
C14-2017-0059,2017-08-31T00:00:00.000,,,,False
C14-2019-0169,2020-03-12T00:00:00.000,9.0,0.0,,True
C14-2013-0124,2013-12-12T00:00:00.000,,,,False
C14-2013-0105,2013-12-12T00:00:00.000,,,,False
C14-2016-0021,2017-11-02T00:00:00.000,,,,False
C14-2015-0019,2015-08-13T00:00:00.000,,,,False
C14-2010-0084,2010-08-26T00:00:00.000,,,,False
C14-2013-0040,2013-12-12T00:00:00.000,,,,False
NPA-2011-0010.01,2012-03-08T00:00:00.000,,,,False
C14-2018-0075,2018-11-01T00:00:00.000,,,,False
C14H-2016-0008,2016-10-13T00:00:00.000,,,,False
C14-2016-0131,2017-03-02T00:00:00.000,,,,False
C14-2016-0094,2018-08-30T00:00:00.000,,,,False
C14-2016-0124,2017-04-20T00:00:00.000,11.0,0.0,,True
C814-2012-0163,2016-06-16T00:00:00.000,8.0,0.0,,True
C14-2016-0091,2016-12-08T00:00:00.000,11.0,0.0,,True
C14-2010-0113,2010-10-14T00:00:00.000,,,,False
NPA-2012-0026.01,2012-06-28T00:00:00.000,,,,False
C14-2016-0069,2017-02-16T00:00:00.000,,,,False
C14-2017-0048,2017-08-03T00:00:00.000,,,,False
C14-2011-0134,2012-08-02T00:00:00.000,,,,False
C14-2011-0111,2011-11-03T00:00:00.000,,,,False
C14-2016-0059,2016-08-11T00:00:00.000,11.0,0.0,,True
C14-2014-0158,2015-02-12T00:00:00.000,,,,False
C14-2016-0026,2016-06-16T00:00:00.000,11.0,0.0,,True
C14-2010-0034,2010-12-09T00:00:00.000,,,,False
C14-2017-0050,2018-06-28T00:00:00.000,,,,False
C14-2012-0103,2012-11-01T00:00:00.000,,,,False
C814-2012-0128.SH,2013-05-09T00:00:00.000,,,,False
C14-2009-0135,2010-07-29T00:00:00.000,6.0,0.0,,True
C14-2016-0082,2016-10-13T00:00:00.000,,,,False
C14-2017-0148,2020-03-26T00:00:00.000,,,,False
C14-2019-0110,2020-02-20T00:00:00.000,,,,False
C14-2017-0083,2017-09-28T00:00:00.000,,,,False
NPA-2014-0017.01,2014-10-16T00:00:00.000,,,,False
C14-2013-0084,2013-10-24T00:00:00.000,7.0,0.0,,True
C14-2015-0160,2016-10-06T00:00:00.000,11.0,0.0,,True
C14-2012-0108,2012-11-08T00:00:00.000,,,,False
C14-2015-0061,2015-12-17T00:00:00.000,,,,False
C14-2011-0050,2011-12-08T00:00:00.000,,,,False
C14H-2017-0011,2017-03-23T00:00:00.000,,,,False
NPA-2017-0016.04,2018-03-01T00:00:00.000,8.0,0.0,,True
NPA-2018-0026.02,2018-08-09T00:00:00.000,,,,False
NPA-2017-0002.01,2018-03-08T00:00:00.000,,,,False
C814-2012-0085.01,2014-11-20T00:00:00.000,,,,False
C14H-2014-0014,2015-10-15T00:00:00.000,,,,False
C14-2014-0175,2015-02-12T00:00:00.000,,,,False
C14-2016-0136,2018-03-08T00:00:00.000,,,,False
C14-2016-0065,2016-09-22T00:00:00.000,,,,False
C14-2019-0029,2019-05-23T00:00:00.000,,,,False
NPA-2018-0005.01,2020-03-12T00:00:00.000,,,,False
C14-2012-0100,2013-05-23T00:00:00.000,,,,False
C14-2017-0105,2017-12-07T00:00:00.000,,,,False
C14H-2019-0112,2019-09-19T00:00:00.000,,,,False
C14-05-0120,2013-08-08T00:00:00.000,,,,False
C14-2010-0024,2010-11-18T00:00:00.000,,,,False
NPA-2013-0025.02,2013-09-26T00:00:00.000,,,,False
C14H-2010-0023,2010-12-09T00:00:00.000,,,,False
NPA-2016-0013.01,2016-10-13T00:00:00.000,,,,False
C14H-2017-0039,2017-06-22T00:00:00.000,8.0,1.0,; Flannigan ; Renteria was off the dais; Troxclair was absent,True
NPA-2011-0016.02,2011-11-03T00:00:00.000,,,,False
C14-2009-0055,2012-11-01T00:00:00.000,,,,False
C14-2016-0109,2016-12-08T00:00:00.000,,,,False
NPA-2018-0024.01,2019-02-07T00:00:00.000,,,,False
C14H-2014-0012,2014-12-11T00:00:00.000,,,,False
C14-2011-0134,2013-01-17T00:00:00.000,,,,False
C14-2016-0063.SH,2016-12-15T00:00:00.000,,,,False
C14-2017-0094,2018-04-26T00:00:00.000,,,,False
C14-2017-0050,2017-09-28T00:00:00.000,,,,False
C14-2012-0048,2012-06-28T00:00:00.000,,,,False
NPA-2011-0025.04,2012-01-26T00:00:00.000,,,,False
C14-2011-0103,2012-03-01T00:00:00.000,,,,False
NPA-2016-0025.01,2016-09-22T00:00:00.000,10.0,0.0,,True
NPA-2012-0016.01.SH,2013-08-08T00:00:00.000,,,,False
C14-2016-0079,2017-04-06T00:00:00.000,,,,False
NPA-2015-0015.01,2015-12-10T00:00:00.000,,,,False
C14-2011-0111,2011-12-08T00:00:00.000,,,,False
C814-2018-0154,2020-03-12T00:00:00.000,,,,False
C14-2017-0094,2018-09-20T00:00:00.000,,,,False
NPA-2014-0005.02,2014-12-11T00:00:00.000,,,,False
C14-2014-0103,2014-10-02T00:00:00.000,7.0,0.0,,True
C14-2010-0010,2010-05-27T00:00:00.000,,,,False
NPA-2014-0016.03,2015-06-11T00:00:00.000,11.0,0.0,,True
C14-2017-0022,2019-03-28T00:00:00.000,,,,False
C14-2014-0187,2015-03-26T00:00:00.000,,,,False
NPA-2010-0021.02,2011-04-21T00:00:00.000,,,,False
C814-2017-0001,2018-02-01T00:00:00.000,,,,False
C14-2018-0124,2019-08-08T00:00:00.000,9.0,2.0,"Council members Alter, Pool",True
C14-2010-0035,2010-10-28T00:00:00.000,,,,False
C14-2018-0037,2018-11-15T00:00:00.000,11.0,0.0,,True
C14-2017-0059,2017-08-03T00:00:00.000,,,,False
C14-2015-0106,2015-11-12T00:00:00.000,,,,False
C14-2019-0124,2020-02-06T00:00:00.000,,,,False
C14-2018-0115,2019-05-09T00:00:00.000,11.0,0.0,,True
C14-2011-0071,2011-09-22T00:00:00.000,,,,False
C14-2012-0052,2012-10-11T00:00:00.000,,,,False
C14-2016-0125,2017-08-03T00:00:00.000,10.0,1.0,Flannigan,True
C14-2016-0132,2017-04-06T00:00:00.000,,,,False
C14-2017-0074,2018-03-22T00:00:00.000,,,,False
C14-2015-0073,2015-10-08T00:00:00.000,,,,False
C14-2018-0149,2019-04-25T00:00:00.000,,,,False
NPA-2016-0005.02,2017-11-09T00:00:00.000,,,,False
NPA-2012-0021.01,2013-05-23T00:00:00.000,,,,False
C14-2016-0119,2017-01-26T00:00:00.000,11.0,0.0,,True
C14-2010-0104,2010-11-18T00:00:00.000,,,,False
NPA-2017-0016.03,2018-09-20T00:00:00.000,,,,False
C14-2012-0097,2013-01-31T00:00:00.000,,,,False
C14-2014-0051,2014-06-26T00:00:00.000,,,,False
NPA-2010-0021.01,2011-01-27T00:00:00.000,7.0,0.0,,True
C14-2010-0034,2011-01-27T00:00:00.000,,,,False
C14H-2019-0128,2019-12-05T00:00:00.000,,,,False
C14-2018-0128,2019-08-08T00:00:00.000,,,,False
C14-2018-0033,2018-08-09T00:00:00.000,,,,False
C814-2017-0024,2017-12-14T00:00:00.000,11.0,0.0,,True
C14-2018-0056,2018-11-29T00:00:00.000,,,,False
C14-2013-0147,2014-05-01T00:00:00.000,,,,False
C14-2016-0074,2016-08-11T00:00:00.000,,,,False
C14-2017-0156,2018-02-01T00:00:00.000,,,,False
C14-04-0181.SH,2012-04-26T00:00:00.000,,,,False
C14-2011-0065,2012-02-02T00:00:00.000,,,,False
C14-2013-0050,2013-08-08T00:00:00.000,,,,False
C14-2010-0174,2011-01-27T00:00:00.000,,,,False
C14-2010-0205,2011-03-10T00:00:00.000,,,,False
C814-86-023.01,2018-11-01T00:00:00.000,10.0,0.0,,True
C14-2019-0093,2019-11-14T00:00:00.000,,,,False
C14H-2012-0012,2013-01-17T00:00:00.000,,,,False
NPA-2012-0018.02,2012-06-28T00:00:00.000,,,,False
C814-2008-0136.01,2011-08-25T00:00:00.000,,,,False
C14-2013-0158,2014-08-28T00:00:00.000,7.0,0.0,,True
C14-2019-0006,2019-05-23T00:00:00.000,11.0,0.0,,True
C14-2019-0082,2019-11-14T00:00:00.000,11.0,0.0,,True
C14-2014-0153,2014-12-11T00:00:00.000,7.0,0.0,,True
NPA-2018-0021.01,2019-10-03T00:00:00.000,,,,False
C14-2017-0026,2017-06-08T00:00:00.000,,,,False
NPA-2017-0016.02,2018-06-14T00:00:00.000,10.0,1.0,with Renteria,True
C14-2013-0024,2013-05-09T00:00:00.000,,,,False
C14H-2015-0006,2015-08-13T00:00:00.000,,,,False
C14-2012-0044.SH,2012-08-02T00:00:00.000,,,,False
C14-2012-0088,2012-10-18T00:00:00.000,,,,False
C14-2012-0110,2012-11-01T00:00:00.000,,,,False
C14-2019-0078,2019-10-03T00:00:00.000,,,,False
C14H-2014-0009,2014-09-25T00:00:00.000,,,,False
C14-2019-0155,2020-04-09T00:00:00.000,8.0,1.0,Flannigan,True
C14-2018-0043,2018-10-04T00:00:00.000,,,,False
C14-2013-0071,2013-12-12T00:00:00.000,,,,False
C14-2010-0101,2010-10-28T00:00:00.000,,,,False
C14-2014-0168,2014-12-11T00:00:00.000,,,,False
C14-2011-0058,2011-08-25T00:00:00.000,7.0,0.0,,True
C14-2012-0060,2012-12-13T00:00:00.000,,,,False
C814-2009-0139.02,2011-10-20T00:00:00.000,,,,False
C14-2019-0114,2019-10-03T00:00:00.000,,,,False
C814-2015-0074,2016-08-11T00:00:00.000,8.0,2.0,"Houston, Tovo ; Troxclair was off the dais",True
C14-2017-0051,2018-03-08T00:00:00.000,,,,False
NPA-2011-0025.02,2012-09-27T00:00:00.000,,,,False
C14-2013-0123,2013-11-21T00:00:00.000,,,,False
NPA-2016-0016.04,2017-10-05T00:00:00.000,,,,False
C14-2013-0060,2013-11-21T00:00:00.000,7.0,0.0,,True
NPA-2014-0009.01,2015-04-16T00:00:00.000,,,,False
C14-2015-0047,2015-12-10T00:00:00.000,,,,False
C14-2016-0124,2017-04-06T00:00:00.000,11.0,0.0,,True
C14-2012-0049,2012-11-08T00:00:00.000,,,,False
C14-2014-0176,2015-02-26T00:00:00.000,,,,False
C14-2011-0115,2012-03-01T00:00:00.000,7.0,0.0,,True
C14-2014-0196,2015-02-26T00:00:00.000,,,,False
C14-2012-0032,2012-12-06T00:00:00.000,,,,False
C14-2018-0073,2018-08-30T00:00:00.000,,,,False
C14-2016-0115,2017-02-16T00:00:00.000,,,,False
C814-2008-0145,2010-12-09T00:00:00.000,,,,False
C14-2011-0088,2012-04-26T00:00:00.000,,,,False
C14-2015-0051,2015-08-13T00:00:00.000,,,,False
C14-2016-0113,2017-06-22T00:00:00.000,,,,False
C814-2015-0074,2016-12-15T00:00:00.000,8.0,2.0,"Houston, Tovo ; Troxclair was off the dais",True
C14-2013-0048,2013-08-08T00:00:00.000,,,,False
C14-2011-0078,2011-08-25T00:00:00.000,,,,False
C14-2016-0087,2017-01-26T00:00:00.000,,,,False
NPA-2012-0018.05,2012-09-27T00:00:00.000,,,,False
NPA-2012-0015.01,2013-05-23T00:00:00.000,,,,False
C14-2012-0033,2012-09-27T00:00:00.000,,,,False
C14H-2019-0112,2019-10-03T00:00:00.000,,,,False
C14-2015-0109,2016-03-24T00:00:00.000,,,,False
NPA-2011-0025.01,2011-06-09T00:00:00.000,,,,False
C14-2011-0160,2012-04-26T00:00:00.000,,,,False
NPA-2014-0027.02,2014-11-06T00:00:00.000,7.0,0.0,,True
C14-2013-0119,2014-01-23T00:00:00.000,,,,False
C14-2011-0154,2012-01-12T00:00:00.000,7.0,0.0,,True
C14-2013-0147,2014-03-20T00:00:00.000,,,,False
C14-2010-0069,2010-08-19T00:00:00.000,,,,False
NPA-2017-0016.03,2018-04-26T00:00:00.000,,,,False
C14-2012-0156,2013-02-14T00:00:00.000,,,,False
NPA-2017-0016.03,2018-03-22T00:00:00.000,,,,False
C14-2012-0075,2012-10-11T00:00:00.000,,,,False
C14-2019-0054,2019-08-08T00:00:00.000,,,,False
C14-2016-0096,2017-11-09T00:00:00.000,,,,False
C14-2019-0029,2020-03-12T00:00:00.000,,,,False
C14-2019-0076,2019-08-08T00:00:00.000,,,,False
C14-2014-0198,2015-10-08T00:00:00.000,,,,False
C814-2018-0121,2020-01-23T00:00:00.000,,,,False
C14-2017-0061,2017-08-31T00:00:00.000,,,,False
C14-2013-0044,2013-10-03T00:00:00.000,,,,False
C14-2016-0062,2016-08-11T00:00:00.000,,,,False
C14-2016-0121,2017-11-02T00:00:00.000,,,,False
C14-2018-0111,2019-03-28T00:00:00.000,,,,False
C14-2017-0052,2018-08-09T00:00:00.000,,,,False
C14-2011-0127,2011-12-08T00:00:00.000,,,,False
NPA-2014-0005.01,2014-11-20T00:00:00.000,,,,False
C14-2014-0115,2015-04-16T00:00:00.000,,,,False
C14-2017-0067,2018-05-10T00:00:00.000,,,,False
C14-2019-0028,2019-08-08T00:00:00.000,,,,False
C814-2012-0152,2015-10-08T00:00:00.000,10.0,0.0,,True
C14-2016-0049,2017-01-26T00:00:00.000,,,,False
C14-2011-0117,2011-12-15T00:00:00.000,,,,False
C14-2011-0143,2012-01-12T00:00:00.000,,,,False
NPA-2012-0005.04,2012-11-08T00:00:00.000,,,,False
C14-2019-0156,2020-02-20T00:00:00.000,,,,False
NPA-2016-0010.02,2016-10-13T00:00:00.000,10.0,0.0,,True
C14-2016-0039,2016-11-10T00:00:00.000,11.0,0.0,,True
NPA-2009-0016.01,2010-10-28T00:00:00.000,,,,False
C14-2014-0115,2015-01-29T00:00:00.000,,,,False
C14-2019-0103,2020-03-12T00:00:00.000,,,,False
C14-2011-0014,2011-05-12T00:00:00.000,,,,False
C14-2009-0157,2010-04-08T00:00:00.000,7.0,0.0,,True
C14-2014-0063,2014-08-07T00:00:00.000,,,,False
C14-2015-0078,2015-10-08T00:00:00.000,11.0,0.0,,True
C14-2016-0115,2017-04-20T00:00:00.000,,,,False
C14H-2018-0151,2019-03-28T00:00:00.000,9.0,0.0,,True
C14-2010-0097,2010-09-23T00:00:00.000,,,,False
C14-2019-0025,2019-06-20T00:00:00.000,,,,False
NPA-2012-0005.01,2012-10-11T00:00:00.000,,,,False
C14-2014-0025,2014-06-12T00:00:00.000,6.0,1.0,Tovo,True
C14-2015-0036,2015-05-14T00:00:00.000,,,,False
C14-2017-0100,2018-11-01T00:00:00.000,,,,False
C14-2016-0077,2016-12-15T00:00:00.000,,,,False
NPA-2013-0010.01,2014-02-13T00:00:00.000,,,,False
C14-2018-0150,2019-06-06T00:00:00.000,,,,False
C14-2013-0107,2014-02-13T00:00:00.000,,,,False
C14-2012-0052,2012-12-06T00:00:00.000,,,,False
NPA-2012-0021.02,2013-01-17T00:00:00.000,,,,False
C14-2013-0136,2014-05-01T00:00:00.000,,,,False
C14-2018-0128,2019-03-28T00:00:00.000,,,,False
C14-2012-0112,2013-01-17T00:00:00.000,,,,False
NPA-2014-0025.02,2014-12-11T00:00:00.000,6.0,0.0,,True
C14-2014-0157,2015-04-16T00:00:00.000,7.0,4.0,"Tovo, Houston, Kitchen, Pool",True
C14-2011-0023,2011-09-22T00:00:00.000,,,,False
C14-2013-0022,2013-09-26T00:00:00.000,,,,False
C14H-2013-0003,2013-08-08T00:00:00.000,,,,False
C14-2018-0052,2018-09-20T00:00:00.000,,,,False
C14-2017-0141,2018-04-12T00:00:00.000,,,,False
NPA-2019-0015.02,2020-04-23T00:00:00.000,,,,False
C14-2019-0141,2020-01-23T00:00:00.000,,,,False
NPA-2015-0005.04,2016-09-22T00:00:00.000,9.0,1.0,Tovo ; Troxclair was off the dais,True
C14-2010-0154,2011-05-12T00:00:00.000,,,,False
C14-2013-0083,2014-02-27T00:00:00.000,,,,False
C14-2014-0035,2014-05-15T00:00:00.000,,,,False
C14-98-0150,2010-07-29T00:00:00.000,,,,False
NPA-2019-0016.01,2020-01-23T00:00:00.000,,,,False
C14-2010-0038,2010-10-28T00:00:00.000,,,,False
C14-2019-0102,2019-11-14T00:00:00.000,,,,False
C14-2018-0076,2018-08-30T00:00:00.000,,,,False
C14-2012-0051,2012-09-27T00:00:00.000,,,,False
C14-2016-0069,2017-01-26T00:00:00.000,,,,False
C14-2017-0105,2018-02-01T00:00:00.000,,,,False
C14-2011-0123,2011-12-08T00:00:00.000,,,,False
C14-2019-0142,2020-01-23T00:00:00.000,,,,False
C14-2017-0033,2017-06-22T00:00:00.000,9.0,2.0,"Flannigan, Troxclair",True
C14-2017-0122,2018-02-01T00:00:00.000,,,,False
C14-2019-0090,2019-11-14T00:00:00.000,,,,False
NPA-2011-0001.01,2011-08-25T00:00:00.000,,,,False
C14-2010-0109,2010-10-28T00:00:00.000,,,,False
C14-2012-0052,2012-09-27T00:00:00.000,,,,False
C14H-2014-0015,2015-05-14T00:00:00.000,,,,False
C14-2018-0131,2018-11-29T00:00:00.000,,,,False
C14-98-0146,2017-12-07T00:00:00.000,,,,False
C14-2017-0085,2017-10-12T00:00:00.000,10.0,1.0,,True
C14-2017-0125,2018-02-01T00:00:00.000,,,,False
NPA-2017-0015.03,2018-02-01T00:00:00.000,,,,False
C14-2011-0133,2012-09-27T00:00:00.000,,,,False
C14H-2012-0011,2012-12-13T00:00:00.000,,,,False
C14-2014-0114,2015-04-16T00:00:00.000,,,,False
C14-2017-0080,2017-09-28T00:00:00.000,,,,False
NPA-2016-0005.04,2019-06-20T00:00:00.000,,,,False
C14-2012-0113,2012-12-06T00:00:00.000,,,,False
C14-2013-0143,2014-01-23T00:00:00.000,,,,False
C14-2010-0184,2011-01-13T00:00:00.000,,,,False
C14-2014-0148,2014-12-11T00:00:00.000,7.0,0.0,,True
NPA-2018-0005.01,2019-05-23T00:00:00.000,,,,False
C14-2018-0024,2018-08-30T00:00:00.000,,,,False
C14-2012-0137,2013-02-14T00:00:00.000,,,,False
C14-2010-0156,2010-12-09T00:00:00.000,,,,False
C14-2018-0006,2018-04-26T00:00:00.000,,,,False
C14-2013-0011,2013-06-06T00:00:00.000,,,,False
C14-2014-0018,2014-05-01T00:00:00.000,7.0,0.0,,True
C14-2011-0141,2012-06-14T00:00:00.000,5.0,2.0,"Lee Leffingwell, Tovo",True
C14-2016-0026,2016-05-12T00:00:00.000,11.0,0.0,,True
C14-2012-0101,2012-12-06T00:00:00.000,,,,False
C14-2015-0158,2016-02-11T00:00:00.000,,,,False
C14-2017-0014,2017-05-18T00:00:00.000,,,,False
C14-2013-0081,2014-03-20T00:00:00.000,,,,False
C14-2014-0195,2015-02-26T00:00:00.000,,,,False
C14-2019-0002,2019-04-11T00:00:00.000,,,,False
C14-2018-0044,2018-08-09T00:00:00.000,,,,False
NPA-2017-0016.04,2018-03-22T00:00:00.000,8.0,0.0,,True
C14-2014-0023,2014-06-26T00:00:00.000,,,,False
C14-2014-0018,2014-08-28T00:00:00.000,7.0,0.0,,True
NPA-2010-0025.01,2011-03-03T00:00:00.000,,,,False
NPA-2012-0019.03,2012-12-06T00:00:00.000,,,,False
C814-2012-0152,2015-12-17T00:00:00.000,10.0,0.0,,True
C14-2019-0100,2019-10-31T00:00:00.000,,,,False
C14-2012-0032,2013-02-14T00:00:00.000,,,,False
C14-2013-0157,2014-02-27T00:00:00.000,,,,False
C14-2016-0017,2016-09-22T00:00:00.000,,,,False
NPA-2018-0016.01,2019-02-21T00:00:00.000,,,,False
C14-2010-0192,2011-03-03T00:00:00.000,,,,False
C14-2015-0135,2016-02-11T00:00:00.000,,,,False
NPA-2012-0018.01,2012-09-27T00:00:00.000,,,,False
C14-2012-0009,2012-03-22T00:00:00.000,,,,False
C14-2014-0156,2014-12-11T00:00:00.000,7.0,0.0,,True
C14-2016-0020,2016-11-10T00:00:00.000,,,,False
C14-2019-0079,2019-08-08T00:00:00.000,,,,False
C14-2016-0039,2017-02-16T00:00:00.000,11.0,0.0,,True
C14-2011-0131,2013-01-31T00:00:00.000,,,,False
C14-2018-0028,2019-08-08T00:00:00.000,9.0,2.0,"Garza, Casar",True
C14-2018-0018,2018-04-26T00:00:00.000,,,,False
C14-2019-0153,2020-04-09T00:00:00.000,,,,False
C14-2017-0116,2018-04-12T00:00:00.000,,,,False
C14H-2015-0010,2015-10-08T00:00:00.000,,,,False
C14-2010-0131,2011-01-13T00:00:00.000,7.0,0.0,,True
C14-2013-0006,2013-12-12T00:00:00.000,,,,False
C14-2018-0075,2018-10-18T00:00:00.000,,,,False
C14-2019-0083,2019-06-20T00:00:00.000,,,,False
C14-2018-0143,2019-04-11T00:00:00.000,,,,False
C14-2014-0053,2014-06-26T00:00:00.000,,,,False
NPA-2011-0025.03,2012-02-09T00:00:00.000,,,,False
C14-2016-0096,2016-12-15T00:00:00.000,,,,False
C14-2015-0016,2015-05-14T00:00:00.000,,,,False
C14-2016-0051,2017-02-09T00:00:00.000,,,,False
C14-2016-0014,2016-06-16T00:00:00.000,,,,False
NPA-2016-0005.02,2017-01-26T00:00:00.000,,,,False
NPA-2012-0016.01.SH,2013-06-06T00:00:00.000,,,,False
C14-03-0053,2018-06-14T00:00:00.000,,,,False
C14-2016-0011,2016-10-13T00:00:00.000,10.0,0.0,,True
NPA-2010-0010.01,2011-02-10T00:00:00.000,,,,False
C14-2014-0074,2014-06-26T00:00:00.000,,,,False
C14-2013-0107,2014-03-20T00:00:00.000,,,,False
C14-2015-0114,2016-08-11T00:00:00.000,,,,False
C14H-2014-0007,2014-10-16T00:00:00.000,6.0,1.0,Martinez,True
NPA-2016-0005.04,2017-09-28T00:00:00.000,,,,False
C14-2014-0136,2015-08-13T00:00:00.000,11.0,0.0,,True
C14-2016-0079,2017-08-17T00:00:00.000,,,,False
NPA-2012-0005.04,2012-12-06T00:00:00.000,,,,False
C814-2012-0055,2013-02-28T00:00:00.000,,,,False
C14-2017-0114,2017-12-07T00:00:00.000,,,,False
C14-2015-0117,2016-03-24T00:00:00.000,10.0,0.0,,True
C14-2013-0096,2013-11-21T00:00:00.000,,,,False
C14-2010-0131,2011-01-27T00:00:00.000,7.0,0.0,,True
C14-2016-0134,2017-05-04T00:00:00.000,10.0,0.0,,True
C14-2012-0024,2012-06-28T00:00:00.000,,,,False
C14-2017-0150,2018-03-22T00:00:00.000,,,,False
C14-2018-0085,2018-12-13T00:00:00.000,,,,False
C14-2013-0113,2014-02-13T00:00:00.000,7.0,0.0,,True
C14-2017-0032,2017-06-15T00:00:00.000,,,,False
C14-2013-0097,2013-10-17T00:00:00.000,,,,False
C14-2018-0028,2019-10-17T00:00:00.000,9.0,2.0,"Garza, Casar",True
C14-2010-0015,2010-08-26T00:00:00.000,,,,False
NPA-2016-0016.01,2017-08-03T00:00:00.000,,,,False
C14-2012-0112,2013-03-07T00:00:00.000,,,,False
C14-2016-0001,2016-05-12T00:00:00.000,,,,False
NPA-2014-0029.01,2015-02-12T00:00:00.000,,,,False
C14-2019-0088,2019-09-19T00:00:00.000,11.0,0.0,,True
NPA-2012-0019.01,2012-09-27T00:00:00.000,,,,False
C14-2014-0114,2014-11-06T00:00:00.000,,,,False
C14H-2018-0151,2019-04-25T00:00:00.000,9.0,0.0,,True
C14-2012-0100,2013-08-08T00:00:00.000,,,,False
C14-2015-0092,2015-11-12T00:00:00.000,,,,False
NPA-2016-0016.02,2017-12-07T00:00:00.000,,,,False
C14-2012-0016,2012-06-07T00:00:00.000,,,,False
NPA-2019-0015.02,2020-03-26T00:00:00.000,,,,False
C14-2013-0036,2013-05-09T00:00:00.000,,,,False
C14-2017-0148,2019-10-17T00:00:00.000,,,,False
C14-2012-0143,2013-01-17T00:00:00.000,,,,False
C14-2014-0008,2014-08-07T00:00:00.000,7.0,0.0,,True
C14-2016-0124,2017-03-23T00:00:00.000,11.0,0.0,,True
C14-2011-0160,2012-03-08T00:00:00.000,,,,False
C14-2017-0015,2017-06-08T00:00:00.000,,,,False
C14-2010-0019,2010-08-26T00:00:00.000,,,,False
C14-2019-0001,2019-04-25T00:00:00.000,11.0,0.0,,True
NPA-2017-0016.06,2018-03-22T00:00:00.000,8.0,1.0,[L,True
NPA-2015-0023.01,2015-11-12T00:00:00.000,,,,False
C14-2010-0123,2010-12-09T00:00:00.000,,,,False
C14-2014-0028,2014-10-16T00:00:00.000,,,,False
C14-2012-0151,2013-02-14T00:00:00.000,7.0,0.0,,True
NPA-2016-0016.04,2017-11-09T00:00:00.000,,,,False
C14-2019-0067,2019-06-20T00:00:00.000,,,,False
C14H-2010-0032,2011-04-21T00:00:00.000,,,,False
C14-2018-0044,2018-10-04T00:00:00.000,,,,False
C14-2019-0151,2020-02-20T00:00:00.000,,,,False
C14-2017-0012,2018-06-28T00:00:00.000,,,,False
C14H-2015-0007,2016-04-07T00:00:00.000,,,,False
C14-2018-0093,2019-03-28T00:00:00.000,,,,False
C14-2015-0099,2015-12-10T00:00:00.000,,,,False
C14-2014-0026,2014-05-22T00:00:00.000,,,,False
C14H-2009-0066,2010-08-26T00:00:00.000,5.0,2.0,"(Cole, Spelman off-dais)",True
C14-2014-0164,2015-02-12T00:00:00.000,,,,False
C14-2015-0101,2015-11-12T00:00:00.000,,,,False
C14-2015-0105,2015-11-12T00:00:00.000,,,,False
C14-2010-0141,2010-10-14T00:00:00.000,,,,False
NPA-2015-0002.02,2015-12-10T00:00:00.000,,,,False
C14-2016-0016,2016-08-11T00:00:00.000,10.0,0.0,,True
C14-2014-0118,2014-10-16T00:00:00.000,7.0,0.0,,True
C14-2013-0103,2013-10-24T00:00:00.000,,,,False
C14H-2017-0112,2017-12-14T00:00:00.000,,,,False
C14-2012-0112,2013-05-09T00:00:00.000,,,,False
C14-2015-0049,2015-08-13T00:00:00.000,,,,False
C14-2016-0097,2016-12-08T00:00:00.000,,,,False
C14-2012-0130,2013-02-14T00:00:00.000,,,,False
C14-97-0102,2011-11-10T00:00:00.000,,,,False
C14-2016-0127,2017-01-26T00:00:00.000,,,,False
C14-2017-0028,2017-11-02T00:00:00.000,,,,False
C14-2012-0016,2012-04-05T00:00:00.000,,,,False
C14-2014-0154,2014-11-20T00:00:00.000,,,,False
C14-2014-0114,2015-01-29T00:00:00.000,,,,False
C14-2014-0041,2014-09-25T00:00:00.000,,,,False
NPA-2019-0028.01,2019-12-05T00:00:00.000,,,,False
C14-2015-0129,2016-03-24T00:00:00.000,,,,False
C14-2018-0077,2018-11-01T00:00:00.000,,,,False
C14-2016-0079,2017-12-07T00:00:00.000,,,,False
C14-2013-0150,2014-02-13T00:00:00.000,,,,False
C14-2016-0123,2017-01-26T00:00:00.000,11.0,0.0,,True
C14-2018-0089,2018-11-01T00:00:00.000,,,,False
C14-2013-0057,2013-08-22T00:00:00.000,,,,False
C14-2020-0001,2020-03-12T00:00:00.000,7.0,2.0,"Alter, Pool ; Adler, Harper-Madison were off the dais",True
C14-2013-0150,2014-05-15T00:00:00.000,,,,False
C14-2011-0131,2012-06-14T00:00:00.000,,,,False
C14-2016-0039,2016-10-13T00:00:00.000,11.0,0.0,,True
C14-2015-0139,2016-03-24T00:00:00.000,,,,False
C14-2011-0029,2011-07-28T00:00:00.000,,,,False
C814-2012-0055,2013-01-31T00:00:00.000,,,,False
C14-2018-0080,2019-05-23T00:00:00.000,10.0,0.0,,True
NPA-2015-0005.03,2015-12-10T00:00:00.000,,,,False
C14-2015-0085,2015-10-08T00:00:00.000,,,,False
C14-2013-0023,2013-10-03T00:00:00.000,,,,False
C14-2019-0053,2019-06-06T00:00:00.000,,,,False
C14-2010-0165,2010-12-09T00:00:00.000,,,,False
C14-2011-0160,2012-05-24T00:00:00.000,,,,False
C14-2012-0028,2012-11-08T00:00:00.000,,,,False
C814-2012-0160,2013-10-17T00:00:00.000,5.0,2.0,"Morrison, Tovo",True
NPA-2017-0018.01,2019-04-25T00:00:00.000,,,,False
C14-2014-0111,2014-10-16T00:00:00.000,,,,False
C14-2019-0018,2019-06-20T00:00:00.000,,,,False
C14-2013-0155,2014-02-27T00:00:00.000,,,,False
C14-2017-0020,2017-10-05T00:00:00.000,,,,False
C14-2011-0155,2012-02-09T00:00:00.000,,,,False
C14-2016-0046,2016-08-11T00:00:00.000,11.0,0.0,,True
C14-2013-0040,2014-01-23T00:00:00.000,,,,False
NPA-2017-0021.01,2018-04-26T00:00:00.000,,,,False
C14-2016-0013,2016-09-22T00:00:00.000,,,,False
C814-2012-0152,2015-11-12T00:00:00.000,10.0,0.0,,True
C14-2018-0077,2018-11-15T00:00:00.000,,,,False
C14H-2013-0005,2013-11-21T00:00:00.000,,,,False
C14-2011-0165,2012-06-28T00:00:00.000,,,,False
NPA-2015-0027.01,2015-08-13T00:00:00.000,,,,False
C14-2015-0091,2015-12-17T00:00:00.000,,,,False
C14-2011-0002,2011-04-07T00:00:00.000,,,,False
C814-2009-0094,2010-06-10T00:00:00.000,7.0,0.0,,True
C14-2011-0158,2012-03-01T00:00:00.000,6.0,0.0,,True
C14-2013-0009,2013-04-11T00:00:00.000,,,,False
C14-2012-0028,2013-03-07T00:00:00.000,,,,False
NPA-2016-0016.01,2018-02-01T00:00:00.000,,,,False
C14-2019-0013,2019-06-06T00:00:00.000,,,,False
C814-2012-0152,2019-01-31T00:00:00.000,10.0,0.0,,True
C14-2012-0074,2012-08-16T00:00:00.000,,,,False
C14-2013-0021,2013-06-06T00:00:00.000,,,,False
C14H-2009-0065,2010-04-29T00:00:00.000,,,,False
C14-2011-0103,2012-03-22T00:00:00.000,,,,False
NPA-2019-0012.02,2020-01-23T00:00:00.000,,,,False
C14-2011-0132,2012-08-02T00:00:00.000,,,,False
C14-2013-0128,2013-12-12T00:00:00.000,,,,False
C14-2010-0163,2011-01-13T00:00:00.000,,,,False
C14-2017-0004,2018-09-20T00:00:00.000,,,,False
C14-2012-0132,2013-04-11T00:00:00.000,,,,False
C14-2014-0034,2014-11-20T00:00:00.000,,,,False
NPA-2019-0020.03,2019-06-20T00:00:00.000,,,,False
C14-2013-0121,2014-01-23T00:00:00.000,,,,False
C14-2013-0042,2013-09-26T00:00:00.000,7.0,0.0,,True
C14-2016-0092,2016-12-08T00:00:00.000,,,,False
C14-2016-0041,2016-09-22T00:00:00.000,10.0,0.0,,True
C14-2015-0062,2018-12-13T00:00:00.000,,,,False
C14-2015-0093,2015-12-17T00:00:00.000,,,,False
C14-2014-0011,2014-08-28T00:00:00.000,,,,False
C14-2012-0025,2012-06-28T00:00:00.000,,,,False
C14-2012-0045,2012-08-02T00:00:00.000,,,,False
C14-2018-0078,2018-11-29T00:00:00.000,,,,False
C14-2010-0199,2011-03-24T00:00:00.000,,,,False
C14-2018-0091,2018-11-29T00:00:00.000,,,,False
C14-2016-0045,2016-06-16T00:00:00.000,11.0,0.0,,True
NPA-2017-0021.01,2019-02-07T00:00:00.000,,,,False
C14-2014-0186,2015-08-13T00:00:00.000,,,,False
C14-2012-0033,2012-08-16T00:00:00.000,,,,False
NPA-2014-0016.01,2015-04-16T00:00:00.000,,,,False
C14-2016-0085,2017-01-26T00:00:00.000,,,,False
C14-2011-0109,2011-11-10T00:00:00.000,,,,False
C14-2014-0027,2014-08-07T00:00:00.000,,,,False
C14-2017-0074,2018-05-10T00:00:00.000,,,,False
NPA-2016-0022.01,2017-03-02T00:00:00.000,,,,False
C14-2019-0027,2019-06-20T00:00:00.000,,,,False
C14-2019-0091,2019-09-19T00:00:00.000,,,,False
C14-2017-0066,2018-12-13T00:00:00.000,,,,False
NPA-2014-0003.01,2014-03-20T00:00:00.000,,,,False
C14-2010-0100,2010-11-18T00:00:00.000,7.0,0.0,,True
C14-2007-0087,2018-09-20T00:00:00.000,,,,False
C14-2010-0207,2011-03-03T00:00:00.000,,,,False
C14-2018-0132,2019-01-31T00:00:00.000,,,,False
C14-2013-0031,2013-08-22T00:00:00.000,,,,False
C14-2010-0024,2010-10-28T00:00:00.000,,,,False
C14-2010-0127,2011-12-08T00:00:00.000,,,,False
NPA-2013-0025.01,2013-10-17T00:00:00.000,6.0,1.0,Morrison voted Nay,True
C14-2010-0140,2011-03-03T00:00:00.000,,,,False
C14-2019-0006,2019-06-20T00:00:00.000,11.0,0.0,,True
C14-2014-0019,2014-08-28T00:00:00.000,6.0,1.0,Morrison,True
C14-2018-0112,2019-03-28T00:00:00.000,,,,False
C14-2012-0022,2012-09-27T00:00:00.000,,,,False
NPA-2015-0005.02,2015-10-08T00:00:00.000,,,,False
C14-2011-0141,2012-04-26T00:00:00.000,5.0,2.0,"Lee Leffingwell, Tovo",True
C14-2015-0054,2015-08-13T00:00:00.000,11.0,0.0,,True
C14-2014-0082,2014-10-16T00:00:00.000,7.0,0.0,,True
C14-2015-0091,2015-11-12T00:00:00.000,,,,False
C14-2016-0114,2016-12-08T00:00:00.000,,,,False
C14-2010-0146,2010-11-04T00:00:00.000,,,,False
C14-2019-0102,2019-12-05T00:00:00.000,,,,False
C14H-2012-0009,2012-11-01T00:00:00.000,,,,False
C14-2019-0108,2020-03-12T00:00:00.000,,,,False
NPA-2011-0015.01,2011-12-08T00:00:00.000,,,,False
NPA-2018-0005.01,2020-03-26T00:00:00.000,,,,False
C14-2013-0060,2013-10-24T00:00:00.000,7.0,0.0,,True
NPA-2016-0010.02,2016-09-22T00:00:00.000,10.0,0.0,,True
C14-2016-0039,2017-03-23T00:00:00.000,11.0,0.0,,True
C14-2012-0053,2012-08-02T00:00:00.000,,,,False
C14-2016-0051,2017-02-16T00:00:00.000,,,,False
C14-2016-0130,2017-03-02T00:00:00.000,,,,False
C14-2016-0106,2017-04-13T00:00:00.000,,,,False
C14-2010-0174,2010-12-16T00:00:00.000,,,,False
NPA-2012-0013.01,2012-08-16T00:00:00.000,,,,False
C14-2017-0058,2017-08-17T00:00:00.000,,,,False
C14-2011-0094,2011-10-20T00:00:00.000,,,,False
C14-2016-0039,2016-12-08T00:00:00.000,11.0,0.0,,True
NPA-2016-0005.03,2017-06-22T00:00:00.000,10.0,1.0,( Tovo ),True
C14-2019-0035,2019-05-23T00:00:00.000,,,,False
C14-2014-0157,2015-02-12T00:00:00.000,7.0,4.0,"Tovo, Houston, Kitchen, Pool",True
C14-2017-0004,2018-08-09T00:00:00.000,,,,False
NPA-2015-0014.01,2016-02-11T00:00:00.000,11.0,0.0,,True
C14-2015-0093,2015-11-12T00:00:00.000,,,,False
C14-2015-0080,2015-09-17T00:00:00.000,11.0,0.0,,True
C14-2016-0069,2016-11-10T00:00:00.000,,,,False
C14-2013-0027,2013-10-24T00:00:00.000,7.0,0.0,,True
C14-2016-0096,2017-01-26T00:00:00.000,,,,False
C14-2011-0047,2012-01-26T00:00:00.000,,,,False
C14-2010-0096,2010-08-26T00:00:00.000,7.0,0.0,,True
C14-2016-0021,2018-06-14T00:00:00.000,,,,False
C14-2015-0100,2015-12-10T00:00:00.000,,,,False
C14-2018-0130,2019-03-28T00:00:00.000,,,,False
C14-2015-0117,2016-04-14T00:00:00.000,10.0,0.0,,True
C14-2017-0089,2017-09-28T00:00:00.000,,,,False
C14-2015-0086,2015-11-12T00:00:00.000,,,,False
C14-2015-0001,2015-08-13T00:00:00.000,11.0,0.0,,True
C14-2014-0015,2014-06-12T00:00:00.000,,,,False
C14-2017-0042,2017-10-19T00:00:00.000,8.0,3.0,,True
C14-2016-0002,2016-03-24T00:00:00.000,,,,False
C14-03-0116.03,2016-05-12T00:00:00.000,,,,False
C14-2017-0057,2017-08-03T00:00:00.000,,,,False
C14-2010-0087,2012-06-07T00:00:00.000,7.0,0.0,,True
C14H-2014-0007,2014-09-25T00:00:00.000,6.0,1.0,Martinez,True
NPA-2014-0011.01,2014-08-28T00:00:00.000,,,,False
C14-2013-0091,2013-12-12T00:00:00.000,,,,False
C14-2012-0060,2013-01-31T00:00:00.000,,,,False
C14-2010-0048,2010-08-26T00:00:00.000,7.0,0.0,,True
C14-2010-0065,2010-12-16T00:00:00.000,,,,False
C14-2014-0100,2014-10-02T00:00:00.000,7.0,0.0,,True
C14-2012-0087,2012-09-27T00:00:00.000,,,,False
NPA-2017-0018.01,2020-01-23T00:00:00.000,,,,False
NPA-2015-0005.04,2016-11-10T00:00:00.000,9.0,1.0,Tovo ; Troxclair was off the dais,True
NPA-2017-0016.03,2018-08-09T00:00:00.000,,,,False
C814-2009-0139.02,2011-12-15T00:00:00.000,,,,False
C14-2011-0114,2011-11-03T00:00:00.000,,,,False
NPA-2017-0016.05,2018-09-20T00:00:00.000,,,,False
NPA-2017-0029.01,2018-02-01T00:00:00.000,,,,False
C14-2019-0041,2019-06-20T00:00:00.000,,,,False
NPA-2011-0025.02,2011-09-22T00:00:00.000,,,,False
C14-2016-0041,2017-01-26T00:00:00.000,10.0,0.0,,True
C14-2017-0121,2018-04-26T00:00:00.000,,,,False
C14-2014-0038,2014-08-07T00:00:00.000,,,,False
C14-2019-0121,2019-11-14T00:00:00.000,,,,False
C14-2012-0053,2012-09-27T00:00:00.000,,,,False
C14-2017-0028,2017-12-07T00:00:00.000,,,,False
NPA-2019-0007.01,2020-01-23T00:00:00.000,,,,False
C14-2015-0122,2015-12-10T00:00:00.000,,,,False
C14-2009-0093,2010-08-26T00:00:00.000,,,,False
C14-2016-0069,2016-10-13T00:00:00.000,,,,False
C14H-2011-0002,2014-12-11T00:00:00.000,,,,False
C14-2013-0158,2014-09-25T00:00:00.000,7.0,0.0,,True
C14-2010-0024,2010-09-23T00:00:00.000,,,,False
C14-2015-0160,2016-08-11T00:00:00.000,11.0,0.0,,True
C14-2018-0026,2019-10-17T00:00:00.000,9.0,2.0,"Garza, Casar",True
C14-2014-0118,2014-09-25T00:00:00.000,7.0,0.0,,True
C14H-2016-0053,2017-03-23T00:00:00.000,,,,False
C14-2014-0025,2014-05-22T00:00:00.000,6.0,1.0,Tovo,True
NPA-2012-0021.02,2013-05-09T00:00:00.000,,,,False
NPA-2015-0023.01,2016-05-12T00:00:00.000,,,,False
C14-2013-0081,2014-08-28T00:00:00.000,,,,False
C14H-2015-0001,2015-08-13T00:00:00.000,,,,False
C14-2016-0069,2017-05-04T00:00:00.000,,,,False
C14-2010-0122,2010-09-23T00:00:00.000,,,,False
C14-2018-0027,2019-08-08T00:00:00.000,9.0,2.0,"Garza, Casar",True
NPA-2016-0005.04,2018-08-09T00:00:00.000,,,,False
C14-2014-0185,2015-02-26T00:00:00.000,,,,False
C14-2014-0117,2014-12-11T00:00:00.000,7.0,0.0,,True
C14-2015-0108,2015-12-10T00:00:00.000,,,,False
C14-2008-0159,2012-06-07T00:00:00.000,,,,False
C14-2011-0145,2012-01-12T00:00:00.000,,,,False
C14-2011-0058,2011-09-22T00:00:00.000,7.0,0.0,,True
NPA-2016-0016.01,2017-08-17T00:00:00.000,,,,False
C14-2011-0080,2011-10-20T00:00:00.000,7.0,0.0,,True
C814-2008-0087,2014-02-13T00:00:00.000,5.0,2.0,"( Leffingwell, Morrison voted Nay)",True
NPA-2017-0021.01,2019-04-11T00:00:00.000,,,,False
C14-2012-0121,2012-12-06T00:00:00.000,,,,False
C14-2010-0015,2010-09-30T00:00:00.000,,,,False
C14-2018-0039,2018-09-20T00:00:00.000,,,,False
C14-2011-0165,2012-08-02T00:00:00.000,,,,False
C14-2011-0055,2012-01-12T00:00:00.000,,,,False
C14-2018-0155,2019-11-14T00:00:00.000,,,,False
C14-2009-0089,2010-08-26T00:00:00.000,7.0,0.0,,True
C14-2012-0130,2013-02-28T00:00:00.000,,,,False
C14-2013-0063,2013-08-22T00:00:00.000,,,,False
C14-2016-0050,2017-01-26T00:00:00.000,,,,False
NPA-2013-0025.02,2013-10-03T00:00:00.000,,,,False
C14-2013-0011,2013-05-09T00:00:00.000,,,,False
C14H-2014-0014,2015-06-11T00:00:00.000,,,,False
C14-2015-0050,2015-10-01T00:00:00.000,11.0,0.0,,True
C14-2014-0135,2015-06-11T00:00:00.000,,,,False
C14-2016-0107,2016-12-08T00:00:00.000,,,,False
C14-2010-0112,2010-10-14T00:00:00.000,,,,False
C14-2015-0101,2015-12-10T00:00:00.000,,,,False
C14-2011-0093,2012-01-12T00:00:00.000,,,,False
C14-2015-0114,2016-06-16T00:00:00.000,,,,False
C14-2012-0097,2012-12-06T00:00:00.000,,,,False
C14-2018-0042,2018-10-18T00:00:00.000,,,,False
C14-2017-0122,2017-12-07T00:00:00.000,,,,False
C14-2015-0070,2015-08-13T00:00:00.000,,,,False
C14-2011-0169,2012-03-22T00:00:00.000,,,,False
C14-2008-0159,2012-08-16T00:00:00.000,,,,False
C14-2011-0141,2012-05-24T00:00:00.000,5.0,2.0,"Lee Leffingwell, Tovo",True
NPA-2019-0020.04,2019-12-05T00:00:00.000,11.0,0.0,,True
C14-2017-0042,2017-10-05T00:00:00.000,8.0,3.0,,True
NPA-2016-0016.04,2017-08-17T00:00:00.000,,,,False
C14-2016-0077,2017-01-26T00:00:00.000,,,,False
NPA-2014-0020.01,2014-10-02T00:00:00.000,,,,False
C14-2012-0113,2013-02-28T00:00:00.000,,,,False
C14-2011-0121,2012-02-09T00:00:00.000,,,,False
C14-2010-0127,2010-12-16T00:00:00.000,,,,False
NPA-2014-0011.01,2014-10-16T00:00:00.000,,,,False
C14-2014-0107,2014-08-28T00:00:00.000,7.0,0.0,,True
C14-2013-0005,2013-08-22T00:00:00.000,,,,False
NPA-2018-0016.02,2018-11-01T00:00:00.000,,,,False
C14-2019-0142,2020-02-06T00:00:00.000,,,,False
C14-2014-0193,2015-11-12T00:00:00.000,10.0,0.0,,True
C14-2016-0134,2017-10-05T00:00:00.000,10.0,0.0,,True
C14-2017-0073,2017-08-31T00:00:00.000,,,,False
C14-2019-0007,2019-08-08T00:00:00.000,,,,False
C14-2018-0081,2018-10-18T00:00:00.000,,,,False
C14-2014-0181,2015-05-14T00:00:00.000,,,,False
NPA-2013-0025.01,2013-09-26T00:00:00.000,6.0,1.0,Morrison voted Nay,True
C14-2014-0037,2014-06-12T00:00:00.000,,,,False
C14-2016-0014,2016-05-12T00:00:00.000,,,,False
C814-2014-0120,2017-02-16T00:00:00.000,,,,False
NPA-2018-0016.01,2018-11-01T00:00:00.000,,,,False
C14-2010-0017,2010-08-05T00:00:00.000,5.0,2.0,"(Riley, Morrison voted Nay)",True
NPA-2017-0021.01,2019-06-20T00:00:00.000,,,,False
C14-2010-0174,2011-03-03T00:00:00.000,,,,False
NPA-2010-0021.03.SH,2011-02-10T00:00:00.000,,,,False
C14-2018-0094,2018-11-01T00:00:00.000,,,,False
C14-2019-0165,2020-02-20T00:00:00.000,11.0,0.0,,True
C14-2016-0079,2018-03-01T00:00:00.000,,,,False
C14-2019-0057,2019-06-20T00:00:00.000,,,,False
NPA-2013-0012.01,2013-11-21T00:00:00.000,,,,False
C14-2016-0079,2017-08-31T00:00:00.000,,,,False
C14-2012-0146.SH,2013-03-28T00:00:00.000,,,,False
C14-2019-0074,2019-06-20T00:00:00.000,,,,False
C14-2015-0151,2016-02-11T00:00:00.000,,,,False
C14-2016-0049,2016-10-13T00:00:00.000,,,,False
C14-2017-0025,2017-06-15T00:00:00.000,,,,False
NPA-2012-0018.07,2012-09-27T00:00:00.000,,,,False
C14-2013-0032,2013-08-08T00:00:00.000,,,,False
C14-2014-0136,2015-04-16T00:00:00.000,11.0,0.0,,True
NPA-2012-0025.01,2012-06-28T00:00:00.000,,,,False
C14-2016-0032,2016-09-22T00:00:00.000,11.0,0.0,,True
C14-2010-0114,2010-11-04T00:00:00.000,,,,False
C14-2014-0052,2014-06-26T00:00:00.000,,,,False
NPA-2016-0010.02,2016-11-10T00:00:00.000,10.0,0.0,,True
C814-2017-0001,2018-04-26T00:00:00.000,,,,False
C14-2019-0033,2019-04-11T00:00:00.000,,,,False
C14-2013-0025,2013-08-08T00:00:00.000,,,,False
C14-2016-0057,2016-08-11T00:00:00.000,10.0,0.0,,True
C14-2018-0117,2019-01-31T00:00:00.000,,,,False
C14-2012-0100,2013-04-25T00:00:00.000,,,,False
C14H-2010-0031,2011-01-27T00:00:00.000,,,,False
C14-2010-0132,2010-10-14T00:00:00.000,,,,False
NPA-2011-0019.01,2011-11-10T00:00:00.000,,,,False
C14-2017-0048,2017-08-31T00:00:00.000,,,,False
C14-2018-0065,2019-04-11T00:00:00.000,,,,False
C14-2016-0087,2016-12-08T00:00:00.000,,,,False
C14-2008-0220,2010-11-18T00:00:00.000,,,,False
C14-2011-0151,2012-01-12T00:00:00.000,,,,False
NPA-2013-0019.01,2014-01-30T00:00:00.000,,,,False
C14-2012-0083,2013-04-11T00:00:00.000,,,,False
C14H-2010-0026,2011-02-10T00:00:00.000,,,,False
C814-89-0006.05,2014-08-28T00:00:00.000,,,,False
C14-2014-0164,2014-12-11T00:00:00.000,,,,False
C814-2014-0120,2016-11-10T00:00:00.000,,,,False
NPA-2011-0008.01,2011-11-10T00:00:00.000,,,,False
C14-2014-0007,2014-04-17T00:00:00.000,,,,False
C14-2013-0089,2013-12-12T00:00:00.000,,,,False
C14-2013-0098,2013-09-26T00:00:00.000,,,,False
C14-2016-0117,2016-12-15T00:00:00.000,,,,False
C14-2010-0075,2010-07-29T00:00:00.000,,,,False
C14-2010-0099,2010-09-30T00:00:00.000,,,,False
NPA-2016-0016.01,2017-11-09T00:00:00.000,,,,False
NPA-2015-0016.01,2015-11-12T00:00:00.000,,,,False
C14-2015-0086,2016-03-24T00:00:00.000,,,,False
C14-2012-0065,2012-08-16T00:00:00.000,,,,False
C14-2013-0136,2014-03-06T00:00:00.000,,,,False
C14-2019-0124,2020-01-23T00:00:00.000,,,,False
C14-2012-0094,2012-11-01T00:00:00.000,,,,False
C14-2019-0011,2019-06-20T00:00:00.000,,,,False
C14-2012-0028,2013-04-25T00:00:00.000,,,,False
NPA-2012-0005.04,2013-03-28T00:00:00.000,,,,False
C14-72-204,2019-10-17T00:00:00.000,,,,False
C814-2017-0001,2018-03-08T00:00:00.000,,,,False
C14-2015-0112,2016-03-03T00:00:00.000,,,,False
C14-2015-0114,2015-12-10T00:00:00.000,,,,False
C14-2016-0065,2016-12-15T00:00:00.000,,,,False
C14-2018-0094,2018-11-15T00:00:00.000,,,,False
C14-2014-0135,2015-02-12T00:00:00.000,,,,False
NPA-2015-0017.01,2015-11-12T00:00:00.000,9.0,0.0,,True
C14-2016-0069,2016-12-08T00:00:00.000,,,,False
C14-2012-0114,2012-12-06T00:00:00.000,,,,False
C14-2014-0197,2015-02-26T00:00:00.000,,,,False
C14-2016-0136,2018-05-10T00:00:00.000,,,,False
C14-2008-0159,2013-01-31T00:00:00.000,,,,False
C14-2013-0086,2013-10-24T00:00:00.000,7.0,0.0,,True
NPA-2018-0021.03,2019-02-21T00:00:00.000,,,,False
C14-2016-0130,2017-04-06T00:00:00.000,,,,False
C14-2015-0022,2015-08-13T00:00:00.000,,,,False
NPA-2011-0016.01,2011-11-03T00:00:00.000,,,,False
C14-2017-0067,2018-03-01T00:00:00.000,,,,False
C14-2012-0026,2012-05-24T00:00:00.000,,,,False
C14-2011-0011,2011-05-12T00:00:00.000,,,,False
C14-2019-0138,2020-03-12T00:00:00.000,,,,False
C14-2008-0159,2012-08-02T00:00:00.000,,,,False
C814-2015-0074,2016-10-20T00:00:00.000,8.0,2.0,"Houston, Tovo ; Troxclair was off the dais",True
C14-2012-0006,2012-06-14T00:00:00.000,7.0,0.0,,True
C14-2019-0100,2020-01-23T00:00:00.000,,,,False
C14-2012-0086,2012-09-27T00:00:00.000,,,,False
C14-2018-0004,2019-04-25T00:00:00.000,,,,False
C14-2010-0101,2011-01-13T00:00:00.000,,,,False
C14-2014-0096,2015-04-16T00:00:00.000,,,,False
C14-2014-0114,2014-12-11T00:00:00.000,,,,False
C14-2014-0171,2015-04-16T00:00:00.000,,,,False
C14-2016-0065,2017-02-09T00:00:00.000,,,,False
C14-2018-0155,2019-10-03T00:00:00.000,,,,False
C14H-2017-0038,2017-06-22T00:00:00.000,7.0,2.0,"; Casar, Flannigan ; Renteria was off the dais; Troxclair was absent",True
C14-2012-0031,2012-09-27T00:00:00.000,,,,False
NPA-2012-0026.02,2012-12-06T00:00:00.000,,,,False
NPA-2019-0005.01,2019-06-20T00:00:00.000,,,,False
NPA-2017-0016.02,2018-08-23T00:00:00.000,10.0,1.0,with Renteria,True
C14-2013-0070,2013-12-12T00:00:00.000,,,,False
C14-2016-0121,2017-05-18T00:00:00.000,,,,False
C14-2010-0078,2010-09-23T00:00:00.000,,,,False
C14-2010-0117,2010-11-04T00:00:00.000,,,,False
C14-2013-0042,2013-06-06T00:00:00.000,7.0,0.0,,True
C14-2017-0132,2018-05-24T00:00:00.000,,,,False
C14-2011-0010,2011-04-28T00:00:00.000,,,,False
C14-2014-0178,2015-01-29T00:00:00.000,11.0,0.0,,True
NPA-2012-0018.02,2012-12-06T00:00:00.000,,,,False
C14-2017-0100,2019-03-07T00:00:00.000,,,,False
C14H-2010-0026,2011-01-27T00:00:00.000,,,,False
C14H-2010-0005,2010-08-19T00:00:00.000,5.0,2.0,"(Cole, Spelman off-dais)",True
NPA-2018-0025.01,2018-12-13T00:00:00.000,,,,False
C814-2007-0009.01,2014-06-12T00:00:00.000,,,,False
C14-2010-0143,2011-01-13T00:00:00.000,,,,False
C14-2019-0127,2019-12-05T00:00:00.000,,,,False
C14-2018-0064,2019-03-07T00:00:00.000,,,,False
C14-2015-0062,2016-02-11T00:00:00.000,,,,False
C14-2012-0108,2012-12-13T00:00:00.000,,,,False
C14-2012-0146.SH,2013-03-07T00:00:00.000,,,,False
C14-2012-0063,2012-09-27T00:00:00.000,5.0,1.0,Riley ; Martinez was off the dais,True
C14-2016-0135,2018-02-01T00:00:00.000,,,,False
C14-2011-0131,2012-03-08T00:00:00.000,,,,False
NPA-2015-0017.01,2015-10-01T00:00:00.000,9.0,0.0,,True
C14-2014-0157,2015-01-29T00:00:00.000,7.0,4.0,"Tovo, Houston, Kitchen, Pool",True
C14-2017-0007,2017-05-04T00:00:00.000,,,,False
NPA-2017-0018.01,2019-12-05T00:00:00.000,,,,False
C14-2011-0054,2012-01-26T00:00:00.000,,,,False
C14-2017-0100,2018-06-14T00:00:00.000,,,,False
C14-2012-0002,2012-06-28T00:00:00.000,,,,False
C14-2018-0024,2018-09-20T00:00:00.000,,,,False
C14-2011-0066,2012-12-06T00:00:00.000,,,,False
C14-2018-0077,2018-11-29T00:00:00.000,,,,False
C14H-2018-0103,2019-01-31T00:00:00.000,,,,False
C14-2012-0070,2012-09-27T00:00:00.000,,,,False
C14-2010-0107,2010-10-28T00:00:00.000,,,,False
C14-2018-0034,2018-08-09T00:00:00.000,,,,False
C14-2018-0090,2019-01-31T00:00:00.000,,,,False
C14-2017-0116,2018-09-20T00:00:00.000,,,,False
C14-2017-0043,2017-06-15T00:00:00.000,,,,False
C14-2015-0083,2017-03-23T00:00:00.000,,,,False
C14-2020-0019,2020-04-23T00:00:00.000,,,,False
C14-2019-0100,2019-11-14T00:00:00.000,,,,False
C14-2018-0080,2019-06-20T00:00:00.000,10.0,0.0,,True
C14-2012-0028,2012-08-16T00:00:00.000,,,,False
C14-2018-0083,2018-11-29T00:00:00.000,10.0,0.0,,True
C14-2012-0077,2012-10-11T00:00:00.000,,,,False
C14-2015-0154,2016-04-14T00:00:00.000,10.0,0.0,,True
C14H-2009-0067,2010-08-05T00:00:00.000,5.0,2.0,"(Cole, Spelman off-dais)",True
C14-2017-0028,2017-12-14T00:00:00.000,,,,False
C14-2014-0064,2014-06-12T00:00:00.000,,,,False
C14-2017-0130,2018-05-10T00:00:00.000,,,,False
C14-2016-0134,2017-03-02T00:00:00.000,10.0,0.0,,True
C14-2011-0070,2011-08-25T00:00:00.000,,,,False
C14-2011-0088,2012-02-09T00:00:00.000,,,,False
C14-2013-0087,2013-12-12T00:00:00.000,,,,False
C14-2013-0054,2013-08-08T00:00:00.000,,,,False
C14-2019-0082,2020-02-06T00:00:00.000,11.0,0.0,,True
C14-2018-0079,2018-11-29T00:00:00.000,,,,False
NPA-2018-0021.01,2019-05-23T00:00:00.000,,,,False
C814-2012-0160,2013-04-25T00:00:00.000,5.0,2.0,"Morrison, Tovo",True
C14-2015-0023,2015-08-13T00:00:00.000,,,,False
C14H-2013-0008,2013-12-12T00:00:00.000,,,,False
C14-2019-0004,2019-04-11T00:00:00.000,,,,False
C14-2012-0067,2014-03-20T00:00:00.000,,,,False
C14-2020-0007,2020-04-09T00:00:00.000,,,,False
C14-2018-0092,2018-11-15T00:00:00.000,,,,False
C14-2016-0050,2016-12-15T00:00:00.000,,,,False
C14-2015-0131,2015-10-15T00:00:00.000,,,,False
C14-2014-0135,2014-11-06T00:00:00.000,,,,False
C14-2017-0020,2017-08-03T00:00:00.000,,,,False
C14-2016-0077,2016-12-01T00:00:00.000,,,,False
C14-2016-0079,2017-11-09T00:00:00.000,,,,False
C14-2014-0009,2014-05-01T00:00:00.000,7.0,0.0,,True
C14H-2019-0065,2019-09-19T00:00:00.000,,,,False
C14-2010-0087,2010-10-14T00:00:00.000,7.0,0.0,,True
C14-2010-0039,2010-07-29T00:00:00.000,5.0,1.0,(Morrison voted Nay; Cole off the dais),True
C14-2015-0011,2015-04-16T00:00:00.000,,,,False
NPA-2011-0016.02,2012-01-12T00:00:00.000,,,,False
C14-2018-0098,2019-01-31T00:00:00.000,,,,False
C14-2010-0103,2010-10-28T00:00:00.000,,,,False
C14-2015-0073,2015-11-12T00:00:00.000,,,,False
C14-2019-0092,2019-10-03T00:00:00.000,,,,False
C14-2017-0094,2018-08-23T00:00:00.000,,,,False
C14-2014-0088,2014-10-23T00:00:00.000,,,,False
NPA-2017-0016.03,2019-05-09T00:00:00.000,,,,False
NPA-2012-0018.08,2012-06-28T00:00:00.000,,,,False
C14-2014-0037,2014-08-07T00:00:00.000,,,,False
C14H-2012-0005,2013-01-31T00:00:00.000,,,,False
C14-2011-0040,2011-07-28T00:00:00.000,,,,False
NPA-2019-0005.02,2019-06-20T00:00:00.000,,,,False
C14-2014-0161,2014-12-11T00:00:00.000,,,,False
C14-2017-0064,2017-11-02T00:00:00.000,,,,False
C14-2015-0033,2015-05-14T00:00:00.000,,,,False
C814-2012-0163,2016-02-11T00:00:00.000,8.0,0.0,,True
C14-2010-0109,2010-11-18T00:00:00.000,,,,False
C14-2018-0125,2019-01-31T00:00:00.000,,,,False
NPA-2014-0016.01,2015-02-26T00:00:00.000,,,,False
C14-2016-0043,2016-10-13T00:00:00.000,10.0,0.0,,True
C14-2009-0106,2010-03-25T00:00:00.000,,,,False
NPA-2012-0021.02,2012-12-06T00:00:00.000,,,,False
C14-2011-0158,2012-03-22T00:00:00.000,6.0,0.0,,True
C14-2014-0198,2016-08-04T00:00:00.000,,,,False
C14-2012-0109,2013-04-11T00:00:00.000,,,,False
C14-2010-0199,2011-05-12T00:00:00.000,,,,False
C14-2017-0051,2017-12-14T00:00:00.000,,,,False
C14-2012-0037,2012-05-24T00:00:00.000,,,,False
C14-2016-0049,2016-12-15T00:00:00.000,,,,False
C14-2013-0064,2013-08-29T00:00:00.000,6.0,1.0,,True
C14H-2010-0039,2010-12-16T00:00:00.000,,,,False
C14-2017-0002,2017-08-03T00:00:00.000,,,,False
C14-2018-0069,2018-08-30T00:00:00.000,10.0,0.0,,True
NPA-2010-0014.01,2010-12-09T00:00:00.000,,,,False
C14-2012-0051,2012-08-02T00:00:00.000,,,,False
C14-2017-0084,2018-05-10T00:00:00.000,,,,False
C14-2019-0054,2019-06-06T00:00:00.000,,,,False
C14-86-103,2015-11-12T00:00:00.000,,,,False
NPA-2012-0025.01,2012-04-26T00:00:00.000,,,,False
C14-2011-0058,2011-10-06T00:00:00.000,7.0,0.0,,True
C14-2014-0010,2014-03-27T00:00:00.000,,,,False
C14-2014-0198,2015-11-12T00:00:00.000,,,,False
C14H-2010-0001,2010-08-05T00:00:00.000,5.0,2.0,"(Cole, Spelman off the dais)",True
C14-2019-0160,2020-02-20T00:00:00.000,,,,False
C14-2011-0072,2011-09-22T00:00:00.000,,,,False
C14-2015-0112,2015-12-10T00:00:00.000,,,,False
C14-2014-0114,2015-02-12T00:00:00.000,,,,False
C14-2011-0159,2012-01-12T00:00:00.000,,,,False
C14-2008-0159,2013-04-25T00:00:00.000,,,,False
C14-2017-0013,2017-08-31T00:00:00.000,,,,False
NPA-2016-0021.01,2016-12-08T00:00:00.000,,,,False
NPA-2014-0009.01,2015-02-12T00:00:00.000,,,,False
C14-2014-0158,2015-01-29T00:00:00.000,,,,False
C14-2019-0040,2019-08-08T00:00:00.000,,,,False
C14-2017-0106,2017-12-14T00:00:00.000,,,,False
C14-2019-0113,2019-10-31T00:00:00.000,,,,False
C14-2013-0010,2013-05-09T00:00:00.000,,,,False
C14-2012-0028,2012-10-11T00:00:00.000,,,,False
NPA-2016-0005.03,2017-05-18T00:00:00.000,10.0,1.0,( Tovo ),True
C14-2014-0114,2015-02-26T00:00:00.000,,,,False
C14-2014-0093,2014-08-07T00:00:00.000,,,,False
C14-2011-0065,2012-12-06T00:00:00.000,,,,False
C14-2020-0001,2020-03-26T00:00:00.000,7.0,2.0,"Alter, Pool ; Adler, Harper-Madison were off the dais",True
C14-2013-0050,2013-08-29T00:00:00.000,,,,False
C14-2017-0025,2017-06-22T00:00:00.000,,,,False
C14-2017-0138,2018-09-20T00:00:00.000,,,,False
NPA-2016-0013.01,2016-12-15T00:00:00.000,,,,False
C14-2011-0012,2011-05-12T00:00:00.000,,,,False
NPA-2015-0015.03,2016-06-16T00:00:00.000,,,,False
C14-2010-0099,2010-08-26T00:00:00.000,,,,False
C14-2017-0096,2018-08-09T00:00:00.000,,,,False
C14-2014-0066,2014-08-28T00:00:00.000,,,,False
NPA-2014-0027.01,2014-06-12T00:00:00.000,,,,False
C14-2010-0073,2010-08-05T00:00:00.000,,,,False
C14-2011-0141,2013-06-06T00:00:00.000,5.0,2.0,"Lee Leffingwell, Tovo",True
C14-2013-0023,2013-05-23T00:00:00.000,,,,False
NPA-2016-0013.01,2016-11-10T00:00:00.000,,,,False
NPA-2011-0015.01,2012-01-12T00:00:00.000,,,,False
C14-2016-0096,2016-11-10T00:00:00.000,,,,False
C14-2016-0090,2018-05-10T00:00:00.000,,,,False
C14H-2015-0053,2015-08-13T00:00:00.000,,,,False
NPA-2018-0028.01,2018-11-15T00:00:00.000,,,,False
C14-2017-0098,2017-12-07T00:00:00.000,,,,False
C14-2016-0071,2017-05-11T00:00:00.000,,,,False
C14-2012-0112,2012-11-08T00:00:00.000,,,,False
C14-2019-0106,2020-01-23T00:00:00.000,,,,False
C14-2017-0077,2017-10-05T00:00:00.000,,,,False
C14-2018-0155,2019-10-17T00:00:00.000,,,,False
C14-2010-0176,2011-01-13T00:00:00.000,,,,False
NPA-2015-0005.04,2016-06-16T00:00:00.000,9.0,1.0,Tovo ; Troxclair was off the dais,True
C14-2015-0110,2015-10-08T00:00:00.000,,,,False
C14-2013-0146,2014-01-23T00:00:00.000,,,,False
C14-2013-0136,2014-05-15T00:00:00.000,,,,False
C14-2016-0037,2016-11-10T00:00:00.000,9.0,0.0,,True
C14-2016-0069,2017-03-23T00:00:00.000,,,,False
C14-2012-0067,2014-03-06T00:00:00.000,,,,False
C14H-2010-0038,2011-03-10T00:00:00.000,,,,False
C14-2011-0066,2011-10-20T00:00:00.000,,,,False
C814-2012-0160,2019-09-19T00:00:00.000,5.0,2.0,"Morrison, Tovo",True
C14-2017-0138,2018-08-09T00:00:00.000,,,,False
C14-2010-0118,2010-09-23T00:00:00.000,6.0,1.0,"; Morrison, nay",True
NPA-2015-0005.04,2016-08-11T00:00:00.000,9.0,1.0,Tovo ; Troxclair was off the dais,True
C14-2017-0097,2018-02-01T00:00:00.000,,,,False
NPA-2016-0016.03,2016-10-13T00:00:00.000,,,,False
C14-2014-0006,2014-03-27T00:00:00.000,,,,False
C14-2014-0019,2014-11-06T00:00:00.000,6.0,1.0,Morrison,True
NPA-2014-0029.01,2014-11-06T00:00:00.000,,,,False
C14-2009-0078,2010-08-26T00:00:00.000,,,,False
C14-2011-0062,2011-09-22T00:00:00.000,,,,False
C14-2016-0037,2016-09-22T00:00:00.000,9.0,0.0,,True
C14-2018-0152,2019-04-11T00:00:00.000,,,,False
C14-2010-0186,2011-03-24T00:00:00.000,,,,False
NPA-2012-0018.01,2012-08-02T00:00:00.000,,,,False
C14H-2013-0007,2013-12-12T00:00:00.000,,,,False
C14-2014-0018,2014-11-06T00:00:00.000,7.0,0.0,,True
C14-2015-0043,2016-02-11T00:00:00.000,,,,False
NPA-2012-0013.02,2012-06-28T00:00:00.000,,,,False
C14H-2010-0039,2011-01-27T00:00:00.000,,,,False
C14-2015-0086,2016-04-07T00:00:00.000,,,,False
C14-2012-0132,2012-12-13T00:00:00.000,,,,False
C14-2016-0041,2016-12-08T00:00:00.000,10.0,0.0,,True
C14-2017-0027,2017-09-28T00:00:00.000,,,,False
C14-2012-0095,2012-10-18T00:00:00.000,7.0,0.0,,True
C14-2018-0140,2019-05-23T00:00:00.000,,,,False
C14-2014-0046,2014-06-12T00:00:00.000,,,,False
C14-2018-0005,2018-06-28T00:00:00.000,,,,False
C14-2017-0123,2018-04-12T00:00:00.000,,,,False
NPA-2017-0016.02,2018-06-28T00:00:00.000,10.0,1.0,with Renteria,True
C14-2013-0059,2013-06-20T00:00:00.000,,,,False
C14-91-0038,2014-02-13T00:00:00.000,,,,False
C14H-2015-0152,2016-06-16T00:00:00.000,,,,False
C14-2019-0145,2020-03-12T00:00:00.000,,,,False
NPA-2014-0025.02,2014-11-06T00:00:00.000,6.0,0.0,,True
C14-2011-0113,2012-05-24T00:00:00.000,,,,False
C14-2018-0148,2019-03-28T00:00:00.000,,,,False
C814-2017-0024,2017-11-09T00:00:00.000,11.0,0.0,,True
C14-2014-0029,2014-05-22T00:00:00.000,5.0,2.0,"Morrison, Tovo",True
NPA-2017-0002.01,2017-12-07T00:00:00.000,,,,False
NPA-2017-0021.01,2020-04-09T00:00:00.000,,,,False
C14-2011-0088,2012-05-24T00:00:00.000,,,,False
C14-2010-0144,2010-10-14T00:00:00.000,,,,False
C14-2014-0015,2014-05-15T00:00:00.000,,,,False
C14-2017-0054,2017-09-28T00:00:00.000,10.0,0.0,,True
C14-2012-0127,2012-12-06T00:00:00.000,,,,False
C14-2010-0101,2010-11-18T00:00:00.000,,,,False
NPA-2019-0020.04,2020-02-06T00:00:00.000,11.0,0.0,,True
C14-2015-0062,2018-06-28T00:00:00.000,,,,False
C14-2019-0075,2019-09-19T00:00:00.000,,,,False
C14-2011-0168,2012-03-01T00:00:00.000,,,,False
C14-2013-0088,2013-09-26T00:00:00.000,,,,False
C14H-2015-0008,2018-03-22T00:00:00.000,,,,False
C14-2018-0062,2018-12-13T00:00:00.000,,,,False
C14-2013-0096,2013-10-17T00:00:00.000,,,,False
C14-2017-0106,2018-08-09T00:00:00.000,,,,False
C14-2017-0149,2018-05-24T00:00:00.000,,,,False
C14-2015-0037,2015-05-14T00:00:00.000,,,,False
C14-2010-0102,2010-11-18T00:00:00.000,,,,False
C14-2009-0077,2009-11-05T00:00:00.000,,,,False
C14-2015-0156,2016-02-11T00:00:00.000,,,,False
NPA-2017-0018.01,2019-06-20T00:00:00.000,,,,False
C14-2017-0052,2017-09-28T00:00:00.000,,,,False
C14-2019-0110,2020-04-09T00:00:00.000,,,,False
C14-2018-0035,2018-08-09T00:00:00.000,,,,False
NPA-2016-0016.01,2017-04-06T00:00:00.000,,,,False
C14-2014-0067,2014-06-26T00:00:00.000,,,,False
C14-2019-0143,2020-01-23T00:00:00.000,,,,False
C14-2015-0063,2015-08-13T00:00:00.000,,,,False
C14-2011-0133,2012-04-26T00:00:00.000,,,,False
C14H-2020-0011,2020-04-09T00:00:00.000,,,,False
C14-2014-0127,2014-11-20T00:00:00.000,,,,False
C14-2017-0084,2017-12-07T00:00:00.000,,,,False
C14-2014-0192,2015-02-26T00:00:00.000,11.0,0.0,,True
NPA-2011-0001.01,2011-07-28T00:00:00.000,,,,False
C14-2019-0137,2020-02-20T00:00:00.000,,,,False
NPA-2012-0026.02,2013-01-17T00:00:00.000,,,,False
NPA-2013-0008.01,2013-12-12T00:00:00.000,,,,False
C14-2017-0036,2017-09-28T00:00:00.000,11.0,0.0,,True
C14-2014-0158,2014-12-11T00:00:00.000,,,,False
C14-2011-0134,2012-12-06T00:00:00.000,,,,False
C14-2017-0054,2017-08-03T00:00:00.000,10.0,0.0,,True
C14-2016-0017,2017-08-17T00:00:00.000,,,,False
C14-2009-0078,2010-08-05T00:00:00.000,,,,False
C14H-2009-0066,2010-08-05T00:00:00.000,5.0,2.0,"(Cole, Spelman off-dais)",True
C814-2012-0163,2016-05-05T00:00:00.000,8.0,0.0,,True
C14-2016-0004,2016-05-05T00:00:00.000,,,,False
C14-2014-0165,2015-03-05T00:00:00.000,,,,False
C14-2017-0072,2017-08-31T00:00:00.000,,,,False
C14-2015-0006,2015-03-05T00:00:00.000,,,,False
C814-2012-0152,2015-11-19T00:00:00.000,10.0,0.0,,True
C14-2015-0061,2015-11-19T00:00:00.000,,,,False
C14-2015-0160,2016-06-23T00:00:00.000,11.0,0.0,,True
